cell_id,latitude,longitude
c00000,19.405,85.005
c00001,19.415,85.005
c00002,19.425,85.005
c00003,19.435,85.005
c00004,19.445,85.005
c00005,19.455,85.005
c00006,19.465,85.005
c00007,19.475,85.005
c00008,19.485,85.005
c00009,19.495,85.005
c00010,19.505,85.005
c00011,19.515,85.005
c00012,19.525,85.005
c00013,19.535,85.005
c00014,19.545,85.005
c00015,19.555,85.005
c00016,19.565,85.005
c00017,19.575,85.005
c00018,19.585,85.005
c00019,19.595,85.005
c00020,19.605,85.005
c00021,19.615,85.005
c00022,19.625,85.005
c00023,19.635,85.005
c00024,19.645,85.005
c00025,19.655,85.005
c00026,19.665,85.005
c00027,19.675,85.005
c00028,19.685,85.005
c00029,19.695,85.005
c00030,19.705,85.005
c00031,19.715,85.005
c00032,19.725,85.005
c00033,19.735,85.005
c00034,19.745,85.005
c00035,19.755,85.005
c00036,19.765,85.005
c00037,19.775,85.005
c00038,19.785,85.005
c00039,19.795,85.005
c00040,19.805,85.005
c00041,19.815,85.005
c00042,19.825,85.005
c00043,19.835,85.005
c00044,19.845,85.005
c00045,19.855,85.005
c00046,19.865,85.005
c00047,19.875,85.005
c00048,19.885,85.005
c00049,19.895,85.005
c00050,19.905,85.005
c00051,19.915,85.005
c00052,19.925,85.005
c00053,19.935,85.005
c00054,19.945,85.005
c00055,19.955,85.005
c00056,19.965,85.005
c00057,19.975,85.005
c00058,19.985,85.005
c00059,19.995,85.005
c00060,20.005,85.005
c00061,20.015,85.005
c00062,20.025,85.005
c00063,20.035,85.005
c00064,20.045,85.005
c00065,20.055,85.005
c00066,20.065,85.005
c00067,20.075,85.005
c00068,20.085,85.005
c00069,20.095,85.005
c00070,20.105,85.005
c00071,20.115,85.005
c00072,20.125,85.005
c00073,20.135,85.005
c00074,20.145,85.005
c00075,20.155,85.005
c00076,20.165,85.005
c00077,20.175,85.005
c00078,20.185,85.005
c00079,20.195,85.005
c00080,20.205,85.005
c00081,20.215,85.005
c00082,20.225,85.005
c00083,20.235,85.005
c00084,20.245,85.005
c00085,20.255,85.005
c00086,20.265,85.005
c00087,20.275,85.005
c00088,20.285,85.005
c00089,20.295,85.005
c00090,20.305,85.005
c00091,20.315,85.005
c00092,20.325,85.005
c00093,20.335,85.005
c00094,20.345,85.005
c00095,20.355,85.005
c00096,20.365,85.005
c00097,20.375,85.005
c00098,20.385,85.005
c00099,20.395,85.005
c00100,20.405,85.005
c00101,20.415,85.005
c00102,20.425,85.005
c00103,20.435,85.005
c00104,20.445,85.005
c00105,20.455,85.005
c00106,20.465,85.005
c00107,20.475,85.005
c00108,20.485,85.005
c00109,20.495,85.005
c00110,20.505,85.005
c00111,20.515,85.005
c00112,20.525,85.005
c00113,20.535,85.005
c00114,20.545,85.005
c00115,20.555,85.005
c00116,20.565,85.005
c00117,20.575,85.005
c00118,20.585,85.005
c00119,20.595,85.005
c00120,20.605,85.005
c00121,19.405,85.015
c00122,19.415,85.015
c00123,19.425,85.015
c00124,19.435,85.015
c00125,19.445,85.015
c00126,19.455,85.015
c00127,19.465,85.015
c00128,19.475,85.015
c00129,19.485,85.015
c00130,19.495,85.015
c00131,19.505,85.015
c00132,19.515,85.015
c00133,19.525,85.015
c00134,19.535,85.015
c00135,19.545,85.015
c00136,19.555,85.015
c00137,19.565,85.015
c00138,19.575,85.015
c00139,19.585,85.015
c00140,19.595,85.015
c00141,19.605,85.015
c00142,19.615,85.015
c00143,19.625,85.015
c00144,19.635,85.015
c00145,19.645,85.015
c00146,19.655,85.015
c00147,19.665,85.015
c00148,19.675,85.015
c00149,19.685,85.015
c00150,19.695,85.015
c00151,19.705,85.015
c00152,19.715,85.015
c00153,19.725,85.015
c00154,19.735,85.015
c00155,19.745,85.015
c00156,19.755,85.015
c00157,19.765,85.015
c00158,19.775,85.015
c00159,19.785,85.015
c00160,19.795,85.015
c00161,19.805,85.015
c00162,19.815,85.015
c00163,19.825,85.015
c00164,19.835,85.015
c00165,19.845,85.015
c00166,19.855,85.015
c00167,19.865,85.015
c00168,19.875,85.015
c00169,19.885,85.015
c00170,19.895,85.015
c00171,19.905,85.015
c00172,19.915,85.015
c00173,19.925,85.015
c00174,19.935,85.015
c00175,19.945,85.015
c00176,19.955,85.015
c00177,19.965,85.015
c00178,19.975,85.015
c00179,19.985,85.015
c00180,19.995,85.015
c00181,20.005,85.015
c00182,20.015,85.015
c00183,20.025,85.015
c00184,20.035,85.015
c00185,20.045,85.015
c00186,20.055,85.015
c00187,20.065,85.015
c00188,20.075,85.015
c00189,20.085,85.015
c00190,20.095,85.015
c00191,20.105,85.015
c00192,20.115,85.015
c00193,20.125,85.015
c00194,20.135,85.015
c00195,20.145,85.015
c00196,20.155,85.015
c00197,20.165,85.015
c00198,20.175,85.015
c00199,20.185,85.015
c00200,20.195,85.015
c00201,20.205,85.015
c00202,20.215,85.015
c00203,20.225,85.015
c00204,20.235,85.015
c00205,20.245,85.015
c00206,20.255,85.015
c00207,20.265,85.015
c00208,20.275,85.015
c00209,20.285,85.015
c00210,20.295,85.015
c00211,20.305,85.015
c00212,20.315,85.015
c00213,20.325,85.015
c00214,20.335,85.015
c00215,20.345,85.015
c00216,20.355,85.015
c00217,20.365,85.015
c00218,20.375,85.015
c00219,20.385,85.015
c00220,20.395,85.015
c00221,20.405,85.015
c00222,20.415,85.015
c00223,20.425,85.015
c00224,20.435,85.015
c00225,20.445,85.015
c00226,20.455,85.015
c00227,20.465,85.015
c00228,20.475,85.015
c00229,20.485,85.015
c00230,20.495,85.015
c00231,20.505,85.015
c00232,20.515,85.015
c00233,20.525,85.015
c00234,20.535,85.015
c00235,20.545,85.015
c00236,20.555,85.015
c00237,20.565,85.015
c00238,20.575,85.015
c00239,20.585,85.015
c00240,20.595,85.015
c00241,20.605,85.015
c00242,19.405,85.025
c00243,19.415,85.025
c00244,19.425,85.025
c00245,19.435,85.025
c00246,19.445,85.025
c00247,19.455,85.025
c00248,19.465,85.025
c00249,19.475,85.025
c00250,19.485,85.025
c00251,19.495,85.025
c00252,19.505,85.025
c00253,19.515,85.025
c00254,19.525,85.025
c00255,19.535,85.025
c00256,19.545,85.025
c00257,19.555,85.025
c00258,19.565,85.025
c00259,19.575,85.025
c00260,19.585,85.025
c00261,19.595,85.025
c00262,19.605,85.025
c00263,19.615,85.025
c00264,19.625,85.025
c00265,19.635,85.025
c00266,19.645,85.025
c00267,19.655,85.025
c00268,19.665,85.025
c00269,19.675,85.025
c00270,19.685,85.025
c00271,19.695,85.025
c00272,19.705,85.025
c00273,19.715,85.025
c00274,19.725,85.025
c00275,19.735,85.025
c00276,19.745,85.025
c00277,19.755,85.025
c00278,19.765,85.025
c00279,19.775,85.025
c00280,19.785,85.025
c00281,19.795,85.025
c00282,19.805,85.025
c00283,19.815,85.025
c00284,19.825,85.025
c00285,19.835,85.025
c00286,19.845,85.025
c00287,19.855,85.025
c00288,19.865,85.025
c00289,19.875,85.025
c00290,19.885,85.025
c00291,19.895,85.025
c00292,19.905,85.025
c00293,19.915,85.025
c00294,19.925,85.025
c00295,19.935,85.025
c00296,19.945,85.025
c00297,19.955,85.025
c00298,19.965,85.025
c00299,19.975,85.025
c00300,19.985,85.025
c00301,19.995,85.025
c00302,20.005,85.025
c00303,20.015,85.025
c00304,20.025,85.025
c00305,20.035,85.025
c00306,20.045,85.025
c00307,20.055,85.025
c00308,20.065,85.025
c00309,20.075,85.025
c00310,20.085,85.025
c00311,20.095,85.025
c00312,20.105,85.025
c00313,20.115,85.025
c00314,20.125,85.025
c00315,20.135,85.025
c00316,20.145,85.025
c00317,20.155,85.025
c00318,20.165,85.025
c00319,20.175,85.025
c00320,20.185,85.025
c00321,20.195,85.025
c00322,20.205,85.025
c00323,20.215,85.025
c00324,20.225,85.025
c00325,20.235,85.025
c00326,20.245,85.025
c00327,20.255,85.025
c00328,20.265,85.025
c00329,20.275,85.025
c00330,20.285,85.025
c00331,20.295,85.025
c00332,20.305,85.025
c00333,20.315,85.025
c00334,20.325,85.025
c00335,20.335,85.025
c00336,20.345,85.025
c00337,20.355,85.025
c00338,20.365,85.025
c00339,20.375,85.025
c00340,20.385,85.025
c00341,20.395,85.025
c00342,20.405,85.025
c00343,20.415,85.025
c00344,20.425,85.025
c00345,20.435,85.025
c00346,20.445,85.025
c00347,20.455,85.025
c00348,20.465,85.025
c00349,20.475,85.025
c00350,20.485,85.025
c00351,20.495,85.025
c00352,20.505,85.025
c00353,20.515,85.025
c00354,20.525,85.025
c00355,20.535,85.025
c00356,20.545,85.025
c00357,20.555,85.025
c00358,20.565,85.025
c00359,20.575,85.025
c00360,20.585,85.025
c00361,20.595,85.025
c00362,20.605,85.025
c00363,19.405,85.035
c00364,19.415,85.035
c00365,19.425,85.035
c00366,19.435,85.035
c00367,19.445,85.035
c00368,19.455,85.035
c00369,19.465,85.035
c00370,19.475,85.035
c00371,19.485,85.035
c00372,19.495,85.035
c00373,19.505,85.035
c00374,19.515,85.035
c00375,19.525,85.035
c00376,19.535,85.035
c00377,19.545,85.035
c00378,19.555,85.035
c00379,19.565,85.035
c00380,19.575,85.035
c00381,19.585,85.035
c00382,19.595,85.035
c00383,19.605,85.035
c00384,19.615,85.035
c00385,19.625,85.035
c00386,19.635,85.035
c00387,19.645,85.035
c00388,19.655,85.035
c00389,19.665,85.035
c00390,19.675,85.035
c00391,19.685,85.035
c00392,19.695,85.035
c00393,19.705,85.035
c00394,19.715,85.035
c00395,19.725,85.035
c00396,19.735,85.035
c00397,19.745,85.035
c00398,19.755,85.035
c00399,19.765,85.035
c00400,19.775,85.035
c00401,19.785,85.035
c00402,19.795,85.035
c00403,19.805,85.035
c00404,19.815,85.035
c00405,19.825,85.035
c00406,19.835,85.035
c00407,19.845,85.035
c00408,19.855,85.035
c00409,19.865,85.035
c00410,19.875,85.035
c00411,19.885,85.035
c00412,19.895,85.035
c00413,19.905,85.035
c00414,19.915,85.035
c00415,19.925,85.035
c00416,19.935,85.035
c00417,19.945,85.035
c00418,19.955,85.035
c00419,19.965,85.035
c00420,19.975,85.035
c00421,19.985,85.035
c00422,19.995,85.035
c00423,20.005,85.035
c00424,20.015,85.035
c00425,20.025,85.035
c00426,20.035,85.035
c00427,20.045,85.035
c00428,20.055,85.035
c00429,20.065,85.035
c00430,20.075,85.035
c00431,20.085,85.035
c00432,20.095,85.035
c00433,20.105,85.035
c00434,20.115,85.035
c00435,20.125,85.035
c00436,20.135,85.035
c00437,20.145,85.035
c00438,20.155,85.035
c00439,20.165,85.035
c00440,20.175,85.035
c00441,20.185,85.035
c00442,20.195,85.035
c00443,20.205,85.035
c00444,20.215,85.035
c00445,20.225,85.035
c00446,20.235,85.035
c00447,20.245,85.035
c00448,20.255,85.035
c00449,20.265,85.035
c00450,20.275,85.035
c00451,20.285,85.035
c00452,20.295,85.035
c00453,20.305,85.035
c00454,20.315,85.035
c00455,20.325,85.035
c00456,20.335,85.035
c00457,20.345,85.035
c00458,20.355,85.035
c00459,20.365,85.035
c00460,20.375,85.035
c00461,20.385,85.035
c00462,20.395,85.035
c00463,20.405,85.035
c00464,20.415,85.035
c00465,20.425,85.035
c00466,20.435,85.035
c00467,20.445,85.035
c00468,20.455,85.035
c00469,20.465,85.035
c00470,20.475,85.035
c00471,20.485,85.035
c00472,20.495,85.035
c00473,20.505,85.035
c00474,20.515,85.035
c00475,20.525,85.035
c00476,20.535,85.035
c00477,20.545,85.035
c00478,20.555,85.035
c00479,20.565,85.035
c00480,20.575,85.035
c00481,20.585,85.035
c00482,20.595,85.035
c00483,20.605,85.035
c00484,19.405,85.045
c00485,19.415,85.045
c00486,19.425,85.045
c00487,19.435,85.045
c00488,19.445,85.045
c00489,19.455,85.045
c00490,19.465,85.045
c00491,19.475,85.045
c00492,19.485,85.045
c00493,19.495,85.045
c00494,19.505,85.045
c00495,19.515,85.045
c00496,19.525,85.045
c00497,19.535,85.045
c00498,19.545,85.045
c00499,19.555,85.045
c00500,19.565,85.045
c00501,19.575,85.045
c00502,19.585,85.045
c00503,19.595,85.045
c00504,19.605,85.045
c00505,19.615,85.045
c00506,19.625,85.045
c00507,19.635,85.045
c00508,19.645,85.045
c00509,19.655,85.045
c00510,19.665,85.045
c00511,19.675,85.045
c00512,19.685,85.045
c00513,19.695,85.045
c00514,19.705,85.045
c00515,19.715,85.045
c00516,19.725,85.045
c00517,19.735,85.045
c00518,19.745,85.045
c00519,19.755,85.045
c00520,19.765,85.045
c00521,19.775,85.045
c00522,19.785,85.045
c00523,19.795,85.045
c00524,19.805,85.045
c00525,19.815,85.045
c00526,19.825,85.045
c00527,19.835,85.045
c00528,19.845,85.045
c00529,19.855,85.045
c00530,19.865,85.045
c00531,19.875,85.045
c00532,19.885,85.045
c00533,19.895,85.045
c00534,19.905,85.045
c00535,19.915,85.045
c00536,19.925,85.045
c00537,19.935,85.045
c00538,19.945,85.045
c00539,19.955,85.045
c00540,19.965,85.045
c00541,19.975,85.045
c00542,19.985,85.045
c00543,19.995,85.045
c00544,20.005,85.045
c00545,20.015,85.045
c00546,20.025,85.045
c00547,20.035,85.045
c00548,20.045,85.045
c00549,20.055,85.045
c00550,20.065,85.045
c00551,20.075,85.045
c00552,20.085,85.045
c00553,20.095,85.045
c00554,20.105,85.045
c00555,20.115,85.045
c00556,20.125,85.045
c00557,20.135,85.045
c00558,20.145,85.045
c00559,20.155,85.045
c00560,20.165,85.045
c00561,20.175,85.045
c00562,20.185,85.045
c00563,20.195,85.045
c00564,20.205,85.045
c00565,20.215,85.045
c00566,20.225,85.045
c00567,20.235,85.045
c00568,20.245,85.045
c00569,20.255,85.045
c00570,20.265,85.045
c00571,20.275,85.045
c00572,20.285,85.045
c00573,20.295,85.045
c00574,20.305,85.045
c00575,20.315,85.045
c00576,20.325,85.045
c00577,20.335,85.045
c00578,20.345,85.045
c00579,20.355,85.045
c00580,20.365,85.045
c00581,20.375,85.045
c00582,20.385,85.045
c00583,20.395,85.045
c00584,20.405,85.045
c00585,20.415,85.045
c00586,20.425,85.045
c00587,20.435,85.045
c00588,20.445,85.045
c00589,20.455,85.045
c00590,20.465,85.045
c00591,20.475,85.045
c00592,20.485,85.045
c00593,20.495,85.045
c00594,20.505,85.045
c00595,20.515,85.045
c00596,20.525,85.045
c00597,20.535,85.045
c00598,20.545,85.045
c00599,20.555,85.045
c00600,20.565,85.045
c00601,20.575,85.045
c00602,20.585,85.045
c00603,20.595,85.045
c00604,20.605,85.045
c00605,19.405,85.055
c00606,19.415,85.055
c00607,19.425,85.055
c00608,19.435,85.055
c00609,19.445,85.055
c00610,19.455,85.055
c00611,19.465,85.055
c00612,19.475,85.055
c00613,19.485,85.055
c00614,19.495,85.055
c00615,19.505,85.055
c00616,19.515,85.055
c00617,19.525,85.055
c00618,19.535,85.055
c00619,19.545,85.055
c00620,19.555,85.055
c00621,19.565,85.055
c00622,19.575,85.055
c00623,19.585,85.055
c00624,19.595,85.055
c00625,19.605,85.055
c00626,19.615,85.055
c00627,19.625,85.055
c00628,19.635,85.055
c00629,19.645,85.055
c00630,19.655,85.055
c00631,19.665,85.055
c00632,19.675,85.055
c00633,19.685,85.055
c00634,19.695,85.055
c00635,19.705,85.055
c00636,19.715,85.055
c00637,19.725,85.055
c00638,19.735,85.055
c00639,19.745,85.055
c00640,19.755,85.055
c00641,19.765,85.055
c00642,19.775,85.055
c00643,19.785,85.055
c00644,19.795,85.055
c00645,19.805,85.055
c00646,19.815,85.055
c00647,19.825,85.055
c00648,19.835,85.055
c00649,19.845,85.055
c00650,19.855,85.055
c00651,19.865,85.055
c00652,19.875,85.055
c00653,19.885,85.055
c00654,19.895,85.055
c00655,19.905,85.055
c00656,19.915,85.055
c00657,19.925,85.055
c00658,19.935,85.055
c00659,19.945,85.055
c00660,19.955,85.055
c00661,19.965,85.055
c00662,19.975,85.055
c00663,19.985,85.055
c00664,19.995,85.055
c00665,20.005,85.055
c00666,20.015,85.055
c00667,20.025,85.055
c00668,20.035,85.055
c00669,20.045,85.055
c00670,20.055,85.055
c00671,20.065,85.055
c00672,20.075,85.055
c00673,20.085,85.055
c00674,20.095,85.055
c00675,20.105,85.055
c00676,20.115,85.055
c00677,20.125,85.055
c00678,20.135,85.055
c00679,20.145,85.055
c00680,20.155,85.055
c00681,20.165,85.055
c00682,20.175,85.055
c00683,20.185,85.055
c00684,20.195,85.055
c00685,20.205,85.055
c00686,20.215,85.055
c00687,20.225,85.055
c00688,20.235,85.055
c00689,20.245,85.055
c00690,20.255,85.055
c00691,20.265,85.055
c00692,20.275,85.055
c00693,20.285,85.055
c00694,20.295,85.055
c00695,20.305,85.055
c00696,20.315,85.055
c00697,20.325,85.055
c00698,20.335,85.055
c00699,20.345,85.055
c00700,20.355,85.055
c00701,20.365,85.055
c00702,20.375,85.055
c00703,20.385,85.055
c00704,20.395,85.055
c00705,20.405,85.055
c00706,20.415,85.055
c00707,20.425,85.055
c00708,20.435,85.055
c00709,20.445,85.055
c00710,20.455,85.055
c00711,20.465,85.055
c00712,20.475,85.055
c00713,20.485,85.055
c00714,20.495,85.055
c00715,20.505,85.055
c00716,20.515,85.055
c00717,20.525,85.055
c00718,20.535,85.055
c00719,20.545,85.055
c00720,20.555,85.055
c00721,20.565,85.055
c00722,20.575,85.055
c00723,20.585,85.055
c00724,20.595,85.055
c00725,20.605,85.055
c00726,19.405,85.065
c00727,19.415,85.065
c00728,19.425,85.065
c00729,19.435,85.065
c00730,19.445,85.065
c00731,19.455,85.065
c00732,19.465,85.065
c00733,19.475,85.065
c00734,19.485,85.065
c00735,19.495,85.065
c00736,19.505,85.065
c00737,19.515,85.065
c00738,19.525,85.065
c00739,19.535,85.065
c00740,19.545,85.065
c00741,19.555,85.065
c00742,19.565,85.065
c00743,19.575,85.065
c00744,19.585,85.065
c00745,19.595,85.065
c00746,19.605,85.065
c00747,19.615,85.065
c00748,19.625,85.065
c00749,19.635,85.065
c00750,19.645,85.065
c00751,19.655,85.065
c00752,19.665,85.065
c00753,19.675,85.065
c00754,19.685,85.065
c00755,19.695,85.065
c00756,19.705,85.065
c00757,19.715,85.065
c00758,19.725,85.065
c00759,19.735,85.065
c00760,19.745,85.065
c00761,19.755,85.065
c00762,19.765,85.065
c00763,19.775,85.065
c00764,19.785,85.065
c00765,19.795,85.065
c00766,19.805,85.065
c00767,19.815,85.065
c00768,19.825,85.065
c00769,19.835,85.065
c00770,19.845,85.065
c00771,19.855,85.065
c00772,19.865,85.065
c00773,19.875,85.065
c00774,19.885,85.065
c00775,19.895,85.065
c00776,19.905,85.065
c00777,19.915,85.065
c00778,19.925,85.065
c00779,19.935,85.065
c00780,19.945,85.065
c00781,19.955,85.065
c00782,19.965,85.065
c00783,19.975,85.065
c00784,19.985,85.065
c00785,19.995,85.065
c00786,20.005,85.065
c00787,20.015,85.065
c00788,20.025,85.065
c00789,20.035,85.065
c00790,20.045,85.065
c00791,20.055,85.065
c00792,20.065,85.065
c00793,20.075,85.065
c00794,20.085,85.065
c00795,20.095,85.065
c00796,20.105,85.065
c00797,20.115,85.065
c00798,20.125,85.065
c00799,20.135,85.065
c00800,20.145,85.065
c00801,20.155,85.065
c00802,20.165,85.065
c00803,20.175,85.065
c00804,20.185,85.065
c00805,20.195,85.065
c00806,20.205,85.065
c00807,20.215,85.065
c00808,20.225,85.065
c00809,20.235,85.065
c00810,20.245,85.065
c00811,20.255,85.065
c00812,20.265,85.065
c00813,20.275,85.065
c00814,20.285,85.065
c00815,20.295,85.065
c00816,20.305,85.065
c00817,20.315,85.065
c00818,20.325,85.065
c00819,20.335,85.065
c00820,20.345,85.065
c00821,20.355,85.065
c00822,20.365,85.065
c00823,20.375,85.065
c00824,20.385,85.065
c00825,20.395,85.065
c00826,20.405,85.065
c00827,20.415,85.065
c00828,20.425,85.065
c00829,20.435,85.065
c00830,20.445,85.065
c00831,20.455,85.065
c00832,20.465,85.065
c00833,20.475,85.065
c00834,20.485,85.065
c00835,20.495,85.065
c00836,20.505,85.065
c00837,20.515,85.065
c00838,20.525,85.065
c00839,20.535,85.065
c00840,20.545,85.065
c00841,20.555,85.065
c00842,20.565,85.065
c00843,20.575,85.065
c00844,20.585,85.065
c00845,20.595,85.065
c00846,20.605,85.065
c00847,19.405,85.075
c00848,19.415,85.075
c00849,19.425,85.075
c00850,19.435,85.075
c00851,19.445,85.075
c00852,19.455,85.075
c00853,19.465,85.075
c00854,19.475,85.075
c00855,19.485,85.075
c00856,19.495,85.075
c00857,19.505,85.075
c00858,19.515,85.075
c00859,19.525,85.075
c00860,19.535,85.075
c00861,19.545,85.075
c00862,19.555,85.075
c00863,19.565,85.075
c00864,19.575,85.075
c00865,19.585,85.075
c00866,19.595,85.075
c00867,19.605,85.075
c00868,19.615,85.075
c00869,19.625,85.075
c00870,19.635,85.075
c00871,19.645,85.075
c00872,19.655,85.075
c00873,19.665,85.075
c00874,19.675,85.075
c00875,19.685,85.075
c00876,19.695,85.075
c00877,19.705,85.075
c00878,19.715,85.075
c00879,19.725,85.075
c00880,19.735,85.075
c00881,19.745,85.075
c00882,19.755,85.075
c00883,19.765,85.075
c00884,19.775,85.075
c00885,19.785,85.075
c00886,19.795,85.075
c00887,19.805,85.075
c00888,19.815,85.075
c00889,19.825,85.075
c00890,19.835,85.075
c00891,19.845,85.075
c00892,19.855,85.075
c00893,19.865,85.075
c00894,19.875,85.075
c00895,19.885,85.075
c00896,19.895,85.075
c00897,19.905,85.075
c00898,19.915,85.075
c00899,19.925,85.075
c00900,19.935,85.075
c00901,19.945,85.075
c00902,19.955,85.075
c00903,19.965,85.075
c00904,19.975,85.075
c00905,19.985,85.075
c00906,19.995,85.075
c00907,20.005,85.075
c00908,20.015,85.075
c00909,20.025,85.075
c00910,20.035,85.075
c00911,20.045,85.075
c00912,20.055,85.075
c00913,20.065,85.075
c00914,20.075,85.075
c00915,20.085,85.075
c00916,20.095,85.075
c00917,20.105,85.075
c00918,20.115,85.075
c00919,20.125,85.075
c00920,20.135,85.075
c00921,20.145,85.075
c00922,20.155,85.075
c00923,20.165,85.075
c00924,20.175,85.075
c00925,20.185,85.075
c00926,20.195,85.075
c00927,20.205,85.075
c00928,20.215,85.075
c00929,20.225,85.075
c00930,20.235,85.075
c00931,20.245,85.075
c00932,20.255,85.075
c00933,20.265,85.075
c00934,20.275,85.075
c00935,20.285,85.075
c00936,20.295,85.075
c00937,20.305,85.075
c00938,20.315,85.075
c00939,20.325,85.075
c00940,20.335,85.075
c00941,20.345,85.075
c00942,20.355,85.075
c00943,20.365,85.075
c00944,20.375,85.075
c00945,20.385,85.075
c00946,20.395,85.075
c00947,20.405,85.075
c00948,20.415,85.075
c00949,20.425,85.075
c00950,20.435,85.075
c00951,20.445,85.075
c00952,20.455,85.075
c00953,20.465,85.075
c00954,20.475,85.075
c00955,20.485,85.075
c00956,20.495,85.075
c00957,20.505,85.075
c00958,20.515,85.075
c00959,20.525,85.075
c00960,20.535,85.075
c00961,20.545,85.075
c00962,20.555,85.075
c00963,20.565,85.075
c00964,20.575,85.075
c00965,20.585,85.075
c00966,20.595,85.075
c00967,20.605,85.075
c00968,19.405,85.085
c00969,19.415,85.085
c00970,19.425,85.085
c00971,19.435,85.085
c00972,19.445,85.085
c00973,19.455,85.085
c00974,19.465,85.085
c00975,19.475,85.085
c00976,19.485,85.085
c00977,19.495,85.085
c00978,19.505,85.085
c00979,19.515,85.085
c00980,19.525,85.085
c00981,19.535,85.085
c00982,19.545,85.085
c00983,19.555,85.085
c00984,19.565,85.085
c00985,19.575,85.085
c00986,19.585,85.085
c00987,19.595,85.085
c00988,19.605,85.085
c00989,19.615,85.085
c00990,19.625,85.085
c00991,19.635,85.085
c00992,19.645,85.085
c00993,19.655,85.085
c00994,19.665,85.085
c00995,19.675,85.085
c00996,19.685,85.085
c00997,19.695,85.085
c00998,19.705,85.085
c00999,19.715,85.085
c01000,19.725,85.085
c01001,19.735,85.085
c01002,19.745,85.085
c01003,19.755,85.085
c01004,19.765,85.085
c01005,19.775,85.085
c01006,19.785,85.085
c01007,19.795,85.085
c01008,19.805,85.085
c01009,19.815,85.085
c01010,19.825,85.085
c01011,19.835,85.085
c01012,19.845,85.085
c01013,19.855,85.085
c01014,19.865,85.085
c01015,19.875,85.085
c01016,19.885,85.085
c01017,19.895,85.085
c01018,19.905,85.085
c01019,19.915,85.085
c01020,19.925,85.085
c01021,19.935,85.085
c01022,19.945,85.085
c01023,19.955,85.085
c01024,19.965,85.085
c01025,19.975,85.085
c01026,19.985,85.085
c01027,19.995,85.085
c01028,20.005,85.085
c01029,20.015,85.085
c01030,20.025,85.085
c01031,20.035,85.085
c01032,20.045,85.085
c01033,20.055,85.085
c01034,20.065,85.085
c01035,20.075,85.085
c01036,20.085,85.085
c01037,20.095,85.085
c01038,20.105,85.085
c01039,20.115,85.085
c01040,20.125,85.085
c01041,20.135,85.085
c01042,20.145,85.085
c01043,20.155,85.085
c01044,20.165,85.085
c01045,20.175,85.085
c01046,20.185,85.085
c01047,20.195,85.085
c01048,20.205,85.085
c01049,20.215,85.085
c01050,20.225,85.085
c01051,20.235,85.085
c01052,20.245,85.085
c01053,20.255,85.085
c01054,20.265,85.085
c01055,20.275,85.085
c01056,20.285,85.085
c01057,20.295,85.085
c01058,20.305,85.085
c01059,20.315,85.085
c01060,20.325,85.085
c01061,20.335,85.085
c01062,20.345,85.085
c01063,20.355,85.085
c01064,20.365,85.085
c01065,20.375,85.085
c01066,20.385,85.085
c01067,20.395,85.085
c01068,20.405,85.085
c01069,20.415,85.085
c01070,20.425,85.085
c01071,20.435,85.085
c01072,20.445,85.085
c01073,20.455,85.085
c01074,20.465,85.085
c01075,20.475,85.085
c01076,20.485,85.085
c01077,20.495,85.085
c01078,20.505,85.085
c01079,20.515,85.085
c01080,20.525,85.085
c01081,20.535,85.085
c01082,20.545,85.085
c01083,20.555,85.085
c01084,20.565,85.085
c01085,20.575,85.085
c01086,20.585,85.085
c01087,20.595,85.085
c01088,20.605,85.085
c01089,19.405,85.095
c01090,19.415,85.095
c01091,19.425,85.095
c01092,19.435,85.095
c01093,19.445,85.095
c01094,19.455,85.095
c01095,19.465,85.095
c01096,19.475,85.095
c01097,19.485,85.095
c01098,19.495,85.095
c01099,19.505,85.095
c01100,19.515,85.095
c01101,19.525,85.095
c01102,19.535,85.095
c01103,19.545,85.095
c01104,19.555,85.095
c01105,19.565,85.095
c01106,19.575,85.095
c01107,19.585,85.095
c01108,19.595,85.095
c01109,19.605,85.095
c01110,19.615,85.095
c01111,19.625,85.095
c01112,19.635,85.095
c01113,19.645,85.095
c01114,19.655,85.095
c01115,19.665,85.095
c01116,19.675,85.095
c01117,19.685,85.095
c01118,19.695,85.095
c01119,19.705,85.095
c01120,19.715,85.095
c01121,19.725,85.095
c01122,19.735,85.095
c01123,19.745,85.095
c01124,19.755,85.095
c01125,19.765,85.095
c01126,19.775,85.095
c01127,19.785,85.095
c01128,19.795,85.095
c01129,19.805,85.095
c01130,19.815,85.095
c01131,19.825,85.095
c01132,19.835,85.095
c01133,19.845,85.095
c01134,19.855,85.095
c01135,19.865,85.095
c01136,19.875,85.095
c01137,19.885,85.095
c01138,19.895,85.095
c01139,19.905,85.095
c01140,19.915,85.095
c01141,19.925,85.095
c01142,19.935,85.095
c01143,19.945,85.095
c01144,19.955,85.095
c01145,19.965,85.095
c01146,19.975,85.095
c01147,19.985,85.095
c01148,19.995,85.095
c01149,20.005,85.095
c01150,20.015,85.095
c01151,20.025,85.095
c01152,20.035,85.095
c01153,20.045,85.095
c01154,20.055,85.095
c01155,20.065,85.095
c01156,20.075,85.095
c01157,20.085,85.095
c01158,20.095,85.095
c01159,20.105,85.095
c01160,20.115,85.095
c01161,20.125,85.095
c01162,20.135,85.095
c01163,20.145,85.095
c01164,20.155,85.095
c01165,20.165,85.095
c01166,20.175,85.095
c01167,20.185,85.095
c01168,20.195,85.095
c01169,20.205,85.095
c01170,20.215,85.095
c01171,20.225,85.095
c01172,20.235,85.095
c01173,20.245,85.095
c01174,20.255,85.095
c01175,20.265,85.095
c01176,20.275,85.095
c01177,20.285,85.095
c01178,20.295,85.095
c01179,20.305,85.095
c01180,20.315,85.095
c01181,20.325,85.095
c01182,20.335,85.095
c01183,20.345,85.095
c01184,20.355,85.095
c01185,20.365,85.095
c01186,20.375,85.095
c01187,20.385,85.095
c01188,20.395,85.095
c01189,20.405,85.095
c01190,20.415,85.095
c01191,20.425,85.095
c01192,20.435,85.095
c01193,20.445,85.095
c01194,20.455,85.095
c01195,20.465,85.095
c01196,20.475,85.095
c01197,20.485,85.095
c01198,20.495,85.095
c01199,20.505,85.095
c01200,20.515,85.095
c01201,20.525,85.095
c01202,20.535,85.095
c01203,20.545,85.095
c01204,20.555,85.095
c01205,20.565,85.095
c01206,20.575,85.095
c01207,20.585,85.095
c01208,20.595,85.095
c01209,20.605,85.095
c01210,19.405,85.105
c01211,19.415,85.105
c01212,19.425,85.105
c01213,19.435,85.105
c01214,19.445,85.105
c01215,19.455,85.105
c01216,19.465,85.105
c01217,19.475,85.105
c01218,19.485,85.105
c01219,19.495,85.105
c01220,19.505,85.105
c01221,19.515,85.105
c01222,19.525,85.105
c01223,19.535,85.105
c01224,19.545,85.105
c01225,19.555,85.105
c01226,19.565,85.105
c01227,19.575,85.105
c01228,19.585,85.105
c01229,19.595,85.105
c01230,19.605,85.105
c01231,19.615,85.105
c01232,19.625,85.105
c01233,19.635,85.105
c01234,19.645,85.105
c01235,19.655,85.105
c01236,19.665,85.105
c01237,19.675,85.105
c01238,19.685,85.105
c01239,19.695,85.105
c01240,19.705,85.105
c01241,19.715,85.105
c01242,19.725,85.105
c01243,19.735,85.105
c01244,19.745,85.105
c01245,19.755,85.105
c01246,19.765,85.105
c01247,19.775,85.105
c01248,19.785,85.105
c01249,19.795,85.105
c01250,19.805,85.105
c01251,19.815,85.105
c01252,19.825,85.105
c01253,19.835,85.105
c01254,19.845,85.105
c01255,19.855,85.105
c01256,19.865,85.105
c01257,19.875,85.105
c01258,19.885,85.105
c01259,19.895,85.105
c01260,19.905,85.105
c01261,19.915,85.105
c01262,19.925,85.105
c01263,19.935,85.105
c01264,19.945,85.105
c01265,19.955,85.105
c01266,19.965,85.105
c01267,19.975,85.105
c01268,19.985,85.105
c01269,19.995,85.105
c01270,20.005,85.105
c01271,20.015,85.105
c01272,20.025,85.105
c01273,20.035,85.105
c01274,20.045,85.105
c01275,20.055,85.105
c01276,20.065,85.105
c01277,20.075,85.105
c01278,20.085,85.105
c01279,20.095,85.105
c01280,20.105,85.105
c01281,20.115,85.105
c01282,20.125,85.105
c01283,20.135,85.105
c01284,20.145,85.105
c01285,20.155,85.105
c01286,20.165,85.105
c01287,20.175,85.105
c01288,20.185,85.105
c01289,20.195,85.105
c01290,20.205,85.105
c01291,20.215,85.105
c01292,20.225,85.105
c01293,20.235,85.105
c01294,20.245,85.105
c01295,20.255,85.105
c01296,20.265,85.105
c01297,20.275,85.105
c01298,20.285,85.105
c01299,20.295,85.105
c01300,20.305,85.105
c01301,20.315,85.105
c01302,20.325,85.105
c01303,20.335,85.105
c01304,20.345,85.105
c01305,20.355,85.105
c01306,20.365,85.105
c01307,20.375,85.105
c01308,20.385,85.105
c01309,20.395,85.105
c01310,20.405,85.105
c01311,20.415,85.105
c01312,20.425,85.105
c01313,20.435,85.105
c01314,20.445,85.105
c01315,20.455,85.105
c01316,20.465,85.105
c01317,20.475,85.105
c01318,20.485,85.105
c01319,20.495,85.105
c01320,20.505,85.105
c01321,20.515,85.105
c01322,20.525,85.105
c01323,20.535,85.105
c01324,20.545,85.105
c01325,20.555,85.105
c01326,20.565,85.105
c01327,20.575,85.105
c01328,20.585,85.105
c01329,20.595,85.105
c01330,20.605,85.105
c01331,19.405,85.115
c01332,19.415,85.115
c01333,19.425,85.115
c01334,19.435,85.115
c01335,19.445,85.115
c01336,19.455,85.115
c01337,19.465,85.115
c01338,19.475,85.115
c01339,19.485,85.115
c01340,19.495,85.115
c01341,19.505,85.115
c01342,19.515,85.115
c01343,19.525,85.115
c01344,19.535,85.115
c01345,19.545,85.115
c01346,19.555,85.115
c01347,19.565,85.115
c01348,19.575,85.115
c01349,19.585,85.115
c01350,19.595,85.115
c01351,19.605,85.115
c01352,19.615,85.115
c01353,19.625,85.115
c01354,19.635,85.115
c01355,19.645,85.115
c01356,19.655,85.115
c01357,19.665,85.115
c01358,19.675,85.115
c01359,19.685,85.115
c01360,19.695,85.115
c01361,19.705,85.115
c01362,19.715,85.115
c01363,19.725,85.115
c01364,19.735,85.115
c01365,19.745,85.115
c01366,19.755,85.115
c01367,19.765,85.115
c01368,19.775,85.115
c01369,19.785,85.115
c01370,19.795,85.115
c01371,19.805,85.115
c01372,19.815,85.115
c01373,19.825,85.115
c01374,19.835,85.115
c01375,19.845,85.115
c01376,19.855,85.115
c01377,19.865,85.115
c01378,19.875,85.115
c01379,19.885,85.115
c01380,19.895,85.115
c01381,19.905,85.115
c01382,19.915,85.115
c01383,19.925,85.115
c01384,19.935,85.115
c01385,19.945,85.115
c01386,19.955,85.115
c01387,19.965,85.115
c01388,19.975,85.115
c01389,19.985,85.115
c01390,19.995,85.115
c01391,20.005,85.115
c01392,20.015,85.115
c01393,20.025,85.115
c01394,20.035,85.115
c01395,20.045,85.115
c01396,20.055,85.115
c01397,20.065,85.115
c01398,20.075,85.115
c01399,20.085,85.115
c01400,20.095,85.115
c01401,20.105,85.115
c01402,20.115,85.115
c01403,20.125,85.115
c01404,20.135,85.115
c01405,20.145,85.115
c01406,20.155,85.115
c01407,20.165,85.115
c01408,20.175,85.115
c01409,20.185,85.115
c01410,20.195,85.115
c01411,20.205,85.115
c01412,20.215,85.115
c01413,20.225,85.115
c01414,20.235,85.115
c01415,20.245,85.115
c01416,20.255,85.115
c01417,20.265,85.115
c01418,20.275,85.115
c01419,20.285,85.115
c01420,20.295,85.115
c01421,20.305,85.115
c01422,20.315,85.115
c01423,20.325,85.115
c01424,20.335,85.115
c01425,20.345,85.115
c01426,20.355,85.115
c01427,20.365,85.115
c01428,20.375,85.115
c01429,20.385,85.115
c01430,20.395,85.115
c01431,20.405,85.115
c01432,20.415,85.115
c01433,20.425,85.115
c01434,20.435,85.115
c01435,20.445,85.115
c01436,20.455,85.115
c01437,20.465,85.115
c01438,20.475,85.115
c01439,20.485,85.115
c01440,20.495,85.115
c01441,20.505,85.115
c01442,20.515,85.115
c01443,20.525,85.115
c01444,20.535,85.115
c01445,20.545,85.115
c01446,20.555,85.115
c01447,20.565,85.115
c01448,20.575,85.115
c01449,20.585,85.115
c01450,20.595,85.115
c01451,20.605,85.115
c01452,19.405,85.125
c01453,19.415,85.125
c01454,19.425,85.125
c01455,19.435,85.125
c01456,19.445,85.125
c01457,19.455,85.125
c01458,19.465,85.125
c01459,19.475,85.125
c01460,19.485,85.125
c01461,19.495,85.125
c01462,19.505,85.125
c01463,19.515,85.125
c01464,19.525,85.125
c01465,19.535,85.125
c01466,19.545,85.125
c01467,19.555,85.125
c01468,19.565,85.125
c01469,19.575,85.125
c01470,19.585,85.125
c01471,19.595,85.125
c01472,19.605,85.125
c01473,19.615,85.125
c01474,19.625,85.125
c01475,19.635,85.125
c01476,19.645,85.125
c01477,19.655,85.125
c01478,19.665,85.125
c01479,19.675,85.125
c01480,19.685,85.125
c01481,19.695,85.125
c01482,19.705,85.125
c01483,19.715,85.125
c01484,19.725,85.125
c01485,19.735,85.125
c01486,19.745,85.125
c01487,19.755,85.125
c01488,19.765,85.125
c01489,19.775,85.125
c01490,19.785,85.125
c01491,19.795,85.125
c01492,19.805,85.125
c01493,19.815,85.125
c01494,19.825,85.125
c01495,19.835,85.125
c01496,19.845,85.125
c01497,19.855,85.125
c01498,19.865,85.125
c01499,19.875,85.125
c01500,19.885,85.125
c01501,19.895,85.125
c01502,19.905,85.125
c01503,19.915,85.125
c01504,19.925,85.125
c01505,19.935,85.125
c01506,19.945,85.125
c01507,19.955,85.125
c01508,19.965,85.125
c01509,19.975,85.125
c01510,19.985,85.125
c01511,19.995,85.125
c01512,20.005,85.125
c01513,20.015,85.125
c01514,20.025,85.125
c01515,20.035,85.125
c01516,20.045,85.125
c01517,20.055,85.125
c01518,20.065,85.125
c01519,20.075,85.125
c01520,20.085,85.125
c01521,20.095,85.125
c01522,20.105,85.125
c01523,20.115,85.125
c01524,20.125,85.125
c01525,20.135,85.125
c01526,20.145,85.125
c01527,20.155,85.125
c01528,20.165,85.125
c01529,20.175,85.125
c01530,20.185,85.125
c01531,20.195,85.125
c01532,20.205,85.125
c01533,20.215,85.125
c01534,20.225,85.125
c01535,20.235,85.125
c01536,20.245,85.125
c01537,20.255,85.125
c01538,20.265,85.125
c01539,20.275,85.125
c01540,20.285,85.125
c01541,20.295,85.125
c01542,20.305,85.125
c01543,20.315,85.125
c01544,20.325,85.125
c01545,20.335,85.125
c01546,20.345,85.125
c01547,20.355,85.125
c01548,20.365,85.125
c01549,20.375,85.125
c01550,20.385,85.125
c01551,20.395,85.125
c01552,20.405,85.125
c01553,20.415,85.125
c01554,20.425,85.125
c01555,20.435,85.125
c01556,20.445,85.125
c01557,20.455,85.125
c01558,20.465,85.125
c01559,20.475,85.125
c01560,20.485,85.125
c01561,20.495,85.125
c01562,20.505,85.125
c01563,20.515,85.125
c01564,20.525,85.125
c01565,20.535,85.125
c01566,20.545,85.125
c01567,20.555,85.125
c01568,20.565,85.125
c01569,20.575,85.125
c01570,20.585,85.125
c01571,20.595,85.125
c01572,20.605,85.125
c01573,19.405,85.135
c01574,19.415,85.135
c01575,19.425,85.135
c01576,19.435,85.135
c01577,19.445,85.135
c01578,19.455,85.135
c01579,19.465,85.135
c01580,19.475,85.135
c01581,19.485,85.135
c01582,19.495,85.135
c01583,19.505,85.135
c01584,19.515,85.135
c01585,19.525,85.135
c01586,19.535,85.135
c01587,19.545,85.135
c01588,19.555,85.135
c01589,19.565,85.135
c01590,19.575,85.135
c01591,19.585,85.135
c01592,19.595,85.135
c01593,19.605,85.135
c01594,19.615,85.135
c01595,19.625,85.135
c01596,19.635,85.135
c01597,19.645,85.135
c01598,19.655,85.135
c01599,19.665,85.135
c01600,19.675,85.135
c01601,19.685,85.135
c01602,19.695,85.135
c01603,19.705,85.135
c01604,19.715,85.135
c01605,19.725,85.135
c01606,19.735,85.135
c01607,19.745,85.135
c01608,19.755,85.135
c01609,19.765,85.135
c01610,19.775,85.135
c01611,19.785,85.135
c01612,19.795,85.135
c01613,19.805,85.135
c01614,19.815,85.135
c01615,19.825,85.135
c01616,19.835,85.135
c01617,19.845,85.135
c01618,19.855,85.135
c01619,19.865,85.135
c01620,19.875,85.135
c01621,19.885,85.135
c01622,19.895,85.135
c01623,19.905,85.135
c01624,19.915,85.135
c01625,19.925,85.135
c01626,19.935,85.135
c01627,19.945,85.135
c01628,19.955,85.135
c01629,19.965,85.135
c01630,19.975,85.135
c01631,19.985,85.135
c01632,19.995,85.135
c01633,20.005,85.135
c01634,20.015,85.135
c01635,20.025,85.135
c01636,20.035,85.135
c01637,20.045,85.135
c01638,20.055,85.135
c01639,20.065,85.135
c01640,20.075,85.135
c01641,20.085,85.135
c01642,20.095,85.135
c01643,20.105,85.135
c01644,20.115,85.135
c01645,20.125,85.135
c01646,20.135,85.135
c01647,20.145,85.135
c01648,20.155,85.135
c01649,20.165,85.135
c01650,20.175,85.135
c01651,20.185,85.135
c01652,20.195,85.135
c01653,20.205,85.135
c01654,20.215,85.135
c01655,20.225,85.135
c01656,20.235,85.135
c01657,20.245,85.135
c01658,20.255,85.135
c01659,20.265,85.135
c01660,20.275,85.135
c01661,20.285,85.135
c01662,20.295,85.135
c01663,20.305,85.135
c01664,20.315,85.135
c01665,20.325,85.135
c01666,20.335,85.135
c01667,20.345,85.135
c01668,20.355,85.135
c01669,20.365,85.135
c01670,20.375,85.135
c01671,20.385,85.135
c01672,20.395,85.135
c01673,20.405,85.135
c01674,20.415,85.135
c01675,20.425,85.135
c01676,20.435,85.135
c01677,20.445,85.135
c01678,20.455,85.135
c01679,20.465,85.135
c01680,20.475,85.135
c01681,20.485,85.135
c01682,20.495,85.135
c01683,20.505,85.135
c01684,20.515,85.135
c01685,20.525,85.135
c01686,20.535,85.135
c01687,20.545,85.135
c01688,20.555,85.135
c01689,20.565,85.135
c01690,20.575,85.135
c01691,20.585,85.135
c01692,20.595,85.135
c01693,20.605,85.135
c01694,19.405,85.145
c01695,19.415,85.145
c01696,19.425,85.145
c01697,19.435,85.145
c01698,19.445,85.145
c01699,19.455,85.145
c01700,19.465,85.145
c01701,19.475,85.145
c01702,19.485,85.145
c01703,19.495,85.145
c01704,19.505,85.145
c01705,19.515,85.145
c01706,19.525,85.145
c01707,19.535,85.145
c01708,19.545,85.145
c01709,19.555,85.145
c01710,19.565,85.145
c01711,19.575,85.145
c01712,19.585,85.145
c01713,19.595,85.145
c01714,19.605,85.145
c01715,19.615,85.145
c01716,19.625,85.145
c01717,19.635,85.145
c01718,19.645,85.145
c01719,19.655,85.145
c01720,19.665,85.145
c01721,19.675,85.145
c01722,19.685,85.145
c01723,19.695,85.145
c01724,19.705,85.145
c01725,19.715,85.145
c01726,19.725,85.145
c01727,19.735,85.145
c01728,19.745,85.145
c01729,19.755,85.145
c01730,19.765,85.145
c01731,19.775,85.145
c01732,19.785,85.145
c01733,19.795,85.145
c01734,19.805,85.145
c01735,19.815,85.145
c01736,19.825,85.145
c01737,19.835,85.145
c01738,19.845,85.145
c01739,19.855,85.145
c01740,19.865,85.145
c01741,19.875,85.145
c01742,19.885,85.145
c01743,19.895,85.145
c01744,19.905,85.145
c01745,19.915,85.145
c01746,19.925,85.145
c01747,19.935,85.145
c01748,19.945,85.145
c01749,19.955,85.145
c01750,19.965,85.145
c01751,19.975,85.145
c01752,19.985,85.145
c01753,19.995,85.145
c01754,20.005,85.145
c01755,20.015,85.145
c01756,20.025,85.145
c01757,20.035,85.145
c01758,20.045,85.145
c01759,20.055,85.145
c01760,20.065,85.145
c01761,20.075,85.145
c01762,20.085,85.145
c01763,20.095,85.145
c01764,20.105,85.145
c01765,20.115,85.145
c01766,20.125,85.145
c01767,20.135,85.145
c01768,20.145,85.145
c01769,20.155,85.145
c01770,20.165,85.145
c01771,20.175,85.145
c01772,20.185,85.145
c01773,20.195,85.145
c01774,20.205,85.145
c01775,20.215,85.145
c01776,20.225,85.145
c01777,20.235,85.145
c01778,20.245,85.145
c01779,20.255,85.145
c01780,20.265,85.145
c01781,20.275,85.145
c01782,20.285,85.145
c01783,20.295,85.145
c01784,20.305,85.145
c01785,20.315,85.145
c01786,20.325,85.145
c01787,20.335,85.145
c01788,20.345,85.145
c01789,20.355,85.145
c01790,20.365,85.145
c01791,20.375,85.145
c01792,20.385,85.145
c01793,20.395,85.145
c01794,20.405,85.145
c01795,20.415,85.145
c01796,20.425,85.145
c01797,20.435,85.145
c01798,20.445,85.145
c01799,20.455,85.145
c01800,20.465,85.145
c01801,20.475,85.145
c01802,20.485,85.145
c01803,20.495,85.145
c01804,20.505,85.145
c01805,20.515,85.145
c01806,20.525,85.145
c01807,20.535,85.145
c01808,20.545,85.145
c01809,20.555,85.145
c01810,20.565,85.145
c01811,20.575,85.145
c01812,20.585,85.145
c01813,20.595,85.145
c01814,20.605,85.145
c01815,19.405,85.155
c01816,19.415,85.155
c01817,19.425,85.155
c01818,19.435,85.155
c01819,19.445,85.155
c01820,19.455,85.155
c01821,19.465,85.155
c01822,19.475,85.155
c01823,19.485,85.155
c01824,19.495,85.155
c01825,19.505,85.155
c01826,19.515,85.155
c01827,19.525,85.155
c01828,19.535,85.155
c01829,19.545,85.155
c01830,19.555,85.155
c01831,19.565,85.155
c01832,19.575,85.155
c01833,19.585,85.155
c01834,19.595,85.155
c01835,19.605,85.155
c01836,19.615,85.155
c01837,19.625,85.155
c01838,19.635,85.155
c01839,19.645,85.155
c01840,19.655,85.155
c01841,19.665,85.155
c01842,19.675,85.155
c01843,19.685,85.155
c01844,19.695,85.155
c01845,19.705,85.155
c01846,19.715,85.155
c01847,19.725,85.155
c01848,19.735,85.155
c01849,19.745,85.155
c01850,19.755,85.155
c01851,19.765,85.155
c01852,19.775,85.155
c01853,19.785,85.155
c01854,19.795,85.155
c01855,19.805,85.155
c01856,19.815,85.155
c01857,19.825,85.155
c01858,19.835,85.155
c01859,19.845,85.155
c01860,19.855,85.155
c01861,19.865,85.155
c01862,19.875,85.155
c01863,19.885,85.155
c01864,19.895,85.155
c01865,19.905,85.155
c01866,19.915,85.155
c01867,19.925,85.155
c01868,19.935,85.155
c01869,19.945,85.155
c01870,19.955,85.155
c01871,19.965,85.155
c01872,19.975,85.155
c01873,19.985,85.155
c01874,19.995,85.155
c01875,20.005,85.155
c01876,20.015,85.155
c01877,20.025,85.155
c01878,20.035,85.155
c01879,20.045,85.155
c01880,20.055,85.155
c01881,20.065,85.155
c01882,20.075,85.155
c01883,20.085,85.155
c01884,20.095,85.155
c01885,20.105,85.155
c01886,20.115,85.155
c01887,20.125,85.155
c01888,20.135,85.155
c01889,20.145,85.155
c01890,20.155,85.155
c01891,20.165,85.155
c01892,20.175,85.155
c01893,20.185,85.155
c01894,20.195,85.155
c01895,20.205,85.155
c01896,20.215,85.155
c01897,20.225,85.155
c01898,20.235,85.155
c01899,20.245,85.155
c01900,20.255,85.155
c01901,20.265,85.155
c01902,20.275,85.155
c01903,20.285,85.155
c01904,20.295,85.155
c01905,20.305,85.155
c01906,20.315,85.155
c01907,20.325,85.155
c01908,20.335,85.155
c01909,20.345,85.155
c01910,20.355,85.155
c01911,20.365,85.155
c01912,20.375,85.155
c01913,20.385,85.155
c01914,20.395,85.155
c01915,20.405,85.155
c01916,20.415,85.155
c01917,20.425,85.155
c01918,20.435,85.155
c01919,20.445,85.155
c01920,20.455,85.155
c01921,20.465,85.155
c01922,20.475,85.155
c01923,20.485,85.155
c01924,20.495,85.155
c01925,20.505,85.155
c01926,20.515,85.155
c01927,20.525,85.155
c01928,20.535,85.155
c01929,20.545,85.155
c01930,20.555,85.155
c01931,20.565,85.155
c01932,20.575,85.155
c01933,20.585,85.155
c01934,20.595,85.155
c01935,20.605,85.155
c01936,19.405,85.165
c01937,19.415,85.165
c01938,19.425,85.165
c01939,19.435,85.165
c01940,19.445,85.165
c01941,19.455,85.165
c01942,19.465,85.165
c01943,19.475,85.165
c01944,19.485,85.165
c01945,19.495,85.165
c01946,19.505,85.165
c01947,19.515,85.165
c01948,19.525,85.165
c01949,19.535,85.165
c01950,19.545,85.165
c01951,19.555,85.165
c01952,19.565,85.165
c01953,19.575,85.165
c01954,19.585,85.165
c01955,19.595,85.165
c01956,19.605,85.165
c01957,19.615,85.165
c01958,19.625,85.165
c01959,19.635,85.165
c01960,19.645,85.165
c01961,19.655,85.165
c01962,19.665,85.165
c01963,19.675,85.165
c01964,19.685,85.165
c01965,19.695,85.165
c01966,19.705,85.165
c01967,19.715,85.165
c01968,19.725,85.165
c01969,19.735,85.165
c01970,19.745,85.165
c01971,19.755,85.165
c01972,19.765,85.165
c01973,19.775,85.165
c01974,19.785,85.165
c01975,19.795,85.165
c01976,19.805,85.165
c01977,19.815,85.165
c01978,19.825,85.165
c01979,19.835,85.165
c01980,19.845,85.165
c01981,19.855,85.165
c01982,19.865,85.165
c01983,19.875,85.165
c01984,19.885,85.165
c01985,19.895,85.165
c01986,19.905,85.165
c01987,19.915,85.165
c01988,19.925,85.165
c01989,19.935,85.165
c01990,19.945,85.165
c01991,19.955,85.165
c01992,19.965,85.165
c01993,19.975,85.165
c01994,19.985,85.165
c01995,19.995,85.165
c01996,20.005,85.165
c01997,20.015,85.165
c01998,20.025,85.165
c01999,20.035,85.165
c02000,20.045,85.165
c02001,20.055,85.165
c02002,20.065,85.165
c02003,20.075,85.165
c02004,20.085,85.165
c02005,20.095,85.165
c02006,20.105,85.165
c02007,20.115,85.165
c02008,20.125,85.165
c02009,20.135,85.165
c02010,20.145,85.165
c02011,20.155,85.165
c02012,20.165,85.165
c02013,20.175,85.165
c02014,20.185,85.165
c02015,20.195,85.165
c02016,20.205,85.165
c02017,20.215,85.165
c02018,20.225,85.165
c02019,20.235,85.165
c02020,20.245,85.165
c02021,20.255,85.165
c02022,20.265,85.165
c02023,20.275,85.165
c02024,20.285,85.165
c02025,20.295,85.165
c02026,20.305,85.165
c02027,20.315,85.165
c02028,20.325,85.165
c02029,20.335,85.165
c02030,20.345,85.165
c02031,20.355,85.165
c02032,20.365,85.165
c02033,20.375,85.165
c02034,20.385,85.165
c02035,20.395,85.165
c02036,20.405,85.165
c02037,20.415,85.165
c02038,20.425,85.165
c02039,20.435,85.165
c02040,20.445,85.165
c02041,20.455,85.165
c02042,20.465,85.165
c02043,20.475,85.165
c02044,20.485,85.165
c02045,20.495,85.165
c02046,20.505,85.165
c02047,20.515,85.165
c02048,20.525,85.165
c02049,20.535,85.165
c02050,20.545,85.165
c02051,20.555,85.165
c02052,20.565,85.165
c02053,20.575,85.165
c02054,20.585,85.165
c02055,20.595,85.165
c02056,20.605,85.165
c02057,19.405,85.175
c02058,19.415,85.175
c02059,19.425,85.175
c02060,19.435,85.175
c02061,19.445,85.175
c02062,19.455,85.175
c02063,19.465,85.175
c02064,19.475,85.175
c02065,19.485,85.175
c02066,19.495,85.175
c02067,19.505,85.175
c02068,19.515,85.175
c02069,19.525,85.175
c02070,19.535,85.175
c02071,19.545,85.175
c02072,19.555,85.175
c02073,19.565,85.175
c02074,19.575,85.175
c02075,19.585,85.175
c02076,19.595,85.175
c02077,19.605,85.175
c02078,19.615,85.175
c02079,19.625,85.175
c02080,19.635,85.175
c02081,19.645,85.175
c02082,19.655,85.175
c02083,19.665,85.175
c02084,19.675,85.175
c02085,19.685,85.175
c02086,19.695,85.175
c02087,19.705,85.175
c02088,19.715,85.175
c02089,19.725,85.175
c02090,19.735,85.175
c02091,19.745,85.175
c02092,19.755,85.175
c02093,19.765,85.175
c02094,19.775,85.175
c02095,19.785,85.175
c02096,19.795,85.175
c02097,19.805,85.175
c02098,19.815,85.175
c02099,19.825,85.175
c02100,19.835,85.175
c02101,19.845,85.175
c02102,19.855,85.175
c02103,19.865,85.175
c02104,19.875,85.175
c02105,19.885,85.175
c02106,19.895,85.175
c02107,19.905,85.175
c02108,19.915,85.175
c02109,19.925,85.175
c02110,19.935,85.175
c02111,19.945,85.175
c02112,19.955,85.175
c02113,19.965,85.175
c02114,19.975,85.175
c02115,19.985,85.175
c02116,19.995,85.175
c02117,20.005,85.175
c02118,20.015,85.175
c02119,20.025,85.175
c02120,20.035,85.175
c02121,20.045,85.175
c02122,20.055,85.175
c02123,20.065,85.175
c02124,20.075,85.175
c02125,20.085,85.175
c02126,20.095,85.175
c02127,20.105,85.175
c02128,20.115,85.175
c02129,20.125,85.175
c02130,20.135,85.175
c02131,20.145,85.175
c02132,20.155,85.175
c02133,20.165,85.175
c02134,20.175,85.175
c02135,20.185,85.175
c02136,20.195,85.175
c02137,20.205,85.175
c02138,20.215,85.175
c02139,20.225,85.175
c02140,20.235,85.175
c02141,20.245,85.175
c02142,20.255,85.175
c02143,20.265,85.175
c02144,20.275,85.175
c02145,20.285,85.175
c02146,20.295,85.175
c02147,20.305,85.175
c02148,20.315,85.175
c02149,20.325,85.175
c02150,20.335,85.175
c02151,20.345,85.175
c02152,20.355,85.175
c02153,20.365,85.175
c02154,20.375,85.175
c02155,20.385,85.175
c02156,20.395,85.175
c02157,20.405,85.175
c02158,20.415,85.175
c02159,20.425,85.175
c02160,20.435,85.175
c02161,20.445,85.175
c02162,20.455,85.175
c02163,20.465,85.175
c02164,20.475,85.175
c02165,20.485,85.175
c02166,20.495,85.175
c02167,20.505,85.175
c02168,20.515,85.175
c02169,20.525,85.175
c02170,20.535,85.175
c02171,20.545,85.175
c02172,20.555,85.175
c02173,20.565,85.175
c02174,20.575,85.175
c02175,20.585,85.175
c02176,20.595,85.175
c02177,20.605,85.175
c02178,19.405,85.185
c02179,19.415,85.185
c02180,19.425,85.185
c02181,19.435,85.185
c02182,19.445,85.185
c02183,19.455,85.185
c02184,19.465,85.185
c02185,19.475,85.185
c02186,19.485,85.185
c02187,19.495,85.185
c02188,19.505,85.185
c02189,19.515,85.185
c02190,19.525,85.185
c02191,19.535,85.185
c02192,19.545,85.185
c02193,19.555,85.185
c02194,19.565,85.185
c02195,19.575,85.185
c02196,19.585,85.185
c02197,19.595,85.185
c02198,19.605,85.185
c02199,19.615,85.185
c02200,19.625,85.185
c02201,19.635,85.185
c02202,19.645,85.185
c02203,19.655,85.185
c02204,19.665,85.185
c02205,19.675,85.185
c02206,19.685,85.185
c02207,19.695,85.185
c02208,19.705,85.185
c02209,19.715,85.185
c02210,19.725,85.185
c02211,19.735,85.185
c02212,19.745,85.185
c02213,19.755,85.185
c02214,19.765,85.185
c02215,19.775,85.185
c02216,19.785,85.185
c02217,19.795,85.185
c02218,19.805,85.185
c02219,19.815,85.185
c02220,19.825,85.185
c02221,19.835,85.185
c02222,19.845,85.185
c02223,19.855,85.185
c02224,19.865,85.185
c02225,19.875,85.185
c02226,19.885,85.185
c02227,19.895,85.185
c02228,19.905,85.185
c02229,19.915,85.185
c02230,19.925,85.185
c02231,19.935,85.185
c02232,19.945,85.185
c02233,19.955,85.185
c02234,19.965,85.185
c02235,19.975,85.185
c02236,19.985,85.185
c02237,19.995,85.185
c02238,20.005,85.185
c02239,20.015,85.185
c02240,20.025,85.185
c02241,20.035,85.185
c02242,20.045,85.185
c02243,20.055,85.185
c02244,20.065,85.185
c02245,20.075,85.185
c02246,20.085,85.185
c02247,20.095,85.185
c02248,20.105,85.185
c02249,20.115,85.185
c02250,20.125,85.185
c02251,20.135,85.185
c02252,20.145,85.185
c02253,20.155,85.185
c02254,20.165,85.185
c02255,20.175,85.185
c02256,20.185,85.185
c02257,20.195,85.185
c02258,20.205,85.185
c02259,20.215,85.185
c02260,20.225,85.185
c02261,20.235,85.185
c02262,20.245,85.185
c02263,20.255,85.185
c02264,20.265,85.185
c02265,20.275,85.185
c02266,20.285,85.185
c02267,20.295,85.185
c02268,20.305,85.185
c02269,20.315,85.185
c02270,20.325,85.185
c02271,20.335,85.185
c02272,20.345,85.185
c02273,20.355,85.185
c02274,20.365,85.185
c02275,20.375,85.185
c02276,20.385,85.185
c02277,20.395,85.185
c02278,20.405,85.185
c02279,20.415,85.185
c02280,20.425,85.185
c02281,20.435,85.185
c02282,20.445,85.185
c02283,20.455,85.185
c02284,20.465,85.185
c02285,20.475,85.185
c02286,20.485,85.185
c02287,20.495,85.185
c02288,20.505,85.185
c02289,20.515,85.185
c02290,20.525,85.185
c02291,20.535,85.185
c02292,20.545,85.185
c02293,20.555,85.185
c02294,20.565,85.185
c02295,20.575,85.185
c02296,20.585,85.185
c02297,20.595,85.185
c02298,20.605,85.185
c02299,19.405,85.195
c02300,19.415,85.195
c02301,19.425,85.195
c02302,19.435,85.195
c02303,19.445,85.195
c02304,19.455,85.195
c02305,19.465,85.195
c02306,19.475,85.195
c02307,19.485,85.195
c02308,19.495,85.195
c02309,19.505,85.195
c02310,19.515,85.195
c02311,19.525,85.195
c02312,19.535,85.195
c02313,19.545,85.195
c02314,19.555,85.195
c02315,19.565,85.195
c02316,19.575,85.195
c02317,19.585,85.195
c02318,19.595,85.195
c02319,19.605,85.195
c02320,19.615,85.195
c02321,19.625,85.195
c02322,19.635,85.195
c02323,19.645,85.195
c02324,19.655,85.195
c02325,19.665,85.195
c02326,19.675,85.195
c02327,19.685,85.195
c02328,19.695,85.195
c02329,19.705,85.195
c02330,19.715,85.195
c02331,19.725,85.195
c02332,19.735,85.195
c02333,19.745,85.195
c02334,19.755,85.195
c02335,19.765,85.195
c02336,19.775,85.195
c02337,19.785,85.195
c02338,19.795,85.195
c02339,19.805,85.195
c02340,19.815,85.195
c02341,19.825,85.195
c02342,19.835,85.195
c02343,19.845,85.195
c02344,19.855,85.195
c02345,19.865,85.195
c02346,19.875,85.195
c02347,19.885,85.195
c02348,19.895,85.195
c02349,19.905,85.195
c02350,19.915,85.195
c02351,19.925,85.195
c02352,19.935,85.195
c02353,19.945,85.195
c02354,19.955,85.195
c02355,19.965,85.195
c02356,19.975,85.195
c02357,19.985,85.195
c02358,19.995,85.195
c02359,20.005,85.195
c02360,20.015,85.195
c02361,20.025,85.195
c02362,20.035,85.195
c02363,20.045,85.195
c02364,20.055,85.195
c02365,20.065,85.195
c02366,20.075,85.195
c02367,20.085,85.195
c02368,20.095,85.195
c02369,20.105,85.195
c02370,20.115,85.195
c02371,20.125,85.195
c02372,20.135,85.195
c02373,20.145,85.195
c02374,20.155,85.195
c02375,20.165,85.195
c02376,20.175,85.195
c02377,20.185,85.195
c02378,20.195,85.195
c02379,20.205,85.195
c02380,20.215,85.195
c02381,20.225,85.195
c02382,20.235,85.195
c02383,20.245,85.195
c02384,20.255,85.195
c02385,20.265,85.195
c02386,20.275,85.195
c02387,20.285,85.195
c02388,20.295,85.195
c02389,20.305,85.195
c02390,20.315,85.195
c02391,20.325,85.195
c02392,20.335,85.195
c02393,20.345,85.195
c02394,20.355,85.195
c02395,20.365,85.195
c02396,20.375,85.195
c02397,20.385,85.195
c02398,20.395,85.195
c02399,20.405,85.195
c02400,20.415,85.195
c02401,20.425,85.195
c02402,20.435,85.195
c02403,20.445,85.195
c02404,20.455,85.195
c02405,20.465,85.195
c02406,20.475,85.195
c02407,20.485,85.195
c02408,20.495,85.195
c02409,20.505,85.195
c02410,20.515,85.195
c02411,20.525,85.195
c02412,20.535,85.195
c02413,20.545,85.195
c02414,20.555,85.195
c02415,20.565,85.195
c02416,20.575,85.195
c02417,20.585,85.195
c02418,20.595,85.195
c02419,20.605,85.195
c02420,19.405,85.205
c02421,19.415,85.205
c02422,19.425,85.205
c02423,19.435,85.205
c02424,19.445,85.205
c02425,19.455,85.205
c02426,19.465,85.205
c02427,19.475,85.205
c02428,19.485,85.205
c02429,19.495,85.205
c02430,19.505,85.205
c02431,19.515,85.205
c02432,19.525,85.205
c02433,19.535,85.205
c02434,19.545,85.205
c02435,19.555,85.205
c02436,19.565,85.205
c02437,19.575,85.205
c02438,19.585,85.205
c02439,19.595,85.205
c02440,19.605,85.205
c02441,19.615,85.205
c02442,19.625,85.205
c02443,19.635,85.205
c02444,19.645,85.205
c02445,19.655,85.205
c02446,19.665,85.205
c02447,19.675,85.205
c02448,19.685,85.205
c02449,19.695,85.205
c02450,19.705,85.205
c02451,19.715,85.205
c02452,19.725,85.205
c02453,19.735,85.205
c02454,19.745,85.205
c02455,19.755,85.205
c02456,19.765,85.205
c02457,19.775,85.205
c02458,19.785,85.205
c02459,19.795,85.205
c02460,19.805,85.205
c02461,19.815,85.205
c02462,19.825,85.205
c02463,19.835,85.205
c02464,19.845,85.205
c02465,19.855,85.205
c02466,19.865,85.205
c02467,19.875,85.205
c02468,19.885,85.205
c02469,19.895,85.205
c02470,19.905,85.205
c02471,19.915,85.205
c02472,19.925,85.205
c02473,19.935,85.205
c02474,19.945,85.205
c02475,19.955,85.205
c02476,19.965,85.205
c02477,19.975,85.205
c02478,19.985,85.205
c02479,19.995,85.205
c02480,20.005,85.205
c02481,20.015,85.205
c02482,20.025,85.205
c02483,20.035,85.205
c02484,20.045,85.205
c02485,20.055,85.205
c02486,20.065,85.205
c02487,20.075,85.205
c02488,20.085,85.205
c02489,20.095,85.205
c02490,20.105,85.205
c02491,20.115,85.205
c02492,20.125,85.205
c02493,20.135,85.205
c02494,20.145,85.205
c02495,20.155,85.205
c02496,20.165,85.205
c02497,20.175,85.205
c02498,20.185,85.205
c02499,20.195,85.205
c02500,20.205,85.205
c02501,20.215,85.205
c02502,20.225,85.205
c02503,20.235,85.205
c02504,20.245,85.205
c02505,20.255,85.205
c02506,20.265,85.205
c02507,20.275,85.205
c02508,20.285,85.205
c02509,20.295,85.205
c02510,20.305,85.205
c02511,20.315,85.205
c02512,20.325,85.205
c02513,20.335,85.205
c02514,20.345,85.205
c02515,20.355,85.205
c02516,20.365,85.205
c02517,20.375,85.205
c02518,20.385,85.205
c02519,20.395,85.205
c02520,20.405,85.205
c02521,20.415,85.205
c02522,20.425,85.205
c02523,20.435,85.205
c02524,20.445,85.205
c02525,20.455,85.205
c02526,20.465,85.205
c02527,20.475,85.205
c02528,20.485,85.205
c02529,20.495,85.205
c02530,20.505,85.205
c02531,20.515,85.205
c02532,20.525,85.205
c02533,20.535,85.205
c02534,20.545,85.205
c02535,20.555,85.205
c02536,20.565,85.205
c02537,20.575,85.205
c02538,20.585,85.205
c02539,20.595,85.205
c02540,20.605,85.205
c02541,19.405,85.215
c02542,19.415,85.215
c02543,19.425,85.215
c02544,19.435,85.215
c02545,19.445,85.215
c02546,19.455,85.215
c02547,19.465,85.215
c02548,19.475,85.215
c02549,19.485,85.215
c02550,19.495,85.215
c02551,19.505,85.215
c02552,19.515,85.215
c02553,19.525,85.215
c02554,19.535,85.215
c02555,19.545,85.215
c02556,19.555,85.215
c02557,19.565,85.215
c02558,19.575,85.215
c02559,19.585,85.215
c02560,19.595,85.215
c02561,19.605,85.215
c02562,19.615,85.215
c02563,19.625,85.215
c02564,19.635,85.215
c02565,19.645,85.215
c02566,19.655,85.215
c02567,19.665,85.215
c02568,19.675,85.215
c02569,19.685,85.215
c02570,19.695,85.215
c02571,19.705,85.215
c02572,19.715,85.215
c02573,19.725,85.215
c02574,19.735,85.215
c02575,19.745,85.215
c02576,19.755,85.215
c02577,19.765,85.215
c02578,19.775,85.215
c02579,19.785,85.215
c02580,19.795,85.215
c02581,19.805,85.215
c02582,19.815,85.215
c02583,19.825,85.215
c02584,19.835,85.215
c02585,19.845,85.215
c02586,19.855,85.215
c02587,19.865,85.215
c02588,19.875,85.215
c02589,19.885,85.215
c02590,19.895,85.215
c02591,19.905,85.215
c02592,19.915,85.215
c02593,19.925,85.215
c02594,19.935,85.215
c02595,19.945,85.215
c02596,19.955,85.215
c02597,19.965,85.215
c02598,19.975,85.215
c02599,19.985,85.215
c02600,19.995,85.215
c02601,20.005,85.215
c02602,20.015,85.215
c02603,20.025,85.215
c02604,20.035,85.215
c02605,20.045,85.215
c02606,20.055,85.215
c02607,20.065,85.215
c02608,20.075,85.215
c02609,20.085,85.215
c02610,20.095,85.215
c02611,20.105,85.215
c02612,20.115,85.215
c02613,20.125,85.215
c02614,20.135,85.215
c02615,20.145,85.215
c02616,20.155,85.215
c02617,20.165,85.215
c02618,20.175,85.215
c02619,20.185,85.215
c02620,20.195,85.215
c02621,20.205,85.215
c02622,20.215,85.215
c02623,20.225,85.215
c02624,20.235,85.215
c02625,20.245,85.215
c02626,20.255,85.215
c02627,20.265,85.215
c02628,20.275,85.215
c02629,20.285,85.215
c02630,20.295,85.215
c02631,20.305,85.215
c02632,20.315,85.215
c02633,20.325,85.215
c02634,20.335,85.215
c02635,20.345,85.215
c02636,20.355,85.215
c02637,20.365,85.215
c02638,20.375,85.215
c02639,20.385,85.215
c02640,20.395,85.215
c02641,20.405,85.215
c02642,20.415,85.215
c02643,20.425,85.215
c02644,20.435,85.215
c02645,20.445,85.215
c02646,20.455,85.215
c02647,20.465,85.215
c02648,20.475,85.215
c02649,20.485,85.215
c02650,20.495,85.215
c02651,20.505,85.215
c02652,20.515,85.215
c02653,20.525,85.215
c02654,20.535,85.215
c02655,20.545,85.215
c02656,20.555,85.215
c02657,20.565,85.215
c02658,20.575,85.215
c02659,20.585,85.215
c02660,20.595,85.215
c02661,20.605,85.215
c02662,19.405,85.225
c02663,19.415,85.225
c02664,19.425,85.225
c02665,19.435,85.225
c02666,19.445,85.225
c02667,19.455,85.225
c02668,19.465,85.225
c02669,19.475,85.225
c02670,19.485,85.225
c02671,19.495,85.225
c02672,19.505,85.225
c02673,19.515,85.225
c02674,19.525,85.225
c02675,19.535,85.225
c02676,19.545,85.225
c02677,19.555,85.225
c02678,19.565,85.225
c02679,19.575,85.225
c02680,19.585,85.225
c02681,19.595,85.225
c02682,19.605,85.225
c02683,19.615,85.225
c02684,19.625,85.225
c02685,19.635,85.225
c02686,19.645,85.225
c02687,19.655,85.225
c02688,19.665,85.225
c02689,19.675,85.225
c02690,19.685,85.225
c02691,19.695,85.225
c02692,19.705,85.225
c02693,19.715,85.225
c02694,19.725,85.225
c02695,19.735,85.225
c02696,19.745,85.225
c02697,19.755,85.225
c02698,19.765,85.225
c02699,19.775,85.225
c02700,19.785,85.225
c02701,19.795,85.225
c02702,19.805,85.225
c02703,19.815,85.225
c02704,19.825,85.225
c02705,19.835,85.225
c02706,19.845,85.225
c02707,19.855,85.225
c02708,19.865,85.225
c02709,19.875,85.225
c02710,19.885,85.225
c02711,19.895,85.225
c02712,19.905,85.225
c02713,19.915,85.225
c02714,19.925,85.225
c02715,19.935,85.225
c02716,19.945,85.225
c02717,19.955,85.225
c02718,19.965,85.225
c02719,19.975,85.225
c02720,19.985,85.225
c02721,19.995,85.225
c02722,20.005,85.225
c02723,20.015,85.225
c02724,20.025,85.225
c02725,20.035,85.225
c02726,20.045,85.225
c02727,20.055,85.225
c02728,20.065,85.225
c02729,20.075,85.225
c02730,20.085,85.225
c02731,20.095,85.225
c02732,20.105,85.225
c02733,20.115,85.225
c02734,20.125,85.225
c02735,20.135,85.225
c02736,20.145,85.225
c02737,20.155,85.225
c02738,20.165,85.225
c02739,20.175,85.225
c02740,20.185,85.225
c02741,20.195,85.225
c02742,20.205,85.225
c02743,20.215,85.225
c02744,20.225,85.225
c02745,20.235,85.225
c02746,20.245,85.225
c02747,20.255,85.225
c02748,20.265,85.225
c02749,20.275,85.225
c02750,20.285,85.225
c02751,20.295,85.225
c02752,20.305,85.225
c02753,20.315,85.225
c02754,20.325,85.225
c02755,20.335,85.225
c02756,20.345,85.225
c02757,20.355,85.225
c02758,20.365,85.225
c02759,20.375,85.225
c02760,20.385,85.225
c02761,20.395,85.225
c02762,20.405,85.225
c02763,20.415,85.225
c02764,20.425,85.225
c02765,20.435,85.225
c02766,20.445,85.225
c02767,20.455,85.225
c02768,20.465,85.225
c02769,20.475,85.225
c02770,20.485,85.225
c02771,20.495,85.225
c02772,20.505,85.225
c02773,20.515,85.225
c02774,20.525,85.225
c02775,20.535,85.225
c02776,20.545,85.225
c02777,20.555,85.225
c02778,20.565,85.225
c02779,20.575,85.225
c02780,20.585,85.225
c02781,20.595,85.225
c02782,20.605,85.225
c02783,19.405,85.235
c02784,19.415,85.235
c02785,19.425,85.235
c02786,19.435,85.235
c02787,19.445,85.235
c02788,19.455,85.235
c02789,19.465,85.235
c02790,19.475,85.235
c02791,19.485,85.235
c02792,19.495,85.235
c02793,19.505,85.235
c02794,19.515,85.235
c02795,19.525,85.235
c02796,19.535,85.235
c02797,19.545,85.235
c02798,19.555,85.235
c02799,19.565,85.235
c02800,19.575,85.235
c02801,19.585,85.235
c02802,19.595,85.235
c02803,19.605,85.235
c02804,19.615,85.235
c02805,19.625,85.235
c02806,19.635,85.235
c02807,19.645,85.235
c02808,19.655,85.235
c02809,19.665,85.235
c02810,19.675,85.235
c02811,19.685,85.235
c02812,19.695,85.235
c02813,19.705,85.235
c02814,19.715,85.235
c02815,19.725,85.235
c02816,19.735,85.235
c02817,19.745,85.235
c02818,19.755,85.235
c02819,19.765,85.235
c02820,19.775,85.235
c02821,19.785,85.235
c02822,19.795,85.235
c02823,19.805,85.235
c02824,19.815,85.235
c02825,19.825,85.235
c02826,19.835,85.235
c02827,19.845,85.235
c02828,19.855,85.235
c02829,19.865,85.235
c02830,19.875,85.235
c02831,19.885,85.235
c02832,19.895,85.235
c02833,19.905,85.235
c02834,19.915,85.235
c02835,19.925,85.235
c02836,19.935,85.235
c02837,19.945,85.235
c02838,19.955,85.235
c02839,19.965,85.235
c02840,19.975,85.235
c02841,19.985,85.235
c02842,19.995,85.235
c02843,20.005,85.235
c02844,20.015,85.235
c02845,20.025,85.235
c02846,20.035,85.235
c02847,20.045,85.235
c02848,20.055,85.235
c02849,20.065,85.235
c02850,20.075,85.235
c02851,20.085,85.235
c02852,20.095,85.235
c02853,20.105,85.235
c02854,20.115,85.235
c02855,20.125,85.235
c02856,20.135,85.235
c02857,20.145,85.235
c02858,20.155,85.235
c02859,20.165,85.235
c02860,20.175,85.235
c02861,20.185,85.235
c02862,20.195,85.235
c02863,20.205,85.235
c02864,20.215,85.235
c02865,20.225,85.235
c02866,20.235,85.235
c02867,20.245,85.235
c02868,20.255,85.235
c02869,20.265,85.235
c02870,20.275,85.235
c02871,20.285,85.235
c02872,20.295,85.235
c02873,20.305,85.235
c02874,20.315,85.235
c02875,20.325,85.235
c02876,20.335,85.235
c02877,20.345,85.235
c02878,20.355,85.235
c02879,20.365,85.235
c02880,20.375,85.235
c02881,20.385,85.235
c02882,20.395,85.235
c02883,20.405,85.235
c02884,20.415,85.235
c02885,20.425,85.235
c02886,20.435,85.235
c02887,20.445,85.235
c02888,20.455,85.235
c02889,20.465,85.235
c02890,20.475,85.235
c02891,20.485,85.235
c02892,20.495,85.235
c02893,20.505,85.235
c02894,20.515,85.235
c02895,20.525,85.235
c02896,20.535,85.235
c02897,20.545,85.235
c02898,20.555,85.235
c02899,20.565,85.235
c02900,20.575,85.235
c02901,20.585,85.235
c02902,20.595,85.235
c02903,20.605,85.235
c02904,19.405,85.245
c02905,19.415,85.245
c02906,19.425,85.245
c02907,19.435,85.245
c02908,19.445,85.245
c02909,19.455,85.245
c02910,19.465,85.245
c02911,19.475,85.245
c02912,19.485,85.245
c02913,19.495,85.245
c02914,19.505,85.245
c02915,19.515,85.245
c02916,19.525,85.245
c02917,19.535,85.245
c02918,19.545,85.245
c02919,19.555,85.245
c02920,19.565,85.245
c02921,19.575,85.245
c02922,19.585,85.245
c02923,19.595,85.245
c02924,19.605,85.245
c02925,19.615,85.245
c02926,19.625,85.245
c02927,19.635,85.245
c02928,19.645,85.245
c02929,19.655,85.245
c02930,19.665,85.245
c02931,19.675,85.245
c02932,19.685,85.245
c02933,19.695,85.245
c02934,19.705,85.245
c02935,19.715,85.245
c02936,19.725,85.245
c02937,19.735,85.245
c02938,19.745,85.245
c02939,19.755,85.245
c02940,19.765,85.245
c02941,19.775,85.245
c02942,19.785,85.245
c02943,19.795,85.245
c02944,19.805,85.245
c02945,19.815,85.245
c02946,19.825,85.245
c02947,19.835,85.245
c02948,19.845,85.245
c02949,19.855,85.245
c02950,19.865,85.245
c02951,19.875,85.245
c02952,19.885,85.245
c02953,19.895,85.245
c02954,19.905,85.245
c02955,19.915,85.245
c02956,19.925,85.245
c02957,19.935,85.245
c02958,19.945,85.245
c02959,19.955,85.245
c02960,19.965,85.245
c02961,19.975,85.245
c02962,19.985,85.245
c02963,19.995,85.245
c02964,20.005,85.245
c02965,20.015,85.245
c02966,20.025,85.245
c02967,20.035,85.245
c02968,20.045,85.245
c02969,20.055,85.245
c02970,20.065,85.245
c02971,20.075,85.245
c02972,20.085,85.245
c02973,20.095,85.245
c02974,20.105,85.245
c02975,20.115,85.245
c02976,20.125,85.245
c02977,20.135,85.245
c02978,20.145,85.245
c02979,20.155,85.245
c02980,20.165,85.245
c02981,20.175,85.245
c02982,20.185,85.245
c02983,20.195,85.245
c02984,20.205,85.245
c02985,20.215,85.245
c02986,20.225,85.245
c02987,20.235,85.245
c02988,20.245,85.245
c02989,20.255,85.245
c02990,20.265,85.245
c02991,20.275,85.245
c02992,20.285,85.245
c02993,20.295,85.245
c02994,20.305,85.245
c02995,20.315,85.245
c02996,20.325,85.245
c02997,20.335,85.245
c02998,20.345,85.245
c02999,20.355,85.245
c03000,20.365,85.245
c03001,20.375,85.245
c03002,20.385,85.245
c03003,20.395,85.245
c03004,20.405,85.245
c03005,20.415,85.245
c03006,20.425,85.245
c03007,20.435,85.245
c03008,20.445,85.245
c03009,20.455,85.245
c03010,20.465,85.245
c03011,20.475,85.245
c03012,20.485,85.245
c03013,20.495,85.245
c03014,20.505,85.245
c03015,20.515,85.245
c03016,20.525,85.245
c03017,20.535,85.245
c03018,20.545,85.245
c03019,20.555,85.245
c03020,20.565,85.245
c03021,20.575,85.245
c03022,20.585,85.245
c03023,20.595,85.245
c03024,20.605,85.245
c03025,19.405,85.255
c03026,19.415,85.255
c03027,19.425,85.255
c03028,19.435,85.255
c03029,19.445,85.255
c03030,19.455,85.255
c03031,19.465,85.255
c03032,19.475,85.255
c03033,19.485,85.255
c03034,19.495,85.255
c03035,19.505,85.255
c03036,19.515,85.255
c03037,19.525,85.255
c03038,19.535,85.255
c03039,19.545,85.255
c03040,19.555,85.255
c03041,19.565,85.255
c03042,19.575,85.255
c03043,19.585,85.255
c03044,19.595,85.255
c03045,19.605,85.255
c03046,19.615,85.255
c03047,19.625,85.255
c03048,19.635,85.255
c03049,19.645,85.255
c03050,19.655,85.255
c03051,19.665,85.255
c03052,19.675,85.255
c03053,19.685,85.255
c03054,19.695,85.255
c03055,19.705,85.255
c03056,19.715,85.255
c03057,19.725,85.255
c03058,19.735,85.255
c03059,19.745,85.255
c03060,19.755,85.255
c03061,19.765,85.255
c03062,19.775,85.255
c03063,19.785,85.255
c03064,19.795,85.255
c03065,19.805,85.255
c03066,19.815,85.255
c03067,19.825,85.255
c03068,19.835,85.255
c03069,19.845,85.255
c03070,19.855,85.255
c03071,19.865,85.255
c03072,19.875,85.255
c03073,19.885,85.255
c03074,19.895,85.255
c03075,19.905,85.255
c03076,19.915,85.255
c03077,19.925,85.255
c03078,19.935,85.255
c03079,19.945,85.255
c03080,19.955,85.255
c03081,19.965,85.255
c03082,19.975,85.255
c03083,19.985,85.255
c03084,19.995,85.255
c03085,20.005,85.255
c03086,20.015,85.255
c03087,20.025,85.255
c03088,20.035,85.255
c03089,20.045,85.255
c03090,20.055,85.255
c03091,20.065,85.255
c03092,20.075,85.255
c03093,20.085,85.255
c03094,20.095,85.255
c03095,20.105,85.255
c03096,20.115,85.255
c03097,20.125,85.255
c03098,20.135,85.255
c03099,20.145,85.255
c03100,20.155,85.255
c03101,20.165,85.255
c03102,20.175,85.255
c03103,20.185,85.255
c03104,20.195,85.255
c03105,20.205,85.255
c03106,20.215,85.255
c03107,20.225,85.255
c03108,20.235,85.255
c03109,20.245,85.255
c03110,20.255,85.255
c03111,20.265,85.255
c03112,20.275,85.255
c03113,20.285,85.255
c03114,20.295,85.255
c03115,20.305,85.255
c03116,20.315,85.255
c03117,20.325,85.255
c03118,20.335,85.255
c03119,20.345,85.255
c03120,20.355,85.255
c03121,20.365,85.255
c03122,20.375,85.255
c03123,20.385,85.255
c03124,20.395,85.255
c03125,20.405,85.255
c03126,20.415,85.255
c03127,20.425,85.255
c03128,20.435,85.255
c03129,20.445,85.255
c03130,20.455,85.255
c03131,20.465,85.255
c03132,20.475,85.255
c03133,20.485,85.255
c03134,20.495,85.255
c03135,20.505,85.255
c03136,20.515,85.255
c03137,20.525,85.255
c03138,20.535,85.255
c03139,20.545,85.255
c03140,20.555,85.255
c03141,20.565,85.255
c03142,20.575,85.255
c03143,20.585,85.255
c03144,20.595,85.255
c03145,20.605,85.255
c03146,19.405,85.265
c03147,19.415,85.265
c03148,19.425,85.265
c03149,19.435,85.265
c03150,19.445,85.265
c03151,19.455,85.265
c03152,19.465,85.265
c03153,19.475,85.265
c03154,19.485,85.265
c03155,19.495,85.265
c03156,19.505,85.265
c03157,19.515,85.265
c03158,19.525,85.265
c03159,19.535,85.265
c03160,19.545,85.265
c03161,19.555,85.265
c03162,19.565,85.265
c03163,19.575,85.265
c03164,19.585,85.265
c03165,19.595,85.265
c03166,19.605,85.265
c03167,19.615,85.265
c03168,19.625,85.265
c03169,19.635,85.265
c03170,19.645,85.265
c03171,19.655,85.265
c03172,19.665,85.265
c03173,19.675,85.265
c03174,19.685,85.265
c03175,19.695,85.265
c03176,19.705,85.265
c03177,19.715,85.265
c03178,19.725,85.265
c03179,19.735,85.265
c03180,19.745,85.265
c03181,19.755,85.265
c03182,19.765,85.265
c03183,19.775,85.265
c03184,19.785,85.265
c03185,19.795,85.265
c03186,19.805,85.265
c03187,19.815,85.265
c03188,19.825,85.265
c03189,19.835,85.265
c03190,19.845,85.265
c03191,19.855,85.265
c03192,19.865,85.265
c03193,19.875,85.265
c03194,19.885,85.265
c03195,19.895,85.265
c03196,19.905,85.265
c03197,19.915,85.265
c03198,19.925,85.265
c03199,19.935,85.265
c03200,19.945,85.265
c03201,19.955,85.265
c03202,19.965,85.265
c03203,19.975,85.265
c03204,19.985,85.265
c03205,19.995,85.265
c03206,20.005,85.265
c03207,20.015,85.265
c03208,20.025,85.265
c03209,20.035,85.265
c03210,20.045,85.265
c03211,20.055,85.265
c03212,20.065,85.265
c03213,20.075,85.265
c03214,20.085,85.265
c03215,20.095,85.265
c03216,20.105,85.265
c03217,20.115,85.265
c03218,20.125,85.265
c03219,20.135,85.265
c03220,20.145,85.265
c03221,20.155,85.265
c03222,20.165,85.265
c03223,20.175,85.265
c03224,20.185,85.265
c03225,20.195,85.265
c03226,20.205,85.265
c03227,20.215,85.265
c03228,20.225,85.265
c03229,20.235,85.265
c03230,20.245,85.265
c03231,20.255,85.265
c03232,20.265,85.265
c03233,20.275,85.265
c03234,20.285,85.265
c03235,20.295,85.265
c03236,20.305,85.265
c03237,20.315,85.265
c03238,20.325,85.265
c03239,20.335,85.265
c03240,20.345,85.265
c03241,20.355,85.265
c03242,20.365,85.265
c03243,20.375,85.265
c03244,20.385,85.265
c03245,20.395,85.265
c03246,20.405,85.265
c03247,20.415,85.265
c03248,20.425,85.265
c03249,20.435,85.265
c03250,20.445,85.265
c03251,20.455,85.265
c03252,20.465,85.265
c03253,20.475,85.265
c03254,20.485,85.265
c03255,20.495,85.265
c03256,20.505,85.265
c03257,20.515,85.265
c03258,20.525,85.265
c03259,20.535,85.265
c03260,20.545,85.265
c03261,20.555,85.265
c03262,20.565,85.265
c03263,20.575,85.265
c03264,20.585,85.265
c03265,20.595,85.265
c03266,20.605,85.265
c03267,19.405,85.275
c03268,19.415,85.275
c03269,19.425,85.275
c03270,19.435,85.275
c03271,19.445,85.275
c03272,19.455,85.275
c03273,19.465,85.275
c03274,19.475,85.275
c03275,19.485,85.275
c03276,19.495,85.275
c03277,19.505,85.275
c03278,19.515,85.275
c03279,19.525,85.275
c03280,19.535,85.275
c03281,19.545,85.275
c03282,19.555,85.275
c03283,19.565,85.275
c03284,19.575,85.275
c03285,19.585,85.275
c03286,19.595,85.275
c03287,19.605,85.275
c03288,19.615,85.275
c03289,19.625,85.275
c03290,19.635,85.275
c03291,19.645,85.275
c03292,19.655,85.275
c03293,19.665,85.275
c03294,19.675,85.275
c03295,19.685,85.275
c03296,19.695,85.275
c03297,19.705,85.275
c03298,19.715,85.275
c03299,19.725,85.275
c03300,19.735,85.275
c03301,19.745,85.275
c03302,19.755,85.275
c03303,19.765,85.275
c03304,19.775,85.275
c03305,19.785,85.275
c03306,19.795,85.275
c03307,19.805,85.275
c03308,19.815,85.275
c03309,19.825,85.275
c03310,19.835,85.275
c03311,19.845,85.275
c03312,19.855,85.275
c03313,19.865,85.275
c03314,19.875,85.275
c03315,19.885,85.275
c03316,19.895,85.275
c03317,19.905,85.275
c03318,19.915,85.275
c03319,19.925,85.275
c03320,19.935,85.275
c03321,19.945,85.275
c03322,19.955,85.275
c03323,19.965,85.275
c03324,19.975,85.275
c03325,19.985,85.275
c03326,19.995,85.275
c03327,20.005,85.275
c03328,20.015,85.275
c03329,20.025,85.275
c03330,20.035,85.275
c03331,20.045,85.275
c03332,20.055,85.275
c03333,20.065,85.275
c03334,20.075,85.275
c03335,20.085,85.275
c03336,20.095,85.275
c03337,20.105,85.275
c03338,20.115,85.275
c03339,20.125,85.275
c03340,20.135,85.275
c03341,20.145,85.275
c03342,20.155,85.275
c03343,20.165,85.275
c03344,20.175,85.275
c03345,20.185,85.275
c03346,20.195,85.275
c03347,20.205,85.275
c03348,20.215,85.275
c03349,20.225,85.275
c03350,20.235,85.275
c03351,20.245,85.275
c03352,20.255,85.275
c03353,20.265,85.275
c03354,20.275,85.275
c03355,20.285,85.275
c03356,20.295,85.275
c03357,20.305,85.275
c03358,20.315,85.275
c03359,20.325,85.275
c03360,20.335,85.275
c03361,20.345,85.275
c03362,20.355,85.275
c03363,20.365,85.275
c03364,20.375,85.275
c03365,20.385,85.275
c03366,20.395,85.275
c03367,20.405,85.275
c03368,20.415,85.275
c03369,20.425,85.275
c03370,20.435,85.275
c03371,20.445,85.275
c03372,20.455,85.275
c03373,20.465,85.275
c03374,20.475,85.275
c03375,20.485,85.275
c03376,20.495,85.275
c03377,20.505,85.275
c03378,20.515,85.275
c03379,20.525,85.275
c03380,20.535,85.275
c03381,20.545,85.275
c03382,20.555,85.275
c03383,20.565,85.275
c03384,20.575,85.275
c03385,20.585,85.275
c03386,20.595,85.275
c03387,20.605,85.275
c03388,19.405,85.285
c03389,19.415,85.285
c03390,19.425,85.285
c03391,19.435,85.285
c03392,19.445,85.285
c03393,19.455,85.285
c03394,19.465,85.285
c03395,19.475,85.285
c03396,19.485,85.285
c03397,19.495,85.285
c03398,19.505,85.285
c03399,19.515,85.285
c03400,19.525,85.285
c03401,19.535,85.285
c03402,19.545,85.285
c03403,19.555,85.285
c03404,19.565,85.285
c03405,19.575,85.285
c03406,19.585,85.285
c03407,19.595,85.285
c03408,19.605,85.285
c03409,19.615,85.285
c03410,19.625,85.285
c03411,19.635,85.285
c03412,19.645,85.285
c03413,19.655,85.285
c03414,19.665,85.285
c03415,19.675,85.285
c03416,19.685,85.285
c03417,19.695,85.285
c03418,19.705,85.285
c03419,19.715,85.285
c03420,19.725,85.285
c03421,19.735,85.285
c03422,19.745,85.285
c03423,19.755,85.285
c03424,19.765,85.285
c03425,19.775,85.285
c03426,19.785,85.285
c03427,19.795,85.285
c03428,19.805,85.285
c03429,19.815,85.285
c03430,19.825,85.285
c03431,19.835,85.285
c03432,19.845,85.285
c03433,19.855,85.285
c03434,19.865,85.285
c03435,19.875,85.285
c03436,19.885,85.285
c03437,19.895,85.285
c03438,19.905,85.285
c03439,19.915,85.285
c03440,19.925,85.285
c03441,19.935,85.285
c03442,19.945,85.285
c03443,19.955,85.285
c03444,19.965,85.285
c03445,19.975,85.285
c03446,19.985,85.285
c03447,19.995,85.285
c03448,20.005,85.285
c03449,20.015,85.285
c03450,20.025,85.285
c03451,20.035,85.285
c03452,20.045,85.285
c03453,20.055,85.285
c03454,20.065,85.285
c03455,20.075,85.285
c03456,20.085,85.285
c03457,20.095,85.285
c03458,20.105,85.285
c03459,20.115,85.285
c03460,20.125,85.285
c03461,20.135,85.285
c03462,20.145,85.285
c03463,20.155,85.285
c03464,20.165,85.285
c03465,20.175,85.285
c03466,20.185,85.285
c03467,20.195,85.285
c03468,20.205,85.285
c03469,20.215,85.285
c03470,20.225,85.285
c03471,20.235,85.285
c03472,20.245,85.285
c03473,20.255,85.285
c03474,20.265,85.285
c03475,20.275,85.285
c03476,20.285,85.285
c03477,20.295,85.285
c03478,20.305,85.285
c03479,20.315,85.285
c03480,20.325,85.285
c03481,20.335,85.285
c03482,20.345,85.285
c03483,20.355,85.285
c03484,20.365,85.285
c03485,20.375,85.285
c03486,20.385,85.285
c03487,20.395,85.285
c03488,20.405,85.285
c03489,20.415,85.285
c03490,20.425,85.285
c03491,20.435,85.285
c03492,20.445,85.285
c03493,20.455,85.285
c03494,20.465,85.285
c03495,20.475,85.285
c03496,20.485,85.285
c03497,20.495,85.285
c03498,20.505,85.285
c03499,20.515,85.285
c03500,20.525,85.285
c03501,20.535,85.285
c03502,20.545,85.285
c03503,20.555,85.285
c03504,20.565,85.285
c03505,20.575,85.285
c03506,20.585,85.285
c03507,20.595,85.285
c03508,20.605,85.285
c03509,19.405,85.295
c03510,19.415,85.295
c03511,19.425,85.295
c03512,19.435,85.295
c03513,19.445,85.295
c03514,19.455,85.295
c03515,19.465,85.295
c03516,19.475,85.295
c03517,19.485,85.295
c03518,19.495,85.295
c03519,19.505,85.295
c03520,19.515,85.295
c03521,19.525,85.295
c03522,19.535,85.295
c03523,19.545,85.295
c03524,19.555,85.295
c03525,19.565,85.295
c03526,19.575,85.295
c03527,19.585,85.295
c03528,19.595,85.295
c03529,19.605,85.295
c03530,19.615,85.295
c03531,19.625,85.295
c03532,19.635,85.295
c03533,19.645,85.295
c03534,19.655,85.295
c03535,19.665,85.295
c03536,19.675,85.295
c03537,19.685,85.295
c03538,19.695,85.295
c03539,19.705,85.295
c03540,19.715,85.295
c03541,19.725,85.295
c03542,19.735,85.295
c03543,19.745,85.295
c03544,19.755,85.295
c03545,19.765,85.295
c03546,19.775,85.295
c03547,19.785,85.295
c03548,19.795,85.295
c03549,19.805,85.295
c03550,19.815,85.295
c03551,19.825,85.295
c03552,19.835,85.295
c03553,19.845,85.295
c03554,19.855,85.295
c03555,19.865,85.295
c03556,19.875,85.295
c03557,19.885,85.295
c03558,19.895,85.295
c03559,19.905,85.295
c03560,19.915,85.295
c03561,19.925,85.295
c03562,19.935,85.295
c03563,19.945,85.295
c03564,19.955,85.295
c03565,19.965,85.295
c03566,19.975,85.295
c03567,19.985,85.295
c03568,19.995,85.295
c03569,20.005,85.295
c03570,20.015,85.295
c03571,20.025,85.295
c03572,20.035,85.295
c03573,20.045,85.295
c03574,20.055,85.295
c03575,20.065,85.295
c03576,20.075,85.295
c03577,20.085,85.295
c03578,20.095,85.295
c03579,20.105,85.295
c03580,20.115,85.295
c03581,20.125,85.295
c03582,20.135,85.295
c03583,20.145,85.295
c03584,20.155,85.295
c03585,20.165,85.295
c03586,20.175,85.295
c03587,20.185,85.295
c03588,20.195,85.295
c03589,20.205,85.295
c03590,20.215,85.295
c03591,20.225,85.295
c03592,20.235,85.295
c03593,20.245,85.295
c03594,20.255,85.295
c03595,20.265,85.295
c03596,20.275,85.295
c03597,20.285,85.295
c03598,20.295,85.295
c03599,20.305,85.295
c03600,20.315,85.295
c03601,20.325,85.295
c03602,20.335,85.295
c03603,20.345,85.295
c03604,20.355,85.295
c03605,20.365,85.295
c03606,20.375,85.295
c03607,20.385,85.295
c03608,20.395,85.295
c03609,20.405,85.295
c03610,20.415,85.295
c03611,20.425,85.295
c03612,20.435,85.295
c03613,20.445,85.295
c03614,20.455,85.295
c03615,20.465,85.295
c03616,20.475,85.295
c03617,20.485,85.295
c03618,20.495,85.295
c03619,20.505,85.295
c03620,20.515,85.295
c03621,20.525,85.295
c03622,20.535,85.295
c03623,20.545,85.295
c03624,20.555,85.295
c03625,20.565,85.295
c03626,20.575,85.295
c03627,20.585,85.295
c03628,20.595,85.295
c03629,20.605,85.295
c03630,19.405,85.305
c03631,19.415,85.305
c03632,19.425,85.305
c03633,19.435,85.305
c03634,19.445,85.305
c03635,19.455,85.305
c03636,19.465,85.305
c03637,19.475,85.305
c03638,19.485,85.305
c03639,19.495,85.305
c03640,19.505,85.305
c03641,19.515,85.305
c03642,19.525,85.305
c03643,19.535,85.305
c03644,19.545,85.305
c03645,19.555,85.305
c03646,19.565,85.305
c03647,19.575,85.305
c03648,19.585,85.305
c03649,19.595,85.305
c03650,19.605,85.305
c03651,19.615,85.305
c03652,19.625,85.305
c03653,19.635,85.305
c03654,19.645,85.305
c03655,19.655,85.305
c03656,19.665,85.305
c03657,19.675,85.305
c03658,19.685,85.305
c03659,19.695,85.305
c03660,19.705,85.305
c03661,19.715,85.305
c03662,19.725,85.305
c03663,19.735,85.305
c03664,19.745,85.305
c03665,19.755,85.305
c03666,19.765,85.305
c03667,19.775,85.305
c03668,19.785,85.305
c03669,19.795,85.305
c03670,19.805,85.305
c03671,19.815,85.305
c03672,19.825,85.305
c03673,19.835,85.305
c03674,19.845,85.305
c03675,19.855,85.305
c03676,19.865,85.305
c03677,19.875,85.305
c03678,19.885,85.305
c03679,19.895,85.305
c03680,19.905,85.305
c03681,19.915,85.305
c03682,19.925,85.305
c03683,19.935,85.305
c03684,19.945,85.305
c03685,19.955,85.305
c03686,19.965,85.305
c03687,19.975,85.305
c03688,19.985,85.305
c03689,19.995,85.305
c03690,20.005,85.305
c03691,20.015,85.305
c03692,20.025,85.305
c03693,20.035,85.305
c03694,20.045,85.305
c03695,20.055,85.305
c03696,20.065,85.305
c03697,20.075,85.305
c03698,20.085,85.305
c03699,20.095,85.305
c03700,20.105,85.305
c03701,20.115,85.305
c03702,20.125,85.305
c03703,20.135,85.305
c03704,20.145,85.305
c03705,20.155,85.305
c03706,20.165,85.305
c03707,20.175,85.305
c03708,20.185,85.305
c03709,20.195,85.305
c03710,20.205,85.305
c03711,20.215,85.305
c03712,20.225,85.305
c03713,20.235,85.305
c03714,20.245,85.305
c03715,20.255,85.305
c03716,20.265,85.305
c03717,20.275,85.305
c03718,20.285,85.305
c03719,20.295,85.305
c03720,20.305,85.305
c03721,20.315,85.305
c03722,20.325,85.305
c03723,20.335,85.305
c03724,20.345,85.305
c03725,20.355,85.305
c03726,20.365,85.305
c03727,20.375,85.305
c03728,20.385,85.305
c03729,20.395,85.305
c03730,20.405,85.305
c03731,20.415,85.305
c03732,20.425,85.305
c03733,20.435,85.305
c03734,20.445,85.305
c03735,20.455,85.305
c03736,20.465,85.305
c03737,20.475,85.305
c03738,20.485,85.305
c03739,20.495,85.305
c03740,20.505,85.305
c03741,20.515,85.305
c03742,20.525,85.305
c03743,20.535,85.305
c03744,20.545,85.305
c03745,20.555,85.305
c03746,20.565,85.305
c03747,20.575,85.305
c03748,20.585,85.305
c03749,20.595,85.305
c03750,20.605,85.305
c03751,19.405,85.315
c03752,19.415,85.315
c03753,19.425,85.315
c03754,19.435,85.315
c03755,19.445,85.315
c03756,19.455,85.315
c03757,19.465,85.315
c03758,19.475,85.315
c03759,19.485,85.315
c03760,19.495,85.315
c03761,19.505,85.315
c03762,19.515,85.315
c03763,19.525,85.315
c03764,19.535,85.315
c03765,19.545,85.315
c03766,19.555,85.315
c03767,19.565,85.315
c03768,19.575,85.315
c03769,19.585,85.315
c03770,19.595,85.315
c03771,19.605,85.315
c03772,19.615,85.315
c03773,19.625,85.315
c03774,19.635,85.315
c03775,19.645,85.315
c03776,19.655,85.315
c03777,19.665,85.315
c03778,19.675,85.315
c03779,19.685,85.315
c03780,19.695,85.315
c03781,19.705,85.315
c03782,19.715,85.315
c03783,19.725,85.315
c03784,19.735,85.315
c03785,19.745,85.315
c03786,19.755,85.315
c03787,19.765,85.315
c03788,19.775,85.315
c03789,19.785,85.315
c03790,19.795,85.315
c03791,19.805,85.315
c03792,19.815,85.315
c03793,19.825,85.315
c03794,19.835,85.315
c03795,19.845,85.315
c03796,19.855,85.315
c03797,19.865,85.315
c03798,19.875,85.315
c03799,19.885,85.315
c03800,19.895,85.315
c03801,19.905,85.315
c03802,19.915,85.315
c03803,19.925,85.315
c03804,19.935,85.315
c03805,19.945,85.315
c03806,19.955,85.315
c03807,19.965,85.315
c03808,19.975,85.315
c03809,19.985,85.315
c03810,19.995,85.315
c03811,20.005,85.315
c03812,20.015,85.315
c03813,20.025,85.315
c03814,20.035,85.315
c03815,20.045,85.315
c03816,20.055,85.315
c03817,20.065,85.315
c03818,20.075,85.315
c03819,20.085,85.315
c03820,20.095,85.315
c03821,20.105,85.315
c03822,20.115,85.315
c03823,20.125,85.315
c03824,20.135,85.315
c03825,20.145,85.315
c03826,20.155,85.315
c03827,20.165,85.315
c03828,20.175,85.315
c03829,20.185,85.315
c03830,20.195,85.315
c03831,20.205,85.315
c03832,20.215,85.315
c03833,20.225,85.315
c03834,20.235,85.315
c03835,20.245,85.315
c03836,20.255,85.315
c03837,20.265,85.315
c03838,20.275,85.315
c03839,20.285,85.315
c03840,20.295,85.315
c03841,20.305,85.315
c03842,20.315,85.315
c03843,20.325,85.315
c03844,20.335,85.315
c03845,20.345,85.315
c03846,20.355,85.315
c03847,20.365,85.315
c03848,20.375,85.315
c03849,20.385,85.315
c03850,20.395,85.315
c03851,20.405,85.315
c03852,20.415,85.315
c03853,20.425,85.315
c03854,20.435,85.315
c03855,20.445,85.315
c03856,20.455,85.315
c03857,20.465,85.315
c03858,20.475,85.315
c03859,20.485,85.315
c03860,20.495,85.315
c03861,20.505,85.315
c03862,20.515,85.315
c03863,20.525,85.315
c03864,20.535,85.315
c03865,20.545,85.315
c03866,20.555,85.315
c03867,20.565,85.315
c03868,20.575,85.315
c03869,20.585,85.315
c03870,20.595,85.315
c03871,20.605,85.315
c03872,19.405,85.325
c03873,19.415,85.325
c03874,19.425,85.325
c03875,19.435,85.325
c03876,19.445,85.325
c03877,19.455,85.325
c03878,19.465,85.325
c03879,19.475,85.325
c03880,19.485,85.325
c03881,19.495,85.325
c03882,19.505,85.325
c03883,19.515,85.325
c03884,19.525,85.325
c03885,19.535,85.325
c03886,19.545,85.325
c03887,19.555,85.325
c03888,19.565,85.325
c03889,19.575,85.325
c03890,19.585,85.325
c03891,19.595,85.325
c03892,19.605,85.325
c03893,19.615,85.325
c03894,19.625,85.325
c03895,19.635,85.325
c03896,19.645,85.325
c03897,19.655,85.325
c03898,19.665,85.325
c03899,19.675,85.325
c03900,19.685,85.325
c03901,19.695,85.325
c03902,19.705,85.325
c03903,19.715,85.325
c03904,19.725,85.325
c03905,19.735,85.325
c03906,19.745,85.325
c03907,19.755,85.325
c03908,19.765,85.325
c03909,19.775,85.325
c03910,19.785,85.325
c03911,19.795,85.325
c03912,19.805,85.325
c03913,19.815,85.325
c03914,19.825,85.325
c03915,19.835,85.325
c03916,19.845,85.325
c03917,19.855,85.325
c03918,19.865,85.325
c03919,19.875,85.325
c03920,19.885,85.325
c03921,19.895,85.325
c03922,19.905,85.325
c03923,19.915,85.325
c03924,19.925,85.325
c03925,19.935,85.325
c03926,19.945,85.325
c03927,19.955,85.325
c03928,19.965,85.325
c03929,19.975,85.325
c03930,19.985,85.325
c03931,19.995,85.325
c03932,20.005,85.325
c03933,20.015,85.325
c03934,20.025,85.325
c03935,20.035,85.325
c03936,20.045,85.325
c03937,20.055,85.325
c03938,20.065,85.325
c03939,20.075,85.325
c03940,20.085,85.325
c03941,20.095,85.325
c03942,20.105,85.325
c03943,20.115,85.325
c03944,20.125,85.325
c03945,20.135,85.325
c03946,20.145,85.325
c03947,20.155,85.325
c03948,20.165,85.325
c03949,20.175,85.325
c03950,20.185,85.325
c03951,20.195,85.325
c03952,20.205,85.325
c03953,20.215,85.325
c03954,20.225,85.325
c03955,20.235,85.325
c03956,20.245,85.325
c03957,20.255,85.325
c03958,20.265,85.325
c03959,20.275,85.325
c03960,20.285,85.325
c03961,20.295,85.325
c03962,20.305,85.325
c03963,20.315,85.325
c03964,20.325,85.325
c03965,20.335,85.325
c03966,20.345,85.325
c03967,20.355,85.325
c03968,20.365,85.325
c03969,20.375,85.325
c03970,20.385,85.325
c03971,20.395,85.325
c03972,20.405,85.325
c03973,20.415,85.325
c03974,20.425,85.325
c03975,20.435,85.325
c03976,20.445,85.325
c03977,20.455,85.325
c03978,20.465,85.325
c03979,20.475,85.325
c03980,20.485,85.325
c03981,20.495,85.325
c03982,20.505,85.325
c03983,20.515,85.325
c03984,20.525,85.325
c03985,20.535,85.325
c03986,20.545,85.325
c03987,20.555,85.325
c03988,20.565,85.325
c03989,20.575,85.325
c03990,20.585,85.325
c03991,20.595,85.325
c03992,20.605,85.325
c03993,19.405,85.335
c03994,19.415,85.335
c03995,19.425,85.335
c03996,19.435,85.335
c03997,19.445,85.335
c03998,19.455,85.335
c03999,19.465,85.335
c04000,19.475,85.335
c04001,19.485,85.335
c04002,19.495,85.335
c04003,19.505,85.335
c04004,19.515,85.335
c04005,19.525,85.335
c04006,19.535,85.335
c04007,19.545,85.335
c04008,19.555,85.335
c04009,19.565,85.335
c04010,19.575,85.335
c04011,19.585,85.335
c04012,19.595,85.335
c04013,19.605,85.335
c04014,19.615,85.335
c04015,19.625,85.335
c04016,19.635,85.335
c04017,19.645,85.335
c04018,19.655,85.335
c04019,19.665,85.335
c04020,19.675,85.335
c04021,19.685,85.335
c04022,19.695,85.335
c04023,19.705,85.335
c04024,19.715,85.335
c04025,19.725,85.335
c04026,19.735,85.335
c04027,19.745,85.335
c04028,19.755,85.335
c04029,19.765,85.335
c04030,19.775,85.335
c04031,19.785,85.335
c04032,19.795,85.335
c04033,19.805,85.335
c04034,19.815,85.335
c04035,19.825,85.335
c04036,19.835,85.335
c04037,19.845,85.335
c04038,19.855,85.335
c04039,19.865,85.335
c04040,19.875,85.335
c04041,19.885,85.335
c04042,19.895,85.335
c04043,19.905,85.335
c04044,19.915,85.335
c04045,19.925,85.335
c04046,19.935,85.335
c04047,19.945,85.335
c04048,19.955,85.335
c04049,19.965,85.335
c04050,19.975,85.335
c04051,19.985,85.335
c04052,19.995,85.335
c04053,20.005,85.335
c04054,20.015,85.335
c04055,20.025,85.335
c04056,20.035,85.335
c04057,20.045,85.335
c04058,20.055,85.335
c04059,20.065,85.335
c04060,20.075,85.335
c04061,20.085,85.335
c04062,20.095,85.335
c04063,20.105,85.335
c04064,20.115,85.335
c04065,20.125,85.335
c04066,20.135,85.335
c04067,20.145,85.335
c04068,20.155,85.335
c04069,20.165,85.335
c04070,20.175,85.335
c04071,20.185,85.335
c04072,20.195,85.335
c04073,20.205,85.335
c04074,20.215,85.335
c04075,20.225,85.335
c04076,20.235,85.335
c04077,20.245,85.335
c04078,20.255,85.335
c04079,20.265,85.335
c04080,20.275,85.335
c04081,20.285,85.335
c04082,20.295,85.335
c04083,20.305,85.335
c04084,20.315,85.335
c04085,20.325,85.335
c04086,20.335,85.335
c04087,20.345,85.335
c04088,20.355,85.335
c04089,20.365,85.335
c04090,20.375,85.335
c04091,20.385,85.335
c04092,20.395,85.335
c04093,20.405,85.335
c04094,20.415,85.335
c04095,20.425,85.335
c04096,20.435,85.335
c04097,20.445,85.335
c04098,20.455,85.335
c04099,20.465,85.335
c04100,20.475,85.335
c04101,20.485,85.335
c04102,20.495,85.335
c04103,20.505,85.335
c04104,20.515,85.335
c04105,20.525,85.335
c04106,20.535,85.335
c04107,20.545,85.335
c04108,20.555,85.335
c04109,20.565,85.335
c04110,20.575,85.335
c04111,20.585,85.335
c04112,20.595,85.335
c04113,20.605,85.335
c04114,19.405,85.345
c04115,19.415,85.345
c04116,19.425,85.345
c04117,19.435,85.345
c04118,19.445,85.345
c04119,19.455,85.345
c04120,19.465,85.345
c04121,19.475,85.345
c04122,19.485,85.345
c04123,19.495,85.345
c04124,19.505,85.345
c04125,19.515,85.345
c04126,19.525,85.345
c04127,19.535,85.345
c04128,19.545,85.345
c04129,19.555,85.345
c04130,19.565,85.345
c04131,19.575,85.345
c04132,19.585,85.345
c04133,19.595,85.345
c04134,19.605,85.345
c04135,19.615,85.345
c04136,19.625,85.345
c04137,19.635,85.345
c04138,19.645,85.345
c04139,19.655,85.345
c04140,19.665,85.345
c04141,19.675,85.345
c04142,19.685,85.345
c04143,19.695,85.345
c04144,19.705,85.345
c04145,19.715,85.345
c04146,19.725,85.345
c04147,19.735,85.345
c04148,19.745,85.345
c04149,19.755,85.345
c04150,19.765,85.345
c04151,19.775,85.345
c04152,19.785,85.345
c04153,19.795,85.345
c04154,19.805,85.345
c04155,19.815,85.345
c04156,19.825,85.345
c04157,19.835,85.345
c04158,19.845,85.345
c04159,19.855,85.345
c04160,19.865,85.345
c04161,19.875,85.345
c04162,19.885,85.345
c04163,19.895,85.345
c04164,19.905,85.345
c04165,19.915,85.345
c04166,19.925,85.345
c04167,19.935,85.345
c04168,19.945,85.345
c04169,19.955,85.345
c04170,19.965,85.345
c04171,19.975,85.345
c04172,19.985,85.345
c04173,19.995,85.345
c04174,20.005,85.345
c04175,20.015,85.345
c04176,20.025,85.345
c04177,20.035,85.345
c04178,20.045,85.345
c04179,20.055,85.345
c04180,20.065,85.345
c04181,20.075,85.345
c04182,20.085,85.345
c04183,20.095,85.345
c04184,20.105,85.345
c04185,20.115,85.345
c04186,20.125,85.345
c04187,20.135,85.345
c04188,20.145,85.345
c04189,20.155,85.345
c04190,20.165,85.345
c04191,20.175,85.345
c04192,20.185,85.345
c04193,20.195,85.345
c04194,20.205,85.345
c04195,20.215,85.345
c04196,20.225,85.345
c04197,20.235,85.345
c04198,20.245,85.345
c04199,20.255,85.345
c04200,20.265,85.345
c04201,20.275,85.345
c04202,20.285,85.345
c04203,20.295,85.345
c04204,20.305,85.345
c04205,20.315,85.345
c04206,20.325,85.345
c04207,20.335,85.345
c04208,20.345,85.345
c04209,20.355,85.345
c04210,20.365,85.345
c04211,20.375,85.345
c04212,20.385,85.345
c04213,20.395,85.345
c04214,20.405,85.345
c04215,20.415,85.345
c04216,20.425,85.345
c04217,20.435,85.345
c04218,20.445,85.345
c04219,20.455,85.345
c04220,20.465,85.345
c04221,20.475,85.345
c04222,20.485,85.345
c04223,20.495,85.345
c04224,20.505,85.345
c04225,20.515,85.345
c04226,20.525,85.345
c04227,20.535,85.345
c04228,20.545,85.345
c04229,20.555,85.345
c04230,20.565,85.345
c04231,20.575,85.345
c04232,20.585,85.345
c04233,20.595,85.345
c04234,20.605,85.345
c04235,19.405,85.355
c04236,19.415,85.355
c04237,19.425,85.355
c04238,19.435,85.355
c04239,19.445,85.355
c04240,19.455,85.355
c04241,19.465,85.355
c04242,19.475,85.355
c04243,19.485,85.355
c04244,19.495,85.355
c04245,19.505,85.355
c04246,19.515,85.355
c04247,19.525,85.355
c04248,19.535,85.355
c04249,19.545,85.355
c04250,19.555,85.355
c04251,19.565,85.355
c04252,19.575,85.355
c04253,19.585,85.355
c04254,19.595,85.355
c04255,19.605,85.355
c04256,19.615,85.355
c04257,19.625,85.355
c04258,19.635,85.355
c04259,19.645,85.355
c04260,19.655,85.355
c04261,19.665,85.355
c04262,19.675,85.355
c04263,19.685,85.355
c04264,19.695,85.355
c04265,19.705,85.355
c04266,19.715,85.355
c04267,19.725,85.355
c04268,19.735,85.355
c04269,19.745,85.355
c04270,19.755,85.355
c04271,19.765,85.355
c04272,19.775,85.355
c04273,19.785,85.355
c04274,19.795,85.355
c04275,19.805,85.355
c04276,19.815,85.355
c04277,19.825,85.355
c04278,19.835,85.355
c04279,19.845,85.355
c04280,19.855,85.355
c04281,19.865,85.355
c04282,19.875,85.355
c04283,19.885,85.355
c04284,19.895,85.355
c04285,19.905,85.355
c04286,19.915,85.355
c04287,19.925,85.355
c04288,19.935,85.355
c04289,19.945,85.355
c04290,19.955,85.355
c04291,19.965,85.355
c04292,19.975,85.355
c04293,19.985,85.355
c04294,19.995,85.355
c04295,20.005,85.355
c04296,20.015,85.355
c04297,20.025,85.355
c04298,20.035,85.355
c04299,20.045,85.355
c04300,20.055,85.355
c04301,20.065,85.355
c04302,20.075,85.355
c04303,20.085,85.355
c04304,20.095,85.355
c04305,20.105,85.355
c04306,20.115,85.355
c04307,20.125,85.355
c04308,20.135,85.355
c04309,20.145,85.355
c04310,20.155,85.355
c04311,20.165,85.355
c04312,20.175,85.355
c04313,20.185,85.355
c04314,20.195,85.355
c04315,20.205,85.355
c04316,20.215,85.355
c04317,20.225,85.355
c04318,20.235,85.355
c04319,20.245,85.355
c04320,20.255,85.355
c04321,20.265,85.355
c04322,20.275,85.355
c04323,20.285,85.355
c04324,20.295,85.355
c04325,20.305,85.355
c04326,20.315,85.355
c04327,20.325,85.355
c04328,20.335,85.355
c04329,20.345,85.355
c04330,20.355,85.355
c04331,20.365,85.355
c04332,20.375,85.355
c04333,20.385,85.355
c04334,20.395,85.355
c04335,20.405,85.355
c04336,20.415,85.355
c04337,20.425,85.355
c04338,20.435,85.355
c04339,20.445,85.355
c04340,20.455,85.355
c04341,20.465,85.355
c04342,20.475,85.355
c04343,20.485,85.355
c04344,20.495,85.355
c04345,20.505,85.355
c04346,20.515,85.355
c04347,20.525,85.355
c04348,20.535,85.355
c04349,20.545,85.355
c04350,20.555,85.355
c04351,20.565,85.355
c04352,20.575,85.355
c04353,20.585,85.355
c04354,20.595,85.355
c04355,20.605,85.355
c04356,19.405,85.365
c04357,19.415,85.365
c04358,19.425,85.365
c04359,19.435,85.365
c04360,19.445,85.365
c04361,19.455,85.365
c04362,19.465,85.365
c04363,19.475,85.365
c04364,19.485,85.365
c04365,19.495,85.365
c04366,19.505,85.365
c04367,19.515,85.365
c04368,19.525,85.365
c04369,19.535,85.365
c04370,19.545,85.365
c04371,19.555,85.365
c04372,19.565,85.365
c04373,19.575,85.365
c04374,19.585,85.365
c04375,19.595,85.365
c04376,19.605,85.365
c04377,19.615,85.365
c04378,19.625,85.365
c04379,19.635,85.365
c04380,19.645,85.365
c04381,19.655,85.365
c04382,19.665,85.365
c04383,19.675,85.365
c04384,19.685,85.365
c04385,19.695,85.365
c04386,19.705,85.365
c04387,19.715,85.365
c04388,19.725,85.365
c04389,19.735,85.365
c04390,19.745,85.365
c04391,19.755,85.365
c04392,19.765,85.365
c04393,19.775,85.365
c04394,19.785,85.365
c04395,19.795,85.365
c04396,19.805,85.365
c04397,19.815,85.365
c04398,19.825,85.365
c04399,19.835,85.365
c04400,19.845,85.365
c04401,19.855,85.365
c04402,19.865,85.365
c04403,19.875,85.365
c04404,19.885,85.365
c04405,19.895,85.365
c04406,19.905,85.365
c04407,19.915,85.365
c04408,19.925,85.365
c04409,19.935,85.365
c04410,19.945,85.365
c04411,19.955,85.365
c04412,19.965,85.365
c04413,19.975,85.365
c04414,19.985,85.365
c04415,19.995,85.365
c04416,20.005,85.365
c04417,20.015,85.365
c04418,20.025,85.365
c04419,20.035,85.365
c04420,20.045,85.365
c04421,20.055,85.365
c04422,20.065,85.365
c04423,20.075,85.365
c04424,20.085,85.365
c04425,20.095,85.365
c04426,20.105,85.365
c04427,20.115,85.365
c04428,20.125,85.365
c04429,20.135,85.365
c04430,20.145,85.365
c04431,20.155,85.365
c04432,20.165,85.365
c04433,20.175,85.365
c04434,20.185,85.365
c04435,20.195,85.365
c04436,20.205,85.365
c04437,20.215,85.365
c04438,20.225,85.365
c04439,20.235,85.365
c04440,20.245,85.365
c04441,20.255,85.365
c04442,20.265,85.365
c04443,20.275,85.365
c04444,20.285,85.365
c04445,20.295,85.365
c04446,20.305,85.365
c04447,20.315,85.365
c04448,20.325,85.365
c04449,20.335,85.365
c04450,20.345,85.365
c04451,20.355,85.365
c04452,20.365,85.365
c04453,20.375,85.365
c04454,20.385,85.365
c04455,20.395,85.365
c04456,20.405,85.365
c04457,20.415,85.365
c04458,20.425,85.365
c04459,20.435,85.365
c04460,20.445,85.365
c04461,20.455,85.365
c04462,20.465,85.365
c04463,20.475,85.365
c04464,20.485,85.365
c04465,20.495,85.365
c04466,20.505,85.365
c04467,20.515,85.365
c04468,20.525,85.365
c04469,20.535,85.365
c04470,20.545,85.365
c04471,20.555,85.365
c04472,20.565,85.365
c04473,20.575,85.365
c04474,20.585,85.365
c04475,20.595,85.365
c04476,20.605,85.365
c04477,19.405,85.375
c04478,19.415,85.375
c04479,19.425,85.375
c04480,19.435,85.375
c04481,19.445,85.375
c04482,19.455,85.375
c04483,19.465,85.375
c04484,19.475,85.375
c04485,19.485,85.375
c04486,19.495,85.375
c04487,19.505,85.375
c04488,19.515,85.375
c04489,19.525,85.375
c04490,19.535,85.375
c04491,19.545,85.375
c04492,19.555,85.375
c04493,19.565,85.375
c04494,19.575,85.375
c04495,19.585,85.375
c04496,19.595,85.375
c04497,19.605,85.375
c04498,19.615,85.375
c04499,19.625,85.375
c04500,19.635,85.375
c04501,19.645,85.375
c04502,19.655,85.375
c04503,19.665,85.375
c04504,19.675,85.375
c04505,19.685,85.375
c04506,19.695,85.375
c04507,19.705,85.375
c04508,19.715,85.375
c04509,19.725,85.375
c04510,19.735,85.375
c04511,19.745,85.375
c04512,19.755,85.375
c04513,19.765,85.375
c04514,19.775,85.375
c04515,19.785,85.375
c04516,19.795,85.375
c04517,19.805,85.375
c04518,19.815,85.375
c04519,19.825,85.375
c04520,19.835,85.375
c04521,19.845,85.375
c04522,19.855,85.375
c04523,19.865,85.375
c04524,19.875,85.375
c04525,19.885,85.375
c04526,19.895,85.375
c04527,19.905,85.375
c04528,19.915,85.375
c04529,19.925,85.375
c04530,19.935,85.375
c04531,19.945,85.375
c04532,19.955,85.375
c04533,19.965,85.375
c04534,19.975,85.375
c04535,19.985,85.375
c04536,19.995,85.375
c04537,20.005,85.375
c04538,20.015,85.375
c04539,20.025,85.375
c04540,20.035,85.375
c04541,20.045,85.375
c04542,20.055,85.375
c04543,20.065,85.375
c04544,20.075,85.375
c04545,20.085,85.375
c04546,20.095,85.375
c04547,20.105,85.375
c04548,20.115,85.375
c04549,20.125,85.375
c04550,20.135,85.375
c04551,20.145,85.375
c04552,20.155,85.375
c04553,20.165,85.375
c04554,20.175,85.375
c04555,20.185,85.375
c04556,20.195,85.375
c04557,20.205,85.375
c04558,20.215,85.375
c04559,20.225,85.375
c04560,20.235,85.375
c04561,20.245,85.375
c04562,20.255,85.375
c04563,20.265,85.375
c04564,20.275,85.375
c04565,20.285,85.375
c04566,20.295,85.375
c04567,20.305,85.375
c04568,20.315,85.375
c04569,20.325,85.375
c04570,20.335,85.375
c04571,20.345,85.375
c04572,20.355,85.375
c04573,20.365,85.375
c04574,20.375,85.375
c04575,20.385,85.375
c04576,20.395,85.375
c04577,20.405,85.375
c04578,20.415,85.375
c04579,20.425,85.375
c04580,20.435,85.375
c04581,20.445,85.375
c04582,20.455,85.375
c04583,20.465,85.375
c04584,20.475,85.375
c04585,20.485,85.375
c04586,20.495,85.375
c04587,20.505,85.375
c04588,20.515,85.375
c04589,20.525,85.375
c04590,20.535,85.375
c04591,20.545,85.375
c04592,20.555,85.375
c04593,20.565,85.375
c04594,20.575,85.375
c04595,20.585,85.375
c04596,20.595,85.375
c04597,20.605,85.375
c04598,19.405,85.385
c04599,19.415,85.385
c04600,19.425,85.385
c04601,19.435,85.385
c04602,19.445,85.385
c04603,19.455,85.385
c04604,19.465,85.385
c04605,19.475,85.385
c04606,19.485,85.385
c04607,19.495,85.385
c04608,19.505,85.385
c04609,19.515,85.385
c04610,19.525,85.385
c04611,19.535,85.385
c04612,19.545,85.385
c04613,19.555,85.385
c04614,19.565,85.385
c04615,19.575,85.385
c04616,19.585,85.385
c04617,19.595,85.385
c04618,19.605,85.385
c04619,19.615,85.385
c04620,19.625,85.385
c04621,19.635,85.385
c04622,19.645,85.385
c04623,19.655,85.385
c04624,19.665,85.385
c04625,19.675,85.385
c04626,19.685,85.385
c04627,19.695,85.385
c04628,19.705,85.385
c04629,19.715,85.385
c04630,19.725,85.385
c04631,19.735,85.385
c04632,19.745,85.385
c04633,19.755,85.385
c04634,19.765,85.385
c04635,19.775,85.385
c04636,19.785,85.385
c04637,19.795,85.385
c04638,19.805,85.385
c04639,19.815,85.385
c04640,19.825,85.385
c04641,19.835,85.385
c04642,19.845,85.385
c04643,19.855,85.385
c04644,19.865,85.385
c04645,19.875,85.385
c04646,19.885,85.385
c04647,19.895,85.385
c04648,19.905,85.385
c04649,19.915,85.385
c04650,19.925,85.385
c04651,19.935,85.385
c04652,19.945,85.385
c04653,19.955,85.385
c04654,19.965,85.385
c04655,19.975,85.385
c04656,19.985,85.385
c04657,19.995,85.385
c04658,20.005,85.385
c04659,20.015,85.385
c04660,20.025,85.385
c04661,20.035,85.385
c04662,20.045,85.385
c04663,20.055,85.385
c04664,20.065,85.385
c04665,20.075,85.385
c04666,20.085,85.385
c04667,20.095,85.385
c04668,20.105,85.385
c04669,20.115,85.385
c04670,20.125,85.385
c04671,20.135,85.385
c04672,20.145,85.385
c04673,20.155,85.385
c04674,20.165,85.385
c04675,20.175,85.385
c04676,20.185,85.385
c04677,20.195,85.385
c04678,20.205,85.385
c04679,20.215,85.385
c04680,20.225,85.385
c04681,20.235,85.385
c04682,20.245,85.385
c04683,20.255,85.385
c04684,20.265,85.385
c04685,20.275,85.385
c04686,20.285,85.385
c04687,20.295,85.385
c04688,20.305,85.385
c04689,20.315,85.385
c04690,20.325,85.385
c04691,20.335,85.385
c04692,20.345,85.385
c04693,20.355,85.385
c04694,20.365,85.385
c04695,20.375,85.385
c04696,20.385,85.385
c04697,20.395,85.385
c04698,20.405,85.385
c04699,20.415,85.385
c04700,20.425,85.385
c04701,20.435,85.385
c04702,20.445,85.385
c04703,20.455,85.385
c04704,20.465,85.385
c04705,20.475,85.385
c04706,20.485,85.385
c04707,20.495,85.385
c04708,20.505,85.385
c04709,20.515,85.385
c04710,20.525,85.385
c04711,20.535,85.385
c04712,20.545,85.385
c04713,20.555,85.385
c04714,20.565,85.385
c04715,20.575,85.385
c04716,20.585,85.385
c04717,20.595,85.385
c04718,20.605,85.385
c04719,19.405,85.395
c04720,19.415,85.395
c04721,19.425,85.395
c04722,19.435,85.395
c04723,19.445,85.395
c04724,19.455,85.395
c04725,19.465,85.395
c04726,19.475,85.395
c04727,19.485,85.395
c04728,19.495,85.395
c04729,19.505,85.395
c04730,19.515,85.395
c04731,19.525,85.395
c04732,19.535,85.395
c04733,19.545,85.395
c04734,19.555,85.395
c04735,19.565,85.395
c04736,19.575,85.395
c04737,19.585,85.395
c04738,19.595,85.395
c04739,19.605,85.395
c04740,19.615,85.395
c04741,19.625,85.395
c04742,19.635,85.395
c04743,19.645,85.395
c04744,19.655,85.395
c04745,19.665,85.395
c04746,19.675,85.395
c04747,19.685,85.395
c04748,19.695,85.395
c04749,19.705,85.395
c04750,19.715,85.395
c04751,19.725,85.395
c04752,19.735,85.395
c04753,19.745,85.395
c04754,19.755,85.395
c04755,19.765,85.395
c04756,19.775,85.395
c04757,19.785,85.395
c04758,19.795,85.395
c04759,19.805,85.395
c04760,19.815,85.395
c04761,19.825,85.395
c04762,19.835,85.395
c04763,19.845,85.395
c04764,19.855,85.395
c04765,19.865,85.395
c04766,19.875,85.395
c04767,19.885,85.395
c04768,19.895,85.395
c04769,19.905,85.395
c04770,19.915,85.395
c04771,19.925,85.395
c04772,19.935,85.395
c04773,19.945,85.395
c04774,19.955,85.395
c04775,19.965,85.395
c04776,19.975,85.395
c04777,19.985,85.395
c04778,19.995,85.395
c04779,20.005,85.395
c04780,20.015,85.395
c04781,20.025,85.395
c04782,20.035,85.395
c04783,20.045,85.395
c04784,20.055,85.395
c04785,20.065,85.395
c04786,20.075,85.395
c04787,20.085,85.395
c04788,20.095,85.395
c04789,20.105,85.395
c04790,20.115,85.395
c04791,20.125,85.395
c04792,20.135,85.395
c04793,20.145,85.395
c04794,20.155,85.395
c04795,20.165,85.395
c04796,20.175,85.395
c04797,20.185,85.395
c04798,20.195,85.395
c04799,20.205,85.395
c04800,20.215,85.395
c04801,20.225,85.395
c04802,20.235,85.395
c04803,20.245,85.395
c04804,20.255,85.395
c04805,20.265,85.395
c04806,20.275,85.395
c04807,20.285,85.395
c04808,20.295,85.395
c04809,20.305,85.395
c04810,20.315,85.395
c04811,20.325,85.395
c04812,20.335,85.395
c04813,20.345,85.395
c04814,20.355,85.395
c04815,20.365,85.395
c04816,20.375,85.395
c04817,20.385,85.395
c04818,20.395,85.395
c04819,20.405,85.395
c04820,20.415,85.395
c04821,20.425,85.395
c04822,20.435,85.395
c04823,20.445,85.395
c04824,20.455,85.395
c04825,20.465,85.395
c04826,20.475,85.395
c04827,20.485,85.395
c04828,20.495,85.395
c04829,20.505,85.395
c04830,20.515,85.395
c04831,20.525,85.395
c04832,20.535,85.395
c04833,20.545,85.395
c04834,20.555,85.395
c04835,20.565,85.395
c04836,20.575,85.395
c04837,20.585,85.395
c04838,20.595,85.395
c04839,20.605,85.395
c04840,19.405,85.405
c04841,19.415,85.405
c04842,19.425,85.405
c04843,19.435,85.405
c04844,19.445,85.405
c04845,19.455,85.405
c04846,19.465,85.405
c04847,19.475,85.405
c04848,19.485,85.405
c04849,19.495,85.405
c04850,19.505,85.405
c04851,19.515,85.405
c04852,19.525,85.405
c04853,19.535,85.405
c04854,19.545,85.405
c04855,19.555,85.405
c04856,19.565,85.405
c04857,19.575,85.405
c04858,19.585,85.405
c04859,19.595,85.405
c04860,19.605,85.405
c04861,19.615,85.405
c04862,19.625,85.405
c04863,19.635,85.405
c04864,19.645,85.405
c04865,19.655,85.405
c04866,19.665,85.405
c04867,19.675,85.405
c04868,19.685,85.405
c04869,19.695,85.405
c04870,19.705,85.405
c04871,19.715,85.405
c04872,19.725,85.405
c04873,19.735,85.405
c04874,19.745,85.405
c04875,19.755,85.405
c04876,19.765,85.405
c04877,19.775,85.405
c04878,19.785,85.405
c04879,19.795,85.405
c04880,19.805,85.405
c04881,19.815,85.405
c04882,19.825,85.405
c04883,19.835,85.405
c04884,19.845,85.405
c04885,19.855,85.405
c04886,19.865,85.405
c04887,19.875,85.405
c04888,19.885,85.405
c04889,19.895,85.405
c04890,19.905,85.405
c04891,19.915,85.405
c04892,19.925,85.405
c04893,19.935,85.405
c04894,19.945,85.405
c04895,19.955,85.405
c04896,19.965,85.405
c04897,19.975,85.405
c04898,19.985,85.405
c04899,19.995,85.405
c04900,20.005,85.405
c04901,20.015,85.405
c04902,20.025,85.405
c04903,20.035,85.405
c04904,20.045,85.405
c04905,20.055,85.405
c04906,20.065,85.405
c04907,20.075,85.405
c04908,20.085,85.405
c04909,20.095,85.405
c04910,20.105,85.405
c04911,20.115,85.405
c04912,20.125,85.405
c04913,20.135,85.405
c04914,20.145,85.405
c04915,20.155,85.405
c04916,20.165,85.405
c04917,20.175,85.405
c04918,20.185,85.405
c04919,20.195,85.405
c04920,20.205,85.405
c04921,20.215,85.405
c04922,20.225,85.405
c04923,20.235,85.405
c04924,20.245,85.405
c04925,20.255,85.405
c04926,20.265,85.405
c04927,20.275,85.405
c04928,20.285,85.405
c04929,20.295,85.405
c04930,20.305,85.405
c04931,20.315,85.405
c04932,20.325,85.405
c04933,20.335,85.405
c04934,20.345,85.405
c04935,20.355,85.405
c04936,20.365,85.405
c04937,20.375,85.405
c04938,20.385,85.405
c04939,20.395,85.405
c04940,20.405,85.405
c04941,20.415,85.405
c04942,20.425,85.405
c04943,20.435,85.405
c04944,20.445,85.405
c04945,20.455,85.405
c04946,20.465,85.405
c04947,20.475,85.405
c04948,20.485,85.405
c04949,20.495,85.405
c04950,20.505,85.405
c04951,20.515,85.405
c04952,20.525,85.405
c04953,20.535,85.405
c04954,20.545,85.405
c04955,20.555,85.405
c04956,20.565,85.405
c04957,20.575,85.405
c04958,20.585,85.405
c04959,20.595,85.405
c04960,20.605,85.405
c04961,19.405,85.415
c04962,19.415,85.415
c04963,19.425,85.415
c04964,19.435,85.415
c04965,19.445,85.415
c04966,19.455,85.415
c04967,19.465,85.415
c04968,19.475,85.415
c04969,19.485,85.415
c04970,19.495,85.415
c04971,19.505,85.415
c04972,19.515,85.415
c04973,19.525,85.415
c04974,19.535,85.415
c04975,19.545,85.415
c04976,19.555,85.415
c04977,19.565,85.415
c04978,19.575,85.415
c04979,19.585,85.415
c04980,19.595,85.415
c04981,19.605,85.415
c04982,19.615,85.415
c04983,19.625,85.415
c04984,19.635,85.415
c04985,19.645,85.415
c04986,19.655,85.415
c04987,19.665,85.415
c04988,19.675,85.415
c04989,19.685,85.415
c04990,19.695,85.415
c04991,19.705,85.415
c04992,19.715,85.415
c04993,19.725,85.415
c04994,19.735,85.415
c04995,19.745,85.415
c04996,19.755,85.415
c04997,19.765,85.415
c04998,19.775,85.415
c04999,19.785,85.415
c05000,19.795,85.415
c05001,19.805,85.415
c05002,19.815,85.415
c05003,19.825,85.415
c05004,19.835,85.415
c05005,19.845,85.415
c05006,19.855,85.415
c05007,19.865,85.415
c05008,19.875,85.415
c05009,19.885,85.415
c05010,19.895,85.415
c05011,19.905,85.415
c05012,19.915,85.415
c05013,19.925,85.415
c05014,19.935,85.415
c05015,19.945,85.415
c05016,19.955,85.415
c05017,19.965,85.415
c05018,19.975,85.415
c05019,19.985,85.415
c05020,19.995,85.415
c05021,20.005,85.415
c05022,20.015,85.415
c05023,20.025,85.415
c05024,20.035,85.415
c05025,20.045,85.415
c05026,20.055,85.415
c05027,20.065,85.415
c05028,20.075,85.415
c05029,20.085,85.415
c05030,20.095,85.415
c05031,20.105,85.415
c05032,20.115,85.415
c05033,20.125,85.415
c05034,20.135,85.415
c05035,20.145,85.415
c05036,20.155,85.415
c05037,20.165,85.415
c05038,20.175,85.415
c05039,20.185,85.415
c05040,20.195,85.415
c05041,20.205,85.415
c05042,20.215,85.415
c05043,20.225,85.415
c05044,20.235,85.415
c05045,20.245,85.415
c05046,20.255,85.415
c05047,20.265,85.415
c05048,20.275,85.415
c05049,20.285,85.415
c05050,20.295,85.415
c05051,20.305,85.415
c05052,20.315,85.415
c05053,20.325,85.415
c05054,20.335,85.415
c05055,20.345,85.415
c05056,20.355,85.415
c05057,20.365,85.415
c05058,20.375,85.415
c05059,20.385,85.415
c05060,20.395,85.415
c05061,20.405,85.415
c05062,20.415,85.415
c05063,20.425,85.415
c05064,20.435,85.415
c05065,20.445,85.415
c05066,20.455,85.415
c05067,20.465,85.415
c05068,20.475,85.415
c05069,20.485,85.415
c05070,20.495,85.415
c05071,20.505,85.415
c05072,20.515,85.415
c05073,20.525,85.415
c05074,20.535,85.415
c05075,20.545,85.415
c05076,20.555,85.415
c05077,20.565,85.415
c05078,20.575,85.415
c05079,20.585,85.415
c05080,20.595,85.415
c05081,20.605,85.415
c05082,19.405,85.425
c05083,19.415,85.425
c05084,19.425,85.425
c05085,19.435,85.425
c05086,19.445,85.425
c05087,19.455,85.425
c05088,19.465,85.425
c05089,19.475,85.425
c05090,19.485,85.425
c05091,19.495,85.425
c05092,19.505,85.425
c05093,19.515,85.425
c05094,19.525,85.425
c05095,19.535,85.425
c05096,19.545,85.425
c05097,19.555,85.425
c05098,19.565,85.425
c05099,19.575,85.425
c05100,19.585,85.425
c05101,19.595,85.425
c05102,19.605,85.425
c05103,19.615,85.425
c05104,19.625,85.425
c05105,19.635,85.425
c05106,19.645,85.425
c05107,19.655,85.425
c05108,19.665,85.425
c05109,19.675,85.425
c05110,19.685,85.425
c05111,19.695,85.425
c05112,19.705,85.425
c05113,19.715,85.425
c05114,19.725,85.425
c05115,19.735,85.425
c05116,19.745,85.425
c05117,19.755,85.425
c05118,19.765,85.425
c05119,19.775,85.425
c05120,19.785,85.425
c05121,19.795,85.425
c05122,19.805,85.425
c05123,19.815,85.425
c05124,19.825,85.425
c05125,19.835,85.425
c05126,19.845,85.425
c05127,19.855,85.425
c05128,19.865,85.425
c05129,19.875,85.425
c05130,19.885,85.425
c05131,19.895,85.425
c05132,19.905,85.425
c05133,19.915,85.425
c05134,19.925,85.425
c05135,19.935,85.425
c05136,19.945,85.425
c05137,19.955,85.425
c05138,19.965,85.425
c05139,19.975,85.425
c05140,19.985,85.425
c05141,19.995,85.425
c05142,20.005,85.425
c05143,20.015,85.425
c05144,20.025,85.425
c05145,20.035,85.425
c05146,20.045,85.425
c05147,20.055,85.425
c05148,20.065,85.425
c05149,20.075,85.425
c05150,20.085,85.425
c05151,20.095,85.425
c05152,20.105,85.425
c05153,20.115,85.425
c05154,20.125,85.425
c05155,20.135,85.425
c05156,20.145,85.425
c05157,20.155,85.425
c05158,20.165,85.425
c05159,20.175,85.425
c05160,20.185,85.425
c05161,20.195,85.425
c05162,20.205,85.425
c05163,20.215,85.425
c05164,20.225,85.425
c05165,20.235,85.425
c05166,20.245,85.425
c05167,20.255,85.425
c05168,20.265,85.425
c05169,20.275,85.425
c05170,20.285,85.425
c05171,20.295,85.425
c05172,20.305,85.425
c05173,20.315,85.425
c05174,20.325,85.425
c05175,20.335,85.425
c05176,20.345,85.425
c05177,20.355,85.425
c05178,20.365,85.425
c05179,20.375,85.425
c05180,20.385,85.425
c05181,20.395,85.425
c05182,20.405,85.425
c05183,20.415,85.425
c05184,20.425,85.425
c05185,20.435,85.425
c05186,20.445,85.425
c05187,20.455,85.425
c05188,20.465,85.425
c05189,20.475,85.425
c05190,20.485,85.425
c05191,20.495,85.425
c05192,20.505,85.425
c05193,20.515,85.425
c05194,20.525,85.425
c05195,20.535,85.425
c05196,20.545,85.425
c05197,20.555,85.425
c05198,20.565,85.425
c05199,20.575,85.425
c05200,20.585,85.425
c05201,20.595,85.425
c05202,20.605,85.425
c05203,19.405,85.435
c05204,19.415,85.435
c05205,19.425,85.435
c05206,19.435,85.435
c05207,19.445,85.435
c05208,19.455,85.435
c05209,19.465,85.435
c05210,19.475,85.435
c05211,19.485,85.435
c05212,19.495,85.435
c05213,19.505,85.435
c05214,19.515,85.435
c05215,19.525,85.435
c05216,19.535,85.435
c05217,19.545,85.435
c05218,19.555,85.435
c05219,19.565,85.435
c05220,19.575,85.435
c05221,19.585,85.435
c05222,19.595,85.435
c05223,19.605,85.435
c05224,19.615,85.435
c05225,19.625,85.435
c05226,19.635,85.435
c05227,19.645,85.435
c05228,19.655,85.435
c05229,19.665,85.435
c05230,19.675,85.435
c05231,19.685,85.435
c05232,19.695,85.435
c05233,19.705,85.435
c05234,19.715,85.435
c05235,19.725,85.435
c05236,19.735,85.435
c05237,19.745,85.435
c05238,19.755,85.435
c05239,19.765,85.435
c05240,19.775,85.435
c05241,19.785,85.435
c05242,19.795,85.435
c05243,19.805,85.435
c05244,19.815,85.435
c05245,19.825,85.435
c05246,19.835,85.435
c05247,19.845,85.435
c05248,19.855,85.435
c05249,19.865,85.435
c05250,19.875,85.435
c05251,19.885,85.435
c05252,19.895,85.435
c05253,19.905,85.435
c05254,19.915,85.435
c05255,19.925,85.435
c05256,19.935,85.435
c05257,19.945,85.435
c05258,19.955,85.435
c05259,19.965,85.435
c05260,19.975,85.435
c05261,19.985,85.435
c05262,19.995,85.435
c05263,20.005,85.435
c05264,20.015,85.435
c05265,20.025,85.435
c05266,20.035,85.435
c05267,20.045,85.435
c05268,20.055,85.435
c05269,20.065,85.435
c05270,20.075,85.435
c05271,20.085,85.435
c05272,20.095,85.435
c05273,20.105,85.435
c05274,20.115,85.435
c05275,20.125,85.435
c05276,20.135,85.435
c05277,20.145,85.435
c05278,20.155,85.435
c05279,20.165,85.435
c05280,20.175,85.435
c05281,20.185,85.435
c05282,20.195,85.435
c05283,20.205,85.435
c05284,20.215,85.435
c05285,20.225,85.435
c05286,20.235,85.435
c05287,20.245,85.435
c05288,20.255,85.435
c05289,20.265,85.435
c05290,20.275,85.435
c05291,20.285,85.435
c05292,20.295,85.435
c05293,20.305,85.435
c05294,20.315,85.435
c05295,20.325,85.435
c05296,20.335,85.435
c05297,20.345,85.435
c05298,20.355,85.435
c05299,20.365,85.435
c05300,20.375,85.435
c05301,20.385,85.435
c05302,20.395,85.435
c05303,20.405,85.435
c05304,20.415,85.435
c05305,20.425,85.435
c05306,20.435,85.435
c05307,20.445,85.435
c05308,20.455,85.435
c05309,20.465,85.435
c05310,20.475,85.435
c05311,20.485,85.435
c05312,20.495,85.435
c05313,20.505,85.435
c05314,20.515,85.435
c05315,20.525,85.435
c05316,20.535,85.435
c05317,20.545,85.435
c05318,20.555,85.435
c05319,20.565,85.435
c05320,20.575,85.435
c05321,20.585,85.435
c05322,20.595,85.435
c05323,20.605,85.435
c05324,19.405,85.445
c05325,19.415,85.445
c05326,19.425,85.445
c05327,19.435,85.445
c05328,19.445,85.445
c05329,19.455,85.445
c05330,19.465,85.445
c05331,19.475,85.445
c05332,19.485,85.445
c05333,19.495,85.445
c05334,19.505,85.445
c05335,19.515,85.445
c05336,19.525,85.445
c05337,19.535,85.445
c05338,19.545,85.445
c05339,19.555,85.445
c05340,19.565,85.445
c05341,19.575,85.445
c05342,19.585,85.445
c05343,19.595,85.445
c05344,19.605,85.445
c05345,19.615,85.445
c05346,19.625,85.445
c05347,19.635,85.445
c05348,19.645,85.445
c05349,19.655,85.445
c05350,19.665,85.445
c05351,19.675,85.445
c05352,19.685,85.445
c05353,19.695,85.445
c05354,19.705,85.445
c05355,19.715,85.445
c05356,19.725,85.445
c05357,19.735,85.445
c05358,19.745,85.445
c05359,19.755,85.445
c05360,19.765,85.445
c05361,19.775,85.445
c05362,19.785,85.445
c05363,19.795,85.445
c05364,19.805,85.445
c05365,19.815,85.445
c05366,19.825,85.445
c05367,19.835,85.445
c05368,19.845,85.445
c05369,19.855,85.445
c05370,19.865,85.445
c05371,19.875,85.445
c05372,19.885,85.445
c05373,19.895,85.445
c05374,19.905,85.445
c05375,19.915,85.445
c05376,19.925,85.445
c05377,19.935,85.445
c05378,19.945,85.445
c05379,19.955,85.445
c05380,19.965,85.445
c05381,19.975,85.445
c05382,19.985,85.445
c05383,19.995,85.445
c05384,20.005,85.445
c05385,20.015,85.445
c05386,20.025,85.445
c05387,20.035,85.445
c05388,20.045,85.445
c05389,20.055,85.445
c05390,20.065,85.445
c05391,20.075,85.445
c05392,20.085,85.445
c05393,20.095,85.445
c05394,20.105,85.445
c05395,20.115,85.445
c05396,20.125,85.445
c05397,20.135,85.445
c05398,20.145,85.445
c05399,20.155,85.445
c05400,20.165,85.445
c05401,20.175,85.445
c05402,20.185,85.445
c05403,20.195,85.445
c05404,20.205,85.445
c05405,20.215,85.445
c05406,20.225,85.445
c05407,20.235,85.445
c05408,20.245,85.445
c05409,20.255,85.445
c05410,20.265,85.445
c05411,20.275,85.445
c05412,20.285,85.445
c05413,20.295,85.445
c05414,20.305,85.445
c05415,20.315,85.445
c05416,20.325,85.445
c05417,20.335,85.445
c05418,20.345,85.445
c05419,20.355,85.445
c05420,20.365,85.445
c05421,20.375,85.445
c05422,20.385,85.445
c05423,20.395,85.445
c05424,20.405,85.445
c05425,20.415,85.445
c05426,20.425,85.445
c05427,20.435,85.445
c05428,20.445,85.445
c05429,20.455,85.445
c05430,20.465,85.445
c05431,20.475,85.445
c05432,20.485,85.445
c05433,20.495,85.445
c05434,20.505,85.445
c05435,20.515,85.445
c05436,20.525,85.445
c05437,20.535,85.445
c05438,20.545,85.445
c05439,20.555,85.445
c05440,20.565,85.445
c05441,20.575,85.445
c05442,20.585,85.445
c05443,20.595,85.445
c05444,20.605,85.445
c05445,19.405,85.455
c05446,19.415,85.455
c05447,19.425,85.455
c05448,19.435,85.455
c05449,19.445,85.455
c05450,19.455,85.455
c05451,19.465,85.455
c05452,19.475,85.455
c05453,19.485,85.455
c05454,19.495,85.455
c05455,19.505,85.455
c05456,19.515,85.455
c05457,19.525,85.455
c05458,19.535,85.455
c05459,19.545,85.455
c05460,19.555,85.455
c05461,19.565,85.455
c05462,19.575,85.455
c05463,19.585,85.455
c05464,19.595,85.455
c05465,19.605,85.455
c05466,19.615,85.455
c05467,19.625,85.455
c05468,19.635,85.455
c05469,19.645,85.455
c05470,19.655,85.455
c05471,19.665,85.455
c05472,19.675,85.455
c05473,19.685,85.455
c05474,19.695,85.455
c05475,19.705,85.455
c05476,19.715,85.455
c05477,19.725,85.455
c05478,19.735,85.455
c05479,19.745,85.455
c05480,19.755,85.455
c05481,19.765,85.455
c05482,19.775,85.455
c05483,19.785,85.455
c05484,19.795,85.455
c05485,19.805,85.455
c05486,19.815,85.455
c05487,19.825,85.455
c05488,19.835,85.455
c05489,19.845,85.455
c05490,19.855,85.455
c05491,19.865,85.455
c05492,19.875,85.455
c05493,19.885,85.455
c05494,19.895,85.455
c05495,19.905,85.455
c05496,19.915,85.455
c05497,19.925,85.455
c05498,19.935,85.455
c05499,19.945,85.455
c05500,19.955,85.455
c05501,19.965,85.455
c05502,19.975,85.455
c05503,19.985,85.455
c05504,19.995,85.455
c05505,20.005,85.455
c05506,20.015,85.455
c05507,20.025,85.455
c05508,20.035,85.455
c05509,20.045,85.455
c05510,20.055,85.455
c05511,20.065,85.455
c05512,20.075,85.455
c05513,20.085,85.455
c05514,20.095,85.455
c05515,20.105,85.455
c05516,20.115,85.455
c05517,20.125,85.455
c05518,20.135,85.455
c05519,20.145,85.455
c05520,20.155,85.455
c05521,20.165,85.455
c05522,20.175,85.455
c05523,20.185,85.455
c05524,20.195,85.455
c05525,20.205,85.455
c05526,20.215,85.455
c05527,20.225,85.455
c05528,20.235,85.455
c05529,20.245,85.455
c05530,20.255,85.455
c05531,20.265,85.455
c05532,20.275,85.455
c05533,20.285,85.455
c05534,20.295,85.455
c05535,20.305,85.455
c05536,20.315,85.455
c05537,20.325,85.455
c05538,20.335,85.455
c05539,20.345,85.455
c05540,20.355,85.455
c05541,20.365,85.455
c05542,20.375,85.455
c05543,20.385,85.455
c05544,20.395,85.455
c05545,20.405,85.455
c05546,20.415,85.455
c05547,20.425,85.455
c05548,20.435,85.455
c05549,20.445,85.455
c05550,20.455,85.455
c05551,20.465,85.455
c05552,20.475,85.455
c05553,20.485,85.455
c05554,20.495,85.455
c05555,20.505,85.455
c05556,20.515,85.455
c05557,20.525,85.455
c05558,20.535,85.455
c05559,20.545,85.455
c05560,20.555,85.455
c05561,20.565,85.455
c05562,20.575,85.455
c05563,20.585,85.455
c05564,20.595,85.455
c05565,20.605,85.455
c05566,19.405,85.465
c05567,19.415,85.465
c05568,19.425,85.465
c05569,19.435,85.465
c05570,19.445,85.465
c05571,19.455,85.465
c05572,19.465,85.465
c05573,19.475,85.465
c05574,19.485,85.465
c05575,19.495,85.465
c05576,19.505,85.465
c05577,19.515,85.465
c05578,19.525,85.465
c05579,19.535,85.465
c05580,19.545,85.465
c05581,19.555,85.465
c05582,19.565,85.465
c05583,19.575,85.465
c05584,19.585,85.465
c05585,19.595,85.465
c05586,19.605,85.465
c05587,19.615,85.465
c05588,19.625,85.465
c05589,19.635,85.465
c05590,19.645,85.465
c05591,19.655,85.465
c05592,19.665,85.465
c05593,19.675,85.465
c05594,19.685,85.465
c05595,19.695,85.465
c05596,19.705,85.465
c05597,19.715,85.465
c05598,19.725,85.465
c05599,19.735,85.465
c05600,19.745,85.465
c05601,19.755,85.465
c05602,19.765,85.465
c05603,19.775,85.465
c05604,19.785,85.465
c05605,19.795,85.465
c05606,19.805,85.465
c05607,19.815,85.465
c05608,19.825,85.465
c05609,19.835,85.465
c05610,19.845,85.465
c05611,19.855,85.465
c05612,19.865,85.465
c05613,19.875,85.465
c05614,19.885,85.465
c05615,19.895,85.465
c05616,19.905,85.465
c05617,19.915,85.465
c05618,19.925,85.465
c05619,19.935,85.465
c05620,19.945,85.465
c05621,19.955,85.465
c05622,19.965,85.465
c05623,19.975,85.465
c05624,19.985,85.465
c05625,19.995,85.465
c05626,20.005,85.465
c05627,20.015,85.465
c05628,20.025,85.465
c05629,20.035,85.465
c05630,20.045,85.465
c05631,20.055,85.465
c05632,20.065,85.465
c05633,20.075,85.465
c05634,20.085,85.465
c05635,20.095,85.465
c05636,20.105,85.465
c05637,20.115,85.465
c05638,20.125,85.465
c05639,20.135,85.465
c05640,20.145,85.465
c05641,20.155,85.465
c05642,20.165,85.465
c05643,20.175,85.465
c05644,20.185,85.465
c05645,20.195,85.465
c05646,20.205,85.465
c05647,20.215,85.465
c05648,20.225,85.465
c05649,20.235,85.465
c05650,20.245,85.465
c05651,20.255,85.465
c05652,20.265,85.465
c05653,20.275,85.465
c05654,20.285,85.465
c05655,20.295,85.465
c05656,20.305,85.465
c05657,20.315,85.465
c05658,20.325,85.465
c05659,20.335,85.465
c05660,20.345,85.465
c05661,20.355,85.465
c05662,20.365,85.465
c05663,20.375,85.465
c05664,20.385,85.465
c05665,20.395,85.465
c05666,20.405,85.465
c05667,20.415,85.465
c05668,20.425,85.465
c05669,20.435,85.465
c05670,20.445,85.465
c05671,20.455,85.465
c05672,20.465,85.465
c05673,20.475,85.465
c05674,20.485,85.465
c05675,20.495,85.465
c05676,20.505,85.465
c05677,20.515,85.465
c05678,20.525,85.465
c05679,20.535,85.465
c05680,20.545,85.465
c05681,20.555,85.465
c05682,20.565,85.465
c05683,20.575,85.465
c05684,20.585,85.465
c05685,20.595,85.465
c05686,20.605,85.465
c05687,19.405,85.475
c05688,19.415,85.475
c05689,19.425,85.475
c05690,19.435,85.475
c05691,19.445,85.475
c05692,19.455,85.475
c05693,19.465,85.475
c05694,19.475,85.475
c05695,19.485,85.475
c05696,19.495,85.475
c05697,19.505,85.475
c05698,19.515,85.475
c05699,19.525,85.475
c05700,19.535,85.475
c05701,19.545,85.475
c05702,19.555,85.475
c05703,19.565,85.475
c05704,19.575,85.475
c05705,19.585,85.475
c05706,19.595,85.475
c05707,19.605,85.475
c05708,19.615,85.475
c05709,19.625,85.475
c05710,19.635,85.475
c05711,19.645,85.475
c05712,19.655,85.475
c05713,19.665,85.475
c05714,19.675,85.475
c05715,19.685,85.475
c05716,19.695,85.475
c05717,19.705,85.475
c05718,19.715,85.475
c05719,19.725,85.475
c05720,19.735,85.475
c05721,19.745,85.475
c05722,19.755,85.475
c05723,19.765,85.475
c05724,19.775,85.475
c05725,19.785,85.475
c05726,19.795,85.475
c05727,19.805,85.475
c05728,19.815,85.475
c05729,19.825,85.475
c05730,19.835,85.475
c05731,19.845,85.475
c05732,19.855,85.475
c05733,19.865,85.475
c05734,19.875,85.475
c05735,19.885,85.475
c05736,19.895,85.475
c05737,19.905,85.475
c05738,19.915,85.475
c05739,19.925,85.475
c05740,19.935,85.475
c05741,19.945,85.475
c05742,19.955,85.475
c05743,19.965,85.475
c05744,19.975,85.475
c05745,19.985,85.475
c05746,19.995,85.475
c05747,20.005,85.475
c05748,20.015,85.475
c05749,20.025,85.475
c05750,20.035,85.475
c05751,20.045,85.475
c05752,20.055,85.475
c05753,20.065,85.475
c05754,20.075,85.475
c05755,20.085,85.475
c05756,20.095,85.475
c05757,20.105,85.475
c05758,20.115,85.475
c05759,20.125,85.475
c05760,20.135,85.475
c05761,20.145,85.475
c05762,20.155,85.475
c05763,20.165,85.475
c05764,20.175,85.475
c05765,20.185,85.475
c05766,20.195,85.475
c05767,20.205,85.475
c05768,20.215,85.475
c05769,20.225,85.475
c05770,20.235,85.475
c05771,20.245,85.475
c05772,20.255,85.475
c05773,20.265,85.475
c05774,20.275,85.475
c05775,20.285,85.475
c05776,20.295,85.475
c05777,20.305,85.475
c05778,20.315,85.475
c05779,20.325,85.475
c05780,20.335,85.475
c05781,20.345,85.475
c05782,20.355,85.475
c05783,20.365,85.475
c05784,20.375,85.475
c05785,20.385,85.475
c05786,20.395,85.475
c05787,20.405,85.475
c05788,20.415,85.475
c05789,20.425,85.475
c05790,20.435,85.475
c05791,20.445,85.475
c05792,20.455,85.475
c05793,20.465,85.475
c05794,20.475,85.475
c05795,20.485,85.475
c05796,20.495,85.475
c05797,20.505,85.475
c05798,20.515,85.475
c05799,20.525,85.475
c05800,20.535,85.475
c05801,20.545,85.475
c05802,20.555,85.475
c05803,20.565,85.475
c05804,20.575,85.475
c05805,20.585,85.475
c05806,20.595,85.475
c05807,20.605,85.475
c05808,19.405,85.485
c05809,19.415,85.485
c05810,19.425,85.485
c05811,19.435,85.485
c05812,19.445,85.485
c05813,19.455,85.485
c05814,19.465,85.485
c05815,19.475,85.485
c05816,19.485,85.485
c05817,19.495,85.485
c05818,19.505,85.485
c05819,19.515,85.485
c05820,19.525,85.485
c05821,19.535,85.485
c05822,19.545,85.485
c05823,19.555,85.485
c05824,19.565,85.485
c05825,19.575,85.485
c05826,19.585,85.485
c05827,19.595,85.485
c05828,19.605,85.485
c05829,19.615,85.485
c05830,19.625,85.485
c05831,19.635,85.485
c05832,19.645,85.485
c05833,19.655,85.485
c05834,19.665,85.485
c05835,19.675,85.485
c05836,19.685,85.485
c05837,19.695,85.485
c05838,19.705,85.485
c05839,19.715,85.485
c05840,19.725,85.485
c05841,19.735,85.485
c05842,19.745,85.485
c05843,19.755,85.485
c05844,19.765,85.485
c05845,19.775,85.485
c05846,19.785,85.485
c05847,19.795,85.485
c05848,19.805,85.485
c05849,19.815,85.485
c05850,19.825,85.485
c05851,19.835,85.485
c05852,19.845,85.485
c05853,19.855,85.485
c05854,19.865,85.485
c05855,19.875,85.485
c05856,19.885,85.485
c05857,19.895,85.485
c05858,19.905,85.485
c05859,19.915,85.485
c05860,19.925,85.485
c05861,19.935,85.485
c05862,19.945,85.485
c05863,19.955,85.485
c05864,19.965,85.485
c05865,19.975,85.485
c05866,19.985,85.485
c05867,19.995,85.485
c05868,20.005,85.485
c05869,20.015,85.485
c05870,20.025,85.485
c05871,20.035,85.485
c05872,20.045,85.485
c05873,20.055,85.485
c05874,20.065,85.485
c05875,20.075,85.485
c05876,20.085,85.485
c05877,20.095,85.485
c05878,20.105,85.485
c05879,20.115,85.485
c05880,20.125,85.485
c05881,20.135,85.485
c05882,20.145,85.485
c05883,20.155,85.485
c05884,20.165,85.485
c05885,20.175,85.485
c05886,20.185,85.485
c05887,20.195,85.485
c05888,20.205,85.485
c05889,20.215,85.485
c05890,20.225,85.485
c05891,20.235,85.485
c05892,20.245,85.485
c05893,20.255,85.485
c05894,20.265,85.485
c05895,20.275,85.485
c05896,20.285,85.485
c05897,20.295,85.485
c05898,20.305,85.485
c05899,20.315,85.485
c05900,20.325,85.485
c05901,20.335,85.485
c05902,20.345,85.485
c05903,20.355,85.485
c05904,20.365,85.485
c05905,20.375,85.485
c05906,20.385,85.485
c05907,20.395,85.485
c05908,20.405,85.485
c05909,20.415,85.485
c05910,20.425,85.485
c05911,20.435,85.485
c05912,20.445,85.485
c05913,20.455,85.485
c05914,20.465,85.485
c05915,20.475,85.485
c05916,20.485,85.485
c05917,20.495,85.485
c05918,20.505,85.485
c05919,20.515,85.485
c05920,20.525,85.485
c05921,20.535,85.485
c05922,20.545,85.485
c05923,20.555,85.485
c05924,20.565,85.485
c05925,20.575,85.485
c05926,20.585,85.485
c05927,20.595,85.485
c05928,20.605,85.485
c05929,19.405,85.495
c05930,19.415,85.495
c05931,19.425,85.495
c05932,19.435,85.495
c05933,19.445,85.495
c05934,19.455,85.495
c05935,19.465,85.495
c05936,19.475,85.495
c05937,19.485,85.495
c05938,19.495,85.495
c05939,19.505,85.495
c05940,19.515,85.495
c05941,19.525,85.495
c05942,19.535,85.495
c05943,19.545,85.495
c05944,19.555,85.495
c05945,19.565,85.495
c05946,19.575,85.495
c05947,19.585,85.495
c05948,19.595,85.495
c05949,19.605,85.495
c05950,19.615,85.495
c05951,19.625,85.495
c05952,19.635,85.495
c05953,19.645,85.495
c05954,19.655,85.495
c05955,19.665,85.495
c05956,19.675,85.495
c05957,19.685,85.495
c05958,19.695,85.495
c05959,19.705,85.495
c05960,19.715,85.495
c05961,19.725,85.495
c05962,19.735,85.495
c05963,19.745,85.495
c05964,19.755,85.495
c05965,19.765,85.495
c05966,19.775,85.495
c05967,19.785,85.495
c05968,19.795,85.495
c05969,19.805,85.495
c05970,19.815,85.495
c05971,19.825,85.495
c05972,19.835,85.495
c05973,19.845,85.495
c05974,19.855,85.495
c05975,19.865,85.495
c05976,19.875,85.495
c05977,19.885,85.495
c05978,19.895,85.495
c05979,19.905,85.495
c05980,19.915,85.495
c05981,19.925,85.495
c05982,19.935,85.495
c05983,19.945,85.495
c05984,19.955,85.495
c05985,19.965,85.495
c05986,19.975,85.495
c05987,19.985,85.495
c05988,19.995,85.495
c05989,20.005,85.495
c05990,20.015,85.495
c05991,20.025,85.495
c05992,20.035,85.495
c05993,20.045,85.495
c05994,20.055,85.495
c05995,20.065,85.495
c05996,20.075,85.495
c05997,20.085,85.495
c05998,20.095,85.495
c05999,20.105,85.495
c06000,20.115,85.495
c06001,20.125,85.495
c06002,20.135,85.495
c06003,20.145,85.495
c06004,20.155,85.495
c06005,20.165,85.495
c06006,20.175,85.495
c06007,20.185,85.495
c06008,20.195,85.495
c06009,20.205,85.495
c06010,20.215,85.495
c06011,20.225,85.495
c06012,20.235,85.495
c06013,20.245,85.495
c06014,20.255,85.495
c06015,20.265,85.495
c06016,20.275,85.495
c06017,20.285,85.495
c06018,20.295,85.495
c06019,20.305,85.495
c06020,20.315,85.495
c06021,20.325,85.495
c06022,20.335,85.495
c06023,20.345,85.495
c06024,20.355,85.495
c06025,20.365,85.495
c06026,20.375,85.495
c06027,20.385,85.495
c06028,20.395,85.495
c06029,20.405,85.495
c06030,20.415,85.495
c06031,20.425,85.495
c06032,20.435,85.495
c06033,20.445,85.495
c06034,20.455,85.495
c06035,20.465,85.495
c06036,20.475,85.495
c06037,20.485,85.495
c06038,20.495,85.495
c06039,20.505,85.495
c06040,20.515,85.495
c06041,20.525,85.495
c06042,20.535,85.495
c06043,20.545,85.495
c06044,20.555,85.495
c06045,20.565,85.495
c06046,20.575,85.495
c06047,20.585,85.495
c06048,20.595,85.495
c06049,20.605,85.495
c06050,19.405,85.505
c06051,19.415,85.505
c06052,19.425,85.505
c06053,19.435,85.505
c06054,19.445,85.505
c06055,19.455,85.505
c06056,19.465,85.505
c06057,19.475,85.505
c06058,19.485,85.505
c06059,19.495,85.505
c06060,19.505,85.505
c06061,19.515,85.505
c06062,19.525,85.505
c06063,19.535,85.505
c06064,19.545,85.505
c06065,19.555,85.505
c06066,19.565,85.505
c06067,19.575,85.505
c06068,19.585,85.505
c06069,19.595,85.505
c06070,19.605,85.505
c06071,19.615,85.505
c06072,19.625,85.505
c06073,19.635,85.505
c06074,19.645,85.505
c06075,19.655,85.505
c06076,19.665,85.505
c06077,19.675,85.505
c06078,19.685,85.505
c06079,19.695,85.505
c06080,19.705,85.505
c06081,19.715,85.505
c06082,19.725,85.505
c06083,19.735,85.505
c06084,19.745,85.505
c06085,19.755,85.505
c06086,19.765,85.505
c06087,19.775,85.505
c06088,19.785,85.505
c06089,19.795,85.505
c06090,19.805,85.505
c06091,19.815,85.505
c06092,19.825,85.505
c06093,19.835,85.505
c06094,19.845,85.505
c06095,19.855,85.505
c06096,19.865,85.505
c06097,19.875,85.505
c06098,19.885,85.505
c06099,19.895,85.505
c06100,19.905,85.505
c06101,19.915,85.505
c06102,19.925,85.505
c06103,19.935,85.505
c06104,19.945,85.505
c06105,19.955,85.505
c06106,19.965,85.505
c06107,19.975,85.505
c06108,19.985,85.505
c06109,19.995,85.505
c06110,20.005,85.505
c06111,20.015,85.505
c06112,20.025,85.505
c06113,20.035,85.505
c06114,20.045,85.505
c06115,20.055,85.505
c06116,20.065,85.505
c06117,20.075,85.505
c06118,20.085,85.505
c06119,20.095,85.505
c06120,20.105,85.505
c06121,20.115,85.505
c06122,20.125,85.505
c06123,20.135,85.505
c06124,20.145,85.505
c06125,20.155,85.505
c06126,20.165,85.505
c06127,20.175,85.505
c06128,20.185,85.505
c06129,20.195,85.505
c06130,20.205,85.505
c06131,20.215,85.505
c06132,20.225,85.505
c06133,20.235,85.505
c06134,20.245,85.505
c06135,20.255,85.505
c06136,20.265,85.505
c06137,20.275,85.505
c06138,20.285,85.505
c06139,20.295,85.505
c06140,20.305,85.505
c06141,20.315,85.505
c06142,20.325,85.505
c06143,20.335,85.505
c06144,20.345,85.505
c06145,20.355,85.505
c06146,20.365,85.505
c06147,20.375,85.505
c06148,20.385,85.505
c06149,20.395,85.505
c06150,20.405,85.505
c06151,20.415,85.505
c06152,20.425,85.505
c06153,20.435,85.505
c06154,20.445,85.505
c06155,20.455,85.505
c06156,20.465,85.505
c06157,20.475,85.505
c06158,20.485,85.505
c06159,20.495,85.505
c06160,20.505,85.505
c06161,20.515,85.505
c06162,20.525,85.505
c06163,20.535,85.505
c06164,20.545,85.505
c06165,20.555,85.505
c06166,20.565,85.505
c06167,20.575,85.505
c06168,20.585,85.505
c06169,20.595,85.505
c06170,20.605,85.505
c06171,19.405,85.515
c06172,19.415,85.515
c06173,19.425,85.515
c06174,19.435,85.515
c06175,19.445,85.515
c06176,19.455,85.515
c06177,19.465,85.515
c06178,19.475,85.515
c06179,19.485,85.515
c06180,19.495,85.515
c06181,19.505,85.515
c06182,19.515,85.515
c06183,19.525,85.515
c06184,19.535,85.515
c06185,19.545,85.515
c06186,19.555,85.515
c06187,19.565,85.515
c06188,19.575,85.515
c06189,19.585,85.515
c06190,19.595,85.515
c06191,19.605,85.515
c06192,19.615,85.515
c06193,19.625,85.515
c06194,19.635,85.515
c06195,19.645,85.515
c06196,19.655,85.515
c06197,19.665,85.515
c06198,19.675,85.515
c06199,19.685,85.515
c06200,19.695,85.515
c06201,19.705,85.515
c06202,19.715,85.515
c06203,19.725,85.515
c06204,19.735,85.515
c06205,19.745,85.515
c06206,19.755,85.515
c06207,19.765,85.515
c06208,19.775,85.515
c06209,19.785,85.515
c06210,19.795,85.515
c06211,19.805,85.515
c06212,19.815,85.515
c06213,19.825,85.515
c06214,19.835,85.515
c06215,19.845,85.515
c06216,19.855,85.515
c06217,19.865,85.515
c06218,19.875,85.515
c06219,19.885,85.515
c06220,19.895,85.515
c06221,19.905,85.515
c06222,19.915,85.515
c06223,19.925,85.515
c06224,19.935,85.515
c06225,19.945,85.515
c06226,19.955,85.515
c06227,19.965,85.515
c06228,19.975,85.515
c06229,19.985,85.515
c06230,19.995,85.515
c06231,20.005,85.515
c06232,20.015,85.515
c06233,20.025,85.515
c06234,20.035,85.515
c06235,20.045,85.515
c06236,20.055,85.515
c06237,20.065,85.515
c06238,20.075,85.515
c06239,20.085,85.515
c06240,20.095,85.515
c06241,20.105,85.515
c06242,20.115,85.515
c06243,20.125,85.515
c06244,20.135,85.515
c06245,20.145,85.515
c06246,20.155,85.515
c06247,20.165,85.515
c06248,20.175,85.515
c06249,20.185,85.515
c06250,20.195,85.515
c06251,20.205,85.515
c06252,20.215,85.515
c06253,20.225,85.515
c06254,20.235,85.515
c06255,20.245,85.515
c06256,20.255,85.515
c06257,20.265,85.515
c06258,20.275,85.515
c06259,20.285,85.515
c06260,20.295,85.515
c06261,20.305,85.515
c06262,20.315,85.515
c06263,20.325,85.515
c06264,20.335,85.515
c06265,20.345,85.515
c06266,20.355,85.515
c06267,20.365,85.515
c06268,20.375,85.515
c06269,20.385,85.515
c06270,20.395,85.515
c06271,20.405,85.515
c06272,20.415,85.515
c06273,20.425,85.515
c06274,20.435,85.515
c06275,20.445,85.515
c06276,20.455,85.515
c06277,20.465,85.515
c06278,20.475,85.515
c06279,20.485,85.515
c06280,20.495,85.515
c06281,20.505,85.515
c06282,20.515,85.515
c06283,20.525,85.515
c06284,20.535,85.515
c06285,20.545,85.515
c06286,20.555,85.515
c06287,20.565,85.515
c06288,20.575,85.515
c06289,20.585,85.515
c06290,20.595,85.515
c06291,20.605,85.515
c06292,19.405,85.525
c06293,19.415,85.525
c06294,19.425,85.525
c06295,19.435,85.525
c06296,19.445,85.525
c06297,19.455,85.525
c06298,19.465,85.525
c06299,19.475,85.525
c06300,19.485,85.525
c06301,19.495,85.525
c06302,19.505,85.525
c06303,19.515,85.525
c06304,19.525,85.525
c06305,19.535,85.525
c06306,19.545,85.525
c06307,19.555,85.525
c06308,19.565,85.525
c06309,19.575,85.525
c06310,19.585,85.525
c06311,19.595,85.525
c06312,19.605,85.525
c06313,19.615,85.525
c06314,19.625,85.525
c06315,19.635,85.525
c06316,19.645,85.525
c06317,19.655,85.525
c06318,19.665,85.525
c06319,19.675,85.525
c06320,19.685,85.525
c06321,19.695,85.525
c06322,19.705,85.525
c06323,19.715,85.525
c06324,19.725,85.525
c06325,19.735,85.525
c06326,19.745,85.525
c06327,19.755,85.525
c06328,19.765,85.525
c06329,19.775,85.525
c06330,19.785,85.525
c06331,19.795,85.525
c06332,19.805,85.525
c06333,19.815,85.525
c06334,19.825,85.525
c06335,19.835,85.525
c06336,19.845,85.525
c06337,19.855,85.525
c06338,19.865,85.525
c06339,19.875,85.525
c06340,19.885,85.525
c06341,19.895,85.525
c06342,19.905,85.525
c06343,19.915,85.525
c06344,19.925,85.525
c06345,19.935,85.525
c06346,19.945,85.525
c06347,19.955,85.525
c06348,19.965,85.525
c06349,19.975,85.525
c06350,19.985,85.525
c06351,19.995,85.525
c06352,20.005,85.525
c06353,20.015,85.525
c06354,20.025,85.525
c06355,20.035,85.525
c06356,20.045,85.525
c06357,20.055,85.525
c06358,20.065,85.525
c06359,20.075,85.525
c06360,20.085,85.525
c06361,20.095,85.525
c06362,20.105,85.525
c06363,20.115,85.525
c06364,20.125,85.525
c06365,20.135,85.525
c06366,20.145,85.525
c06367,20.155,85.525
c06368,20.165,85.525
c06369,20.175,85.525
c06370,20.185,85.525
c06371,20.195,85.525
c06372,20.205,85.525
c06373,20.215,85.525
c06374,20.225,85.525
c06375,20.235,85.525
c06376,20.245,85.525
c06377,20.255,85.525
c06378,20.265,85.525
c06379,20.275,85.525
c06380,20.285,85.525
c06381,20.295,85.525
c06382,20.305,85.525
c06383,20.315,85.525
c06384,20.325,85.525
c06385,20.335,85.525
c06386,20.345,85.525
c06387,20.355,85.525
c06388,20.365,85.525
c06389,20.375,85.525
c06390,20.385,85.525
c06391,20.395,85.525
c06392,20.405,85.525
c06393,20.415,85.525
c06394,20.425,85.525
c06395,20.435,85.525
c06396,20.445,85.525
c06397,20.455,85.525
c06398,20.465,85.525
c06399,20.475,85.525
c06400,20.485,85.525
c06401,20.495,85.525
c06402,20.505,85.525
c06403,20.515,85.525
c06404,20.525,85.525
c06405,20.535,85.525
c06406,20.545,85.525
c06407,20.555,85.525
c06408,20.565,85.525
c06409,20.575,85.525
c06410,20.585,85.525
c06411,20.595,85.525
c06412,20.605,85.525
c06413,19.405,85.535
c06414,19.415,85.535
c06415,19.425,85.535
c06416,19.435,85.535
c06417,19.445,85.535
c06418,19.455,85.535
c06419,19.465,85.535
c06420,19.475,85.535
c06421,19.485,85.535
c06422,19.495,85.535
c06423,19.505,85.535
c06424,19.515,85.535
c06425,19.525,85.535
c06426,19.535,85.535
c06427,19.545,85.535
c06428,19.555,85.535
c06429,19.565,85.535
c06430,19.575,85.535
c06431,19.585,85.535
c06432,19.595,85.535
c06433,19.605,85.535
c06434,19.615,85.535
c06435,19.625,85.535
c06436,19.635,85.535
c06437,19.645,85.535
c06438,19.655,85.535
c06439,19.665,85.535
c06440,19.675,85.535
c06441,19.685,85.535
c06442,19.695,85.535
c06443,19.705,85.535
c06444,19.715,85.535
c06445,19.725,85.535
c06446,19.735,85.535
c06447,19.745,85.535
c06448,19.755,85.535
c06449,19.765,85.535
c06450,19.775,85.535
c06451,19.785,85.535
c06452,19.795,85.535
c06453,19.805,85.535
c06454,19.815,85.535
c06455,19.825,85.535
c06456,19.835,85.535
c06457,19.845,85.535
c06458,19.855,85.535
c06459,19.865,85.535
c06460,19.875,85.535
c06461,19.885,85.535
c06462,19.895,85.535
c06463,19.905,85.535
c06464,19.915,85.535
c06465,19.925,85.535
c06466,19.935,85.535
c06467,19.945,85.535
c06468,19.955,85.535
c06469,19.965,85.535
c06470,19.975,85.535
c06471,19.985,85.535
c06472,19.995,85.535
c06473,20.005,85.535
c06474,20.015,85.535
c06475,20.025,85.535
c06476,20.035,85.535
c06477,20.045,85.535
c06478,20.055,85.535
c06479,20.065,85.535
c06480,20.075,85.535
c06481,20.085,85.535
c06482,20.095,85.535
c06483,20.105,85.535
c06484,20.115,85.535
c06485,20.125,85.535
c06486,20.135,85.535
c06487,20.145,85.535
c06488,20.155,85.535
c06489,20.165,85.535
c06490,20.175,85.535
c06491,20.185,85.535
c06492,20.195,85.535
c06493,20.205,85.535
c06494,20.215,85.535
c06495,20.225,85.535
c06496,20.235,85.535
c06497,20.245,85.535
c06498,20.255,85.535
c06499,20.265,85.535
c06500,20.275,85.535
c06501,20.285,85.535
c06502,20.295,85.535
c06503,20.305,85.535
c06504,20.315,85.535
c06505,20.325,85.535
c06506,20.335,85.535
c06507,20.345,85.535
c06508,20.355,85.535
c06509,20.365,85.535
c06510,20.375,85.535
c06511,20.385,85.535
c06512,20.395,85.535
c06513,20.405,85.535
c06514,20.415,85.535
c06515,20.425,85.535
c06516,20.435,85.535
c06517,20.445,85.535
c06518,20.455,85.535
c06519,20.465,85.535
c06520,20.475,85.535
c06521,20.485,85.535
c06522,20.495,85.535
c06523,20.505,85.535
c06524,20.515,85.535
c06525,20.525,85.535
c06526,20.535,85.535
c06527,20.545,85.535
c06528,20.555,85.535
c06529,20.565,85.535
c06530,20.575,85.535
c06531,20.585,85.535
c06532,20.595,85.535
c06533,20.605,85.535
c06534,19.405,85.545
c06535,19.415,85.545
c06536,19.425,85.545
c06537,19.435,85.545
c06538,19.445,85.545
c06539,19.455,85.545
c06540,19.465,85.545
c06541,19.475,85.545
c06542,19.485,85.545
c06543,19.495,85.545
c06544,19.505,85.545
c06545,19.515,85.545
c06546,19.525,85.545
c06547,19.535,85.545
c06548,19.545,85.545
c06549,19.555,85.545
c06550,19.565,85.545
c06551,19.575,85.545
c06552,19.585,85.545
c06553,19.595,85.545
c06554,19.605,85.545
c06555,19.615,85.545
c06556,19.625,85.545
c06557,19.635,85.545
c06558,19.645,85.545
c06559,19.655,85.545
c06560,19.665,85.545
c06561,19.675,85.545
c06562,19.685,85.545
c06563,19.695,85.545
c06564,19.705,85.545
c06565,19.715,85.545
c06566,19.725,85.545
c06567,19.735,85.545
c06568,19.745,85.545
c06569,19.755,85.545
c06570,19.765,85.545
c06571,19.775,85.545
c06572,19.785,85.545
c06573,19.795,85.545
c06574,19.805,85.545
c06575,19.815,85.545
c06576,19.825,85.545
c06577,19.835,85.545
c06578,19.845,85.545
c06579,19.855,85.545
c06580,19.865,85.545
c06581,19.875,85.545
c06582,19.885,85.545
c06583,19.895,85.545
c06584,19.905,85.545
c06585,19.915,85.545
c06586,19.925,85.545
c06587,19.935,85.545
c06588,19.945,85.545
c06589,19.955,85.545
c06590,19.965,85.545
c06591,19.975,85.545
c06592,19.985,85.545
c06593,19.995,85.545
c06594,20.005,85.545
c06595,20.015,85.545
c06596,20.025,85.545
c06597,20.035,85.545
c06598,20.045,85.545
c06599,20.055,85.545
c06600,20.065,85.545
c06601,20.075,85.545
c06602,20.085,85.545
c06603,20.095,85.545
c06604,20.105,85.545
c06605,20.115,85.545
c06606,20.125,85.545
c06607,20.135,85.545
c06608,20.145,85.545
c06609,20.155,85.545
c06610,20.165,85.545
c06611,20.175,85.545
c06612,20.185,85.545
c06613,20.195,85.545
c06614,20.205,85.545
c06615,20.215,85.545
c06616,20.225,85.545
c06617,20.235,85.545
c06618,20.245,85.545
c06619,20.255,85.545
c06620,20.265,85.545
c06621,20.275,85.545
c06622,20.285,85.545
c06623,20.295,85.545
c06624,20.305,85.545
c06625,20.315,85.545
c06626,20.325,85.545
c06627,20.335,85.545
c06628,20.345,85.545
c06629,20.355,85.545
c06630,20.365,85.545
c06631,20.375,85.545
c06632,20.385,85.545
c06633,20.395,85.545
c06634,20.405,85.545
c06635,20.415,85.545
c06636,20.425,85.545
c06637,20.435,85.545
c06638,20.445,85.545
c06639,20.455,85.545
c06640,20.465,85.545
c06641,20.475,85.545
c06642,20.485,85.545
c06643,20.495,85.545
c06644,20.505,85.545
c06645,20.515,85.545
c06646,20.525,85.545
c06647,20.535,85.545
c06648,20.545,85.545
c06649,20.555,85.545
c06650,20.565,85.545
c06651,20.575,85.545
c06652,20.585,85.545
c06653,20.595,85.545
c06654,20.605,85.545
c06655,19.405,85.555
c06656,19.415,85.555
c06657,19.425,85.555
c06658,19.435,85.555
c06659,19.445,85.555
c06660,19.455,85.555
c06661,19.465,85.555
c06662,19.475,85.555
c06663,19.485,85.555
c06664,19.495,85.555
c06665,19.505,85.555
c06666,19.515,85.555
c06667,19.525,85.555
c06668,19.535,85.555
c06669,19.545,85.555
c06670,19.555,85.555
c06671,19.565,85.555
c06672,19.575,85.555
c06673,19.585,85.555
c06674,19.595,85.555
c06675,19.605,85.555
c06676,19.615,85.555
c06677,19.625,85.555
c06678,19.635,85.555
c06679,19.645,85.555
c06680,19.655,85.555
c06681,19.665,85.555
c06682,19.675,85.555
c06683,19.685,85.555
c06684,19.695,85.555
c06685,19.705,85.555
c06686,19.715,85.555
c06687,19.725,85.555
c06688,19.735,85.555
c06689,19.745,85.555
c06690,19.755,85.555
c06691,19.765,85.555
c06692,19.775,85.555
c06693,19.785,85.555
c06694,19.795,85.555
c06695,19.805,85.555
c06696,19.815,85.555
c06697,19.825,85.555
c06698,19.835,85.555
c06699,19.845,85.555
c06700,19.855,85.555
c06701,19.865,85.555
c06702,19.875,85.555
c06703,19.885,85.555
c06704,19.895,85.555
c06705,19.905,85.555
c06706,19.915,85.555
c06707,19.925,85.555
c06708,19.935,85.555
c06709,19.945,85.555
c06710,19.955,85.555
c06711,19.965,85.555
c06712,19.975,85.555
c06713,19.985,85.555
c06714,19.995,85.555
c06715,20.005,85.555
c06716,20.015,85.555
c06717,20.025,85.555
c06718,20.035,85.555
c06719,20.045,85.555
c06720,20.055,85.555
c06721,20.065,85.555
c06722,20.075,85.555
c06723,20.085,85.555
c06724,20.095,85.555
c06725,20.105,85.555
c06726,20.115,85.555
c06727,20.125,85.555
c06728,20.135,85.555
c06729,20.145,85.555
c06730,20.155,85.555
c06731,20.165,85.555
c06732,20.175,85.555
c06733,20.185,85.555
c06734,20.195,85.555
c06735,20.205,85.555
c06736,20.215,85.555
c06737,20.225,85.555
c06738,20.235,85.555
c06739,20.245,85.555
c06740,20.255,85.555
c06741,20.265,85.555
c06742,20.275,85.555
c06743,20.285,85.555
c06744,20.295,85.555
c06745,20.305,85.555
c06746,20.315,85.555
c06747,20.325,85.555
c06748,20.335,85.555
c06749,20.345,85.555
c06750,20.355,85.555
c06751,20.365,85.555
c06752,20.375,85.555
c06753,20.385,85.555
c06754,20.395,85.555
c06755,20.405,85.555
c06756,20.415,85.555
c06757,20.425,85.555
c06758,20.435,85.555
c06759,20.445,85.555
c06760,20.455,85.555
c06761,20.465,85.555
c06762,20.475,85.555
c06763,20.485,85.555
c06764,20.495,85.555
c06765,20.505,85.555
c06766,20.515,85.555
c06767,20.525,85.555
c06768,20.535,85.555
c06769,20.545,85.555
c06770,20.555,85.555
c06771,20.565,85.555
c06772,20.575,85.555
c06773,20.585,85.555
c06774,20.595,85.555
c06775,20.605,85.555
c06776,19.405,85.565
c06777,19.415,85.565
c06778,19.425,85.565
c06779,19.435,85.565
c06780,19.445,85.565
c06781,19.455,85.565
c06782,19.465,85.565
c06783,19.475,85.565
c06784,19.485,85.565
c06785,19.495,85.565
c06786,19.505,85.565
c06787,19.515,85.565
c06788,19.525,85.565
c06789,19.535,85.565
c06790,19.545,85.565
c06791,19.555,85.565
c06792,19.565,85.565
c06793,19.575,85.565
c06794,19.585,85.565
c06795,19.595,85.565
c06796,19.605,85.565
c06797,19.615,85.565
c06798,19.625,85.565
c06799,19.635,85.565
c06800,19.645,85.565
c06801,19.655,85.565
c06802,19.665,85.565
c06803,19.675,85.565
c06804,19.685,85.565
c06805,19.695,85.565
c06806,19.705,85.565
c06807,19.715,85.565
c06808,19.725,85.565
c06809,19.735,85.565
c06810,19.745,85.565
c06811,19.755,85.565
c06812,19.765,85.565
c06813,19.775,85.565
c06814,19.785,85.565
c06815,19.795,85.565
c06816,19.805,85.565
c06817,19.815,85.565
c06818,19.825,85.565
c06819,19.835,85.565
c06820,19.845,85.565
c06821,19.855,85.565
c06822,19.865,85.565
c06823,19.875,85.565
c06824,19.885,85.565
c06825,19.895,85.565
c06826,19.905,85.565
c06827,19.915,85.565
c06828,19.925,85.565
c06829,19.935,85.565
c06830,19.945,85.565
c06831,19.955,85.565
c06832,19.965,85.565
c06833,19.975,85.565
c06834,19.985,85.565
c06835,19.995,85.565
c06836,20.005,85.565
c06837,20.015,85.565
c06838,20.025,85.565
c06839,20.035,85.565
c06840,20.045,85.565
c06841,20.055,85.565
c06842,20.065,85.565
c06843,20.075,85.565
c06844,20.085,85.565
c06845,20.095,85.565
c06846,20.105,85.565
c06847,20.115,85.565
c06848,20.125,85.565
c06849,20.135,85.565
c06850,20.145,85.565
c06851,20.155,85.565
c06852,20.165,85.565
c06853,20.175,85.565
c06854,20.185,85.565
c06855,20.195,85.565
c06856,20.205,85.565
c06857,20.215,85.565
c06858,20.225,85.565
c06859,20.235,85.565
c06860,20.245,85.565
c06861,20.255,85.565
c06862,20.265,85.565
c06863,20.275,85.565
c06864,20.285,85.565
c06865,20.295,85.565
c06866,20.305,85.565
c06867,20.315,85.565
c06868,20.325,85.565
c06869,20.335,85.565
c06870,20.345,85.565
c06871,20.355,85.565
c06872,20.365,85.565
c06873,20.375,85.565
c06874,20.385,85.565
c06875,20.395,85.565
c06876,20.405,85.565
c06877,20.415,85.565
c06878,20.425,85.565
c06879,20.435,85.565
c06880,20.445,85.565
c06881,20.455,85.565
c06882,20.465,85.565
c06883,20.475,85.565
c06884,20.485,85.565
c06885,20.495,85.565
c06886,20.505,85.565
c06887,20.515,85.565
c06888,20.525,85.565
c06889,20.535,85.565
c06890,20.545,85.565
c06891,20.555,85.565
c06892,20.565,85.565
c06893,20.575,85.565
c06894,20.585,85.565
c06895,20.595,85.565
c06896,20.605,85.565
c06897,19.405,85.575
c06898,19.415,85.575
c06899,19.425,85.575
c06900,19.435,85.575
c06901,19.445,85.575
c06902,19.455,85.575
c06903,19.465,85.575
c06904,19.475,85.575
c06905,19.485,85.575
c06906,19.495,85.575
c06907,19.505,85.575
c06908,19.515,85.575
c06909,19.525,85.575
c06910,19.535,85.575
c06911,19.545,85.575
c06912,19.555,85.575
c06913,19.565,85.575
c06914,19.575,85.575
c06915,19.585,85.575
c06916,19.595,85.575
c06917,19.605,85.575
c06918,19.615,85.575
c06919,19.625,85.575
c06920,19.635,85.575
c06921,19.645,85.575
c06922,19.655,85.575
c06923,19.665,85.575
c06924,19.675,85.575
c06925,19.685,85.575
c06926,19.695,85.575
c06927,19.705,85.575
c06928,19.715,85.575
c06929,19.725,85.575
c06930,19.735,85.575
c06931,19.745,85.575
c06932,19.755,85.575
c06933,19.765,85.575
c06934,19.775,85.575
c06935,19.785,85.575
c06936,19.795,85.575
c06937,19.805,85.575
c06938,19.815,85.575
c06939,19.825,85.575
c06940,19.835,85.575
c06941,19.845,85.575
c06942,19.855,85.575
c06943,19.865,85.575
c06944,19.875,85.575
c06945,19.885,85.575
c06946,19.895,85.575
c06947,19.905,85.575
c06948,19.915,85.575
c06949,19.925,85.575
c06950,19.935,85.575
c06951,19.945,85.575
c06952,19.955,85.575
c06953,19.965,85.575
c06954,19.975,85.575
c06955,19.985,85.575
c06956,19.995,85.575
c06957,20.005,85.575
c06958,20.015,85.575
c06959,20.025,85.575
c06960,20.035,85.575
c06961,20.045,85.575
c06962,20.055,85.575
c06963,20.065,85.575
c06964,20.075,85.575
c06965,20.085,85.575
c06966,20.095,85.575
c06967,20.105,85.575
c06968,20.115,85.575
c06969,20.125,85.575
c06970,20.135,85.575
c06971,20.145,85.575
c06972,20.155,85.575
c06973,20.165,85.575
c06974,20.175,85.575
c06975,20.185,85.575
c06976,20.195,85.575
c06977,20.205,85.575
c06978,20.215,85.575
c06979,20.225,85.575
c06980,20.235,85.575
c06981,20.245,85.575
c06982,20.255,85.575
c06983,20.265,85.575
c06984,20.275,85.575
c06985,20.285,85.575
c06986,20.295,85.575
c06987,20.305,85.575
c06988,20.315,85.575
c06989,20.325,85.575
c06990,20.335,85.575
c06991,20.345,85.575
c06992,20.355,85.575
c06993,20.365,85.575
c06994,20.375,85.575
c06995,20.385,85.575
c06996,20.395,85.575
c06997,20.405,85.575
c06998,20.415,85.575
c06999,20.425,85.575
c07000,20.435,85.575
c07001,20.445,85.575
c07002,20.455,85.575
c07003,20.465,85.575
c07004,20.475,85.575
c07005,20.485,85.575
c07006,20.495,85.575
c07007,20.505,85.575
c07008,20.515,85.575
c07009,20.525,85.575
c07010,20.535,85.575
c07011,20.545,85.575
c07012,20.555,85.575
c07013,20.565,85.575
c07014,20.575,85.575
c07015,20.585,85.575
c07016,20.595,85.575
c07017,20.605,85.575
c07018,19.405,85.585
c07019,19.415,85.585
c07020,19.425,85.585
c07021,19.435,85.585
c07022,19.445,85.585
c07023,19.455,85.585
c07024,19.465,85.585
c07025,19.475,85.585
c07026,19.485,85.585
c07027,19.495,85.585
c07028,19.505,85.585
c07029,19.515,85.585
c07030,19.525,85.585
c07031,19.535,85.585
c07032,19.545,85.585
c07033,19.555,85.585
c07034,19.565,85.585
c07035,19.575,85.585
c07036,19.585,85.585
c07037,19.595,85.585
c07038,19.605,85.585
c07039,19.615,85.585
c07040,19.625,85.585
c07041,19.635,85.585
c07042,19.645,85.585
c07043,19.655,85.585
c07044,19.665,85.585
c07045,19.675,85.585
c07046,19.685,85.585
c07047,19.695,85.585
c07048,19.705,85.585
c07049,19.715,85.585
c07050,19.725,85.585
c07051,19.735,85.585
c07052,19.745,85.585
c07053,19.755,85.585
c07054,19.765,85.585
c07055,19.775,85.585
c07056,19.785,85.585
c07057,19.795,85.585
c07058,19.805,85.585
c07059,19.815,85.585
c07060,19.825,85.585
c07061,19.835,85.585
c07062,19.845,85.585
c07063,19.855,85.585
c07064,19.865,85.585
c07065,19.875,85.585
c07066,19.885,85.585
c07067,19.895,85.585
c07068,19.905,85.585
c07069,19.915,85.585
c07070,19.925,85.585
c07071,19.935,85.585
c07072,19.945,85.585
c07073,19.955,85.585
c07074,19.965,85.585
c07075,19.975,85.585
c07076,19.985,85.585
c07077,19.995,85.585
c07078,20.005,85.585
c07079,20.015,85.585
c07080,20.025,85.585
c07081,20.035,85.585
c07082,20.045,85.585
c07083,20.055,85.585
c07084,20.065,85.585
c07085,20.075,85.585
c07086,20.085,85.585
c07087,20.095,85.585
c07088,20.105,85.585
c07089,20.115,85.585
c07090,20.125,85.585
c07091,20.135,85.585
c07092,20.145,85.585
c07093,20.155,85.585
c07094,20.165,85.585
c07095,20.175,85.585
c07096,20.185,85.585
c07097,20.195,85.585
c07098,20.205,85.585
c07099,20.215,85.585
c07100,20.225,85.585
c07101,20.235,85.585
c07102,20.245,85.585
c07103,20.255,85.585
c07104,20.265,85.585
c07105,20.275,85.585
c07106,20.285,85.585
c07107,20.295,85.585
c07108,20.305,85.585
c07109,20.315,85.585
c07110,20.325,85.585
c07111,20.335,85.585
c07112,20.345,85.585
c07113,20.355,85.585
c07114,20.365,85.585
c07115,20.375,85.585
c07116,20.385,85.585
c07117,20.395,85.585
c07118,20.405,85.585
c07119,20.415,85.585
c07120,20.425,85.585
c07121,20.435,85.585
c07122,20.445,85.585
c07123,20.455,85.585
c07124,20.465,85.585
c07125,20.475,85.585
c07126,20.485,85.585
c07127,20.495,85.585
c07128,20.505,85.585
c07129,20.515,85.585
c07130,20.525,85.585
c07131,20.535,85.585
c07132,20.545,85.585
c07133,20.555,85.585
c07134,20.565,85.585
c07135,20.575,85.585
c07136,20.585,85.585
c07137,20.595,85.585
c07138,20.605,85.585
c07139,19.405,85.595
c07140,19.415,85.595
c07141,19.425,85.595
c07142,19.435,85.595
c07143,19.445,85.595
c07144,19.455,85.595
c07145,19.465,85.595
c07146,19.475,85.595
c07147,19.485,85.595
c07148,19.495,85.595
c07149,19.505,85.595
c07150,19.515,85.595
c07151,19.525,85.595
c07152,19.535,85.595
c07153,19.545,85.595
c07154,19.555,85.595
c07155,19.565,85.595
c07156,19.575,85.595
c07157,19.585,85.595
c07158,19.595,85.595
c07159,19.605,85.595
c07160,19.615,85.595
c07161,19.625,85.595
c07162,19.635,85.595
c07163,19.645,85.595
c07164,19.655,85.595
c07165,19.665,85.595
c07166,19.675,85.595
c07167,19.685,85.595
c07168,19.695,85.595
c07169,19.705,85.595
c07170,19.715,85.595
c07171,19.725,85.595
c07172,19.735,85.595
c07173,19.745,85.595
c07174,19.755,85.595
c07175,19.765,85.595
c07176,19.775,85.595
c07177,19.785,85.595
c07178,19.795,85.595
c07179,19.805,85.595
c07180,19.815,85.595
c07181,19.825,85.595
c07182,19.835,85.595
c07183,19.845,85.595
c07184,19.855,85.595
c07185,19.865,85.595
c07186,19.875,85.595
c07187,19.885,85.595
c07188,19.895,85.595
c07189,19.905,85.595
c07190,19.915,85.595
c07191,19.925,85.595
c07192,19.935,85.595
c07193,19.945,85.595
c07194,19.955,85.595
c07195,19.965,85.595
c07196,19.975,85.595
c07197,19.985,85.595
c07198,19.995,85.595
c07199,20.005,85.595
c07200,20.015,85.595
c07201,20.025,85.595
c07202,20.035,85.595
c07203,20.045,85.595
c07204,20.055,85.595
c07205,20.065,85.595
c07206,20.075,85.595
c07207,20.085,85.595
c07208,20.095,85.595
c07209,20.105,85.595
c07210,20.115,85.595
c07211,20.125,85.595
c07212,20.135,85.595
c07213,20.145,85.595
c07214,20.155,85.595
c07215,20.165,85.595
c07216,20.175,85.595
c07217,20.185,85.595
c07218,20.195,85.595
c07219,20.205,85.595
c07220,20.215,85.595
c07221,20.225,85.595
c07222,20.235,85.595
c07223,20.245,85.595
c07224,20.255,85.595
c07225,20.265,85.595
c07226,20.275,85.595
c07227,20.285,85.595
c07228,20.295,85.595
c07229,20.305,85.595
c07230,20.315,85.595
c07231,20.325,85.595
c07232,20.335,85.595
c07233,20.345,85.595
c07234,20.355,85.595
c07235,20.365,85.595
c07236,20.375,85.595
c07237,20.385,85.595
c07238,20.395,85.595
c07239,20.405,85.595
c07240,20.415,85.595
c07241,20.425,85.595
c07242,20.435,85.595
c07243,20.445,85.595
c07244,20.455,85.595
c07245,20.465,85.595
c07246,20.475,85.595
c07247,20.485,85.595
c07248,20.495,85.595
c07249,20.505,85.595
c07250,20.515,85.595
c07251,20.525,85.595
c07252,20.535,85.595
c07253,20.545,85.595
c07254,20.555,85.595
c07255,20.565,85.595
c07256,20.575,85.595
c07257,20.585,85.595
c07258,20.595,85.595
c07259,20.605,85.595
c07260,19.405,85.605
c07261,19.415,85.605
c07262,19.425,85.605
c07263,19.435,85.605
c07264,19.445,85.605
c07265,19.455,85.605
c07266,19.465,85.605
c07267,19.475,85.605
c07268,19.485,85.605
c07269,19.495,85.605
c07270,19.505,85.605
c07271,19.515,85.605
c07272,19.525,85.605
c07273,19.535,85.605
c07274,19.545,85.605
c07275,19.555,85.605
c07276,19.565,85.605
c07277,19.575,85.605
c07278,19.585,85.605
c07279,19.595,85.605
c07280,19.605,85.605
c07281,19.615,85.605
c07282,19.625,85.605
c07283,19.635,85.605
c07284,19.645,85.605
c07285,19.655,85.605
c07286,19.665,85.605
c07287,19.675,85.605
c07288,19.685,85.605
c07289,19.695,85.605
c07290,19.705,85.605
c07291,19.715,85.605
c07292,19.725,85.605
c07293,19.735,85.605
c07294,19.745,85.605
c07295,19.755,85.605
c07296,19.765,85.605
c07297,19.775,85.605
c07298,19.785,85.605
c07299,19.795,85.605
c07300,19.805,85.605
c07301,19.815,85.605
c07302,19.825,85.605
c07303,19.835,85.605
c07304,19.845,85.605
c07305,19.855,85.605
c07306,19.865,85.605
c07307,19.875,85.605
c07308,19.885,85.605
c07309,19.895,85.605
c07310,19.905,85.605
c07311,19.915,85.605
c07312,19.925,85.605
c07313,19.935,85.605
c07314,19.945,85.605
c07315,19.955,85.605
c07316,19.965,85.605
c07317,19.975,85.605
c07318,19.985,85.605
c07319,19.995,85.605
c07320,20.005,85.605
c07321,20.015,85.605
c07322,20.025,85.605
c07323,20.035,85.605
c07324,20.045,85.605
c07325,20.055,85.605
c07326,20.065,85.605
c07327,20.075,85.605
c07328,20.085,85.605
c07329,20.095,85.605
c07330,20.105,85.605
c07331,20.115,85.605
c07332,20.125,85.605
c07333,20.135,85.605
c07334,20.145,85.605
c07335,20.155,85.605
c07336,20.165,85.605
c07337,20.175,85.605
c07338,20.185,85.605
c07339,20.195,85.605
c07340,20.205,85.605
c07341,20.215,85.605
c07342,20.225,85.605
c07343,20.235,85.605
c07344,20.245,85.605
c07345,20.255,85.605
c07346,20.265,85.605
c07347,20.275,85.605
c07348,20.285,85.605
c07349,20.295,85.605
c07350,20.305,85.605
c07351,20.315,85.605
c07352,20.325,85.605
c07353,20.335,85.605
c07354,20.345,85.605
c07355,20.355,85.605
c07356,20.365,85.605
c07357,20.375,85.605
c07358,20.385,85.605
c07359,20.395,85.605
c07360,20.405,85.605
c07361,20.415,85.605
c07362,20.425,85.605
c07363,20.435,85.605
c07364,20.445,85.605
c07365,20.455,85.605
c07366,20.465,85.605
c07367,20.475,85.605
c07368,20.485,85.605
c07369,20.495,85.605
c07370,20.505,85.605
c07371,20.515,85.605
c07372,20.525,85.605
c07373,20.535,85.605
c07374,20.545,85.605
c07375,20.555,85.605
c07376,20.565,85.605
c07377,20.575,85.605
c07378,20.585,85.605
c07379,20.595,85.605
c07380,20.605,85.605
c07381,19.405,85.615
c07382,19.415,85.615
c07383,19.425,85.615
c07384,19.435,85.615
c07385,19.445,85.615
c07386,19.455,85.615
c07387,19.465,85.615
c07388,19.475,85.615
c07389,19.485,85.615
c07390,19.495,85.615
c07391,19.505,85.615
c07392,19.515,85.615
c07393,19.525,85.615
c07394,19.535,85.615
c07395,19.545,85.615
c07396,19.555,85.615
c07397,19.565,85.615
c07398,19.575,85.615
c07399,19.585,85.615
c07400,19.595,85.615
c07401,19.605,85.615
c07402,19.615,85.615
c07403,19.625,85.615
c07404,19.635,85.615
c07405,19.645,85.615
c07406,19.655,85.615
c07407,19.665,85.615
c07408,19.675,85.615
c07409,19.685,85.615
c07410,19.695,85.615
c07411,19.705,85.615
c07412,19.715,85.615
c07413,19.725,85.615
c07414,19.735,85.615
c07415,19.745,85.615
c07416,19.755,85.615
c07417,19.765,85.615
c07418,19.775,85.615
c07419,19.785,85.615
c07420,19.795,85.615
c07421,19.805,85.615
c07422,19.815,85.615
c07423,19.825,85.615
c07424,19.835,85.615
c07425,19.845,85.615
c07426,19.855,85.615
c07427,19.865,85.615
c07428,19.875,85.615
c07429,19.885,85.615
c07430,19.895,85.615
c07431,19.905,85.615
c07432,19.915,85.615
c07433,19.925,85.615
c07434,19.935,85.615
c07435,19.945,85.615
c07436,19.955,85.615
c07437,19.965,85.615
c07438,19.975,85.615
c07439,19.985,85.615
c07440,19.995,85.615
c07441,20.005,85.615
c07442,20.015,85.615
c07443,20.025,85.615
c07444,20.035,85.615
c07445,20.045,85.615
c07446,20.055,85.615
c07447,20.065,85.615
c07448,20.075,85.615
c07449,20.085,85.615
c07450,20.095,85.615
c07451,20.105,85.615
c07452,20.115,85.615
c07453,20.125,85.615
c07454,20.135,85.615
c07455,20.145,85.615
c07456,20.155,85.615
c07457,20.165,85.615
c07458,20.175,85.615
c07459,20.185,85.615
c07460,20.195,85.615
c07461,20.205,85.615
c07462,20.215,85.615
c07463,20.225,85.615
c07464,20.235,85.615
c07465,20.245,85.615
c07466,20.255,85.615
c07467,20.265,85.615
c07468,20.275,85.615
c07469,20.285,85.615
c07470,20.295,85.615
c07471,20.305,85.615
c07472,20.315,85.615
c07473,20.325,85.615
c07474,20.335,85.615
c07475,20.345,85.615
c07476,20.355,85.615
c07477,20.365,85.615
c07478,20.375,85.615
c07479,20.385,85.615
c07480,20.395,85.615
c07481,20.405,85.615
c07482,20.415,85.615
c07483,20.425,85.615
c07484,20.435,85.615
c07485,20.445,85.615
c07486,20.455,85.615
c07487,20.465,85.615
c07488,20.475,85.615
c07489,20.485,85.615
c07490,20.495,85.615
c07491,20.505,85.615
c07492,20.515,85.615
c07493,20.525,85.615
c07494,20.535,85.615
c07495,20.545,85.615
c07496,20.555,85.615
c07497,20.565,85.615
c07498,20.575,85.615
c07499,20.585,85.615
c07500,20.595,85.615
c07501,20.605,85.615
c07502,19.405,85.625
c07503,19.415,85.625
c07504,19.425,85.625
c07505,19.435,85.625
c07506,19.445,85.625
c07507,19.455,85.625
c07508,19.465,85.625
c07509,19.475,85.625
c07510,19.485,85.625
c07511,19.495,85.625
c07512,19.505,85.625
c07513,19.515,85.625
c07514,19.525,85.625
c07515,19.535,85.625
c07516,19.545,85.625
c07517,19.555,85.625
c07518,19.565,85.625
c07519,19.575,85.625
c07520,19.585,85.625
c07521,19.595,85.625
c07522,19.605,85.625
c07523,19.615,85.625
c07524,19.625,85.625
c07525,19.635,85.625
c07526,19.645,85.625
c07527,19.655,85.625
c07528,19.665,85.625
c07529,19.675,85.625
c07530,19.685,85.625
c07531,19.695,85.625
c07532,19.705,85.625
c07533,19.715,85.625
c07534,19.725,85.625
c07535,19.735,85.625
c07536,19.745,85.625
c07537,19.755,85.625
c07538,19.765,85.625
c07539,19.775,85.625
c07540,19.785,85.625
c07541,19.795,85.625
c07542,19.805,85.625
c07543,19.815,85.625
c07544,19.825,85.625
c07545,19.835,85.625
c07546,19.845,85.625
c07547,19.855,85.625
c07548,19.865,85.625
c07549,19.875,85.625
c07550,19.885,85.625
c07551,19.895,85.625
c07552,19.905,85.625
c07553,19.915,85.625
c07554,19.925,85.625
c07555,19.935,85.625
c07556,19.945,85.625
c07557,19.955,85.625
c07558,19.965,85.625
c07559,19.975,85.625
c07560,19.985,85.625
c07561,19.995,85.625
c07562,20.005,85.625
c07563,20.015,85.625
c07564,20.025,85.625
c07565,20.035,85.625
c07566,20.045,85.625
c07567,20.055,85.625
c07568,20.065,85.625
c07569,20.075,85.625
c07570,20.085,85.625
c07571,20.095,85.625
c07572,20.105,85.625
c07573,20.115,85.625
c07574,20.125,85.625
c07575,20.135,85.625
c07576,20.145,85.625
c07577,20.155,85.625
c07578,20.165,85.625
c07579,20.175,85.625
c07580,20.185,85.625
c07581,20.195,85.625
c07582,20.205,85.625
c07583,20.215,85.625
c07584,20.225,85.625
c07585,20.235,85.625
c07586,20.245,85.625
c07587,20.255,85.625
c07588,20.265,85.625
c07589,20.275,85.625
c07590,20.285,85.625
c07591,20.295,85.625
c07592,20.305,85.625
c07593,20.315,85.625
c07594,20.325,85.625
c07595,20.335,85.625
c07596,20.345,85.625
c07597,20.355,85.625
c07598,20.365,85.625
c07599,20.375,85.625
c07600,20.385,85.625
c07601,20.395,85.625
c07602,20.405,85.625
c07603,20.415,85.625
c07604,20.425,85.625
c07605,20.435,85.625
c07606,20.445,85.625
c07607,20.455,85.625
c07608,20.465,85.625
c07609,20.475,85.625
c07610,20.485,85.625
c07611,20.495,85.625
c07612,20.505,85.625
c07613,20.515,85.625
c07614,20.525,85.625
c07615,20.535,85.625
c07616,20.545,85.625
c07617,20.555,85.625
c07618,20.565,85.625
c07619,20.575,85.625
c07620,20.585,85.625
c07621,20.595,85.625
c07622,20.605,85.625
c07623,19.405,85.635
c07624,19.415,85.635
c07625,19.425,85.635
c07626,19.435,85.635
c07627,19.445,85.635
c07628,19.455,85.635
c07629,19.465,85.635
c07630,19.475,85.635
c07631,19.485,85.635
c07632,19.495,85.635
c07633,19.505,85.635
c07634,19.515,85.635
c07635,19.525,85.635
c07636,19.535,85.635
c07637,19.545,85.635
c07638,19.555,85.635
c07639,19.565,85.635
c07640,19.575,85.635
c07641,19.585,85.635
c07642,19.595,85.635
c07643,19.605,85.635
c07644,19.615,85.635
c07645,19.625,85.635
c07646,19.635,85.635
c07647,19.645,85.635
c07648,19.655,85.635
c07649,19.665,85.635
c07650,19.675,85.635
c07651,19.685,85.635
c07652,19.695,85.635
c07653,19.705,85.635
c07654,19.715,85.635
c07655,19.725,85.635
c07656,19.735,85.635
c07657,19.745,85.635
c07658,19.755,85.635
c07659,19.765,85.635
c07660,19.775,85.635
c07661,19.785,85.635
c07662,19.795,85.635
c07663,19.805,85.635
c07664,19.815,85.635
c07665,19.825,85.635
c07666,19.835,85.635
c07667,19.845,85.635
c07668,19.855,85.635
c07669,19.865,85.635
c07670,19.875,85.635
c07671,19.885,85.635
c07672,19.895,85.635
c07673,19.905,85.635
c07674,19.915,85.635
c07675,19.925,85.635
c07676,19.935,85.635
c07677,19.945,85.635
c07678,19.955,85.635
c07679,19.965,85.635
c07680,19.975,85.635
c07681,19.985,85.635
c07682,19.995,85.635
c07683,20.005,85.635
c07684,20.015,85.635
c07685,20.025,85.635
c07686,20.035,85.635
c07687,20.045,85.635
c07688,20.055,85.635
c07689,20.065,85.635
c07690,20.075,85.635
c07691,20.085,85.635
c07692,20.095,85.635
c07693,20.105,85.635
c07694,20.115,85.635
c07695,20.125,85.635
c07696,20.135,85.635
c07697,20.145,85.635
c07698,20.155,85.635
c07699,20.165,85.635
c07700,20.175,85.635
c07701,20.185,85.635
c07702,20.195,85.635
c07703,20.205,85.635
c07704,20.215,85.635
c07705,20.225,85.635
c07706,20.235,85.635
c07707,20.245,85.635
c07708,20.255,85.635
c07709,20.265,85.635
c07710,20.275,85.635
c07711,20.285,85.635
c07712,20.295,85.635
c07713,20.305,85.635
c07714,20.315,85.635
c07715,20.325,85.635
c07716,20.335,85.635
c07717,20.345,85.635
c07718,20.355,85.635
c07719,20.365,85.635
c07720,20.375,85.635
c07721,20.385,85.635
c07722,20.395,85.635
c07723,20.405,85.635
c07724,20.415,85.635
c07725,20.425,85.635
c07726,20.435,85.635
c07727,20.445,85.635
c07728,20.455,85.635
c07729,20.465,85.635
c07730,20.475,85.635
c07731,20.485,85.635
c07732,20.495,85.635
c07733,20.505,85.635
c07734,20.515,85.635
c07735,20.525,85.635
c07736,20.535,85.635
c07737,20.545,85.635
c07738,20.555,85.635
c07739,20.565,85.635
c07740,20.575,85.635
c07741,20.585,85.635
c07742,20.595,85.635
c07743,20.605,85.635
c07744,19.405,85.645
c07745,19.415,85.645
c07746,19.425,85.645
c07747,19.435,85.645
c07748,19.445,85.645
c07749,19.455,85.645
c07750,19.465,85.645
c07751,19.475,85.645
c07752,19.485,85.645
c07753,19.495,85.645
c07754,19.505,85.645
c07755,19.515,85.645
c07756,19.525,85.645
c07757,19.535,85.645
c07758,19.545,85.645
c07759,19.555,85.645
c07760,19.565,85.645
c07761,19.575,85.645
c07762,19.585,85.645
c07763,19.595,85.645
c07764,19.605,85.645
c07765,19.615,85.645
c07766,19.625,85.645
c07767,19.635,85.645
c07768,19.645,85.645
c07769,19.655,85.645
c07770,19.665,85.645
c07771,19.675,85.645
c07772,19.685,85.645
c07773,19.695,85.645
c07774,19.705,85.645
c07775,19.715,85.645
c07776,19.725,85.645
c07777,19.735,85.645
c07778,19.745,85.645
c07779,19.755,85.645
c07780,19.765,85.645
c07781,19.775,85.645
c07782,19.785,85.645
c07783,19.795,85.645
c07784,19.805,85.645
c07785,19.815,85.645
c07786,19.825,85.645
c07787,19.835,85.645
c07788,19.845,85.645
c07789,19.855,85.645
c07790,19.865,85.645
c07791,19.875,85.645
c07792,19.885,85.645
c07793,19.895,85.645
c07794,19.905,85.645
c07795,19.915,85.645
c07796,19.925,85.645
c07797,19.935,85.645
c07798,19.945,85.645
c07799,19.955,85.645
c07800,19.965,85.645
c07801,19.975,85.645
c07802,19.985,85.645
c07803,19.995,85.645
c07804,20.005,85.645
c07805,20.015,85.645
c07806,20.025,85.645
c07807,20.035,85.645
c07808,20.045,85.645
c07809,20.055,85.645
c07810,20.065,85.645
c07811,20.075,85.645
c07812,20.085,85.645
c07813,20.095,85.645
c07814,20.105,85.645
c07815,20.115,85.645
c07816,20.125,85.645
c07817,20.135,85.645
c07818,20.145,85.645
c07819,20.155,85.645
c07820,20.165,85.645
c07821,20.175,85.645
c07822,20.185,85.645
c07823,20.195,85.645
c07824,20.205,85.645
c07825,20.215,85.645
c07826,20.225,85.645
c07827,20.235,85.645
c07828,20.245,85.645
c07829,20.255,85.645
c07830,20.265,85.645
c07831,20.275,85.645
c07832,20.285,85.645
c07833,20.295,85.645
c07834,20.305,85.645
c07835,20.315,85.645
c07836,20.325,85.645
c07837,20.335,85.645
c07838,20.345,85.645
c07839,20.355,85.645
c07840,20.365,85.645
c07841,20.375,85.645
c07842,20.385,85.645
c07843,20.395,85.645
c07844,20.405,85.645
c07845,20.415,85.645
c07846,20.425,85.645
c07847,20.435,85.645
c07848,20.445,85.645
c07849,20.455,85.645
c07850,20.465,85.645
c07851,20.475,85.645
c07852,20.485,85.645
c07853,20.495,85.645
c07854,20.505,85.645
c07855,20.515,85.645
c07856,20.525,85.645
c07857,20.535,85.645
c07858,20.545,85.645
c07859,20.555,85.645
c07860,20.565,85.645
c07861,20.575,85.645
c07862,20.585,85.645
c07863,20.595,85.645
c07864,20.605,85.645
c07865,19.405,85.655
c07866,19.415,85.655
c07867,19.425,85.655
c07868,19.435,85.655
c07869,19.445,85.655
c07870,19.455,85.655
c07871,19.465,85.655
c07872,19.475,85.655
c07873,19.485,85.655
c07874,19.495,85.655
c07875,19.505,85.655
c07876,19.515,85.655
c07877,19.525,85.655
c07878,19.535,85.655
c07879,19.545,85.655
c07880,19.555,85.655
c07881,19.565,85.655
c07882,19.575,85.655
c07883,19.585,85.655
c07884,19.595,85.655
c07885,19.605,85.655
c07886,19.615,85.655
c07887,19.625,85.655
c07888,19.635,85.655
c07889,19.645,85.655
c07890,19.655,85.655
c07891,19.665,85.655
c07892,19.675,85.655
c07893,19.685,85.655
c07894,19.695,85.655
c07895,19.705,85.655
c07896,19.715,85.655
c07897,19.725,85.655
c07898,19.735,85.655
c07899,19.745,85.655
c07900,19.755,85.655
c07901,19.765,85.655
c07902,19.775,85.655
c07903,19.785,85.655
c07904,19.795,85.655
c07905,19.805,85.655
c07906,19.815,85.655
c07907,19.825,85.655
c07908,19.835,85.655
c07909,19.845,85.655
c07910,19.855,85.655
c07911,19.865,85.655
c07912,19.875,85.655
c07913,19.885,85.655
c07914,19.895,85.655
c07915,19.905,85.655
c07916,19.915,85.655
c07917,19.925,85.655
c07918,19.935,85.655
c07919,19.945,85.655
c07920,19.955,85.655
c07921,19.965,85.655
c07922,19.975,85.655
c07923,19.985,85.655
c07924,19.995,85.655
c07925,20.005,85.655
c07926,20.015,85.655
c07927,20.025,85.655
c07928,20.035,85.655
c07929,20.045,85.655
c07930,20.055,85.655
c07931,20.065,85.655
c07932,20.075,85.655
c07933,20.085,85.655
c07934,20.095,85.655
c07935,20.105,85.655
c07936,20.115,85.655
c07937,20.125,85.655
c07938,20.135,85.655
c07939,20.145,85.655
c07940,20.155,85.655
c07941,20.165,85.655
c07942,20.175,85.655
c07943,20.185,85.655
c07944,20.195,85.655
c07945,20.205,85.655
c07946,20.215,85.655
c07947,20.225,85.655
c07948,20.235,85.655
c07949,20.245,85.655
c07950,20.255,85.655
c07951,20.265,85.655
c07952,20.275,85.655
c07953,20.285,85.655
c07954,20.295,85.655
c07955,20.305,85.655
c07956,20.315,85.655
c07957,20.325,85.655
c07958,20.335,85.655
c07959,20.345,85.655
c07960,20.355,85.655
c07961,20.365,85.655
c07962,20.375,85.655
c07963,20.385,85.655
c07964,20.395,85.655
c07965,20.405,85.655
c07966,20.415,85.655
c07967,20.425,85.655
c07968,20.435,85.655
c07969,20.445,85.655
c07970,20.455,85.655
c07971,20.465,85.655
c07972,20.475,85.655
c07973,20.485,85.655
c07974,20.495,85.655
c07975,20.505,85.655
c07976,20.515,85.655
c07977,20.525,85.655
c07978,20.535,85.655
c07979,20.545,85.655
c07980,20.555,85.655
c07981,20.565,85.655
c07982,20.575,85.655
c07983,20.585,85.655
c07984,20.595,85.655
c07985,20.605,85.655
c07986,19.405,85.665
c07987,19.415,85.665
c07988,19.425,85.665
c07989,19.435,85.665
c07990,19.445,85.665
c07991,19.455,85.665
c07992,19.465,85.665
c07993,19.475,85.665
c07994,19.485,85.665
c07995,19.495,85.665
c07996,19.505,85.665
c07997,19.515,85.665
c07998,19.525,85.665
c07999,19.535,85.665
c08000,19.545,85.665
c08001,19.555,85.665
c08002,19.565,85.665
c08003,19.575,85.665
c08004,19.585,85.665
c08005,19.595,85.665
c08006,19.605,85.665
c08007,19.615,85.665
c08008,19.625,85.665
c08009,19.635,85.665
c08010,19.645,85.665
c08011,19.655,85.665
c08012,19.665,85.665
c08013,19.675,85.665
c08014,19.685,85.665
c08015,19.695,85.665
c08016,19.705,85.665
c08017,19.715,85.665
c08018,19.725,85.665
c08019,19.735,85.665
c08020,19.745,85.665
c08021,19.755,85.665
c08022,19.765,85.665
c08023,19.775,85.665
c08024,19.785,85.665
c08025,19.795,85.665
c08026,19.805,85.665
c08027,19.815,85.665
c08028,19.825,85.665
c08029,19.835,85.665
c08030,19.845,85.665
c08031,19.855,85.665
c08032,19.865,85.665
c08033,19.875,85.665
c08034,19.885,85.665
c08035,19.895,85.665
c08036,19.905,85.665
c08037,19.915,85.665
c08038,19.925,85.665
c08039,19.935,85.665
c08040,19.945,85.665
c08041,19.955,85.665
c08042,19.965,85.665
c08043,19.975,85.665
c08044,19.985,85.665
c08045,19.995,85.665
c08046,20.005,85.665
c08047,20.015,85.665
c08048,20.025,85.665
c08049,20.035,85.665
c08050,20.045,85.665
c08051,20.055,85.665
c08052,20.065,85.665
c08053,20.075,85.665
c08054,20.085,85.665
c08055,20.095,85.665
c08056,20.105,85.665
c08057,20.115,85.665
c08058,20.125,85.665
c08059,20.135,85.665
c08060,20.145,85.665
c08061,20.155,85.665
c08062,20.165,85.665
c08063,20.175,85.665
c08064,20.185,85.665
c08065,20.195,85.665
c08066,20.205,85.665
c08067,20.215,85.665
c08068,20.225,85.665
c08069,20.235,85.665
c08070,20.245,85.665
c08071,20.255,85.665
c08072,20.265,85.665
c08073,20.275,85.665
c08074,20.285,85.665
c08075,20.295,85.665
c08076,20.305,85.665
c08077,20.315,85.665
c08078,20.325,85.665
c08079,20.335,85.665
c08080,20.345,85.665
c08081,20.355,85.665
c08082,20.365,85.665
c08083,20.375,85.665
c08084,20.385,85.665
c08085,20.395,85.665
c08086,20.405,85.665
c08087,20.415,85.665
c08088,20.425,85.665
c08089,20.435,85.665
c08090,20.445,85.665
c08091,20.455,85.665
c08092,20.465,85.665
c08093,20.475,85.665
c08094,20.485,85.665
c08095,20.495,85.665
c08096,20.505,85.665
c08097,20.515,85.665
c08098,20.525,85.665
c08099,20.535,85.665
c08100,20.545,85.665
c08101,20.555,85.665
c08102,20.565,85.665
c08103,20.575,85.665
c08104,20.585,85.665
c08105,20.595,85.665
c08106,20.605,85.665
c08107,19.405,85.675
c08108,19.415,85.675
c08109,19.425,85.675
c08110,19.435,85.675
c08111,19.445,85.675
c08112,19.455,85.675
c08113,19.465,85.675
c08114,19.475,85.675
c08115,19.485,85.675
c08116,19.495,85.675
c08117,19.505,85.675
c08118,19.515,85.675
c08119,19.525,85.675
c08120,19.535,85.675
c08121,19.545,85.675
c08122,19.555,85.675
c08123,19.565,85.675
c08124,19.575,85.675
c08125,19.585,85.675
c08126,19.595,85.675
c08127,19.605,85.675
c08128,19.615,85.675
c08129,19.625,85.675
c08130,19.635,85.675
c08131,19.645,85.675
c08132,19.655,85.675
c08133,19.665,85.675
c08134,19.675,85.675
c08135,19.685,85.675
c08136,19.695,85.675
c08137,19.705,85.675
c08138,19.715,85.675
c08139,19.725,85.675
c08140,19.735,85.675
c08141,19.745,85.675
c08142,19.755,85.675
c08143,19.765,85.675
c08144,19.775,85.675
c08145,19.785,85.675
c08146,19.795,85.675
c08147,19.805,85.675
c08148,19.815,85.675
c08149,19.825,85.675
c08150,19.835,85.675
c08151,19.845,85.675
c08152,19.855,85.675
c08153,19.865,85.675
c08154,19.875,85.675
c08155,19.885,85.675
c08156,19.895,85.675
c08157,19.905,85.675
c08158,19.915,85.675
c08159,19.925,85.675
c08160,19.935,85.675
c08161,19.945,85.675
c08162,19.955,85.675
c08163,19.965,85.675
c08164,19.975,85.675
c08165,19.985,85.675
c08166,19.995,85.675
c08167,20.005,85.675
c08168,20.015,85.675
c08169,20.025,85.675
c08170,20.035,85.675
c08171,20.045,85.675
c08172,20.055,85.675
c08173,20.065,85.675
c08174,20.075,85.675
c08175,20.085,85.675
c08176,20.095,85.675
c08177,20.105,85.675
c08178,20.115,85.675
c08179,20.125,85.675
c08180,20.135,85.675
c08181,20.145,85.675
c08182,20.155,85.675
c08183,20.165,85.675
c08184,20.175,85.675
c08185,20.185,85.675
c08186,20.195,85.675
c08187,20.205,85.675
c08188,20.215,85.675
c08189,20.225,85.675
c08190,20.235,85.675
c08191,20.245,85.675
c08192,20.255,85.675
c08193,20.265,85.675
c08194,20.275,85.675
c08195,20.285,85.675
c08196,20.295,85.675
c08197,20.305,85.675
c08198,20.315,85.675
c08199,20.325,85.675
c08200,20.335,85.675
c08201,20.345,85.675
c08202,20.355,85.675
c08203,20.365,85.675
c08204,20.375,85.675
c08205,20.385,85.675
c08206,20.395,85.675
c08207,20.405,85.675
c08208,20.415,85.675
c08209,20.425,85.675
c08210,20.435,85.675
c08211,20.445,85.675
c08212,20.455,85.675
c08213,20.465,85.675
c08214,20.475,85.675
c08215,20.485,85.675
c08216,20.495,85.675
c08217,20.505,85.675
c08218,20.515,85.675
c08219,20.525,85.675
c08220,20.535,85.675
c08221,20.545,85.675
c08222,20.555,85.675
c08223,20.565,85.675
c08224,20.575,85.675
c08225,20.585,85.675
c08226,20.595,85.675
c08227,20.605,85.675
c08228,19.405,85.685
c08229,19.415,85.685
c08230,19.425,85.685
c08231,19.435,85.685
c08232,19.445,85.685
c08233,19.455,85.685
c08234,19.465,85.685
c08235,19.475,85.685
c08236,19.485,85.685
c08237,19.495,85.685
c08238,19.505,85.685
c08239,19.515,85.685
c08240,19.525,85.685
c08241,19.535,85.685
c08242,19.545,85.685
c08243,19.555,85.685
c08244,19.565,85.685
c08245,19.575,85.685
c08246,19.585,85.685
c08247,19.595,85.685
c08248,19.605,85.685
c08249,19.615,85.685
c08250,19.625,85.685
c08251,19.635,85.685
c08252,19.645,85.685
c08253,19.655,85.685
c08254,19.665,85.685
c08255,19.675,85.685
c08256,19.685,85.685
c08257,19.695,85.685
c08258,19.705,85.685
c08259,19.715,85.685
c08260,19.725,85.685
c08261,19.735,85.685
c08262,19.745,85.685
c08263,19.755,85.685
c08264,19.765,85.685
c08265,19.775,85.685
c08266,19.785,85.685
c08267,19.795,85.685
c08268,19.805,85.685
c08269,19.815,85.685
c08270,19.825,85.685
c08271,19.835,85.685
c08272,19.845,85.685
c08273,19.855,85.685
c08274,19.865,85.685
c08275,19.875,85.685
c08276,19.885,85.685
c08277,19.895,85.685
c08278,19.905,85.685
c08279,19.915,85.685
c08280,19.925,85.685
c08281,19.935,85.685
c08282,19.945,85.685
c08283,19.955,85.685
c08284,19.965,85.685
c08285,19.975,85.685
c08286,19.985,85.685
c08287,19.995,85.685
c08288,20.005,85.685
c08289,20.015,85.685
c08290,20.025,85.685
c08291,20.035,85.685
c08292,20.045,85.685
c08293,20.055,85.685
c08294,20.065,85.685
c08295,20.075,85.685
c08296,20.085,85.685
c08297,20.095,85.685
c08298,20.105,85.685
c08299,20.115,85.685
c08300,20.125,85.685
c08301,20.135,85.685
c08302,20.145,85.685
c08303,20.155,85.685
c08304,20.165,85.685
c08305,20.175,85.685
c08306,20.185,85.685
c08307,20.195,85.685
c08308,20.205,85.685
c08309,20.215,85.685
c08310,20.225,85.685
c08311,20.235,85.685
c08312,20.245,85.685
c08313,20.255,85.685
c08314,20.265,85.685
c08315,20.275,85.685
c08316,20.285,85.685
c08317,20.295,85.685
c08318,20.305,85.685
c08319,20.315,85.685
c08320,20.325,85.685
c08321,20.335,85.685
c08322,20.345,85.685
c08323,20.355,85.685
c08324,20.365,85.685
c08325,20.375,85.685
c08326,20.385,85.685
c08327,20.395,85.685
c08328,20.405,85.685
c08329,20.415,85.685
c08330,20.425,85.685
c08331,20.435,85.685
c08332,20.445,85.685
c08333,20.455,85.685
c08334,20.465,85.685
c08335,20.475,85.685
c08336,20.485,85.685
c08337,20.495,85.685
c08338,20.505,85.685
c08339,20.515,85.685
c08340,20.525,85.685
c08341,20.535,85.685
c08342,20.545,85.685
c08343,20.555,85.685
c08344,20.565,85.685
c08345,20.575,85.685
c08346,20.585,85.685
c08347,20.595,85.685
c08348,20.605,85.685
c08349,19.405,85.695
c08350,19.415,85.695
c08351,19.425,85.695
c08352,19.435,85.695
c08353,19.445,85.695
c08354,19.455,85.695
c08355,19.465,85.695
c08356,19.475,85.695
c08357,19.485,85.695
c08358,19.495,85.695
c08359,19.505,85.695
c08360,19.515,85.695
c08361,19.525,85.695
c08362,19.535,85.695
c08363,19.545,85.695
c08364,19.555,85.695
c08365,19.565,85.695
c08366,19.575,85.695
c08367,19.585,85.695
c08368,19.595,85.695
c08369,19.605,85.695
c08370,19.615,85.695
c08371,19.625,85.695
c08372,19.635,85.695
c08373,19.645,85.695
c08374,19.655,85.695
c08375,19.665,85.695
c08376,19.675,85.695
c08377,19.685,85.695
c08378,19.695,85.695
c08379,19.705,85.695
c08380,19.715,85.695
c08381,19.725,85.695
c08382,19.735,85.695
c08383,19.745,85.695
c08384,19.755,85.695
c08385,19.765,85.695
c08386,19.775,85.695
c08387,19.785,85.695
c08388,19.795,85.695
c08389,19.805,85.695
c08390,19.815,85.695
c08391,19.825,85.695
c08392,19.835,85.695
c08393,19.845,85.695
c08394,19.855,85.695
c08395,19.865,85.695
c08396,19.875,85.695
c08397,19.885,85.695
c08398,19.895,85.695
c08399,19.905,85.695
c08400,19.915,85.695
c08401,19.925,85.695
c08402,19.935,85.695
c08403,19.945,85.695
c08404,19.955,85.695
c08405,19.965,85.695
c08406,19.975,85.695
c08407,19.985,85.695
c08408,19.995,85.695
c08409,20.005,85.695
c08410,20.015,85.695
c08411,20.025,85.695
c08412,20.035,85.695
c08413,20.045,85.695
c08414,20.055,85.695
c08415,20.065,85.695
c08416,20.075,85.695
c08417,20.085,85.695
c08418,20.095,85.695
c08419,20.105,85.695
c08420,20.115,85.695
c08421,20.125,85.695
c08422,20.135,85.695
c08423,20.145,85.695
c08424,20.155,85.695
c08425,20.165,85.695
c08426,20.175,85.695
c08427,20.185,85.695
c08428,20.195,85.695
c08429,20.205,85.695
c08430,20.215,85.695
c08431,20.225,85.695
c08432,20.235,85.695
c08433,20.245,85.695
c08434,20.255,85.695
c08435,20.265,85.695
c08436,20.275,85.695
c08437,20.285,85.695
c08438,20.295,85.695
c08439,20.305,85.695
c08440,20.315,85.695
c08441,20.325,85.695
c08442,20.335,85.695
c08443,20.345,85.695
c08444,20.355,85.695
c08445,20.365,85.695
c08446,20.375,85.695
c08447,20.385,85.695
c08448,20.395,85.695
c08449,20.405,85.695
c08450,20.415,85.695
c08451,20.425,85.695
c08452,20.435,85.695
c08453,20.445,85.695
c08454,20.455,85.695
c08455,20.465,85.695
c08456,20.475,85.695
c08457,20.485,85.695
c08458,20.495,85.695
c08459,20.505,85.695
c08460,20.515,85.695
c08461,20.525,85.695
c08462,20.535,85.695
c08463,20.545,85.695
c08464,20.555,85.695
c08465,20.565,85.695
c08466,20.575,85.695
c08467,20.585,85.695
c08468,20.595,85.695
c08469,20.605,85.695
c08470,19.405,85.705
c08471,19.415,85.705
c08472,19.425,85.705
c08473,19.435,85.705
c08474,19.445,85.705
c08475,19.455,85.705
c08476,19.465,85.705
c08477,19.475,85.705
c08478,19.485,85.705
c08479,19.495,85.705
c08480,19.505,85.705
c08481,19.515,85.705
c08482,19.525,85.705
c08483,19.535,85.705
c08484,19.545,85.705
c08485,19.555,85.705
c08486,19.565,85.705
c08487,19.575,85.705
c08488,19.585,85.705
c08489,19.595,85.705
c08490,19.605,85.705
c08491,19.615,85.705
c08492,19.625,85.705
c08493,19.635,85.705
c08494,19.645,85.705
c08495,19.655,85.705
c08496,19.665,85.705
c08497,19.675,85.705
c08498,19.685,85.705
c08499,19.695,85.705
c08500,19.705,85.705
c08501,19.715,85.705
c08502,19.725,85.705
c08503,19.735,85.705
c08504,19.745,85.705
c08505,19.755,85.705
c08506,19.765,85.705
c08507,19.775,85.705
c08508,19.785,85.705
c08509,19.795,85.705
c08510,19.805,85.705
c08511,19.815,85.705
c08512,19.825,85.705
c08513,19.835,85.705
c08514,19.845,85.705
c08515,19.855,85.705
c08516,19.865,85.705
c08517,19.875,85.705
c08518,19.885,85.705
c08519,19.895,85.705
c08520,19.905,85.705
c08521,19.915,85.705
c08522,19.925,85.705
c08523,19.935,85.705
c08524,19.945,85.705
c08525,19.955,85.705
c08526,19.965,85.705
c08527,19.975,85.705
c08528,19.985,85.705
c08529,19.995,85.705
c08530,20.005,85.705
c08531,20.015,85.705
c08532,20.025,85.705
c08533,20.035,85.705
c08534,20.045,85.705
c08535,20.055,85.705
c08536,20.065,85.705
c08537,20.075,85.705
c08538,20.085,85.705
c08539,20.095,85.705
c08540,20.105,85.705
c08541,20.115,85.705
c08542,20.125,85.705
c08543,20.135,85.705
c08544,20.145,85.705
c08545,20.155,85.705
c08546,20.165,85.705
c08547,20.175,85.705
c08548,20.185,85.705
c08549,20.195,85.705
c08550,20.205,85.705
c08551,20.215,85.705
c08552,20.225,85.705
c08553,20.235,85.705
c08554,20.245,85.705
c08555,20.255,85.705
c08556,20.265,85.705
c08557,20.275,85.705
c08558,20.285,85.705
c08559,20.295,85.705
c08560,20.305,85.705
c08561,20.315,85.705
c08562,20.325,85.705
c08563,20.335,85.705
c08564,20.345,85.705
c08565,20.355,85.705
c08566,20.365,85.705
c08567,20.375,85.705
c08568,20.385,85.705
c08569,20.395,85.705
c08570,20.405,85.705
c08571,20.415,85.705
c08572,20.425,85.705
c08573,20.435,85.705
c08574,20.445,85.705
c08575,20.455,85.705
c08576,20.465,85.705
c08577,20.475,85.705
c08578,20.485,85.705
c08579,20.495,85.705
c08580,20.505,85.705
c08581,20.515,85.705
c08582,20.525,85.705
c08583,20.535,85.705
c08584,20.545,85.705
c08585,20.555,85.705
c08586,20.565,85.705
c08587,20.575,85.705
c08588,20.585,85.705
c08589,20.595,85.705
c08590,20.605,85.705
c08591,19.405,85.715
c08592,19.415,85.715
c08593,19.425,85.715
c08594,19.435,85.715
c08595,19.445,85.715
c08596,19.455,85.715
c08597,19.465,85.715
c08598,19.475,85.715
c08599,19.485,85.715
c08600,19.495,85.715
c08601,19.505,85.715
c08602,19.515,85.715
c08603,19.525,85.715
c08604,19.535,85.715
c08605,19.545,85.715
c08606,19.555,85.715
c08607,19.565,85.715
c08608,19.575,85.715
c08609,19.585,85.715
c08610,19.595,85.715
c08611,19.605,85.715
c08612,19.615,85.715
c08613,19.625,85.715
c08614,19.635,85.715
c08615,19.645,85.715
c08616,19.655,85.715
c08617,19.665,85.715
c08618,19.675,85.715
c08619,19.685,85.715
c08620,19.695,85.715
c08621,19.705,85.715
c08622,19.715,85.715
c08623,19.725,85.715
c08624,19.735,85.715
c08625,19.745,85.715
c08626,19.755,85.715
c08627,19.765,85.715
c08628,19.775,85.715
c08629,19.785,85.715
c08630,19.795,85.715
c08631,19.805,85.715
c08632,19.815,85.715
c08633,19.825,85.715
c08634,19.835,85.715
c08635,19.845,85.715
c08636,19.855,85.715
c08637,19.865,85.715
c08638,19.875,85.715
c08639,19.885,85.715
c08640,19.895,85.715
c08641,19.905,85.715
c08642,19.915,85.715
c08643,19.925,85.715
c08644,19.935,85.715
c08645,19.945,85.715
c08646,19.955,85.715
c08647,19.965,85.715
c08648,19.975,85.715
c08649,19.985,85.715
c08650,19.995,85.715
c08651,20.005,85.715
c08652,20.015,85.715
c08653,20.025,85.715
c08654,20.035,85.715
c08655,20.045,85.715
c08656,20.055,85.715
c08657,20.065,85.715
c08658,20.075,85.715
c08659,20.085,85.715
c08660,20.095,85.715
c08661,20.105,85.715
c08662,20.115,85.715
c08663,20.125,85.715
c08664,20.135,85.715
c08665,20.145,85.715
c08666,20.155,85.715
c08667,20.165,85.715
c08668,20.175,85.715
c08669,20.185,85.715
c08670,20.195,85.715
c08671,20.205,85.715
c08672,20.215,85.715
c08673,20.225,85.715
c08674,20.235,85.715
c08675,20.245,85.715
c08676,20.255,85.715
c08677,20.265,85.715
c08678,20.275,85.715
c08679,20.285,85.715
c08680,20.295,85.715
c08681,20.305,85.715
c08682,20.315,85.715
c08683,20.325,85.715
c08684,20.335,85.715
c08685,20.345,85.715
c08686,20.355,85.715
c08687,20.365,85.715
c08688,20.375,85.715
c08689,20.385,85.715
c08690,20.395,85.715
c08691,20.405,85.715
c08692,20.415,85.715
c08693,20.425,85.715
c08694,20.435,85.715
c08695,20.445,85.715
c08696,20.455,85.715
c08697,20.465,85.715
c08698,20.475,85.715
c08699,20.485,85.715
c08700,20.495,85.715
c08701,20.505,85.715
c08702,20.515,85.715
c08703,20.525,85.715
c08704,20.535,85.715
c08705,20.545,85.715
c08706,20.555,85.715
c08707,20.565,85.715
c08708,20.575,85.715
c08709,20.585,85.715
c08710,20.595,85.715
c08711,20.605,85.715
c08712,19.405,85.725
c08713,19.415,85.725
c08714,19.425,85.725
c08715,19.435,85.725
c08716,19.445,85.725
c08717,19.455,85.725
c08718,19.465,85.725
c08719,19.475,85.725
c08720,19.485,85.725
c08721,19.495,85.725
c08722,19.505,85.725
c08723,19.515,85.725
c08724,19.525,85.725
c08725,19.535,85.725
c08726,19.545,85.725
c08727,19.555,85.725
c08728,19.565,85.725
c08729,19.575,85.725
c08730,19.585,85.725
c08731,19.595,85.725
c08732,19.605,85.725
c08733,19.615,85.725
c08734,19.625,85.725
c08735,19.635,85.725
c08736,19.645,85.725
c08737,19.655,85.725
c08738,19.665,85.725
c08739,19.675,85.725
c08740,19.685,85.725
c08741,19.695,85.725
c08742,19.705,85.725
c08743,19.715,85.725
c08744,19.725,85.725
c08745,19.735,85.725
c08746,19.745,85.725
c08747,19.755,85.725
c08748,19.765,85.725
c08749,19.775,85.725
c08750,19.785,85.725
c08751,19.795,85.725
c08752,19.805,85.725
c08753,19.815,85.725
c08754,19.825,85.725
c08755,19.835,85.725
c08756,19.845,85.725
c08757,19.855,85.725
c08758,19.865,85.725
c08759,19.875,85.725
c08760,19.885,85.725
c08761,19.895,85.725
c08762,19.905,85.725
c08763,19.915,85.725
c08764,19.925,85.725
c08765,19.935,85.725
c08766,19.945,85.725
c08767,19.955,85.725
c08768,19.965,85.725
c08769,19.975,85.725
c08770,19.985,85.725
c08771,19.995,85.725
c08772,20.005,85.725
c08773,20.015,85.725
c08774,20.025,85.725
c08775,20.035,85.725
c08776,20.045,85.725
c08777,20.055,85.725
c08778,20.065,85.725
c08779,20.075,85.725
c08780,20.085,85.725
c08781,20.095,85.725
c08782,20.105,85.725
c08783,20.115,85.725
c08784,20.125,85.725
c08785,20.135,85.725
c08786,20.145,85.725
c08787,20.155,85.725
c08788,20.165,85.725
c08789,20.175,85.725
c08790,20.185,85.725
c08791,20.195,85.725
c08792,20.205,85.725
c08793,20.215,85.725
c08794,20.225,85.725
c08795,20.235,85.725
c08796,20.245,85.725
c08797,20.255,85.725
c08798,20.265,85.725
c08799,20.275,85.725
c08800,20.285,85.725
c08801,20.295,85.725
c08802,20.305,85.725
c08803,20.315,85.725
c08804,20.325,85.725
c08805,20.335,85.725
c08806,20.345,85.725
c08807,20.355,85.725
c08808,20.365,85.725
c08809,20.375,85.725
c08810,20.385,85.725
c08811,20.395,85.725
c08812,20.405,85.725
c08813,20.415,85.725
c08814,20.425,85.725
c08815,20.435,85.725
c08816,20.445,85.725
c08817,20.455,85.725
c08818,20.465,85.725
c08819,20.475,85.725
c08820,20.485,85.725
c08821,20.495,85.725
c08822,20.505,85.725
c08823,20.515,85.725
c08824,20.525,85.725
c08825,20.535,85.725
c08826,20.545,85.725
c08827,20.555,85.725
c08828,20.565,85.725
c08829,20.575,85.725
c08830,20.585,85.725
c08831,20.595,85.725
c08832,20.605,85.725
c08833,19.405,85.735
c08834,19.415,85.735
c08835,19.425,85.735
c08836,19.435,85.735
c08837,19.445,85.735
c08838,19.455,85.735
c08839,19.465,85.735
c08840,19.475,85.735
c08841,19.485,85.735
c08842,19.495,85.735
c08843,19.505,85.735
c08844,19.515,85.735
c08845,19.525,85.735
c08846,19.535,85.735
c08847,19.545,85.735
c08848,19.555,85.735
c08849,19.565,85.735
c08850,19.575,85.735
c08851,19.585,85.735
c08852,19.595,85.735
c08853,19.605,85.735
c08854,19.615,85.735
c08855,19.625,85.735
c08856,19.635,85.735
c08857,19.645,85.735
c08858,19.655,85.735
c08859,19.665,85.735
c08860,19.675,85.735
c08861,19.685,85.735
c08862,19.695,85.735
c08863,19.705,85.735
c08864,19.715,85.735
c08865,19.725,85.735
c08866,19.735,85.735
c08867,19.745,85.735
c08868,19.755,85.735
c08869,19.765,85.735
c08870,19.775,85.735
c08871,19.785,85.735
c08872,19.795,85.735
c08873,19.805,85.735
c08874,19.815,85.735
c08875,19.825,85.735
c08876,19.835,85.735
c08877,19.845,85.735
c08878,19.855,85.735
c08879,19.865,85.735
c08880,19.875,85.735
c08881,19.885,85.735
c08882,19.895,85.735
c08883,19.905,85.735
c08884,19.915,85.735
c08885,19.925,85.735
c08886,19.935,85.735
c08887,19.945,85.735
c08888,19.955,85.735
c08889,19.965,85.735
c08890,19.975,85.735
c08891,19.985,85.735
c08892,19.995,85.735
c08893,20.005,85.735
c08894,20.015,85.735
c08895,20.025,85.735
c08896,20.035,85.735
c08897,20.045,85.735
c08898,20.055,85.735
c08899,20.065,85.735
c08900,20.075,85.735
c08901,20.085,85.735
c08902,20.095,85.735
c08903,20.105,85.735
c08904,20.115,85.735
c08905,20.125,85.735
c08906,20.135,85.735
c08907,20.145,85.735
c08908,20.155,85.735
c08909,20.165,85.735
c08910,20.175,85.735
c08911,20.185,85.735
c08912,20.195,85.735
c08913,20.205,85.735
c08914,20.215,85.735
c08915,20.225,85.735
c08916,20.235,85.735
c08917,20.245,85.735
c08918,20.255,85.735
c08919,20.265,85.735
c08920,20.275,85.735
c08921,20.285,85.735
c08922,20.295,85.735
c08923,20.305,85.735
c08924,20.315,85.735
c08925,20.325,85.735
c08926,20.335,85.735
c08927,20.345,85.735
c08928,20.355,85.735
c08929,20.365,85.735
c08930,20.375,85.735
c08931,20.385,85.735
c08932,20.395,85.735
c08933,20.405,85.735
c08934,20.415,85.735
c08935,20.425,85.735
c08936,20.435,85.735
c08937,20.445,85.735
c08938,20.455,85.735
c08939,20.465,85.735
c08940,20.475,85.735
c08941,20.485,85.735
c08942,20.495,85.735
c08943,20.505,85.735
c08944,20.515,85.735
c08945,20.525,85.735
c08946,20.535,85.735
c08947,20.545,85.735
c08948,20.555,85.735
c08949,20.565,85.735
c08950,20.575,85.735
c08951,20.585,85.735
c08952,20.595,85.735
c08953,20.605,85.735
c08954,19.405,85.745
c08955,19.415,85.745
c08956,19.425,85.745
c08957,19.435,85.745
c08958,19.445,85.745
c08959,19.455,85.745
c08960,19.465,85.745
c08961,19.475,85.745
c08962,19.485,85.745
c08963,19.495,85.745
c08964,19.505,85.745
c08965,19.515,85.745
c08966,19.525,85.745
c08967,19.535,85.745
c08968,19.545,85.745
c08969,19.555,85.745
c08970,19.565,85.745
c08971,19.575,85.745
c08972,19.585,85.745
c08973,19.595,85.745
c08974,19.605,85.745
c08975,19.615,85.745
c08976,19.625,85.745
c08977,19.635,85.745
c08978,19.645,85.745
c08979,19.655,85.745
c08980,19.665,85.745
c08981,19.675,85.745
c08982,19.685,85.745
c08983,19.695,85.745
c08984,19.705,85.745
c08985,19.715,85.745
c08986,19.725,85.745
c08987,19.735,85.745
c08988,19.745,85.745
c08989,19.755,85.745
c08990,19.765,85.745
c08991,19.775,85.745
c08992,19.785,85.745
c08993,19.795,85.745
c08994,19.805,85.745
c08995,19.815,85.745
c08996,19.825,85.745
c08997,19.835,85.745
c08998,19.845,85.745
c08999,19.855,85.745
c09000,19.865,85.745
c09001,19.875,85.745
c09002,19.885,85.745
c09003,19.895,85.745
c09004,19.905,85.745
c09005,19.915,85.745
c09006,19.925,85.745
c09007,19.935,85.745
c09008,19.945,85.745
c09009,19.955,85.745
c09010,19.965,85.745
c09011,19.975,85.745
c09012,19.985,85.745
c09013,19.995,85.745
c09014,20.005,85.745
c09015,20.015,85.745
c09016,20.025,85.745
c09017,20.035,85.745
c09018,20.045,85.745
c09019,20.055,85.745
c09020,20.065,85.745
c09021,20.075,85.745
c09022,20.085,85.745
c09023,20.095,85.745
c09024,20.105,85.745
c09025,20.115,85.745
c09026,20.125,85.745
c09027,20.135,85.745
c09028,20.145,85.745
c09029,20.155,85.745
c09030,20.165,85.745
c09031,20.175,85.745
c09032,20.185,85.745
c09033,20.195,85.745
c09034,20.205,85.745
c09035,20.215,85.745
c09036,20.225,85.745
c09037,20.235,85.745
c09038,20.245,85.745
c09039,20.255,85.745
c09040,20.265,85.745
c09041,20.275,85.745
c09042,20.285,85.745
c09043,20.295,85.745
c09044,20.305,85.745
c09045,20.315,85.745
c09046,20.325,85.745
c09047,20.335,85.745
c09048,20.345,85.745
c09049,20.355,85.745
c09050,20.365,85.745
c09051,20.375,85.745
c09052,20.385,85.745
c09053,20.395,85.745
c09054,20.405,85.745
c09055,20.415,85.745
c09056,20.425,85.745
c09057,20.435,85.745
c09058,20.445,85.745
c09059,20.455,85.745
c09060,20.465,85.745
c09061,20.475,85.745
c09062,20.485,85.745
c09063,20.495,85.745
c09064,20.505,85.745
c09065,20.515,85.745
c09066,20.525,85.745
c09067,20.535,85.745
c09068,20.545,85.745
c09069,20.555,85.745
c09070,20.565,85.745
c09071,20.575,85.745
c09072,20.585,85.745
c09073,20.595,85.745
c09074,20.605,85.745
c09075,19.405,85.755
c09076,19.415,85.755
c09077,19.425,85.755
c09078,19.435,85.755
c09079,19.445,85.755
c09080,19.455,85.755
c09081,19.465,85.755
c09082,19.475,85.755
c09083,19.485,85.755
c09084,19.495,85.755
c09085,19.505,85.755
c09086,19.515,85.755
c09087,19.525,85.755
c09088,19.535,85.755
c09089,19.545,85.755
c09090,19.555,85.755
c09091,19.565,85.755
c09092,19.575,85.755
c09093,19.585,85.755
c09094,19.595,85.755
c09095,19.605,85.755
c09096,19.615,85.755
c09097,19.625,85.755
c09098,19.635,85.755
c09099,19.645,85.755
c09100,19.655,85.755
c09101,19.665,85.755
c09102,19.675,85.755
c09103,19.685,85.755
c09104,19.695,85.755
c09105,19.705,85.755
c09106,19.715,85.755
c09107,19.725,85.755
c09108,19.735,85.755
c09109,19.745,85.755
c09110,19.755,85.755
c09111,19.765,85.755
c09112,19.775,85.755
c09113,19.785,85.755
c09114,19.795,85.755
c09115,19.805,85.755
c09116,19.815,85.755
c09117,19.825,85.755
c09118,19.835,85.755
c09119,19.845,85.755
c09120,19.855,85.755
c09121,19.865,85.755
c09122,19.875,85.755
c09123,19.885,85.755
c09124,19.895,85.755
c09125,19.905,85.755
c09126,19.915,85.755
c09127,19.925,85.755
c09128,19.935,85.755
c09129,19.945,85.755
c09130,19.955,85.755
c09131,19.965,85.755
c09132,19.975,85.755
c09133,19.985,85.755
c09134,19.995,85.755
c09135,20.005,85.755
c09136,20.015,85.755
c09137,20.025,85.755
c09138,20.035,85.755
c09139,20.045,85.755
c09140,20.055,85.755
c09141,20.065,85.755
c09142,20.075,85.755
c09143,20.085,85.755
c09144,20.095,85.755
c09145,20.105,85.755
c09146,20.115,85.755
c09147,20.125,85.755
c09148,20.135,85.755
c09149,20.145,85.755
c09150,20.155,85.755
c09151,20.165,85.755
c09152,20.175,85.755
c09153,20.185,85.755
c09154,20.195,85.755
c09155,20.205,85.755
c09156,20.215,85.755
c09157,20.225,85.755
c09158,20.235,85.755
c09159,20.245,85.755
c09160,20.255,85.755
c09161,20.265,85.755
c09162,20.275,85.755
c09163,20.285,85.755
c09164,20.295,85.755
c09165,20.305,85.755
c09166,20.315,85.755
c09167,20.325,85.755
c09168,20.335,85.755
c09169,20.345,85.755
c09170,20.355,85.755
c09171,20.365,85.755
c09172,20.375,85.755
c09173,20.385,85.755
c09174,20.395,85.755
c09175,20.405,85.755
c09176,20.415,85.755
c09177,20.425,85.755
c09178,20.435,85.755
c09179,20.445,85.755
c09180,20.455,85.755
c09181,20.465,85.755
c09182,20.475,85.755
c09183,20.485,85.755
c09184,20.495,85.755
c09185,20.505,85.755
c09186,20.515,85.755
c09187,20.525,85.755
c09188,20.535,85.755
c09189,20.545,85.755
c09190,20.555,85.755
c09191,20.565,85.755
c09192,20.575,85.755
c09193,20.585,85.755
c09194,20.595,85.755
c09195,20.605,85.755
c09196,19.405,85.765
c09197,19.415,85.765
c09198,19.425,85.765
c09199,19.435,85.765
c09200,19.445,85.765
c09201,19.455,85.765
c09202,19.465,85.765
c09203,19.475,85.765
c09204,19.485,85.765
c09205,19.495,85.765
c09206,19.505,85.765
c09207,19.515,85.765
c09208,19.525,85.765
c09209,19.535,85.765
c09210,19.545,85.765
c09211,19.555,85.765
c09212,19.565,85.765
c09213,19.575,85.765
c09214,19.585,85.765
c09215,19.595,85.765
c09216,19.605,85.765
c09217,19.615,85.765
c09218,19.625,85.765
c09219,19.635,85.765
c09220,19.645,85.765
c09221,19.655,85.765
c09222,19.665,85.765
c09223,19.675,85.765
c09224,19.685,85.765
c09225,19.695,85.765
c09226,19.705,85.765
c09227,19.715,85.765
c09228,19.725,85.765
c09229,19.735,85.765
c09230,19.745,85.765
c09231,19.755,85.765
c09232,19.765,85.765
c09233,19.775,85.765
c09234,19.785,85.765
c09235,19.795,85.765
c09236,19.805,85.765
c09237,19.815,85.765
c09238,19.825,85.765
c09239,19.835,85.765
c09240,19.845,85.765
c09241,19.855,85.765
c09242,19.865,85.765
c09243,19.875,85.765
c09244,19.885,85.765
c09245,19.895,85.765
c09246,19.905,85.765
c09247,19.915,85.765
c09248,19.925,85.765
c09249,19.935,85.765
c09250,19.945,85.765
c09251,19.955,85.765
c09252,19.965,85.765
c09253,19.975,85.765
c09254,19.985,85.765
c09255,19.995,85.765
c09256,20.005,85.765
c09257,20.015,85.765
c09258,20.025,85.765
c09259,20.035,85.765
c09260,20.045,85.765
c09261,20.055,85.765
c09262,20.065,85.765
c09263,20.075,85.765
c09264,20.085,85.765
c09265,20.095,85.765
c09266,20.105,85.765
c09267,20.115,85.765
c09268,20.125,85.765
c09269,20.135,85.765
c09270,20.145,85.765
c09271,20.155,85.765
c09272,20.165,85.765
c09273,20.175,85.765
c09274,20.185,85.765
c09275,20.195,85.765
c09276,20.205,85.765
c09277,20.215,85.765
c09278,20.225,85.765
c09279,20.235,85.765
c09280,20.245,85.765
c09281,20.255,85.765
c09282,20.265,85.765
c09283,20.275,85.765
c09284,20.285,85.765
c09285,20.295,85.765
c09286,20.305,85.765
c09287,20.315,85.765
c09288,20.325,85.765
c09289,20.335,85.765
c09290,20.345,85.765
c09291,20.355,85.765
c09292,20.365,85.765
c09293,20.375,85.765
c09294,20.385,85.765
c09295,20.395,85.765
c09296,20.405,85.765
c09297,20.415,85.765
c09298,20.425,85.765
c09299,20.435,85.765
c09300,20.445,85.765
c09301,20.455,85.765
c09302,20.465,85.765
c09303,20.475,85.765
c09304,20.485,85.765
c09305,20.495,85.765
c09306,20.505,85.765
c09307,20.515,85.765
c09308,20.525,85.765
c09309,20.535,85.765
c09310,20.545,85.765
c09311,20.555,85.765
c09312,20.565,85.765
c09313,20.575,85.765
c09314,20.585,85.765
c09315,20.595,85.765
c09316,20.605,85.765
c09317,19.405,85.775
c09318,19.415,85.775
c09319,19.425,85.775
c09320,19.435,85.775
c09321,19.445,85.775
c09322,19.455,85.775
c09323,19.465,85.775
c09324,19.475,85.775
c09325,19.485,85.775
c09326,19.495,85.775
c09327,19.505,85.775
c09328,19.515,85.775
c09329,19.525,85.775
c09330,19.535,85.775
c09331,19.545,85.775
c09332,19.555,85.775
c09333,19.565,85.775
c09334,19.575,85.775
c09335,19.585,85.775
c09336,19.595,85.775
c09337,19.605,85.775
c09338,19.615,85.775
c09339,19.625,85.775
c09340,19.635,85.775
c09341,19.645,85.775
c09342,19.655,85.775
c09343,19.665,85.775
c09344,19.675,85.775
c09345,19.685,85.775
c09346,19.695,85.775
c09347,19.705,85.775
c09348,19.715,85.775
c09349,19.725,85.775
c09350,19.735,85.775
c09351,19.745,85.775
c09352,19.755,85.775
c09353,19.765,85.775
c09354,19.775,85.775
c09355,19.785,85.775
c09356,19.795,85.775
c09357,19.805,85.775
c09358,19.815,85.775
c09359,19.825,85.775
c09360,19.835,85.775
c09361,19.845,85.775
c09362,19.855,85.775
c09363,19.865,85.775
c09364,19.875,85.775
c09365,19.885,85.775
c09366,19.895,85.775
c09367,19.905,85.775
c09368,19.915,85.775
c09369,19.925,85.775
c09370,19.935,85.775
c09371,19.945,85.775
c09372,19.955,85.775
c09373,19.965,85.775
c09374,19.975,85.775
c09375,19.985,85.775
c09376,19.995,85.775
c09377,20.005,85.775
c09378,20.015,85.775
c09379,20.025,85.775
c09380,20.035,85.775
c09381,20.045,85.775
c09382,20.055,85.775
c09383,20.065,85.775
c09384,20.075,85.775
c09385,20.085,85.775
c09386,20.095,85.775
c09387,20.105,85.775
c09388,20.115,85.775
c09389,20.125,85.775
c09390,20.135,85.775
c09391,20.145,85.775
c09392,20.155,85.775
c09393,20.165,85.775
c09394,20.175,85.775
c09395,20.185,85.775
c09396,20.195,85.775
c09397,20.205,85.775
c09398,20.215,85.775
c09399,20.225,85.775
c09400,20.235,85.775
c09401,20.245,85.775
c09402,20.255,85.775
c09403,20.265,85.775
c09404,20.275,85.775
c09405,20.285,85.775
c09406,20.295,85.775
c09407,20.305,85.775
c09408,20.315,85.775
c09409,20.325,85.775
c09410,20.335,85.775
c09411,20.345,85.775
c09412,20.355,85.775
c09413,20.365,85.775
c09414,20.375,85.775
c09415,20.385,85.775
c09416,20.395,85.775
c09417,20.405,85.775
c09418,20.415,85.775
c09419,20.425,85.775
c09420,20.435,85.775
c09421,20.445,85.775
c09422,20.455,85.775
c09423,20.465,85.775
c09424,20.475,85.775
c09425,20.485,85.775
c09426,20.495,85.775
c09427,20.505,85.775
c09428,20.515,85.775
c09429,20.525,85.775
c09430,20.535,85.775
c09431,20.545,85.775
c09432,20.555,85.775
c09433,20.565,85.775
c09434,20.575,85.775
c09435,20.585,85.775
c09436,20.595,85.775
c09437,20.605,85.775
c09438,19.405,85.785
c09439,19.415,85.785
c09440,19.425,85.785
c09441,19.435,85.785
c09442,19.445,85.785
c09443,19.455,85.785
c09444,19.465,85.785
c09445,19.475,85.785
c09446,19.485,85.785
c09447,19.495,85.785
c09448,19.505,85.785
c09449,19.515,85.785
c09450,19.525,85.785
c09451,19.535,85.785
c09452,19.545,85.785
c09453,19.555,85.785
c09454,19.565,85.785
c09455,19.575,85.785
c09456,19.585,85.785
c09457,19.595,85.785
c09458,19.605,85.785
c09459,19.615,85.785
c09460,19.625,85.785
c09461,19.635,85.785
c09462,19.645,85.785
c09463,19.655,85.785
c09464,19.665,85.785
c09465,19.675,85.785
c09466,19.685,85.785
c09467,19.695,85.785
c09468,19.705,85.785
c09469,19.715,85.785
c09470,19.725,85.785
c09471,19.735,85.785
c09472,19.745,85.785
c09473,19.755,85.785
c09474,19.765,85.785
c09475,19.775,85.785
c09476,19.785,85.785
c09477,19.795,85.785
c09478,19.805,85.785
c09479,19.815,85.785
c09480,19.825,85.785
c09481,19.835,85.785
c09482,19.845,85.785
c09483,19.855,85.785
c09484,19.865,85.785
c09485,19.875,85.785
c09486,19.885,85.785
c09487,19.895,85.785
c09488,19.905,85.785
c09489,19.915,85.785
c09490,19.925,85.785
c09491,19.935,85.785
c09492,19.945,85.785
c09493,19.955,85.785
c09494,19.965,85.785
c09495,19.975,85.785
c09496,19.985,85.785
c09497,19.995,85.785
c09498,20.005,85.785
c09499,20.015,85.785
c09500,20.025,85.785
c09501,20.035,85.785
c09502,20.045,85.785
c09503,20.055,85.785
c09504,20.065,85.785
c09505,20.075,85.785
c09506,20.085,85.785
c09507,20.095,85.785
c09508,20.105,85.785
c09509,20.115,85.785
c09510,20.125,85.785
c09511,20.135,85.785
c09512,20.145,85.785
c09513,20.155,85.785
c09514,20.165,85.785
c09515,20.175,85.785
c09516,20.185,85.785
c09517,20.195,85.785
c09518,20.205,85.785
c09519,20.215,85.785
c09520,20.225,85.785
c09521,20.235,85.785
c09522,20.245,85.785
c09523,20.255,85.785
c09524,20.265,85.785
c09525,20.275,85.785
c09526,20.285,85.785
c09527,20.295,85.785
c09528,20.305,85.785
c09529,20.315,85.785
c09530,20.325,85.785
c09531,20.335,85.785
c09532,20.345,85.785
c09533,20.355,85.785
c09534,20.365,85.785
c09535,20.375,85.785
c09536,20.385,85.785
c09537,20.395,85.785
c09538,20.405,85.785
c09539,20.415,85.785
c09540,20.425,85.785
c09541,20.435,85.785
c09542,20.445,85.785
c09543,20.455,85.785
c09544,20.465,85.785
c09545,20.475,85.785
c09546,20.485,85.785
c09547,20.495,85.785
c09548,20.505,85.785
c09549,20.515,85.785
c09550,20.525,85.785
c09551,20.535,85.785
c09552,20.545,85.785
c09553,20.555,85.785
c09554,20.565,85.785
c09555,20.575,85.785
c09556,20.585,85.785
c09557,20.595,85.785
c09558,20.605,85.785
c09559,19.405,85.795
c09560,19.415,85.795
c09561,19.425,85.795
c09562,19.435,85.795
c09563,19.445,85.795
c09564,19.455,85.795
c09565,19.465,85.795
c09566,19.475,85.795
c09567,19.485,85.795
c09568,19.495,85.795
c09569,19.505,85.795
c09570,19.515,85.795
c09571,19.525,85.795
c09572,19.535,85.795
c09573,19.545,85.795
c09574,19.555,85.795
c09575,19.565,85.795
c09576,19.575,85.795
c09577,19.585,85.795
c09578,19.595,85.795
c09579,19.605,85.795
c09580,19.615,85.795
c09581,19.625,85.795
c09582,19.635,85.795
c09583,19.645,85.795
c09584,19.655,85.795
c09585,19.665,85.795
c09586,19.675,85.795
c09587,19.685,85.795
c09588,19.695,85.795
c09589,19.705,85.795
c09590,19.715,85.795
c09591,19.725,85.795
c09592,19.735,85.795
c09593,19.745,85.795
c09594,19.755,85.795
c09595,19.765,85.795
c09596,19.775,85.795
c09597,19.785,85.795
c09598,19.795,85.795
c09599,19.805,85.795
c09600,19.815,85.795
c09601,19.825,85.795
c09602,19.835,85.795
c09603,19.845,85.795
c09604,19.855,85.795
c09605,19.865,85.795
c09606,19.875,85.795
c09607,19.885,85.795
c09608,19.895,85.795
c09609,19.905,85.795
c09610,19.915,85.795
c09611,19.925,85.795
c09612,19.935,85.795
c09613,19.945,85.795
c09614,19.955,85.795
c09615,19.965,85.795
c09616,19.975,85.795
c09617,19.985,85.795
c09618,19.995,85.795
c09619,20.005,85.795
c09620,20.015,85.795
c09621,20.025,85.795
c09622,20.035,85.795
c09623,20.045,85.795
c09624,20.055,85.795
c09625,20.065,85.795
c09626,20.075,85.795
c09627,20.085,85.795
c09628,20.095,85.795
c09629,20.105,85.795
c09630,20.115,85.795
c09631,20.125,85.795
c09632,20.135,85.795
c09633,20.145,85.795
c09634,20.155,85.795
c09635,20.165,85.795
c09636,20.175,85.795
c09637,20.185,85.795
c09638,20.195,85.795
c09639,20.205,85.795
c09640,20.215,85.795
c09641,20.225,85.795
c09642,20.235,85.795
c09643,20.245,85.795
c09644,20.255,85.795
c09645,20.265,85.795
c09646,20.275,85.795
c09647,20.285,85.795
c09648,20.295,85.795
c09649,20.305,85.795
c09650,20.315,85.795
c09651,20.325,85.795
c09652,20.335,85.795
c09653,20.345,85.795
c09654,20.355,85.795
c09655,20.365,85.795
c09656,20.375,85.795
c09657,20.385,85.795
c09658,20.395,85.795
c09659,20.405,85.795
c09660,20.415,85.795
c09661,20.425,85.795
c09662,20.435,85.795
c09663,20.445,85.795
c09664,20.455,85.795
c09665,20.465,85.795
c09666,20.475,85.795
c09667,20.485,85.795
c09668,20.495,85.795
c09669,20.505,85.795
c09670,20.515,85.795
c09671,20.525,85.795
c09672,20.535,85.795
c09673,20.545,85.795
c09674,20.555,85.795
c09675,20.565,85.795
c09676,20.575,85.795
c09677,20.585,85.795
c09678,20.595,85.795
c09679,20.605,85.795
c09680,19.405,85.805
c09681,19.415,85.805
c09682,19.425,85.805
c09683,19.435,85.805
c09684,19.445,85.805
c09685,19.455,85.805
c09686,19.465,85.805
c09687,19.475,85.805
c09688,19.485,85.805
c09689,19.495,85.805
c09690,19.505,85.805
c09691,19.515,85.805
c09692,19.525,85.805
c09693,19.535,85.805
c09694,19.545,85.805
c09695,19.555,85.805
c09696,19.565,85.805
c09697,19.575,85.805
c09698,19.585,85.805
c09699,19.595,85.805
c09700,19.605,85.805
c09701,19.615,85.805
c09702,19.625,85.805
c09703,19.635,85.805
c09704,19.645,85.805
c09705,19.655,85.805
c09706,19.665,85.805
c09707,19.675,85.805
c09708,19.685,85.805
c09709,19.695,85.805
c09710,19.705,85.805
c09711,19.715,85.805
c09712,19.725,85.805
c09713,19.735,85.805
c09714,19.745,85.805
c09715,19.755,85.805
c09716,19.765,85.805
c09717,19.775,85.805
c09718,19.785,85.805
c09719,19.795,85.805
c09720,19.805,85.805
c09721,19.815,85.805
c09722,19.825,85.805
c09723,19.835,85.805
c09724,19.845,85.805
c09725,19.855,85.805
c09726,19.865,85.805
c09727,19.875,85.805
c09728,19.885,85.805
c09729,19.895,85.805
c09730,19.905,85.805
c09731,19.915,85.805
c09732,19.925,85.805
c09733,19.935,85.805
c09734,19.945,85.805
c09735,19.955,85.805
c09736,19.965,85.805
c09737,19.975,85.805
c09738,19.985,85.805
c09739,19.995,85.805
c09740,20.005,85.805
c09741,20.015,85.805
c09742,20.025,85.805
c09743,20.035,85.805
c09744,20.045,85.805
c09745,20.055,85.805
c09746,20.065,85.805
c09747,20.075,85.805
c09748,20.085,85.805
c09749,20.095,85.805
c09750,20.105,85.805
c09751,20.115,85.805
c09752,20.125,85.805
c09753,20.135,85.805
c09754,20.145,85.805
c09755,20.155,85.805
c09756,20.165,85.805
c09757,20.175,85.805
c09758,20.185,85.805
c09759,20.195,85.805
c09760,20.205,85.805
c09761,20.215,85.805
c09762,20.225,85.805
c09763,20.235,85.805
c09764,20.245,85.805
c09765,20.255,85.805
c09766,20.265,85.805
c09767,20.275,85.805
c09768,20.285,85.805
c09769,20.295,85.805
c09770,20.305,85.805
c09771,20.315,85.805
c09772,20.325,85.805
c09773,20.335,85.805
c09774,20.345,85.805
c09775,20.355,85.805
c09776,20.365,85.805
c09777,20.375,85.805
c09778,20.385,85.805
c09779,20.395,85.805
c09780,20.405,85.805
c09781,20.415,85.805
c09782,20.425,85.805
c09783,20.435,85.805
c09784,20.445,85.805
c09785,20.455,85.805
c09786,20.465,85.805
c09787,20.475,85.805
c09788,20.485,85.805
c09789,20.495,85.805
c09790,20.505,85.805
c09791,20.515,85.805
c09792,20.525,85.805
c09793,20.535,85.805
c09794,20.545,85.805
c09795,20.555,85.805
c09796,20.565,85.805
c09797,20.575,85.805
c09798,20.585,85.805
c09799,20.595,85.805
c09800,20.605,85.805
c09801,19.405,85.815
c09802,19.415,85.815
c09803,19.425,85.815
c09804,19.435,85.815
c09805,19.445,85.815
c09806,19.455,85.815
c09807,19.465,85.815
c09808,19.475,85.815
c09809,19.485,85.815
c09810,19.495,85.815
c09811,19.505,85.815
c09812,19.515,85.815
c09813,19.525,85.815
c09814,19.535,85.815
c09815,19.545,85.815
c09816,19.555,85.815
c09817,19.565,85.815
c09818,19.575,85.815
c09819,19.585,85.815
c09820,19.595,85.815
c09821,19.605,85.815
c09822,19.615,85.815
c09823,19.625,85.815
c09824,19.635,85.815
c09825,19.645,85.815
c09826,19.655,85.815
c09827,19.665,85.815
c09828,19.675,85.815
c09829,19.685,85.815
c09830,19.695,85.815
c09831,19.705,85.815
c09832,19.715,85.815
c09833,19.725,85.815
c09834,19.735,85.815
c09835,19.745,85.815
c09836,19.755,85.815
c09837,19.765,85.815
c09838,19.775,85.815
c09839,19.785,85.815
c09840,19.795,85.815
c09841,19.805,85.815
c09842,19.815,85.815
c09843,19.825,85.815
c09844,19.835,85.815
c09845,19.845,85.815
c09846,19.855,85.815
c09847,19.865,85.815
c09848,19.875,85.815
c09849,19.885,85.815
c09850,19.895,85.815
c09851,19.905,85.815
c09852,19.915,85.815
c09853,19.925,85.815
c09854,19.935,85.815
c09855,19.945,85.815
c09856,19.955,85.815
c09857,19.965,85.815
c09858,19.975,85.815
c09859,19.985,85.815
c09860,19.995,85.815
c09861,20.005,85.815
c09862,20.015,85.815
c09863,20.025,85.815
c09864,20.035,85.815
c09865,20.045,85.815
c09866,20.055,85.815
c09867,20.065,85.815
c09868,20.075,85.815
c09869,20.085,85.815
c09870,20.095,85.815
c09871,20.105,85.815
c09872,20.115,85.815
c09873,20.125,85.815
c09874,20.135,85.815
c09875,20.145,85.815
c09876,20.155,85.815
c09877,20.165,85.815
c09878,20.175,85.815
c09879,20.185,85.815
c09880,20.195,85.815
c09881,20.205,85.815
c09882,20.215,85.815
c09883,20.225,85.815
c09884,20.235,85.815
c09885,20.245,85.815
c09886,20.255,85.815
c09887,20.265,85.815
c09888,20.275,85.815
c09889,20.285,85.815
c09890,20.295,85.815
c09891,20.305,85.815
c09892,20.315,85.815
c09893,20.325,85.815
c09894,20.335,85.815
c09895,20.345,85.815
c09896,20.355,85.815
c09897,20.365,85.815
c09898,20.375,85.815
c09899,20.385,85.815
c09900,20.395,85.815
c09901,20.405,85.815
c09902,20.415,85.815
c09903,20.425,85.815
c09904,20.435,85.815
c09905,20.445,85.815
c09906,20.455,85.815
c09907,20.465,85.815
c09908,20.475,85.815
c09909,20.485,85.815
c09910,20.495,85.815
c09911,20.505,85.815
c09912,20.515,85.815
c09913,20.525,85.815
c09914,20.535,85.815
c09915,20.545,85.815
c09916,20.555,85.815
c09917,20.565,85.815
c09918,20.575,85.815
c09919,20.585,85.815
c09920,20.595,85.815
c09921,20.605,85.815
c09922,19.405,85.825
c09923,19.415,85.825
c09924,19.425,85.825
c09925,19.435,85.825
c09926,19.445,85.825
c09927,19.455,85.825
c09928,19.465,85.825
c09929,19.475,85.825
c09930,19.485,85.825
c09931,19.495,85.825
c09932,19.505,85.825
c09933,19.515,85.825
c09934,19.525,85.825
c09935,19.535,85.825
c09936,19.545,85.825
c09937,19.555,85.825
c09938,19.565,85.825
c09939,19.575,85.825
c09940,19.585,85.825
c09941,19.595,85.825
c09942,19.605,85.825
c09943,19.615,85.825
c09944,19.625,85.825
c09945,19.635,85.825
c09946,19.645,85.825
c09947,19.655,85.825
c09948,19.665,85.825
c09949,19.675,85.825
c09950,19.685,85.825
c09951,19.695,85.825
c09952,19.705,85.825
c09953,19.715,85.825
c09954,19.725,85.825
c09955,19.735,85.825
c09956,19.745,85.825
c09957,19.755,85.825
c09958,19.765,85.825
c09959,19.775,85.825
c09960,19.785,85.825
c09961,19.795,85.825
c09962,19.805,85.825
c09963,19.815,85.825
c09964,19.825,85.825
c09965,19.835,85.825
c09966,19.845,85.825
c09967,19.855,85.825
c09968,19.865,85.825
c09969,19.875,85.825
c09970,19.885,85.825
c09971,19.895,85.825
c09972,19.905,85.825
c09973,19.915,85.825
c09974,19.925,85.825
c09975,19.935,85.825
c09976,19.945,85.825
c09977,19.955,85.825
c09978,19.965,85.825
c09979,19.975,85.825
c09980,19.985,85.825
c09981,19.995,85.825
c09982,20.005,85.825
c09983,20.015,85.825
c09984,20.025,85.825
c09985,20.035,85.825
c09986,20.045,85.825
c09987,20.055,85.825
c09988,20.065,85.825
c09989,20.075,85.825
c09990,20.085,85.825
c09991,20.095,85.825
c09992,20.105,85.825
c09993,20.115,85.825
c09994,20.125,85.825
c09995,20.135,85.825
c09996,20.145,85.825
c09997,20.155,85.825
c09998,20.165,85.825
c09999,20.175,85.825
c10000,20.185,85.825
c10001,20.195,85.825
c10002,20.205,85.825
c10003,20.215,85.825
c10004,20.225,85.825
c10005,20.235,85.825
c10006,20.245,85.825
c10007,20.255,85.825
c10008,20.265,85.825
c10009,20.275,85.825
c10010,20.285,85.825
c10011,20.295,85.825
c10012,20.305,85.825
c10013,20.315,85.825
c10014,20.325,85.825
c10015,20.335,85.825
c10016,20.345,85.825
c10017,20.355,85.825
c10018,20.365,85.825
c10019,20.375,85.825
c10020,20.385,85.825
c10021,20.395,85.825
c10022,20.405,85.825
c10023,20.415,85.825
c10024,20.425,85.825
c10025,20.435,85.825
c10026,20.445,85.825
c10027,20.455,85.825
c10028,20.465,85.825
c10029,20.475,85.825
c10030,20.485,85.825
c10031,20.495,85.825
c10032,20.505,85.825
c10033,20.515,85.825
c10034,20.525,85.825
c10035,20.535,85.825
c10036,20.545,85.825
c10037,20.555,85.825
c10038,20.565,85.825
c10039,20.575,85.825
c10040,20.585,85.825
c10041,20.595,85.825
c10042,20.605,85.825
c10043,19.405,85.835
c10044,19.415,85.835
c10045,19.425,85.835
c10046,19.435,85.835
c10047,19.445,85.835
c10048,19.455,85.835
c10049,19.465,85.835
c10050,19.475,85.835
c10051,19.485,85.835
c10052,19.495,85.835
c10053,19.505,85.835
c10054,19.515,85.835
c10055,19.525,85.835
c10056,19.535,85.835
c10057,19.545,85.835
c10058,19.555,85.835
c10059,19.565,85.835
c10060,19.575,85.835
c10061,19.585,85.835
c10062,19.595,85.835
c10063,19.605,85.835
c10064,19.615,85.835
c10065,19.625,85.835
c10066,19.635,85.835
c10067,19.645,85.835
c10068,19.655,85.835
c10069,19.665,85.835
c10070,19.675,85.835
c10071,19.685,85.835
c10072,19.695,85.835
c10073,19.705,85.835
c10074,19.715,85.835
c10075,19.725,85.835
c10076,19.735,85.835
c10077,19.745,85.835
c10078,19.755,85.835
c10079,19.765,85.835
c10080,19.775,85.835
c10081,19.785,85.835
c10082,19.795,85.835
c10083,19.805,85.835
c10084,19.815,85.835
c10085,19.825,85.835
c10086,19.835,85.835
c10087,19.845,85.835
c10088,19.855,85.835
c10089,19.865,85.835
c10090,19.875,85.835
c10091,19.885,85.835
c10092,19.895,85.835
c10093,19.905,85.835
c10094,19.915,85.835
c10095,19.925,85.835
c10096,19.935,85.835
c10097,19.945,85.835
c10098,19.955,85.835
c10099,19.965,85.835
c10100,19.975,85.835
c10101,19.985,85.835
c10102,19.995,85.835
c10103,20.005,85.835
c10104,20.015,85.835
c10105,20.025,85.835
c10106,20.035,85.835
c10107,20.045,85.835
c10108,20.055,85.835
c10109,20.065,85.835
c10110,20.075,85.835
c10111,20.085,85.835
c10112,20.095,85.835
c10113,20.105,85.835
c10114,20.115,85.835
c10115,20.125,85.835
c10116,20.135,85.835
c10117,20.145,85.835
c10118,20.155,85.835
c10119,20.165,85.835
c10120,20.175,85.835
c10121,20.185,85.835
c10122,20.195,85.835
c10123,20.205,85.835
c10124,20.215,85.835
c10125,20.225,85.835
c10126,20.235,85.835
c10127,20.245,85.835
c10128,20.255,85.835
c10129,20.265,85.835
c10130,20.275,85.835
c10131,20.285,85.835
c10132,20.295,85.835
c10133,20.305,85.835
c10134,20.315,85.835
c10135,20.325,85.835
c10136,20.335,85.835
c10137,20.345,85.835
c10138,20.355,85.835
c10139,20.365,85.835
c10140,20.375,85.835
c10141,20.385,85.835
c10142,20.395,85.835
c10143,20.405,85.835
c10144,20.415,85.835
c10145,20.425,85.835
c10146,20.435,85.835
c10147,20.445,85.835
c10148,20.455,85.835
c10149,20.465,85.835
c10150,20.475,85.835
c10151,20.485,85.835
c10152,20.495,85.835
c10153,20.505,85.835
c10154,20.515,85.835
c10155,20.525,85.835
c10156,20.535,85.835
c10157,20.545,85.835
c10158,20.555,85.835
c10159,20.565,85.835
c10160,20.575,85.835
c10161,20.585,85.835
c10162,20.595,85.835
c10163,20.605,85.835
c10164,19.405,85.845
c10165,19.415,85.845
c10166,19.425,85.845
c10167,19.435,85.845
c10168,19.445,85.845
c10169,19.455,85.845
c10170,19.465,85.845
c10171,19.475,85.845
c10172,19.485,85.845
c10173,19.495,85.845
c10174,19.505,85.845
c10175,19.515,85.845
c10176,19.525,85.845
c10177,19.535,85.845
c10178,19.545,85.845
c10179,19.555,85.845
c10180,19.565,85.845
c10181,19.575,85.845
c10182,19.585,85.845
c10183,19.595,85.845
c10184,19.605,85.845
c10185,19.615,85.845
c10186,19.625,85.845
c10187,19.635,85.845
c10188,19.645,85.845
c10189,19.655,85.845
c10190,19.665,85.845
c10191,19.675,85.845
c10192,19.685,85.845
c10193,19.695,85.845
c10194,19.705,85.845
c10195,19.715,85.845
c10196,19.725,85.845
c10197,19.735,85.845
c10198,19.745,85.845
c10199,19.755,85.845
c10200,19.765,85.845
c10201,19.775,85.845
c10202,19.785,85.845
c10203,19.795,85.845
c10204,19.805,85.845
c10205,19.815,85.845
c10206,19.825,85.845
c10207,19.835,85.845
c10208,19.845,85.845
c10209,19.855,85.845
c10210,19.865,85.845
c10211,19.875,85.845
c10212,19.885,85.845
c10213,19.895,85.845
c10214,19.905,85.845
c10215,19.915,85.845
c10216,19.925,85.845
c10217,19.935,85.845
c10218,19.945,85.845
c10219,19.955,85.845
c10220,19.965,85.845
c10221,19.975,85.845
c10222,19.985,85.845
c10223,19.995,85.845
c10224,20.005,85.845
c10225,20.015,85.845
c10226,20.025,85.845
c10227,20.035,85.845
c10228,20.045,85.845
c10229,20.055,85.845
c10230,20.065,85.845
c10231,20.075,85.845
c10232,20.085,85.845
c10233,20.095,85.845
c10234,20.105,85.845
c10235,20.115,85.845
c10236,20.125,85.845
c10237,20.135,85.845
c10238,20.145,85.845
c10239,20.155,85.845
c10240,20.165,85.845
c10241,20.175,85.845
c10242,20.185,85.845
c10243,20.195,85.845
c10244,20.205,85.845
c10245,20.215,85.845
c10246,20.225,85.845
c10247,20.235,85.845
c10248,20.245,85.845
c10249,20.255,85.845
c10250,20.265,85.845
c10251,20.275,85.845
c10252,20.285,85.845
c10253,20.295,85.845
c10254,20.305,85.845
c10255,20.315,85.845
c10256,20.325,85.845
c10257,20.335,85.845
c10258,20.345,85.845
c10259,20.355,85.845
c10260,20.365,85.845
c10261,20.375,85.845
c10262,20.385,85.845
c10263,20.395,85.845
c10264,20.405,85.845
c10265,20.415,85.845
c10266,20.425,85.845
c10267,20.435,85.845
c10268,20.445,85.845
c10269,20.455,85.845
c10270,20.465,85.845
c10271,20.475,85.845
c10272,20.485,85.845
c10273,20.495,85.845
c10274,20.505,85.845
c10275,20.515,85.845
c10276,20.525,85.845
c10277,20.535,85.845
c10278,20.545,85.845
c10279,20.555,85.845
c10280,20.565,85.845
c10281,20.575,85.845
c10282,20.585,85.845
c10283,20.595,85.845
c10284,20.605,85.845
c10285,19.405,85.855
c10286,19.415,85.855
c10287,19.425,85.855
c10288,19.435,85.855
c10289,19.445,85.855
c10290,19.455,85.855
c10291,19.465,85.855
c10292,19.475,85.855
c10293,19.485,85.855
c10294,19.495,85.855
c10295,19.505,85.855
c10296,19.515,85.855
c10297,19.525,85.855
c10298,19.535,85.855
c10299,19.545,85.855
c10300,19.555,85.855
c10301,19.565,85.855
c10302,19.575,85.855
c10303,19.585,85.855
c10304,19.595,85.855
c10305,19.605,85.855
c10306,19.615,85.855
c10307,19.625,85.855
c10308,19.635,85.855
c10309,19.645,85.855
c10310,19.655,85.855
c10311,19.665,85.855
c10312,19.675,85.855
c10313,19.685,85.855
c10314,19.695,85.855
c10315,19.705,85.855
c10316,19.715,85.855
c10317,19.725,85.855
c10318,19.735,85.855
c10319,19.745,85.855
c10320,19.755,85.855
c10321,19.765,85.855
c10322,19.775,85.855
c10323,19.785,85.855
c10324,19.795,85.855
c10325,19.805,85.855
c10326,19.815,85.855
c10327,19.825,85.855
c10328,19.835,85.855
c10329,19.845,85.855
c10330,19.855,85.855
c10331,19.865,85.855
c10332,19.875,85.855
c10333,19.885,85.855
c10334,19.895,85.855
c10335,19.905,85.855
c10336,19.915,85.855
c10337,19.925,85.855
c10338,19.935,85.855
c10339,19.945,85.855
c10340,19.955,85.855
c10341,19.965,85.855
c10342,19.975,85.855
c10343,19.985,85.855
c10344,19.995,85.855
c10345,20.005,85.855
c10346,20.015,85.855
c10347,20.025,85.855
c10348,20.035,85.855
c10349,20.045,85.855
c10350,20.055,85.855
c10351,20.065,85.855
c10352,20.075,85.855
c10353,20.085,85.855
c10354,20.095,85.855
c10355,20.105,85.855
c10356,20.115,85.855
c10357,20.125,85.855
c10358,20.135,85.855
c10359,20.145,85.855
c10360,20.155,85.855
c10361,20.165,85.855
c10362,20.175,85.855
c10363,20.185,85.855
c10364,20.195,85.855
c10365,20.205,85.855
c10366,20.215,85.855
c10367,20.225,85.855
c10368,20.235,85.855
c10369,20.245,85.855
c10370,20.255,85.855
c10371,20.265,85.855
c10372,20.275,85.855
c10373,20.285,85.855
c10374,20.295,85.855
c10375,20.305,85.855
c10376,20.315,85.855
c10377,20.325,85.855
c10378,20.335,85.855
c10379,20.345,85.855
c10380,20.355,85.855
c10381,20.365,85.855
c10382,20.375,85.855
c10383,20.385,85.855
c10384,20.395,85.855
c10385,20.405,85.855
c10386,20.415,85.855
c10387,20.425,85.855
c10388,20.435,85.855
c10389,20.445,85.855
c10390,20.455,85.855
c10391,20.465,85.855
c10392,20.475,85.855
c10393,20.485,85.855
c10394,20.495,85.855
c10395,20.505,85.855
c10396,20.515,85.855
c10397,20.525,85.855
c10398,20.535,85.855
c10399,20.545,85.855
c10400,20.555,85.855
c10401,20.565,85.855
c10402,20.575,85.855
c10403,20.585,85.855
c10404,20.595,85.855
c10405,20.605,85.855
c10406,19.405,85.865
c10407,19.415,85.865
c10408,19.425,85.865
c10409,19.435,85.865
c10410,19.445,85.865
c10411,19.455,85.865
c10412,19.465,85.865
c10413,19.475,85.865
c10414,19.485,85.865
c10415,19.495,85.865
c10416,19.505,85.865
c10417,19.515,85.865
c10418,19.525,85.865
c10419,19.535,85.865
c10420,19.545,85.865
c10421,19.555,85.865
c10422,19.565,85.865
c10423,19.575,85.865
c10424,19.585,85.865
c10425,19.595,85.865
c10426,19.605,85.865
c10427,19.615,85.865
c10428,19.625,85.865
c10429,19.635,85.865
c10430,19.645,85.865
c10431,19.655,85.865
c10432,19.665,85.865
c10433,19.675,85.865
c10434,19.685,85.865
c10435,19.695,85.865
c10436,19.705,85.865
c10437,19.715,85.865
c10438,19.725,85.865
c10439,19.735,85.865
c10440,19.745,85.865
c10441,19.755,85.865
c10442,19.765,85.865
c10443,19.775,85.865
c10444,19.785,85.865
c10445,19.795,85.865
c10446,19.805,85.865
c10447,19.815,85.865
c10448,19.825,85.865
c10449,19.835,85.865
c10450,19.845,85.865
c10451,19.855,85.865
c10452,19.865,85.865
c10453,19.875,85.865
c10454,19.885,85.865
c10455,19.895,85.865
c10456,19.905,85.865
c10457,19.915,85.865
c10458,19.925,85.865
c10459,19.935,85.865
c10460,19.945,85.865
c10461,19.955,85.865
c10462,19.965,85.865
c10463,19.975,85.865
c10464,19.985,85.865
c10465,19.995,85.865
c10466,20.005,85.865
c10467,20.015,85.865
c10468,20.025,85.865
c10469,20.035,85.865
c10470,20.045,85.865
c10471,20.055,85.865
c10472,20.065,85.865
c10473,20.075,85.865
c10474,20.085,85.865
c10475,20.095,85.865
c10476,20.105,85.865
c10477,20.115,85.865
c10478,20.125,85.865
c10479,20.135,85.865
c10480,20.145,85.865
c10481,20.155,85.865
c10482,20.165,85.865
c10483,20.175,85.865
c10484,20.185,85.865
c10485,20.195,85.865
c10486,20.205,85.865
c10487,20.215,85.865
c10488,20.225,85.865
c10489,20.235,85.865
c10490,20.245,85.865
c10491,20.255,85.865
c10492,20.265,85.865
c10493,20.275,85.865
c10494,20.285,85.865
c10495,20.295,85.865
c10496,20.305,85.865
c10497,20.315,85.865
c10498,20.325,85.865
c10499,20.335,85.865
c10500,20.345,85.865
c10501,20.355,85.865
c10502,20.365,85.865
c10503,20.375,85.865
c10504,20.385,85.865
c10505,20.395,85.865
c10506,20.405,85.865
c10507,20.415,85.865
c10508,20.425,85.865
c10509,20.435,85.865
c10510,20.445,85.865
c10511,20.455,85.865
c10512,20.465,85.865
c10513,20.475,85.865
c10514,20.485,85.865
c10515,20.495,85.865
c10516,20.505,85.865
c10517,20.515,85.865
c10518,20.525,85.865
c10519,20.535,85.865
c10520,20.545,85.865
c10521,20.555,85.865
c10522,20.565,85.865
c10523,20.575,85.865
c10524,20.585,85.865
c10525,20.595,85.865
c10526,20.605,85.865
c10527,19.405,85.875
c10528,19.415,85.875
c10529,19.425,85.875
c10530,19.435,85.875
c10531,19.445,85.875
c10532,19.455,85.875
c10533,19.465,85.875
c10534,19.475,85.875
c10535,19.485,85.875
c10536,19.495,85.875
c10537,19.505,85.875
c10538,19.515,85.875
c10539,19.525,85.875
c10540,19.535,85.875
c10541,19.545,85.875
c10542,19.555,85.875
c10543,19.565,85.875
c10544,19.575,85.875
c10545,19.585,85.875
c10546,19.595,85.875
c10547,19.605,85.875
c10548,19.615,85.875
c10549,19.625,85.875
c10550,19.635,85.875
c10551,19.645,85.875
c10552,19.655,85.875
c10553,19.665,85.875
c10554,19.675,85.875
c10555,19.685,85.875
c10556,19.695,85.875
c10557,19.705,85.875
c10558,19.715,85.875
c10559,19.725,85.875
c10560,19.735,85.875
c10561,19.745,85.875
c10562,19.755,85.875
c10563,19.765,85.875
c10564,19.775,85.875
c10565,19.785,85.875
c10566,19.795,85.875
c10567,19.805,85.875
c10568,19.815,85.875
c10569,19.825,85.875
c10570,19.835,85.875
c10571,19.845,85.875
c10572,19.855,85.875
c10573,19.865,85.875
c10574,19.875,85.875
c10575,19.885,85.875
c10576,19.895,85.875
c10577,19.905,85.875
c10578,19.915,85.875
c10579,19.925,85.875
c10580,19.935,85.875
c10581,19.945,85.875
c10582,19.955,85.875
c10583,19.965,85.875
c10584,19.975,85.875
c10585,19.985,85.875
c10586,19.995,85.875
c10587,20.005,85.875
c10588,20.015,85.875
c10589,20.025,85.875
c10590,20.035,85.875
c10591,20.045,85.875
c10592,20.055,85.875
c10593,20.065,85.875
c10594,20.075,85.875
c10595,20.085,85.875
c10596,20.095,85.875
c10597,20.105,85.875
c10598,20.115,85.875
c10599,20.125,85.875
c10600,20.135,85.875
c10601,20.145,85.875
c10602,20.155,85.875
c10603,20.165,85.875
c10604,20.175,85.875
c10605,20.185,85.875
c10606,20.195,85.875
c10607,20.205,85.875
c10608,20.215,85.875
c10609,20.225,85.875
c10610,20.235,85.875
c10611,20.245,85.875
c10612,20.255,85.875
c10613,20.265,85.875
c10614,20.275,85.875
c10615,20.285,85.875
c10616,20.295,85.875
c10617,20.305,85.875
c10618,20.315,85.875
c10619,20.325,85.875
c10620,20.335,85.875
c10621,20.345,85.875
c10622,20.355,85.875
c10623,20.365,85.875
c10624,20.375,85.875
c10625,20.385,85.875
c10626,20.395,85.875
c10627,20.405,85.875
c10628,20.415,85.875
c10629,20.425,85.875
c10630,20.435,85.875
c10631,20.445,85.875
c10632,20.455,85.875
c10633,20.465,85.875
c10634,20.475,85.875
c10635,20.485,85.875
c10636,20.495,85.875
c10637,20.505,85.875
c10638,20.515,85.875
c10639,20.525,85.875
c10640,20.535,85.875
c10641,20.545,85.875
c10642,20.555,85.875
c10643,20.565,85.875
c10644,20.575,85.875
c10645,20.585,85.875
c10646,20.595,85.875
c10647,20.605,85.875
c10648,19.405,85.885
c10649,19.415,85.885
c10650,19.425,85.885
c10651,19.435,85.885
c10652,19.445,85.885
c10653,19.455,85.885
c10654,19.465,85.885
c10655,19.475,85.885
c10656,19.485,85.885
c10657,19.495,85.885
c10658,19.505,85.885
c10659,19.515,85.885
c10660,19.525,85.885
c10661,19.535,85.885
c10662,19.545,85.885
c10663,19.555,85.885
c10664,19.565,85.885
c10665,19.575,85.885
c10666,19.585,85.885
c10667,19.595,85.885
c10668,19.605,85.885
c10669,19.615,85.885
c10670,19.625,85.885
c10671,19.635,85.885
c10672,19.645,85.885
c10673,19.655,85.885
c10674,19.665,85.885
c10675,19.675,85.885
c10676,19.685,85.885
c10677,19.695,85.885
c10678,19.705,85.885
c10679,19.715,85.885
c10680,19.725,85.885
c10681,19.735,85.885
c10682,19.745,85.885
c10683,19.755,85.885
c10684,19.765,85.885
c10685,19.775,85.885
c10686,19.785,85.885
c10687,19.795,85.885
c10688,19.805,85.885
c10689,19.815,85.885
c10690,19.825,85.885
c10691,19.835,85.885
c10692,19.845,85.885
c10693,19.855,85.885
c10694,19.865,85.885
c10695,19.875,85.885
c10696,19.885,85.885
c10697,19.895,85.885
c10698,19.905,85.885
c10699,19.915,85.885
c10700,19.925,85.885
c10701,19.935,85.885
c10702,19.945,85.885
c10703,19.955,85.885
c10704,19.965,85.885
c10705,19.975,85.885
c10706,19.985,85.885
c10707,19.995,85.885
c10708,20.005,85.885
c10709,20.015,85.885
c10710,20.025,85.885
c10711,20.035,85.885
c10712,20.045,85.885
c10713,20.055,85.885
c10714,20.065,85.885
c10715,20.075,85.885
c10716,20.085,85.885
c10717,20.095,85.885
c10718,20.105,85.885
c10719,20.115,85.885
c10720,20.125,85.885
c10721,20.135,85.885
c10722,20.145,85.885
c10723,20.155,85.885
c10724,20.165,85.885
c10725,20.175,85.885
c10726,20.185,85.885
c10727,20.195,85.885
c10728,20.205,85.885
c10729,20.215,85.885
c10730,20.225,85.885
c10731,20.235,85.885
c10732,20.245,85.885
c10733,20.255,85.885
c10734,20.265,85.885
c10735,20.275,85.885
c10736,20.285,85.885
c10737,20.295,85.885
c10738,20.305,85.885
c10739,20.315,85.885
c10740,20.325,85.885
c10741,20.335,85.885
c10742,20.345,85.885
c10743,20.355,85.885
c10744,20.365,85.885
c10745,20.375,85.885
c10746,20.385,85.885
c10747,20.395,85.885
c10748,20.405,85.885
c10749,20.415,85.885
c10750,20.425,85.885
c10751,20.435,85.885
c10752,20.445,85.885
c10753,20.455,85.885
c10754,20.465,85.885
c10755,20.475,85.885
c10756,20.485,85.885
c10757,20.495,85.885
c10758,20.505,85.885
c10759,20.515,85.885
c10760,20.525,85.885
c10761,20.535,85.885
c10762,20.545,85.885
c10763,20.555,85.885
c10764,20.565,85.885
c10765,20.575,85.885
c10766,20.585,85.885
c10767,20.595,85.885
c10768,20.605,85.885
c10769,19.405,85.895
c10770,19.415,85.895
c10771,19.425,85.895
c10772,19.435,85.895
c10773,19.445,85.895
c10774,19.455,85.895
c10775,19.465,85.895
c10776,19.475,85.895
c10777,19.485,85.895
c10778,19.495,85.895
c10779,19.505,85.895
c10780,19.515,85.895
c10781,19.525,85.895
c10782,19.535,85.895
c10783,19.545,85.895
c10784,19.555,85.895
c10785,19.565,85.895
c10786,19.575,85.895
c10787,19.585,85.895
c10788,19.595,85.895
c10789,19.605,85.895
c10790,19.615,85.895
c10791,19.625,85.895
c10792,19.635,85.895
c10793,19.645,85.895
c10794,19.655,85.895
c10795,19.665,85.895
c10796,19.675,85.895
c10797,19.685,85.895
c10798,19.695,85.895
c10799,19.705,85.895
c10800,19.715,85.895
c10801,19.725,85.895
c10802,19.735,85.895
c10803,19.745,85.895
c10804,19.755,85.895
c10805,19.765,85.895
c10806,19.775,85.895
c10807,19.785,85.895
c10808,19.795,85.895
c10809,19.805,85.895
c10810,19.815,85.895
c10811,19.825,85.895
c10812,19.835,85.895
c10813,19.845,85.895
c10814,19.855,85.895
c10815,19.865,85.895
c10816,19.875,85.895
c10817,19.885,85.895
c10818,19.895,85.895
c10819,19.905,85.895
c10820,19.915,85.895
c10821,19.925,85.895
c10822,19.935,85.895
c10823,19.945,85.895
c10824,19.955,85.895
c10825,19.965,85.895
c10826,19.975,85.895
c10827,19.985,85.895
c10828,19.995,85.895
c10829,20.005,85.895
c10830,20.015,85.895
c10831,20.025,85.895
c10832,20.035,85.895
c10833,20.045,85.895
c10834,20.055,85.895
c10835,20.065,85.895
c10836,20.075,85.895
c10837,20.085,85.895
c10838,20.095,85.895
c10839,20.105,85.895
c10840,20.115,85.895
c10841,20.125,85.895
c10842,20.135,85.895
c10843,20.145,85.895
c10844,20.155,85.895
c10845,20.165,85.895
c10846,20.175,85.895
c10847,20.185,85.895
c10848,20.195,85.895
c10849,20.205,85.895
c10850,20.215,85.895
c10851,20.225,85.895
c10852,20.235,85.895
c10853,20.245,85.895
c10854,20.255,85.895
c10855,20.265,85.895
c10856,20.275,85.895
c10857,20.285,85.895
c10858,20.295,85.895
c10859,20.305,85.895
c10860,20.315,85.895
c10861,20.325,85.895
c10862,20.335,85.895
c10863,20.345,85.895
c10864,20.355,85.895
c10865,20.365,85.895
c10866,20.375,85.895
c10867,20.385,85.895
c10868,20.395,85.895
c10869,20.405,85.895
c10870,20.415,85.895
c10871,20.425,85.895
c10872,20.435,85.895
c10873,20.445,85.895
c10874,20.455,85.895
c10875,20.465,85.895
c10876,20.475,85.895
c10877,20.485,85.895
c10878,20.495,85.895
c10879,20.505,85.895
c10880,20.515,85.895
c10881,20.525,85.895
c10882,20.535,85.895
c10883,20.545,85.895
c10884,20.555,85.895
c10885,20.565,85.895
c10886,20.575,85.895
c10887,20.585,85.895
c10888,20.595,85.895
c10889,20.605,85.895
c10890,19.405,85.905
c10891,19.415,85.905
c10892,19.425,85.905
c10893,19.435,85.905
c10894,19.445,85.905
c10895,19.455,85.905
c10896,19.465,85.905
c10897,19.475,85.905
c10898,19.485,85.905
c10899,19.495,85.905
c10900,19.505,85.905
c10901,19.515,85.905
c10902,19.525,85.905
c10903,19.535,85.905
c10904,19.545,85.905
c10905,19.555,85.905
c10906,19.565,85.905
c10907,19.575,85.905
c10908,19.585,85.905
c10909,19.595,85.905
c10910,19.605,85.905
c10911,19.615,85.905
c10912,19.625,85.905
c10913,19.635,85.905
c10914,19.645,85.905
c10915,19.655,85.905
c10916,19.665,85.905
c10917,19.675,85.905
c10918,19.685,85.905
c10919,19.695,85.905
c10920,19.705,85.905
c10921,19.715,85.905
c10922,19.725,85.905
c10923,19.735,85.905
c10924,19.745,85.905
c10925,19.755,85.905
c10926,19.765,85.905
c10927,19.775,85.905
c10928,19.785,85.905
c10929,19.795,85.905
c10930,19.805,85.905
c10931,19.815,85.905
c10932,19.825,85.905
c10933,19.835,85.905
c10934,19.845,85.905
c10935,19.855,85.905
c10936,19.865,85.905
c10937,19.875,85.905
c10938,19.885,85.905
c10939,19.895,85.905
c10940,19.905,85.905
c10941,19.915,85.905
c10942,19.925,85.905
c10943,19.935,85.905
c10944,19.945,85.905
c10945,19.955,85.905
c10946,19.965,85.905
c10947,19.975,85.905
c10948,19.985,85.905
c10949,19.995,85.905
c10950,20.005,85.905
c10951,20.015,85.905
c10952,20.025,85.905
c10953,20.035,85.905
c10954,20.045,85.905
c10955,20.055,85.905
c10956,20.065,85.905
c10957,20.075,85.905
c10958,20.085,85.905
c10959,20.095,85.905
c10960,20.105,85.905
c10961,20.115,85.905
c10962,20.125,85.905
c10963,20.135,85.905
c10964,20.145,85.905
c10965,20.155,85.905
c10966,20.165,85.905
c10967,20.175,85.905
c10968,20.185,85.905
c10969,20.195,85.905
c10970,20.205,85.905
c10971,20.215,85.905
c10972,20.225,85.905
c10973,20.235,85.905
c10974,20.245,85.905
c10975,20.255,85.905
c10976,20.265,85.905
c10977,20.275,85.905
c10978,20.285,85.905
c10979,20.295,85.905
c10980,20.305,85.905
c10981,20.315,85.905
c10982,20.325,85.905
c10983,20.335,85.905
c10984,20.345,85.905
c10985,20.355,85.905
c10986,20.365,85.905
c10987,20.375,85.905
c10988,20.385,85.905
c10989,20.395,85.905
c10990,20.405,85.905
c10991,20.415,85.905
c10992,20.425,85.905
c10993,20.435,85.905
c10994,20.445,85.905
c10995,20.455,85.905
c10996,20.465,85.905
c10997,20.475,85.905
c10998,20.485,85.905
c10999,20.495,85.905
c11000,20.505,85.905
c11001,20.515,85.905
c11002,20.525,85.905
c11003,20.535,85.905
c11004,20.545,85.905
c11005,20.555,85.905
c11006,20.565,85.905
c11007,20.575,85.905
c11008,20.585,85.905
c11009,20.595,85.905
c11010,20.605,85.905
c11011,19.405,85.915
c11012,19.415,85.915
c11013,19.425,85.915
c11014,19.435,85.915
c11015,19.445,85.915
c11016,19.455,85.915
c11017,19.465,85.915
c11018,19.475,85.915
c11019,19.485,85.915
c11020,19.495,85.915
c11021,19.505,85.915
c11022,19.515,85.915
c11023,19.525,85.915
c11024,19.535,85.915
c11025,19.545,85.915
c11026,19.555,85.915
c11027,19.565,85.915
c11028,19.575,85.915
c11029,19.585,85.915
c11030,19.595,85.915
c11031,19.605,85.915
c11032,19.615,85.915
c11033,19.625,85.915
c11034,19.635,85.915
c11035,19.645,85.915
c11036,19.655,85.915
c11037,19.665,85.915
c11038,19.675,85.915
c11039,19.685,85.915
c11040,19.695,85.915
c11041,19.705,85.915
c11042,19.715,85.915
c11043,19.725,85.915
c11044,19.735,85.915
c11045,19.745,85.915
c11046,19.755,85.915
c11047,19.765,85.915
c11048,19.775,85.915
c11049,19.785,85.915
c11050,19.795,85.915
c11051,19.805,85.915
c11052,19.815,85.915
c11053,19.825,85.915
c11054,19.835,85.915
c11055,19.845,85.915
c11056,19.855,85.915
c11057,19.865,85.915
c11058,19.875,85.915
c11059,19.885,85.915
c11060,19.895,85.915
c11061,19.905,85.915
c11062,19.915,85.915
c11063,19.925,85.915
c11064,19.935,85.915
c11065,19.945,85.915
c11066,19.955,85.915
c11067,19.965,85.915
c11068,19.975,85.915
c11069,19.985,85.915
c11070,19.995,85.915
c11071,20.005,85.915
c11072,20.015,85.915
c11073,20.025,85.915
c11074,20.035,85.915
c11075,20.045,85.915
c11076,20.055,85.915
c11077,20.065,85.915
c11078,20.075,85.915
c11079,20.085,85.915
c11080,20.095,85.915
c11081,20.105,85.915
c11082,20.115,85.915
c11083,20.125,85.915
c11084,20.135,85.915
c11085,20.145,85.915
c11086,20.155,85.915
c11087,20.165,85.915
c11088,20.175,85.915
c11089,20.185,85.915
c11090,20.195,85.915
c11091,20.205,85.915
c11092,20.215,85.915
c11093,20.225,85.915
c11094,20.235,85.915
c11095,20.245,85.915
c11096,20.255,85.915
c11097,20.265,85.915
c11098,20.275,85.915
c11099,20.285,85.915
c11100,20.295,85.915
c11101,20.305,85.915
c11102,20.315,85.915
c11103,20.325,85.915
c11104,20.335,85.915
c11105,20.345,85.915
c11106,20.355,85.915
c11107,20.365,85.915
c11108,20.375,85.915
c11109,20.385,85.915
c11110,20.395,85.915
c11111,20.405,85.915
c11112,20.415,85.915
c11113,20.425,85.915
c11114,20.435,85.915
c11115,20.445,85.915
c11116,20.455,85.915
c11117,20.465,85.915
c11118,20.475,85.915
c11119,20.485,85.915
c11120,20.495,85.915
c11121,20.505,85.915
c11122,20.515,85.915
c11123,20.525,85.915
c11124,20.535,85.915
c11125,20.545,85.915
c11126,20.555,85.915
c11127,20.565,85.915
c11128,20.575,85.915
c11129,20.585,85.915
c11130,20.595,85.915
c11131,20.605,85.915
c11132,19.405,85.925
c11133,19.415,85.925
c11134,19.425,85.925
c11135,19.435,85.925
c11136,19.445,85.925
c11137,19.455,85.925
c11138,19.465,85.925
c11139,19.475,85.925
c11140,19.485,85.925
c11141,19.495,85.925
c11142,19.505,85.925
c11143,19.515,85.925
c11144,19.525,85.925
c11145,19.535,85.925
c11146,19.545,85.925
c11147,19.555,85.925
c11148,19.565,85.925
c11149,19.575,85.925
c11150,19.585,85.925
c11151,19.595,85.925
c11152,19.605,85.925
c11153,19.615,85.925
c11154,19.625,85.925
c11155,19.635,85.925
c11156,19.645,85.925
c11157,19.655,85.925
c11158,19.665,85.925
c11159,19.675,85.925
c11160,19.685,85.925
c11161,19.695,85.925
c11162,19.705,85.925
c11163,19.715,85.925
c11164,19.725,85.925
c11165,19.735,85.925
c11166,19.745,85.925
c11167,19.755,85.925
c11168,19.765,85.925
c11169,19.775,85.925
c11170,19.785,85.925
c11171,19.795,85.925
c11172,19.805,85.925
c11173,19.815,85.925
c11174,19.825,85.925
c11175,19.835,85.925
c11176,19.845,85.925
c11177,19.855,85.925
c11178,19.865,85.925
c11179,19.875,85.925
c11180,19.885,85.925
c11181,19.895,85.925
c11182,19.905,85.925
c11183,19.915,85.925
c11184,19.925,85.925
c11185,19.935,85.925
c11186,19.945,85.925
c11187,19.955,85.925
c11188,19.965,85.925
c11189,19.975,85.925
c11190,19.985,85.925
c11191,19.995,85.925
c11192,20.005,85.925
c11193,20.015,85.925
c11194,20.025,85.925
c11195,20.035,85.925
c11196,20.045,85.925
c11197,20.055,85.925
c11198,20.065,85.925
c11199,20.075,85.925
c11200,20.085,85.925
c11201,20.095,85.925
c11202,20.105,85.925
c11203,20.115,85.925
c11204,20.125,85.925
c11205,20.135,85.925
c11206,20.145,85.925
c11207,20.155,85.925
c11208,20.165,85.925
c11209,20.175,85.925
c11210,20.185,85.925
c11211,20.195,85.925
c11212,20.205,85.925
c11213,20.215,85.925
c11214,20.225,85.925
c11215,20.235,85.925
c11216,20.245,85.925
c11217,20.255,85.925
c11218,20.265,85.925
c11219,20.275,85.925
c11220,20.285,85.925
c11221,20.295,85.925
c11222,20.305,85.925
c11223,20.315,85.925
c11224,20.325,85.925
c11225,20.335,85.925
c11226,20.345,85.925
c11227,20.355,85.925
c11228,20.365,85.925
c11229,20.375,85.925
c11230,20.385,85.925
c11231,20.395,85.925
c11232,20.405,85.925
c11233,20.415,85.925
c11234,20.425,85.925
c11235,20.435,85.925
c11236,20.445,85.925
c11237,20.455,85.925
c11238,20.465,85.925
c11239,20.475,85.925
c11240,20.485,85.925
c11241,20.495,85.925
c11242,20.505,85.925
c11243,20.515,85.925
c11244,20.525,85.925
c11245,20.535,85.925
c11246,20.545,85.925
c11247,20.555,85.925
c11248,20.565,85.925
c11249,20.575,85.925
c11250,20.585,85.925
c11251,20.595,85.925
c11252,20.605,85.925
c11253,19.405,85.935
c11254,19.415,85.935
c11255,19.425,85.935
c11256,19.435,85.935
c11257,19.445,85.935
c11258,19.455,85.935
c11259,19.465,85.935
c11260,19.475,85.935
c11261,19.485,85.935
c11262,19.495,85.935
c11263,19.505,85.935
c11264,19.515,85.935
c11265,19.525,85.935
c11266,19.535,85.935
c11267,19.545,85.935
c11268,19.555,85.935
c11269,19.565,85.935
c11270,19.575,85.935
c11271,19.585,85.935
c11272,19.595,85.935
c11273,19.605,85.935
c11274,19.615,85.935
c11275,19.625,85.935
c11276,19.635,85.935
c11277,19.645,85.935
c11278,19.655,85.935
c11279,19.665,85.935
c11280,19.675,85.935
c11281,19.685,85.935
c11282,19.695,85.935
c11283,19.705,85.935
c11284,19.715,85.935
c11285,19.725,85.935
c11286,19.735,85.935
c11287,19.745,85.935
c11288,19.755,85.935
c11289,19.765,85.935
c11290,19.775,85.935
c11291,19.785,85.935
c11292,19.795,85.935
c11293,19.805,85.935
c11294,19.815,85.935
c11295,19.825,85.935
c11296,19.835,85.935
c11297,19.845,85.935
c11298,19.855,85.935
c11299,19.865,85.935
c11300,19.875,85.935
c11301,19.885,85.935
c11302,19.895,85.935
c11303,19.905,85.935
c11304,19.915,85.935
c11305,19.925,85.935
c11306,19.935,85.935
c11307,19.945,85.935
c11308,19.955,85.935
c11309,19.965,85.935
c11310,19.975,85.935
c11311,19.985,85.935
c11312,19.995,85.935
c11313,20.005,85.935
c11314,20.015,85.935
c11315,20.025,85.935
c11316,20.035,85.935
c11317,20.045,85.935
c11318,20.055,85.935
c11319,20.065,85.935
c11320,20.075,85.935
c11321,20.085,85.935
c11322,20.095,85.935
c11323,20.105,85.935
c11324,20.115,85.935
c11325,20.125,85.935
c11326,20.135,85.935
c11327,20.145,85.935
c11328,20.155,85.935
c11329,20.165,85.935
c11330,20.175,85.935
c11331,20.185,85.935
c11332,20.195,85.935
c11333,20.205,85.935
c11334,20.215,85.935
c11335,20.225,85.935
c11336,20.235,85.935
c11337,20.245,85.935
c11338,20.255,85.935
c11339,20.265,85.935
c11340,20.275,85.935
c11341,20.285,85.935
c11342,20.295,85.935
c11343,20.305,85.935
c11344,20.315,85.935
c11345,20.325,85.935
c11346,20.335,85.935
c11347,20.345,85.935
c11348,20.355,85.935
c11349,20.365,85.935
c11350,20.375,85.935
c11351,20.385,85.935
c11352,20.395,85.935
c11353,20.405,85.935
c11354,20.415,85.935
c11355,20.425,85.935
c11356,20.435,85.935
c11357,20.445,85.935
c11358,20.455,85.935
c11359,20.465,85.935
c11360,20.475,85.935
c11361,20.485,85.935
c11362,20.495,85.935
c11363,20.505,85.935
c11364,20.515,85.935
c11365,20.525,85.935
c11366,20.535,85.935
c11367,20.545,85.935
c11368,20.555,85.935
c11369,20.565,85.935
c11370,20.575,85.935
c11371,20.585,85.935
c11372,20.595,85.935
c11373,20.605,85.935
c11374,19.405,85.945
c11375,19.415,85.945
c11376,19.425,85.945
c11377,19.435,85.945
c11378,19.445,85.945
c11379,19.455,85.945
c11380,19.465,85.945
c11381,19.475,85.945
c11382,19.485,85.945
c11383,19.495,85.945
c11384,19.505,85.945
c11385,19.515,85.945
c11386,19.525,85.945
c11387,19.535,85.945
c11388,19.545,85.945
c11389,19.555,85.945
c11390,19.565,85.945
c11391,19.575,85.945
c11392,19.585,85.945
c11393,19.595,85.945
c11394,19.605,85.945
c11395,19.615,85.945
c11396,19.625,85.945
c11397,19.635,85.945
c11398,19.645,85.945
c11399,19.655,85.945
c11400,19.665,85.945
c11401,19.675,85.945
c11402,19.685,85.945
c11403,19.695,85.945
c11404,19.705,85.945
c11405,19.715,85.945
c11406,19.725,85.945
c11407,19.735,85.945
c11408,19.745,85.945
c11409,19.755,85.945
c11410,19.765,85.945
c11411,19.775,85.945
c11412,19.785,85.945
c11413,19.795,85.945
c11414,19.805,85.945
c11415,19.815,85.945
c11416,19.825,85.945
c11417,19.835,85.945
c11418,19.845,85.945
c11419,19.855,85.945
c11420,19.865,85.945
c11421,19.875,85.945
c11422,19.885,85.945
c11423,19.895,85.945
c11424,19.905,85.945
c11425,19.915,85.945
c11426,19.925,85.945
c11427,19.935,85.945
c11428,19.945,85.945
c11429,19.955,85.945
c11430,19.965,85.945
c11431,19.975,85.945
c11432,19.985,85.945
c11433,19.995,85.945
c11434,20.005,85.945
c11435,20.015,85.945
c11436,20.025,85.945
c11437,20.035,85.945
c11438,20.045,85.945
c11439,20.055,85.945
c11440,20.065,85.945
c11441,20.075,85.945
c11442,20.085,85.945
c11443,20.095,85.945
c11444,20.105,85.945
c11445,20.115,85.945
c11446,20.125,85.945
c11447,20.135,85.945
c11448,20.145,85.945
c11449,20.155,85.945
c11450,20.165,85.945
c11451,20.175,85.945
c11452,20.185,85.945
c11453,20.195,85.945
c11454,20.205,85.945
c11455,20.215,85.945
c11456,20.225,85.945
c11457,20.235,85.945
c11458,20.245,85.945
c11459,20.255,85.945
c11460,20.265,85.945
c11461,20.275,85.945
c11462,20.285,85.945
c11463,20.295,85.945
c11464,20.305,85.945
c11465,20.315,85.945
c11466,20.325,85.945
c11467,20.335,85.945
c11468,20.345,85.945
c11469,20.355,85.945
c11470,20.365,85.945
c11471,20.375,85.945
c11472,20.385,85.945
c11473,20.395,85.945
c11474,20.405,85.945
c11475,20.415,85.945
c11476,20.425,85.945
c11477,20.435,85.945
c11478,20.445,85.945
c11479,20.455,85.945
c11480,20.465,85.945
c11481,20.475,85.945
c11482,20.485,85.945
c11483,20.495,85.945
c11484,20.505,85.945
c11485,20.515,85.945
c11486,20.525,85.945
c11487,20.535,85.945
c11488,20.545,85.945
c11489,20.555,85.945
c11490,20.565,85.945
c11491,20.575,85.945
c11492,20.585,85.945
c11493,20.595,85.945
c11494,20.605,85.945
c11495,19.405,85.955
c11496,19.415,85.955
c11497,19.425,85.955
c11498,19.435,85.955
c11499,19.445,85.955
c11500,19.455,85.955
c11501,19.465,85.955
c11502,19.475,85.955
c11503,19.485,85.955
c11504,19.495,85.955
c11505,19.505,85.955
c11506,19.515,85.955
c11507,19.525,85.955
c11508,19.535,85.955
c11509,19.545,85.955
c11510,19.555,85.955
c11511,19.565,85.955
c11512,19.575,85.955
c11513,19.585,85.955
c11514,19.595,85.955
c11515,19.605,85.955
c11516,19.615,85.955
c11517,19.625,85.955
c11518,19.635,85.955
c11519,19.645,85.955
c11520,19.655,85.955
c11521,19.665,85.955
c11522,19.675,85.955
c11523,19.685,85.955
c11524,19.695,85.955
c11525,19.705,85.955
c11526,19.715,85.955
c11527,19.725,85.955
c11528,19.735,85.955
c11529,19.745,85.955
c11530,19.755,85.955
c11531,19.765,85.955
c11532,19.775,85.955
c11533,19.785,85.955
c11534,19.795,85.955
c11535,19.805,85.955
c11536,19.815,85.955
c11537,19.825,85.955
c11538,19.835,85.955
c11539,19.845,85.955
c11540,19.855,85.955
c11541,19.865,85.955
c11542,19.875,85.955
c11543,19.885,85.955
c11544,19.895,85.955
c11545,19.905,85.955
c11546,19.915,85.955
c11547,19.925,85.955
c11548,19.935,85.955
c11549,19.945,85.955
c11550,19.955,85.955
c11551,19.965,85.955
c11552,19.975,85.955
c11553,19.985,85.955
c11554,19.995,85.955
c11555,20.005,85.955
c11556,20.015,85.955
c11557,20.025,85.955
c11558,20.035,85.955
c11559,20.045,85.955
c11560,20.055,85.955
c11561,20.065,85.955
c11562,20.075,85.955
c11563,20.085,85.955
c11564,20.095,85.955
c11565,20.105,85.955
c11566,20.115,85.955
c11567,20.125,85.955
c11568,20.135,85.955
c11569,20.145,85.955
c11570,20.155,85.955
c11571,20.165,85.955
c11572,20.175,85.955
c11573,20.185,85.955
c11574,20.195,85.955
c11575,20.205,85.955
c11576,20.215,85.955
c11577,20.225,85.955
c11578,20.235,85.955
c11579,20.245,85.955
c11580,20.255,85.955
c11581,20.265,85.955
c11582,20.275,85.955
c11583,20.285,85.955
c11584,20.295,85.955
c11585,20.305,85.955
c11586,20.315,85.955
c11587,20.325,85.955
c11588,20.335,85.955
c11589,20.345,85.955
c11590,20.355,85.955
c11591,20.365,85.955
c11592,20.375,85.955
c11593,20.385,85.955
c11594,20.395,85.955
c11595,20.405,85.955
c11596,20.415,85.955
c11597,20.425,85.955
c11598,20.435,85.955
c11599,20.445,85.955
c11600,20.455,85.955
c11601,20.465,85.955
c11602,20.475,85.955
c11603,20.485,85.955
c11604,20.495,85.955
c11605,20.505,85.955
c11606,20.515,85.955
c11607,20.525,85.955
c11608,20.535,85.955
c11609,20.545,85.955
c11610,20.555,85.955
c11611,20.565,85.955
c11612,20.575,85.955
c11613,20.585,85.955
c11614,20.595,85.955
c11615,20.605,85.955
c11616,19.405,85.965
c11617,19.415,85.965
c11618,19.425,85.965
c11619,19.435,85.965
c11620,19.445,85.965
c11621,19.455,85.965
c11622,19.465,85.965
c11623,19.475,85.965
c11624,19.485,85.965
c11625,19.495,85.965
c11626,19.505,85.965
c11627,19.515,85.965
c11628,19.525,85.965
c11629,19.535,85.965
c11630,19.545,85.965
c11631,19.555,85.965
c11632,19.565,85.965
c11633,19.575,85.965
c11634,19.585,85.965
c11635,19.595,85.965
c11636,19.605,85.965
c11637,19.615,85.965
c11638,19.625,85.965
c11639,19.635,85.965
c11640,19.645,85.965
c11641,19.655,85.965
c11642,19.665,85.965
c11643,19.675,85.965
c11644,19.685,85.965
c11645,19.695,85.965
c11646,19.705,85.965
c11647,19.715,85.965
c11648,19.725,85.965
c11649,19.735,85.965
c11650,19.745,85.965
c11651,19.755,85.965
c11652,19.765,85.965
c11653,19.775,85.965
c11654,19.785,85.965
c11655,19.795,85.965
c11656,19.805,85.965
c11657,19.815,85.965
c11658,19.825,85.965
c11659,19.835,85.965
c11660,19.845,85.965
c11661,19.855,85.965
c11662,19.865,85.965
c11663,19.875,85.965
c11664,19.885,85.965
c11665,19.895,85.965
c11666,19.905,85.965
c11667,19.915,85.965
c11668,19.925,85.965
c11669,19.935,85.965
c11670,19.945,85.965
c11671,19.955,85.965
c11672,19.965,85.965
c11673,19.975,85.965
c11674,19.985,85.965
c11675,19.995,85.965
c11676,20.005,85.965
c11677,20.015,85.965
c11678,20.025,85.965
c11679,20.035,85.965
c11680,20.045,85.965
c11681,20.055,85.965
c11682,20.065,85.965
c11683,20.075,85.965
c11684,20.085,85.965
c11685,20.095,85.965
c11686,20.105,85.965
c11687,20.115,85.965
c11688,20.125,85.965
c11689,20.135,85.965
c11690,20.145,85.965
c11691,20.155,85.965
c11692,20.165,85.965
c11693,20.175,85.965
c11694,20.185,85.965
c11695,20.195,85.965
c11696,20.205,85.965
c11697,20.215,85.965
c11698,20.225,85.965
c11699,20.235,85.965
c11700,20.245,85.965
c11701,20.255,85.965
c11702,20.265,85.965
c11703,20.275,85.965
c11704,20.285,85.965
c11705,20.295,85.965
c11706,20.305,85.965
c11707,20.315,85.965
c11708,20.325,85.965
c11709,20.335,85.965
c11710,20.345,85.965
c11711,20.355,85.965
c11712,20.365,85.965
c11713,20.375,85.965
c11714,20.385,85.965
c11715,20.395,85.965
c11716,20.405,85.965
c11717,20.415,85.965
c11718,20.425,85.965
c11719,20.435,85.965
c11720,20.445,85.965
c11721,20.455,85.965
c11722,20.465,85.965
c11723,20.475,85.965
c11724,20.485,85.965
c11725,20.495,85.965
c11726,20.505,85.965
c11727,20.515,85.965
c11728,20.525,85.965
c11729,20.535,85.965
c11730,20.545,85.965
c11731,20.555,85.965
c11732,20.565,85.965
c11733,20.575,85.965
c11734,20.585,85.965
c11735,20.595,85.965
c11736,20.605,85.965
c11737,19.405,85.975
c11738,19.415,85.975
c11739,19.425,85.975
c11740,19.435,85.975
c11741,19.445,85.975
c11742,19.455,85.975
c11743,19.465,85.975
c11744,19.475,85.975
c11745,19.485,85.975
c11746,19.495,85.975
c11747,19.505,85.975
c11748,19.515,85.975
c11749,19.525,85.975
c11750,19.535,85.975
c11751,19.545,85.975
c11752,19.555,85.975
c11753,19.565,85.975
c11754,19.575,85.975
c11755,19.585,85.975
c11756,19.595,85.975
c11757,19.605,85.975
c11758,19.615,85.975
c11759,19.625,85.975
c11760,19.635,85.975
c11761,19.645,85.975
c11762,19.655,85.975
c11763,19.665,85.975
c11764,19.675,85.975
c11765,19.685,85.975
c11766,19.695,85.975
c11767,19.705,85.975
c11768,19.715,85.975
c11769,19.725,85.975
c11770,19.735,85.975
c11771,19.745,85.975
c11772,19.755,85.975
c11773,19.765,85.975
c11774,19.775,85.975
c11775,19.785,85.975
c11776,19.795,85.975
c11777,19.805,85.975
c11778,19.815,85.975
c11779,19.825,85.975
c11780,19.835,85.975
c11781,19.845,85.975
c11782,19.855,85.975
c11783,19.865,85.975
c11784,19.875,85.975
c11785,19.885,85.975
c11786,19.895,85.975
c11787,19.905,85.975
c11788,19.915,85.975
c11789,19.925,85.975
c11790,19.935,85.975
c11791,19.945,85.975
c11792,19.955,85.975
c11793,19.965,85.975
c11794,19.975,85.975
c11795,19.985,85.975
c11796,19.995,85.975
c11797,20.005,85.975
c11798,20.015,85.975
c11799,20.025,85.975
c11800,20.035,85.975
c11801,20.045,85.975
c11802,20.055,85.975
c11803,20.065,85.975
c11804,20.075,85.975
c11805,20.085,85.975
c11806,20.095,85.975
c11807,20.105,85.975
c11808,20.115,85.975
c11809,20.125,85.975
c11810,20.135,85.975
c11811,20.145,85.975
c11812,20.155,85.975
c11813,20.165,85.975
c11814,20.175,85.975
c11815,20.185,85.975
c11816,20.195,85.975
c11817,20.205,85.975
c11818,20.215,85.975
c11819,20.225,85.975
c11820,20.235,85.975
c11821,20.245,85.975
c11822,20.255,85.975
c11823,20.265,85.975
c11824,20.275,85.975
c11825,20.285,85.975
c11826,20.295,85.975
c11827,20.305,85.975
c11828,20.315,85.975
c11829,20.325,85.975
c11830,20.335,85.975
c11831,20.345,85.975
c11832,20.355,85.975
c11833,20.365,85.975
c11834,20.375,85.975
c11835,20.385,85.975
c11836,20.395,85.975
c11837,20.405,85.975
c11838,20.415,85.975
c11839,20.425,85.975
c11840,20.435,85.975
c11841,20.445,85.975
c11842,20.455,85.975
c11843,20.465,85.975
c11844,20.475,85.975
c11845,20.485,85.975
c11846,20.495,85.975
c11847,20.505,85.975
c11848,20.515,85.975
c11849,20.525,85.975
c11850,20.535,85.975
c11851,20.545,85.975
c11852,20.555,85.975
c11853,20.565,85.975
c11854,20.575,85.975
c11855,20.585,85.975
c11856,20.595,85.975
c11857,20.605,85.975
c11858,19.405,85.985
c11859,19.415,85.985
c11860,19.425,85.985
c11861,19.435,85.985
c11862,19.445,85.985
c11863,19.455,85.985
c11864,19.465,85.985
c11865,19.475,85.985
c11866,19.485,85.985
c11867,19.495,85.985
c11868,19.505,85.985
c11869,19.515,85.985
c11870,19.525,85.985
c11871,19.535,85.985
c11872,19.545,85.985
c11873,19.555,85.985
c11874,19.565,85.985
c11875,19.575,85.985
c11876,19.585,85.985
c11877,19.595,85.985
c11878,19.605,85.985
c11879,19.615,85.985
c11880,19.625,85.985
c11881,19.635,85.985
c11882,19.645,85.985
c11883,19.655,85.985
c11884,19.665,85.985
c11885,19.675,85.985
c11886,19.685,85.985
c11887,19.695,85.985
c11888,19.705,85.985
c11889,19.715,85.985
c11890,19.725,85.985
c11891,19.735,85.985
c11892,19.745,85.985
c11893,19.755,85.985
c11894,19.765,85.985
c11895,19.775,85.985
c11896,19.785,85.985
c11897,19.795,85.985
c11898,19.805,85.985
c11899,19.815,85.985
c11900,19.825,85.985
c11901,19.835,85.985
c11902,19.845,85.985
c11903,19.855,85.985
c11904,19.865,85.985
c11905,19.875,85.985
c11906,19.885,85.985
c11907,19.895,85.985
c11908,19.905,85.985
c11909,19.915,85.985
c11910,19.925,85.985
c11911,19.935,85.985
c11912,19.945,85.985
c11913,19.955,85.985
c11914,19.965,85.985
c11915,19.975,85.985
c11916,19.985,85.985
c11917,19.995,85.985
c11918,20.005,85.985
c11919,20.015,85.985
c11920,20.025,85.985
c11921,20.035,85.985
c11922,20.045,85.985
c11923,20.055,85.985
c11924,20.065,85.985
c11925,20.075,85.985
c11926,20.085,85.985
c11927,20.095,85.985
c11928,20.105,85.985
c11929,20.115,85.985
c11930,20.125,85.985
c11931,20.135,85.985
c11932,20.145,85.985
c11933,20.155,85.985
c11934,20.165,85.985
c11935,20.175,85.985
c11936,20.185,85.985
c11937,20.195,85.985
c11938,20.205,85.985
c11939,20.215,85.985
c11940,20.225,85.985
c11941,20.235,85.985
c11942,20.245,85.985
c11943,20.255,85.985
c11944,20.265,85.985
c11945,20.275,85.985
c11946,20.285,85.985
c11947,20.295,85.985
c11948,20.305,85.985
c11949,20.315,85.985
c11950,20.325,85.985
c11951,20.335,85.985
c11952,20.345,85.985
c11953,20.355,85.985
c11954,20.365,85.985
c11955,20.375,85.985
c11956,20.385,85.985
c11957,20.395,85.985
c11958,20.405,85.985
c11959,20.415,85.985
c11960,20.425,85.985
c11961,20.435,85.985
c11962,20.445,85.985
c11963,20.455,85.985
c11964,20.465,85.985
c11965,20.475,85.985
c11966,20.485,85.985
c11967,20.495,85.985
c11968,20.505,85.985
c11969,20.515,85.985
c11970,20.525,85.985
c11971,20.535,85.985
c11972,20.545,85.985
c11973,20.555,85.985
c11974,20.565,85.985
c11975,20.575,85.985
c11976,20.585,85.985
c11977,20.595,85.985
c11978,20.605,85.985
c11979,19.405,85.995
c11980,19.415,85.995
c11981,19.425,85.995
c11982,19.435,85.995
c11983,19.445,85.995
c11984,19.455,85.995
c11985,19.465,85.995
c11986,19.475,85.995
c11987,19.485,85.995
c11988,19.495,85.995
c11989,19.505,85.995
c11990,19.515,85.995
c11991,19.525,85.995
c11992,19.535,85.995
c11993,19.545,85.995
c11994,19.555,85.995
c11995,19.565,85.995
c11996,19.575,85.995
c11997,19.585,85.995
c11998,19.595,85.995
c11999,19.605,85.995
c12000,19.615,85.995
c12001,19.625,85.995
c12002,19.635,85.995
c12003,19.645,85.995
c12004,19.655,85.995
c12005,19.665,85.995
c12006,19.675,85.995
c12007,19.685,85.995
c12008,19.695,85.995
c12009,19.705,85.995
c12010,19.715,85.995
c12011,19.725,85.995
c12012,19.735,85.995
c12013,19.745,85.995
c12014,19.755,85.995
c12015,19.765,85.995
c12016,19.775,85.995
c12017,19.785,85.995
c12018,19.795,85.995
c12019,19.805,85.995
c12020,19.815,85.995
c12021,19.825,85.995
c12022,19.835,85.995
c12023,19.845,85.995
c12024,19.855,85.995
c12025,19.865,85.995
c12026,19.875,85.995
c12027,19.885,85.995
c12028,19.895,85.995
c12029,19.905,85.995
c12030,19.915,85.995
c12031,19.925,85.995
c12032,19.935,85.995
c12033,19.945,85.995
c12034,19.955,85.995
c12035,19.965,85.995
c12036,19.975,85.995
c12037,19.985,85.995
c12038,19.995,85.995
c12039,20.005,85.995
c12040,20.015,85.995
c12041,20.025,85.995
c12042,20.035,85.995
c12043,20.045,85.995
c12044,20.055,85.995
c12045,20.065,85.995
c12046,20.075,85.995
c12047,20.085,85.995
c12048,20.095,85.995
c12049,20.105,85.995
c12050,20.115,85.995
c12051,20.125,85.995
c12052,20.135,85.995
c12053,20.145,85.995
c12054,20.155,85.995
c12055,20.165,85.995
c12056,20.175,85.995
c12057,20.185,85.995
c12058,20.195,85.995
c12059,20.205,85.995
c12060,20.215,85.995
c12061,20.225,85.995
c12062,20.235,85.995
c12063,20.245,85.995
c12064,20.255,85.995
c12065,20.265,85.995
c12066,20.275,85.995
c12067,20.285,85.995
c12068,20.295,85.995
c12069,20.305,85.995
c12070,20.315,85.995
c12071,20.325,85.995
c12072,20.335,85.995
c12073,20.345,85.995
c12074,20.355,85.995
c12075,20.365,85.995
c12076,20.375,85.995
c12077,20.385,85.995
c12078,20.395,85.995
c12079,20.405,85.995
c12080,20.415,85.995
c12081,20.425,85.995
c12082,20.435,85.995
c12083,20.445,85.995
c12084,20.455,85.995
c12085,20.465,85.995
c12086,20.475,85.995
c12087,20.485,85.995
c12088,20.495,85.995
c12089,20.505,85.995
c12090,20.515,85.995
c12091,20.525,85.995
c12092,20.535,85.995
c12093,20.545,85.995
c12094,20.555,85.995
c12095,20.565,85.995
c12096,20.575,85.995
c12097,20.585,85.995
c12098,20.595,85.995
c12099,20.605,85.995
c12100,19.405,86.005
c12101,19.415,86.005
c12102,19.425,86.005
c12103,19.435,86.005
c12104,19.445,86.005
c12105,19.455,86.005
c12106,19.465,86.005
c12107,19.475,86.005
c12108,19.485,86.005
c12109,19.495,86.005
c12110,19.505,86.005
c12111,19.515,86.005
c12112,19.525,86.005
c12113,19.535,86.005
c12114,19.545,86.005
c12115,19.555,86.005
c12116,19.565,86.005
c12117,19.575,86.005
c12118,19.585,86.005
c12119,19.595,86.005
c12120,19.605,86.005
c12121,19.615,86.005
c12122,19.625,86.005
c12123,19.635,86.005
c12124,19.645,86.005
c12125,19.655,86.005
c12126,19.665,86.005
c12127,19.675,86.005
c12128,19.685,86.005
c12129,19.695,86.005
c12130,19.705,86.005
c12131,19.715,86.005
c12132,19.725,86.005
c12133,19.735,86.005
c12134,19.745,86.005
c12135,19.755,86.005
c12136,19.765,86.005
c12137,19.775,86.005
c12138,19.785,86.005
c12139,19.795,86.005
c12140,19.805,86.005
c12141,19.815,86.005
c12142,19.825,86.005
c12143,19.835,86.005
c12144,19.845,86.005
c12145,19.855,86.005
c12146,19.865,86.005
c12147,19.875,86.005
c12148,19.885,86.005
c12149,19.895,86.005
c12150,19.905,86.005
c12151,19.915,86.005
c12152,19.925,86.005
c12153,19.935,86.005
c12154,19.945,86.005
c12155,19.955,86.005
c12156,19.965,86.005
c12157,19.975,86.005
c12158,19.985,86.005
c12159,19.995,86.005
c12160,20.005,86.005
c12161,20.015,86.005
c12162,20.025,86.005
c12163,20.035,86.005
c12164,20.045,86.005
c12165,20.055,86.005
c12166,20.065,86.005
c12167,20.075,86.005
c12168,20.085,86.005
c12169,20.095,86.005
c12170,20.105,86.005
c12171,20.115,86.005
c12172,20.125,86.005
c12173,20.135,86.005
c12174,20.145,86.005
c12175,20.155,86.005
c12176,20.165,86.005
c12177,20.175,86.005
c12178,20.185,86.005
c12179,20.195,86.005
c12180,20.205,86.005
c12181,20.215,86.005
c12182,20.225,86.005
c12183,20.235,86.005
c12184,20.245,86.005
c12185,20.255,86.005
c12186,20.265,86.005
c12187,20.275,86.005
c12188,20.285,86.005
c12189,20.295,86.005
c12190,20.305,86.005
c12191,20.315,86.005
c12192,20.325,86.005
c12193,20.335,86.005
c12194,20.345,86.005
c12195,20.355,86.005
c12196,20.365,86.005
c12197,20.375,86.005
c12198,20.385,86.005
c12199,20.395,86.005
c12200,20.405,86.005
c12201,20.415,86.005
c12202,20.425,86.005
c12203,20.435,86.005
c12204,20.445,86.005
c12205,20.455,86.005
c12206,20.465,86.005
c12207,20.475,86.005
c12208,20.485,86.005
c12209,20.495,86.005
c12210,20.505,86.005
c12211,20.515,86.005
c12212,20.525,86.005
c12213,20.535,86.005
c12214,20.545,86.005
c12215,20.555,86.005
c12216,20.565,86.005
c12217,20.575,86.005
c12218,20.585,86.005
c12219,20.595,86.005
c12220,20.605,86.005
c12221,19.405,86.015
c12222,19.415,86.015
c12223,19.425,86.015
c12224,19.435,86.015
c12225,19.445,86.015
c12226,19.455,86.015
c12227,19.465,86.015
c12228,19.475,86.015
c12229,19.485,86.015
c12230,19.495,86.015
c12231,19.505,86.015
c12232,19.515,86.015
c12233,19.525,86.015
c12234,19.535,86.015
c12235,19.545,86.015
c12236,19.555,86.015
c12237,19.565,86.015
c12238,19.575,86.015
c12239,19.585,86.015
c12240,19.595,86.015
c12241,19.605,86.015
c12242,19.615,86.015
c12243,19.625,86.015
c12244,19.635,86.015
c12245,19.645,86.015
c12246,19.655,86.015
c12247,19.665,86.015
c12248,19.675,86.015
c12249,19.685,86.015
c12250,19.695,86.015
c12251,19.705,86.015
c12252,19.715,86.015
c12253,19.725,86.015
c12254,19.735,86.015
c12255,19.745,86.015
c12256,19.755,86.015
c12257,19.765,86.015
c12258,19.775,86.015
c12259,19.785,86.015
c12260,19.795,86.015
c12261,19.805,86.015
c12262,19.815,86.015
c12263,19.825,86.015
c12264,19.835,86.015
c12265,19.845,86.015
c12266,19.855,86.015
c12267,19.865,86.015
c12268,19.875,86.015
c12269,19.885,86.015
c12270,19.895,86.015
c12271,19.905,86.015
c12272,19.915,86.015
c12273,19.925,86.015
c12274,19.935,86.015
c12275,19.945,86.015
c12276,19.955,86.015
c12277,19.965,86.015
c12278,19.975,86.015
c12279,19.985,86.015
c12280,19.995,86.015
c12281,20.005,86.015
c12282,20.015,86.015
c12283,20.025,86.015
c12284,20.035,86.015
c12285,20.045,86.015
c12286,20.055,86.015
c12287,20.065,86.015
c12288,20.075,86.015
c12289,20.085,86.015
c12290,20.095,86.015
c12291,20.105,86.015
c12292,20.115,86.015
c12293,20.125,86.015
c12294,20.135,86.015
c12295,20.145,86.015
c12296,20.155,86.015
c12297,20.165,86.015
c12298,20.175,86.015
c12299,20.185,86.015
c12300,20.195,86.015
c12301,20.205,86.015
c12302,20.215,86.015
c12303,20.225,86.015
c12304,20.235,86.015
c12305,20.245,86.015
c12306,20.255,86.015
c12307,20.265,86.015
c12308,20.275,86.015
c12309,20.285,86.015
c12310,20.295,86.015
c12311,20.305,86.015
c12312,20.315,86.015
c12313,20.325,86.015
c12314,20.335,86.015
c12315,20.345,86.015
c12316,20.355,86.015
c12317,20.365,86.015
c12318,20.375,86.015
c12319,20.385,86.015
c12320,20.395,86.015
c12321,20.405,86.015
c12322,20.415,86.015
c12323,20.425,86.015
c12324,20.435,86.015
c12325,20.445,86.015
c12326,20.455,86.015
c12327,20.465,86.015
c12328,20.475,86.015
c12329,20.485,86.015
c12330,20.495,86.015
c12331,20.505,86.015
c12332,20.515,86.015
c12333,20.525,86.015
c12334,20.535,86.015
c12335,20.545,86.015
c12336,20.555,86.015
c12337,20.565,86.015
c12338,20.575,86.015
c12339,20.585,86.015
c12340,20.595,86.015
c12341,20.605,86.015
c12342,19.405,86.025
c12343,19.415,86.025
c12344,19.425,86.025
c12345,19.435,86.025
c12346,19.445,86.025
c12347,19.455,86.025
c12348,19.465,86.025
c12349,19.475,86.025
c12350,19.485,86.025
c12351,19.495,86.025
c12352,19.505,86.025
c12353,19.515,86.025
c12354,19.525,86.025
c12355,19.535,86.025
c12356,19.545,86.025
c12357,19.555,86.025
c12358,19.565,86.025
c12359,19.575,86.025
c12360,19.585,86.025
c12361,19.595,86.025
c12362,19.605,86.025
c12363,19.615,86.025
c12364,19.625,86.025
c12365,19.635,86.025
c12366,19.645,86.025
c12367,19.655,86.025
c12368,19.665,86.025
c12369,19.675,86.025
c12370,19.685,86.025
c12371,19.695,86.025
c12372,19.705,86.025
c12373,19.715,86.025
c12374,19.725,86.025
c12375,19.735,86.025
c12376,19.745,86.025
c12377,19.755,86.025
c12378,19.765,86.025
c12379,19.775,86.025
c12380,19.785,86.025
c12381,19.795,86.025
c12382,19.805,86.025
c12383,19.815,86.025
c12384,19.825,86.025
c12385,19.835,86.025
c12386,19.845,86.025
c12387,19.855,86.025
c12388,19.865,86.025
c12389,19.875,86.025
c12390,19.885,86.025
c12391,19.895,86.025
c12392,19.905,86.025
c12393,19.915,86.025
c12394,19.925,86.025
c12395,19.935,86.025
c12396,19.945,86.025
c12397,19.955,86.025
c12398,19.965,86.025
c12399,19.975,86.025
c12400,19.985,86.025
c12401,19.995,86.025
c12402,20.005,86.025
c12403,20.015,86.025
c12404,20.025,86.025
c12405,20.035,86.025
c12406,20.045,86.025
c12407,20.055,86.025
c12408,20.065,86.025
c12409,20.075,86.025
c12410,20.085,86.025
c12411,20.095,86.025
c12412,20.105,86.025
c12413,20.115,86.025
c12414,20.125,86.025
c12415,20.135,86.025
c12416,20.145,86.025
c12417,20.155,86.025
c12418,20.165,86.025
c12419,20.175,86.025
c12420,20.185,86.025
c12421,20.195,86.025
c12422,20.205,86.025
c12423,20.215,86.025
c12424,20.225,86.025
c12425,20.235,86.025
c12426,20.245,86.025
c12427,20.255,86.025
c12428,20.265,86.025
c12429,20.275,86.025
c12430,20.285,86.025
c12431,20.295,86.025
c12432,20.305,86.025
c12433,20.315,86.025
c12434,20.325,86.025
c12435,20.335,86.025
c12436,20.345,86.025
c12437,20.355,86.025
c12438,20.365,86.025
c12439,20.375,86.025
c12440,20.385,86.025
c12441,20.395,86.025
c12442,20.405,86.025
c12443,20.415,86.025
c12444,20.425,86.025
c12445,20.435,86.025
c12446,20.445,86.025
c12447,20.455,86.025
c12448,20.465,86.025
c12449,20.475,86.025
c12450,20.485,86.025
c12451,20.495,86.025
c12452,20.505,86.025
c12453,20.515,86.025
c12454,20.525,86.025
c12455,20.535,86.025
c12456,20.545,86.025
c12457,20.555,86.025
c12458,20.565,86.025
c12459,20.575,86.025
c12460,20.585,86.025
c12461,20.595,86.025
c12462,20.605,86.025
c12463,19.405,86.035
c12464,19.415,86.035
c12465,19.425,86.035
c12466,19.435,86.035
c12467,19.445,86.035
c12468,19.455,86.035
c12469,19.465,86.035
c12470,19.475,86.035
c12471,19.485,86.035
c12472,19.495,86.035
c12473,19.505,86.035
c12474,19.515,86.035
c12475,19.525,86.035
c12476,19.535,86.035
c12477,19.545,86.035
c12478,19.555,86.035
c12479,19.565,86.035
c12480,19.575,86.035
c12481,19.585,86.035
c12482,19.595,86.035
c12483,19.605,86.035
c12484,19.615,86.035
c12485,19.625,86.035
c12486,19.635,86.035
c12487,19.645,86.035
c12488,19.655,86.035
c12489,19.665,86.035
c12490,19.675,86.035
c12491,19.685,86.035
c12492,19.695,86.035
c12493,19.705,86.035
c12494,19.715,86.035
c12495,19.725,86.035
c12496,19.735,86.035
c12497,19.745,86.035
c12498,19.755,86.035
c12499,19.765,86.035
c12500,19.775,86.035
c12501,19.785,86.035
c12502,19.795,86.035
c12503,19.805,86.035
c12504,19.815,86.035
c12505,19.825,86.035
c12506,19.835,86.035
c12507,19.845,86.035
c12508,19.855,86.035
c12509,19.865,86.035
c12510,19.875,86.035
c12511,19.885,86.035
c12512,19.895,86.035
c12513,19.905,86.035
c12514,19.915,86.035
c12515,19.925,86.035
c12516,19.935,86.035
c12517,19.945,86.035
c12518,19.955,86.035
c12519,19.965,86.035
c12520,19.975,86.035
c12521,19.985,86.035
c12522,19.995,86.035
c12523,20.005,86.035
c12524,20.015,86.035
c12525,20.025,86.035
c12526,20.035,86.035
c12527,20.045,86.035
c12528,20.055,86.035
c12529,20.065,86.035
c12530,20.075,86.035
c12531,20.085,86.035
c12532,20.095,86.035
c12533,20.105,86.035
c12534,20.115,86.035
c12535,20.125,86.035
c12536,20.135,86.035
c12537,20.145,86.035
c12538,20.155,86.035
c12539,20.165,86.035
c12540,20.175,86.035
c12541,20.185,86.035
c12542,20.195,86.035
c12543,20.205,86.035
c12544,20.215,86.035
c12545,20.225,86.035
c12546,20.235,86.035
c12547,20.245,86.035
c12548,20.255,86.035
c12549,20.265,86.035
c12550,20.275,86.035
c12551,20.285,86.035
c12552,20.295,86.035
c12553,20.305,86.035
c12554,20.315,86.035
c12555,20.325,86.035
c12556,20.335,86.035
c12557,20.345,86.035
c12558,20.355,86.035
c12559,20.365,86.035
c12560,20.375,86.035
c12561,20.385,86.035
c12562,20.395,86.035
c12563,20.405,86.035
c12564,20.415,86.035
c12565,20.425,86.035
c12566,20.435,86.035
c12567,20.445,86.035
c12568,20.455,86.035
c12569,20.465,86.035
c12570,20.475,86.035
c12571,20.485,86.035
c12572,20.495,86.035
c12573,20.505,86.035
c12574,20.515,86.035
c12575,20.525,86.035
c12576,20.535,86.035
c12577,20.545,86.035
c12578,20.555,86.035
c12579,20.565,86.035
c12580,20.575,86.035
c12581,20.585,86.035
c12582,20.595,86.035
c12583,20.605,86.035
c12584,19.405,86.045
c12585,19.415,86.045
c12586,19.425,86.045
c12587,19.435,86.045
c12588,19.445,86.045
c12589,19.455,86.045
c12590,19.465,86.045
c12591,19.475,86.045
c12592,19.485,86.045
c12593,19.495,86.045
c12594,19.505,86.045
c12595,19.515,86.045
c12596,19.525,86.045
c12597,19.535,86.045
c12598,19.545,86.045
c12599,19.555,86.045
c12600,19.565,86.045
c12601,19.575,86.045
c12602,19.585,86.045
c12603,19.595,86.045
c12604,19.605,86.045
c12605,19.615,86.045
c12606,19.625,86.045
c12607,19.635,86.045
c12608,19.645,86.045
c12609,19.655,86.045
c12610,19.665,86.045
c12611,19.675,86.045
c12612,19.685,86.045
c12613,19.695,86.045
c12614,19.705,86.045
c12615,19.715,86.045
c12616,19.725,86.045
c12617,19.735,86.045
c12618,19.745,86.045
c12619,19.755,86.045
c12620,19.765,86.045
c12621,19.775,86.045
c12622,19.785,86.045
c12623,19.795,86.045
c12624,19.805,86.045
c12625,19.815,86.045
c12626,19.825,86.045
c12627,19.835,86.045
c12628,19.845,86.045
c12629,19.855,86.045
c12630,19.865,86.045
c12631,19.875,86.045
c12632,19.885,86.045
c12633,19.895,86.045
c12634,19.905,86.045
c12635,19.915,86.045
c12636,19.925,86.045
c12637,19.935,86.045
c12638,19.945,86.045
c12639,19.955,86.045
c12640,19.965,86.045
c12641,19.975,86.045
c12642,19.985,86.045
c12643,19.995,86.045
c12644,20.005,86.045
c12645,20.015,86.045
c12646,20.025,86.045
c12647,20.035,86.045
c12648,20.045,86.045
c12649,20.055,86.045
c12650,20.065,86.045
c12651,20.075,86.045
c12652,20.085,86.045
c12653,20.095,86.045
c12654,20.105,86.045
c12655,20.115,86.045
c12656,20.125,86.045
c12657,20.135,86.045
c12658,20.145,86.045
c12659,20.155,86.045
c12660,20.165,86.045
c12661,20.175,86.045
c12662,20.185,86.045
c12663,20.195,86.045
c12664,20.205,86.045
c12665,20.215,86.045
c12666,20.225,86.045
c12667,20.235,86.045
c12668,20.245,86.045
c12669,20.255,86.045
c12670,20.265,86.045
c12671,20.275,86.045
c12672,20.285,86.045
c12673,20.295,86.045
c12674,20.305,86.045
c12675,20.315,86.045
c12676,20.325,86.045
c12677,20.335,86.045
c12678,20.345,86.045
c12679,20.355,86.045
c12680,20.365,86.045
c12681,20.375,86.045
c12682,20.385,86.045
c12683,20.395,86.045
c12684,20.405,86.045
c12685,20.415,86.045
c12686,20.425,86.045
c12687,20.435,86.045
c12688,20.445,86.045
c12689,20.455,86.045
c12690,20.465,86.045
c12691,20.475,86.045
c12692,20.485,86.045
c12693,20.495,86.045
c12694,20.505,86.045
c12695,20.515,86.045
c12696,20.525,86.045
c12697,20.535,86.045
c12698,20.545,86.045
c12699,20.555,86.045
c12700,20.565,86.045
c12701,20.575,86.045
c12702,20.585,86.045
c12703,20.595,86.045
c12704,20.605,86.045
c12705,19.405,86.055
c12706,19.415,86.055
c12707,19.425,86.055
c12708,19.435,86.055
c12709,19.445,86.055
c12710,19.455,86.055
c12711,19.465,86.055
c12712,19.475,86.055
c12713,19.485,86.055
c12714,19.495,86.055
c12715,19.505,86.055
c12716,19.515,86.055
c12717,19.525,86.055
c12718,19.535,86.055
c12719,19.545,86.055
c12720,19.555,86.055
c12721,19.565,86.055
c12722,19.575,86.055
c12723,19.585,86.055
c12724,19.595,86.055
c12725,19.605,86.055
c12726,19.615,86.055
c12727,19.625,86.055
c12728,19.635,86.055
c12729,19.645,86.055
c12730,19.655,86.055
c12731,19.665,86.055
c12732,19.675,86.055
c12733,19.685,86.055
c12734,19.695,86.055
c12735,19.705,86.055
c12736,19.715,86.055
c12737,19.725,86.055
c12738,19.735,86.055
c12739,19.745,86.055
c12740,19.755,86.055
c12741,19.765,86.055
c12742,19.775,86.055
c12743,19.785,86.055
c12744,19.795,86.055
c12745,19.805,86.055
c12746,19.815,86.055
c12747,19.825,86.055
c12748,19.835,86.055
c12749,19.845,86.055
c12750,19.855,86.055
c12751,19.865,86.055
c12752,19.875,86.055
c12753,19.885,86.055
c12754,19.895,86.055
c12755,19.905,86.055
c12756,19.915,86.055
c12757,19.925,86.055
c12758,19.935,86.055
c12759,19.945,86.055
c12760,19.955,86.055
c12761,19.965,86.055
c12762,19.975,86.055
c12763,19.985,86.055
c12764,19.995,86.055
c12765,20.005,86.055
c12766,20.015,86.055
c12767,20.025,86.055
c12768,20.035,86.055
c12769,20.045,86.055
c12770,20.055,86.055
c12771,20.065,86.055
c12772,20.075,86.055
c12773,20.085,86.055
c12774,20.095,86.055
c12775,20.105,86.055
c12776,20.115,86.055
c12777,20.125,86.055
c12778,20.135,86.055
c12779,20.145,86.055
c12780,20.155,86.055
c12781,20.165,86.055
c12782,20.175,86.055
c12783,20.185,86.055
c12784,20.195,86.055
c12785,20.205,86.055
c12786,20.215,86.055
c12787,20.225,86.055
c12788,20.235,86.055
c12789,20.245,86.055
c12790,20.255,86.055
c12791,20.265,86.055
c12792,20.275,86.055
c12793,20.285,86.055
c12794,20.295,86.055
c12795,20.305,86.055
c12796,20.315,86.055
c12797,20.325,86.055
c12798,20.335,86.055
c12799,20.345,86.055
c12800,20.355,86.055
c12801,20.365,86.055
c12802,20.375,86.055
c12803,20.385,86.055
c12804,20.395,86.055
c12805,20.405,86.055
c12806,20.415,86.055
c12807,20.425,86.055
c12808,20.435,86.055
c12809,20.445,86.055
c12810,20.455,86.055
c12811,20.465,86.055
c12812,20.475,86.055
c12813,20.485,86.055
c12814,20.495,86.055
c12815,20.505,86.055
c12816,20.515,86.055
c12817,20.525,86.055
c12818,20.535,86.055
c12819,20.545,86.055
c12820,20.555,86.055
c12821,20.565,86.055
c12822,20.575,86.055
c12823,20.585,86.055
c12824,20.595,86.055
c12825,20.605,86.055
c12826,19.405,86.065
c12827,19.415,86.065
c12828,19.425,86.065
c12829,19.435,86.065
c12830,19.445,86.065
c12831,19.455,86.065
c12832,19.465,86.065
c12833,19.475,86.065
c12834,19.485,86.065
c12835,19.495,86.065
c12836,19.505,86.065
c12837,19.515,86.065
c12838,19.525,86.065
c12839,19.535,86.065
c12840,19.545,86.065
c12841,19.555,86.065
c12842,19.565,86.065
c12843,19.575,86.065
c12844,19.585,86.065
c12845,19.595,86.065
c12846,19.605,86.065
c12847,19.615,86.065
c12848,19.625,86.065
c12849,19.635,86.065
c12850,19.645,86.065
c12851,19.655,86.065
c12852,19.665,86.065
c12853,19.675,86.065
c12854,19.685,86.065
c12855,19.695,86.065
c12856,19.705,86.065
c12857,19.715,86.065
c12858,19.725,86.065
c12859,19.735,86.065
c12860,19.745,86.065
c12861,19.755,86.065
c12862,19.765,86.065
c12863,19.775,86.065
c12864,19.785,86.065
c12865,19.795,86.065
c12866,19.805,86.065
c12867,19.815,86.065
c12868,19.825,86.065
c12869,19.835,86.065
c12870,19.845,86.065
c12871,19.855,86.065
c12872,19.865,86.065
c12873,19.875,86.065
c12874,19.885,86.065
c12875,19.895,86.065
c12876,19.905,86.065
c12877,19.915,86.065
c12878,19.925,86.065
c12879,19.935,86.065
c12880,19.945,86.065
c12881,19.955,86.065
c12882,19.965,86.065
c12883,19.975,86.065
c12884,19.985,86.065
c12885,19.995,86.065
c12886,20.005,86.065
c12887,20.015,86.065
c12888,20.025,86.065
c12889,20.035,86.065
c12890,20.045,86.065
c12891,20.055,86.065
c12892,20.065,86.065
c12893,20.075,86.065
c12894,20.085,86.065
c12895,20.095,86.065
c12896,20.105,86.065
c12897,20.115,86.065
c12898,20.125,86.065
c12899,20.135,86.065
c12900,20.145,86.065
c12901,20.155,86.065
c12902,20.165,86.065
c12903,20.175,86.065
c12904,20.185,86.065
c12905,20.195,86.065
c12906,20.205,86.065
c12907,20.215,86.065
c12908,20.225,86.065
c12909,20.235,86.065
c12910,20.245,86.065
c12911,20.255,86.065
c12912,20.265,86.065
c12913,20.275,86.065
c12914,20.285,86.065
c12915,20.295,86.065
c12916,20.305,86.065
c12917,20.315,86.065
c12918,20.325,86.065
c12919,20.335,86.065
c12920,20.345,86.065
c12921,20.355,86.065
c12922,20.365,86.065
c12923,20.375,86.065
c12924,20.385,86.065
c12925,20.395,86.065
c12926,20.405,86.065
c12927,20.415,86.065
c12928,20.425,86.065
c12929,20.435,86.065
c12930,20.445,86.065
c12931,20.455,86.065
c12932,20.465,86.065
c12933,20.475,86.065
c12934,20.485,86.065
c12935,20.495,86.065
c12936,20.505,86.065
c12937,20.515,86.065
c12938,20.525,86.065
c12939,20.535,86.065
c12940,20.545,86.065
c12941,20.555,86.065
c12942,20.565,86.065
c12943,20.575,86.065
c12944,20.585,86.065
c12945,20.595,86.065
c12946,20.605,86.065
c12947,19.405,86.075
c12948,19.415,86.075
c12949,19.425,86.075
c12950,19.435,86.075
c12951,19.445,86.075
c12952,19.455,86.075
c12953,19.465,86.075
c12954,19.475,86.075
c12955,19.485,86.075
c12956,19.495,86.075
c12957,19.505,86.075
c12958,19.515,86.075
c12959,19.525,86.075
c12960,19.535,86.075
c12961,19.545,86.075
c12962,19.555,86.075
c12963,19.565,86.075
c12964,19.575,86.075
c12965,19.585,86.075
c12966,19.595,86.075
c12967,19.605,86.075
c12968,19.615,86.075
c12969,19.625,86.075
c12970,19.635,86.075
c12971,19.645,86.075
c12972,19.655,86.075
c12973,19.665,86.075
c12974,19.675,86.075
c12975,19.685,86.075
c12976,19.695,86.075
c12977,19.705,86.075
c12978,19.715,86.075
c12979,19.725,86.075
c12980,19.735,86.075
c12981,19.745,86.075
c12982,19.755,86.075
c12983,19.765,86.075
c12984,19.775,86.075
c12985,19.785,86.075
c12986,19.795,86.075
c12987,19.805,86.075
c12988,19.815,86.075
c12989,19.825,86.075
c12990,19.835,86.075
c12991,19.845,86.075
c12992,19.855,86.075
c12993,19.865,86.075
c12994,19.875,86.075
c12995,19.885,86.075
c12996,19.895,86.075
c12997,19.905,86.075
c12998,19.915,86.075
c12999,19.925,86.075
c13000,19.935,86.075
c13001,19.945,86.075
c13002,19.955,86.075
c13003,19.965,86.075
c13004,19.975,86.075
c13005,19.985,86.075
c13006,19.995,86.075
c13007,20.005,86.075
c13008,20.015,86.075
c13009,20.025,86.075
c13010,20.035,86.075
c13011,20.045,86.075
c13012,20.055,86.075
c13013,20.065,86.075
c13014,20.075,86.075
c13015,20.085,86.075
c13016,20.095,86.075
c13017,20.105,86.075
c13018,20.115,86.075
c13019,20.125,86.075
c13020,20.135,86.075
c13021,20.145,86.075
c13022,20.155,86.075
c13023,20.165,86.075
c13024,20.175,86.075
c13025,20.185,86.075
c13026,20.195,86.075
c13027,20.205,86.075
c13028,20.215,86.075
c13029,20.225,86.075
c13030,20.235,86.075
c13031,20.245,86.075
c13032,20.255,86.075
c13033,20.265,86.075
c13034,20.275,86.075
c13035,20.285,86.075
c13036,20.295,86.075
c13037,20.305,86.075
c13038,20.315,86.075
c13039,20.325,86.075
c13040,20.335,86.075
c13041,20.345,86.075
c13042,20.355,86.075
c13043,20.365,86.075
c13044,20.375,86.075
c13045,20.385,86.075
c13046,20.395,86.075
c13047,20.405,86.075
c13048,20.415,86.075
c13049,20.425,86.075
c13050,20.435,86.075
c13051,20.445,86.075
c13052,20.455,86.075
c13053,20.465,86.075
c13054,20.475,86.075
c13055,20.485,86.075
c13056,20.495,86.075
c13057,20.505,86.075
c13058,20.515,86.075
c13059,20.525,86.075
c13060,20.535,86.075
c13061,20.545,86.075
c13062,20.555,86.075
c13063,20.565,86.075
c13064,20.575,86.075
c13065,20.585,86.075
c13066,20.595,86.075
c13067,20.605,86.075
c13068,19.405,86.085
c13069,19.415,86.085
c13070,19.425,86.085
c13071,19.435,86.085
c13072,19.445,86.085
c13073,19.455,86.085
c13074,19.465,86.085
c13075,19.475,86.085
c13076,19.485,86.085
c13077,19.495,86.085
c13078,19.505,86.085
c13079,19.515,86.085
c13080,19.525,86.085
c13081,19.535,86.085
c13082,19.545,86.085
c13083,19.555,86.085
c13084,19.565,86.085
c13085,19.575,86.085
c13086,19.585,86.085
c13087,19.595,86.085
c13088,19.605,86.085
c13089,19.615,86.085
c13090,19.625,86.085
c13091,19.635,86.085
c13092,19.645,86.085
c13093,19.655,86.085
c13094,19.665,86.085
c13095,19.675,86.085
c13096,19.685,86.085
c13097,19.695,86.085
c13098,19.705,86.085
c13099,19.715,86.085
c13100,19.725,86.085
c13101,19.735,86.085
c13102,19.745,86.085
c13103,19.755,86.085
c13104,19.765,86.085
c13105,19.775,86.085
c13106,19.785,86.085
c13107,19.795,86.085
c13108,19.805,86.085
c13109,19.815,86.085
c13110,19.825,86.085
c13111,19.835,86.085
c13112,19.845,86.085
c13113,19.855,86.085
c13114,19.865,86.085
c13115,19.875,86.085
c13116,19.885,86.085
c13117,19.895,86.085
c13118,19.905,86.085
c13119,19.915,86.085
c13120,19.925,86.085
c13121,19.935,86.085
c13122,19.945,86.085
c13123,19.955,86.085
c13124,19.965,86.085
c13125,19.975,86.085
c13126,19.985,86.085
c13127,19.995,86.085
c13128,20.005,86.085
c13129,20.015,86.085
c13130,20.025,86.085
c13131,20.035,86.085
c13132,20.045,86.085
c13133,20.055,86.085
c13134,20.065,86.085
c13135,20.075,86.085
c13136,20.085,86.085
c13137,20.095,86.085
c13138,20.105,86.085
c13139,20.115,86.085
c13140,20.125,86.085
c13141,20.135,86.085
c13142,20.145,86.085
c13143,20.155,86.085
c13144,20.165,86.085
c13145,20.175,86.085
c13146,20.185,86.085
c13147,20.195,86.085
c13148,20.205,86.085
c13149,20.215,86.085
c13150,20.225,86.085
c13151,20.235,86.085
c13152,20.245,86.085
c13153,20.255,86.085
c13154,20.265,86.085
c13155,20.275,86.085
c13156,20.285,86.085
c13157,20.295,86.085
c13158,20.305,86.085
c13159,20.315,86.085
c13160,20.325,86.085
c13161,20.335,86.085
c13162,20.345,86.085
c13163,20.355,86.085
c13164,20.365,86.085
c13165,20.375,86.085
c13166,20.385,86.085
c13167,20.395,86.085
c13168,20.405,86.085
c13169,20.415,86.085
c13170,20.425,86.085
c13171,20.435,86.085
c13172,20.445,86.085
c13173,20.455,86.085
c13174,20.465,86.085
c13175,20.475,86.085
c13176,20.485,86.085
c13177,20.495,86.085
c13178,20.505,86.085
c13179,20.515,86.085
c13180,20.525,86.085
c13181,20.535,86.085
c13182,20.545,86.085
c13183,20.555,86.085
c13184,20.565,86.085
c13185,20.575,86.085
c13186,20.585,86.085
c13187,20.595,86.085
c13188,20.605,86.085
c13189,19.405,86.095
c13190,19.415,86.095
c13191,19.425,86.095
c13192,19.435,86.095
c13193,19.445,86.095
c13194,19.455,86.095
c13195,19.465,86.095
c13196,19.475,86.095
c13197,19.485,86.095
c13198,19.495,86.095
c13199,19.505,86.095
c13200,19.515,86.095
c13201,19.525,86.095
c13202,19.535,86.095
c13203,19.545,86.095
c13204,19.555,86.095
c13205,19.565,86.095
c13206,19.575,86.095
c13207,19.585,86.095
c13208,19.595,86.095
c13209,19.605,86.095
c13210,19.615,86.095
c13211,19.625,86.095
c13212,19.635,86.095
c13213,19.645,86.095
c13214,19.655,86.095
c13215,19.665,86.095
c13216,19.675,86.095
c13217,19.685,86.095
c13218,19.695,86.095
c13219,19.705,86.095
c13220,19.715,86.095
c13221,19.725,86.095
c13222,19.735,86.095
c13223,19.745,86.095
c13224,19.755,86.095
c13225,19.765,86.095
c13226,19.775,86.095
c13227,19.785,86.095
c13228,19.795,86.095
c13229,19.805,86.095
c13230,19.815,86.095
c13231,19.825,86.095
c13232,19.835,86.095
c13233,19.845,86.095
c13234,19.855,86.095
c13235,19.865,86.095
c13236,19.875,86.095
c13237,19.885,86.095
c13238,19.895,86.095
c13239,19.905,86.095
c13240,19.915,86.095
c13241,19.925,86.095
c13242,19.935,86.095
c13243,19.945,86.095
c13244,19.955,86.095
c13245,19.965,86.095
c13246,19.975,86.095
c13247,19.985,86.095
c13248,19.995,86.095
c13249,20.005,86.095
c13250,20.015,86.095
c13251,20.025,86.095
c13252,20.035,86.095
c13253,20.045,86.095
c13254,20.055,86.095
c13255,20.065,86.095
c13256,20.075,86.095
c13257,20.085,86.095
c13258,20.095,86.095
c13259,20.105,86.095
c13260,20.115,86.095
c13261,20.125,86.095
c13262,20.135,86.095
c13263,20.145,86.095
c13264,20.155,86.095
c13265,20.165,86.095
c13266,20.175,86.095
c13267,20.185,86.095
c13268,20.195,86.095
c13269,20.205,86.095
c13270,20.215,86.095
c13271,20.225,86.095
c13272,20.235,86.095
c13273,20.245,86.095
c13274,20.255,86.095
c13275,20.265,86.095
c13276,20.275,86.095
c13277,20.285,86.095
c13278,20.295,86.095
c13279,20.305,86.095
c13280,20.315,86.095
c13281,20.325,86.095
c13282,20.335,86.095
c13283,20.345,86.095
c13284,20.355,86.095
c13285,20.365,86.095
c13286,20.375,86.095
c13287,20.385,86.095
c13288,20.395,86.095
c13289,20.405,86.095
c13290,20.415,86.095
c13291,20.425,86.095
c13292,20.435,86.095
c13293,20.445,86.095
c13294,20.455,86.095
c13295,20.465,86.095
c13296,20.475,86.095
c13297,20.485,86.095
c13298,20.495,86.095
c13299,20.505,86.095
c13300,20.515,86.095
c13301,20.525,86.095
c13302,20.535,86.095
c13303,20.545,86.095
c13304,20.555,86.095
c13305,20.565,86.095
c13306,20.575,86.095
c13307,20.585,86.095
c13308,20.595,86.095
c13309,20.605,86.095
c13310,19.405,86.105
c13311,19.415,86.105
c13312,19.425,86.105
c13313,19.435,86.105
c13314,19.445,86.105
c13315,19.455,86.105
c13316,19.465,86.105
c13317,19.475,86.105
c13318,19.485,86.105
c13319,19.495,86.105
c13320,19.505,86.105
c13321,19.515,86.105
c13322,19.525,86.105
c13323,19.535,86.105
c13324,19.545,86.105
c13325,19.555,86.105
c13326,19.565,86.105
c13327,19.575,86.105
c13328,19.585,86.105
c13329,19.595,86.105
c13330,19.605,86.105
c13331,19.615,86.105
c13332,19.625,86.105
c13333,19.635,86.105
c13334,19.645,86.105
c13335,19.655,86.105
c13336,19.665,86.105
c13337,19.675,86.105
c13338,19.685,86.105
c13339,19.695,86.105
c13340,19.705,86.105
c13341,19.715,86.105
c13342,19.725,86.105
c13343,19.735,86.105
c13344,19.745,86.105
c13345,19.755,86.105
c13346,19.765,86.105
c13347,19.775,86.105
c13348,19.785,86.105
c13349,19.795,86.105
c13350,19.805,86.105
c13351,19.815,86.105
c13352,19.825,86.105
c13353,19.835,86.105
c13354,19.845,86.105
c13355,19.855,86.105
c13356,19.865,86.105
c13357,19.875,86.105
c13358,19.885,86.105
c13359,19.895,86.105
c13360,19.905,86.105
c13361,19.915,86.105
c13362,19.925,86.105
c13363,19.935,86.105
c13364,19.945,86.105
c13365,19.955,86.105
c13366,19.965,86.105
c13367,19.975,86.105
c13368,19.985,86.105
c13369,19.995,86.105
c13370,20.005,86.105
c13371,20.015,86.105
c13372,20.025,86.105
c13373,20.035,86.105
c13374,20.045,86.105
c13375,20.055,86.105
c13376,20.065,86.105
c13377,20.075,86.105
c13378,20.085,86.105
c13379,20.095,86.105
c13380,20.105,86.105
c13381,20.115,86.105
c13382,20.125,86.105
c13383,20.135,86.105
c13384,20.145,86.105
c13385,20.155,86.105
c13386,20.165,86.105
c13387,20.175,86.105
c13388,20.185,86.105
c13389,20.195,86.105
c13390,20.205,86.105
c13391,20.215,86.105
c13392,20.225,86.105
c13393,20.235,86.105
c13394,20.245,86.105
c13395,20.255,86.105
c13396,20.265,86.105
c13397,20.275,86.105
c13398,20.285,86.105
c13399,20.295,86.105
c13400,20.305,86.105
c13401,20.315,86.105
c13402,20.325,86.105
c13403,20.335,86.105
c13404,20.345,86.105
c13405,20.355,86.105
c13406,20.365,86.105
c13407,20.375,86.105
c13408,20.385,86.105
c13409,20.395,86.105
c13410,20.405,86.105
c13411,20.415,86.105
c13412,20.425,86.105
c13413,20.435,86.105
c13414,20.445,86.105
c13415,20.455,86.105
c13416,20.465,86.105
c13417,20.475,86.105
c13418,20.485,86.105
c13419,20.495,86.105
c13420,20.505,86.105
c13421,20.515,86.105
c13422,20.525,86.105
c13423,20.535,86.105
c13424,20.545,86.105
c13425,20.555,86.105
c13426,20.565,86.105
c13427,20.575,86.105
c13428,20.585,86.105
c13429,20.595,86.105
c13430,20.605,86.105
c13431,19.405,86.115
c13432,19.415,86.115
c13433,19.425,86.115
c13434,19.435,86.115
c13435,19.445,86.115
c13436,19.455,86.115
c13437,19.465,86.115
c13438,19.475,86.115
c13439,19.485,86.115
c13440,19.495,86.115
c13441,19.505,86.115
c13442,19.515,86.115
c13443,19.525,86.115
c13444,19.535,86.115
c13445,19.545,86.115
c13446,19.555,86.115
c13447,19.565,86.115
c13448,19.575,86.115
c13449,19.585,86.115
c13450,19.595,86.115
c13451,19.605,86.115
c13452,19.615,86.115
c13453,19.625,86.115
c13454,19.635,86.115
c13455,19.645,86.115
c13456,19.655,86.115
c13457,19.665,86.115
c13458,19.675,86.115
c13459,19.685,86.115
c13460,19.695,86.115
c13461,19.705,86.115
c13462,19.715,86.115
c13463,19.725,86.115
c13464,19.735,86.115
c13465,19.745,86.115
c13466,19.755,86.115
c13467,19.765,86.115
c13468,19.775,86.115
c13469,19.785,86.115
c13470,19.795,86.115
c13471,19.805,86.115
c13472,19.815,86.115
c13473,19.825,86.115
c13474,19.835,86.115
c13475,19.845,86.115
c13476,19.855,86.115
c13477,19.865,86.115
c13478,19.875,86.115
c13479,19.885,86.115
c13480,19.895,86.115
c13481,19.905,86.115
c13482,19.915,86.115
c13483,19.925,86.115
c13484,19.935,86.115
c13485,19.945,86.115
c13486,19.955,86.115
c13487,19.965,86.115
c13488,19.975,86.115
c13489,19.985,86.115
c13490,19.995,86.115
c13491,20.005,86.115
c13492,20.015,86.115
c13493,20.025,86.115
c13494,20.035,86.115
c13495,20.045,86.115
c13496,20.055,86.115
c13497,20.065,86.115
c13498,20.075,86.115
c13499,20.085,86.115
c13500,20.095,86.115
c13501,20.105,86.115
c13502,20.115,86.115
c13503,20.125,86.115
c13504,20.135,86.115
c13505,20.145,86.115
c13506,20.155,86.115
c13507,20.165,86.115
c13508,20.175,86.115
c13509,20.185,86.115
c13510,20.195,86.115
c13511,20.205,86.115
c13512,20.215,86.115
c13513,20.225,86.115
c13514,20.235,86.115
c13515,20.245,86.115
c13516,20.255,86.115
c13517,20.265,86.115
c13518,20.275,86.115
c13519,20.285,86.115
c13520,20.295,86.115
c13521,20.305,86.115
c13522,20.315,86.115
c13523,20.325,86.115
c13524,20.335,86.115
c13525,20.345,86.115
c13526,20.355,86.115
c13527,20.365,86.115
c13528,20.375,86.115
c13529,20.385,86.115
c13530,20.395,86.115
c13531,20.405,86.115
c13532,20.415,86.115
c13533,20.425,86.115
c13534,20.435,86.115
c13535,20.445,86.115
c13536,20.455,86.115
c13537,20.465,86.115
c13538,20.475,86.115
c13539,20.485,86.115
c13540,20.495,86.115
c13541,20.505,86.115
c13542,20.515,86.115
c13543,20.525,86.115
c13544,20.535,86.115
c13545,20.545,86.115
c13546,20.555,86.115
c13547,20.565,86.115
c13548,20.575,86.115
c13549,20.585,86.115
c13550,20.595,86.115
c13551,20.605,86.115
c13552,19.405,86.125
c13553,19.415,86.125
c13554,19.425,86.125
c13555,19.435,86.125
c13556,19.445,86.125
c13557,19.455,86.125
c13558,19.465,86.125
c13559,19.475,86.125
c13560,19.485,86.125
c13561,19.495,86.125
c13562,19.505,86.125
c13563,19.515,86.125
c13564,19.525,86.125
c13565,19.535,86.125
c13566,19.545,86.125
c13567,19.555,86.125
c13568,19.565,86.125
c13569,19.575,86.125
c13570,19.585,86.125
c13571,19.595,86.125
c13572,19.605,86.125
c13573,19.615,86.125
c13574,19.625,86.125
c13575,19.635,86.125
c13576,19.645,86.125
c13577,19.655,86.125
c13578,19.665,86.125
c13579,19.675,86.125
c13580,19.685,86.125
c13581,19.695,86.125
c13582,19.705,86.125
c13583,19.715,86.125
c13584,19.725,86.125
c13585,19.735,86.125
c13586,19.745,86.125
c13587,19.755,86.125
c13588,19.765,86.125
c13589,19.775,86.125
c13590,19.785,86.125
c13591,19.795,86.125
c13592,19.805,86.125
c13593,19.815,86.125
c13594,19.825,86.125
c13595,19.835,86.125
c13596,19.845,86.125
c13597,19.855,86.125
c13598,19.865,86.125
c13599,19.875,86.125
c13600,19.885,86.125
c13601,19.895,86.125
c13602,19.905,86.125
c13603,19.915,86.125
c13604,19.925,86.125
c13605,19.935,86.125
c13606,19.945,86.125
c13607,19.955,86.125
c13608,19.965,86.125
c13609,19.975,86.125
c13610,19.985,86.125
c13611,19.995,86.125
c13612,20.005,86.125
c13613,20.015,86.125
c13614,20.025,86.125
c13615,20.035,86.125
c13616,20.045,86.125
c13617,20.055,86.125
c13618,20.065,86.125
c13619,20.075,86.125
c13620,20.085,86.125
c13621,20.095,86.125
c13622,20.105,86.125
c13623,20.115,86.125
c13624,20.125,86.125
c13625,20.135,86.125
c13626,20.145,86.125
c13627,20.155,86.125
c13628,20.165,86.125
c13629,20.175,86.125
c13630,20.185,86.125
c13631,20.195,86.125
c13632,20.205,86.125
c13633,20.215,86.125
c13634,20.225,86.125
c13635,20.235,86.125
c13636,20.245,86.125
c13637,20.255,86.125
c13638,20.265,86.125
c13639,20.275,86.125
c13640,20.285,86.125
c13641,20.295,86.125
c13642,20.305,86.125
c13643,20.315,86.125
c13644,20.325,86.125
c13645,20.335,86.125
c13646,20.345,86.125
c13647,20.355,86.125
c13648,20.365,86.125
c13649,20.375,86.125
c13650,20.385,86.125
c13651,20.395,86.125
c13652,20.405,86.125
c13653,20.415,86.125
c13654,20.425,86.125
c13655,20.435,86.125
c13656,20.445,86.125
c13657,20.455,86.125
c13658,20.465,86.125
c13659,20.475,86.125
c13660,20.485,86.125
c13661,20.495,86.125
c13662,20.505,86.125
c13663,20.515,86.125
c13664,20.525,86.125
c13665,20.535,86.125
c13666,20.545,86.125
c13667,20.555,86.125
c13668,20.565,86.125
c13669,20.575,86.125
c13670,20.585,86.125
c13671,20.595,86.125
c13672,20.605,86.125
c13673,19.405,86.135
c13674,19.415,86.135
c13675,19.425,86.135
c13676,19.435,86.135
c13677,19.445,86.135
c13678,19.455,86.135
c13679,19.465,86.135
c13680,19.475,86.135
c13681,19.485,86.135
c13682,19.495,86.135
c13683,19.505,86.135
c13684,19.515,86.135
c13685,19.525,86.135
c13686,19.535,86.135
c13687,19.545,86.135
c13688,19.555,86.135
c13689,19.565,86.135
c13690,19.575,86.135
c13691,19.585,86.135
c13692,19.595,86.135
c13693,19.605,86.135
c13694,19.615,86.135
c13695,19.625,86.135
c13696,19.635,86.135
c13697,19.645,86.135
c13698,19.655,86.135
c13699,19.665,86.135
c13700,19.675,86.135
c13701,19.685,86.135
c13702,19.695,86.135
c13703,19.705,86.135
c13704,19.715,86.135
c13705,19.725,86.135
c13706,19.735,86.135
c13707,19.745,86.135
c13708,19.755,86.135
c13709,19.765,86.135
c13710,19.775,86.135
c13711,19.785,86.135
c13712,19.795,86.135
c13713,19.805,86.135
c13714,19.815,86.135
c13715,19.825,86.135
c13716,19.835,86.135
c13717,19.845,86.135
c13718,19.855,86.135
c13719,19.865,86.135
c13720,19.875,86.135
c13721,19.885,86.135
c13722,19.895,86.135
c13723,19.905,86.135
c13724,19.915,86.135
c13725,19.925,86.135
c13726,19.935,86.135
c13727,19.945,86.135
c13728,19.955,86.135
c13729,19.965,86.135
c13730,19.975,86.135
c13731,19.985,86.135
c13732,19.995,86.135
c13733,20.005,86.135
c13734,20.015,86.135
c13735,20.025,86.135
c13736,20.035,86.135
c13737,20.045,86.135
c13738,20.055,86.135
c13739,20.065,86.135
c13740,20.075,86.135
c13741,20.085,86.135
c13742,20.095,86.135
c13743,20.105,86.135
c13744,20.115,86.135
c13745,20.125,86.135
c13746,20.135,86.135
c13747,20.145,86.135
c13748,20.155,86.135
c13749,20.165,86.135
c13750,20.175,86.135
c13751,20.185,86.135
c13752,20.195,86.135
c13753,20.205,86.135
c13754,20.215,86.135
c13755,20.225,86.135
c13756,20.235,86.135
c13757,20.245,86.135
c13758,20.255,86.135
c13759,20.265,86.135
c13760,20.275,86.135
c13761,20.285,86.135
c13762,20.295,86.135
c13763,20.305,86.135
c13764,20.315,86.135
c13765,20.325,86.135
c13766,20.335,86.135
c13767,20.345,86.135
c13768,20.355,86.135
c13769,20.365,86.135
c13770,20.375,86.135
c13771,20.385,86.135
c13772,20.395,86.135
c13773,20.405,86.135
c13774,20.415,86.135
c13775,20.425,86.135
c13776,20.435,86.135
c13777,20.445,86.135
c13778,20.455,86.135
c13779,20.465,86.135
c13780,20.475,86.135
c13781,20.485,86.135
c13782,20.495,86.135
c13783,20.505,86.135
c13784,20.515,86.135
c13785,20.525,86.135
c13786,20.535,86.135
c13787,20.545,86.135
c13788,20.555,86.135
c13789,20.565,86.135
c13790,20.575,86.135
c13791,20.585,86.135
c13792,20.595,86.135
c13793,20.605,86.135
c13794,19.405,86.145
c13795,19.415,86.145
c13796,19.425,86.145
c13797,19.435,86.145
c13798,19.445,86.145
c13799,19.455,86.145
c13800,19.465,86.145
c13801,19.475,86.145
c13802,19.485,86.145
c13803,19.495,86.145
c13804,19.505,86.145
c13805,19.515,86.145
c13806,19.525,86.145
c13807,19.535,86.145
c13808,19.545,86.145
c13809,19.555,86.145
c13810,19.565,86.145
c13811,19.575,86.145
c13812,19.585,86.145
c13813,19.595,86.145
c13814,19.605,86.145
c13815,19.615,86.145
c13816,19.625,86.145
c13817,19.635,86.145
c13818,19.645,86.145
c13819,19.655,86.145
c13820,19.665,86.145
c13821,19.675,86.145
c13822,19.685,86.145
c13823,19.695,86.145
c13824,19.705,86.145
c13825,19.715,86.145
c13826,19.725,86.145
c13827,19.735,86.145
c13828,19.745,86.145
c13829,19.755,86.145
c13830,19.765,86.145
c13831,19.775,86.145
c13832,19.785,86.145
c13833,19.795,86.145
c13834,19.805,86.145
c13835,19.815,86.145
c13836,19.825,86.145
c13837,19.835,86.145
c13838,19.845,86.145
c13839,19.855,86.145
c13840,19.865,86.145
c13841,19.875,86.145
c13842,19.885,86.145
c13843,19.895,86.145
c13844,19.905,86.145
c13845,19.915,86.145
c13846,19.925,86.145
c13847,19.935,86.145
c13848,19.945,86.145
c13849,19.955,86.145
c13850,19.965,86.145
c13851,19.975,86.145
c13852,19.985,86.145
c13853,19.995,86.145
c13854,20.005,86.145
c13855,20.015,86.145
c13856,20.025,86.145
c13857,20.035,86.145
c13858,20.045,86.145
c13859,20.055,86.145
c13860,20.065,86.145
c13861,20.075,86.145
c13862,20.085,86.145
c13863,20.095,86.145
c13864,20.105,86.145
c13865,20.115,86.145
c13866,20.125,86.145
c13867,20.135,86.145
c13868,20.145,86.145
c13869,20.155,86.145
c13870,20.165,86.145
c13871,20.175,86.145
c13872,20.185,86.145
c13873,20.195,86.145
c13874,20.205,86.145
c13875,20.215,86.145
c13876,20.225,86.145
c13877,20.235,86.145
c13878,20.245,86.145
c13879,20.255,86.145
c13880,20.265,86.145
c13881,20.275,86.145
c13882,20.285,86.145
c13883,20.295,86.145
c13884,20.305,86.145
c13885,20.315,86.145
c13886,20.325,86.145
c13887,20.335,86.145
c13888,20.345,86.145
c13889,20.355,86.145
c13890,20.365,86.145
c13891,20.375,86.145
c13892,20.385,86.145
c13893,20.395,86.145
c13894,20.405,86.145
c13895,20.415,86.145
c13896,20.425,86.145
c13897,20.435,86.145
c13898,20.445,86.145
c13899,20.455,86.145
c13900,20.465,86.145
c13901,20.475,86.145
c13902,20.485,86.145
c13903,20.495,86.145
c13904,20.505,86.145
c13905,20.515,86.145
c13906,20.525,86.145
c13907,20.535,86.145
c13908,20.545,86.145
c13909,20.555,86.145
c13910,20.565,86.145
c13911,20.575,86.145
c13912,20.585,86.145
c13913,20.595,86.145
c13914,20.605,86.145
c13915,19.405,86.155
c13916,19.415,86.155
c13917,19.425,86.155
c13918,19.435,86.155
c13919,19.445,86.155
c13920,19.455,86.155
c13921,19.465,86.155
c13922,19.475,86.155
c13923,19.485,86.155
c13924,19.495,86.155
c13925,19.505,86.155
c13926,19.515,86.155
c13927,19.525,86.155
c13928,19.535,86.155
c13929,19.545,86.155
c13930,19.555,86.155
c13931,19.565,86.155
c13932,19.575,86.155
c13933,19.585,86.155
c13934,19.595,86.155
c13935,19.605,86.155
c13936,19.615,86.155
c13937,19.625,86.155
c13938,19.635,86.155
c13939,19.645,86.155
c13940,19.655,86.155
c13941,19.665,86.155
c13942,19.675,86.155
c13943,19.685,86.155
c13944,19.695,86.155
c13945,19.705,86.155
c13946,19.715,86.155
c13947,19.725,86.155
c13948,19.735,86.155
c13949,19.745,86.155
c13950,19.755,86.155
c13951,19.765,86.155
c13952,19.775,86.155
c13953,19.785,86.155
c13954,19.795,86.155
c13955,19.805,86.155
c13956,19.815,86.155
c13957,19.825,86.155
c13958,19.835,86.155
c13959,19.845,86.155
c13960,19.855,86.155
c13961,19.865,86.155
c13962,19.875,86.155
c13963,19.885,86.155
c13964,19.895,86.155
c13965,19.905,86.155
c13966,19.915,86.155
c13967,19.925,86.155
c13968,19.935,86.155
c13969,19.945,86.155
c13970,19.955,86.155
c13971,19.965,86.155
c13972,19.975,86.155
c13973,19.985,86.155
c13974,19.995,86.155
c13975,20.005,86.155
c13976,20.015,86.155
c13977,20.025,86.155
c13978,20.035,86.155
c13979,20.045,86.155
c13980,20.055,86.155
c13981,20.065,86.155
c13982,20.075,86.155
c13983,20.085,86.155
c13984,20.095,86.155
c13985,20.105,86.155
c13986,20.115,86.155
c13987,20.125,86.155
c13988,20.135,86.155
c13989,20.145,86.155
c13990,20.155,86.155
c13991,20.165,86.155
c13992,20.175,86.155
c13993,20.185,86.155
c13994,20.195,86.155
c13995,20.205,86.155
c13996,20.215,86.155
c13997,20.225,86.155
c13998,20.235,86.155
c13999,20.245,86.155
c14000,20.255,86.155
c14001,20.265,86.155
c14002,20.275,86.155
c14003,20.285,86.155
c14004,20.295,86.155
c14005,20.305,86.155
c14006,20.315,86.155
c14007,20.325,86.155
c14008,20.335,86.155
c14009,20.345,86.155
c14010,20.355,86.155
c14011,20.365,86.155
c14012,20.375,86.155
c14013,20.385,86.155
c14014,20.395,86.155
c14015,20.405,86.155
c14016,20.415,86.155
c14017,20.425,86.155
c14018,20.435,86.155
c14019,20.445,86.155
c14020,20.455,86.155
c14021,20.465,86.155
c14022,20.475,86.155
c14023,20.485,86.155
c14024,20.495,86.155
c14025,20.505,86.155
c14026,20.515,86.155
c14027,20.525,86.155
c14028,20.535,86.155
c14029,20.545,86.155
c14030,20.555,86.155
c14031,20.565,86.155
c14032,20.575,86.155
c14033,20.585,86.155
c14034,20.595,86.155
c14035,20.605,86.155
c14036,19.405,86.165
c14037,19.415,86.165
c14038,19.425,86.165
c14039,19.435,86.165
c14040,19.445,86.165
c14041,19.455,86.165
c14042,19.465,86.165
c14043,19.475,86.165
c14044,19.485,86.165
c14045,19.495,86.165
c14046,19.505,86.165
c14047,19.515,86.165
c14048,19.525,86.165
c14049,19.535,86.165
c14050,19.545,86.165
c14051,19.555,86.165
c14052,19.565,86.165
c14053,19.575,86.165
c14054,19.585,86.165
c14055,19.595,86.165
c14056,19.605,86.165
c14057,19.615,86.165
c14058,19.625,86.165
c14059,19.635,86.165
c14060,19.645,86.165
c14061,19.655,86.165
c14062,19.665,86.165
c14063,19.675,86.165
c14064,19.685,86.165
c14065,19.695,86.165
c14066,19.705,86.165
c14067,19.715,86.165
c14068,19.725,86.165
c14069,19.735,86.165
c14070,19.745,86.165
c14071,19.755,86.165
c14072,19.765,86.165
c14073,19.775,86.165
c14074,19.785,86.165
c14075,19.795,86.165
c14076,19.805,86.165
c14077,19.815,86.165
c14078,19.825,86.165
c14079,19.835,86.165
c14080,19.845,86.165
c14081,19.855,86.165
c14082,19.865,86.165
c14083,19.875,86.165
c14084,19.885,86.165
c14085,19.895,86.165
c14086,19.905,86.165
c14087,19.915,86.165
c14088,19.925,86.165
c14089,19.935,86.165
c14090,19.945,86.165
c14091,19.955,86.165
c14092,19.965,86.165
c14093,19.975,86.165
c14094,19.985,86.165
c14095,19.995,86.165
c14096,20.005,86.165
c14097,20.015,86.165
c14098,20.025,86.165
c14099,20.035,86.165
c14100,20.045,86.165
c14101,20.055,86.165
c14102,20.065,86.165
c14103,20.075,86.165
c14104,20.085,86.165
c14105,20.095,86.165
c14106,20.105,86.165
c14107,20.115,86.165
c14108,20.125,86.165
c14109,20.135,86.165
c14110,20.145,86.165
c14111,20.155,86.165
c14112,20.165,86.165
c14113,20.175,86.165
c14114,20.185,86.165
c14115,20.195,86.165
c14116,20.205,86.165
c14117,20.215,86.165
c14118,20.225,86.165
c14119,20.235,86.165
c14120,20.245,86.165
c14121,20.255,86.165
c14122,20.265,86.165
c14123,20.275,86.165
c14124,20.285,86.165
c14125,20.295,86.165
c14126,20.305,86.165
c14127,20.315,86.165
c14128,20.325,86.165
c14129,20.335,86.165
c14130,20.345,86.165
c14131,20.355,86.165
c14132,20.365,86.165
c14133,20.375,86.165
c14134,20.385,86.165
c14135,20.395,86.165
c14136,20.405,86.165
c14137,20.415,86.165
c14138,20.425,86.165
c14139,20.435,86.165
c14140,20.445,86.165
c14141,20.455,86.165
c14142,20.465,86.165
c14143,20.475,86.165
c14144,20.485,86.165
c14145,20.495,86.165
c14146,20.505,86.165
c14147,20.515,86.165
c14148,20.525,86.165
c14149,20.535,86.165
c14150,20.545,86.165
c14151,20.555,86.165
c14152,20.565,86.165
c14153,20.575,86.165
c14154,20.585,86.165
c14155,20.595,86.165
c14156,20.605,86.165
c14157,19.405,86.175
c14158,19.415,86.175
c14159,19.425,86.175
c14160,19.435,86.175
c14161,19.445,86.175
c14162,19.455,86.175
c14163,19.465,86.175
c14164,19.475,86.175
c14165,19.485,86.175
c14166,19.495,86.175
c14167,19.505,86.175
c14168,19.515,86.175
c14169,19.525,86.175
c14170,19.535,86.175
c14171,19.545,86.175
c14172,19.555,86.175
c14173,19.565,86.175
c14174,19.575,86.175
c14175,19.585,86.175
c14176,19.595,86.175
c14177,19.605,86.175
c14178,19.615,86.175
c14179,19.625,86.175
c14180,19.635,86.175
c14181,19.645,86.175
c14182,19.655,86.175
c14183,19.665,86.175
c14184,19.675,86.175
c14185,19.685,86.175
c14186,19.695,86.175
c14187,19.705,86.175
c14188,19.715,86.175
c14189,19.725,86.175
c14190,19.735,86.175
c14191,19.745,86.175
c14192,19.755,86.175
c14193,19.765,86.175
c14194,19.775,86.175
c14195,19.785,86.175
c14196,19.795,86.175
c14197,19.805,86.175
c14198,19.815,86.175
c14199,19.825,86.175
c14200,19.835,86.175
c14201,19.845,86.175
c14202,19.855,86.175
c14203,19.865,86.175
c14204,19.875,86.175
c14205,19.885,86.175
c14206,19.895,86.175
c14207,19.905,86.175
c14208,19.915,86.175
c14209,19.925,86.175
c14210,19.935,86.175
c14211,19.945,86.175
c14212,19.955,86.175
c14213,19.965,86.175
c14214,19.975,86.175
c14215,19.985,86.175
c14216,19.995,86.175
c14217,20.005,86.175
c14218,20.015,86.175
c14219,20.025,86.175
c14220,20.035,86.175
c14221,20.045,86.175
c14222,20.055,86.175
c14223,20.065,86.175
c14224,20.075,86.175
c14225,20.085,86.175
c14226,20.095,86.175
c14227,20.105,86.175
c14228,20.115,86.175
c14229,20.125,86.175
c14230,20.135,86.175
c14231,20.145,86.175
c14232,20.155,86.175
c14233,20.165,86.175
c14234,20.175,86.175
c14235,20.185,86.175
c14236,20.195,86.175
c14237,20.205,86.175
c14238,20.215,86.175
c14239,20.225,86.175
c14240,20.235,86.175
c14241,20.245,86.175
c14242,20.255,86.175
c14243,20.265,86.175
c14244,20.275,86.175
c14245,20.285,86.175
c14246,20.295,86.175
c14247,20.305,86.175
c14248,20.315,86.175
c14249,20.325,86.175
c14250,20.335,86.175
c14251,20.345,86.175
c14252,20.355,86.175
c14253,20.365,86.175
c14254,20.375,86.175
c14255,20.385,86.175
c14256,20.395,86.175
c14257,20.405,86.175
c14258,20.415,86.175
c14259,20.425,86.175
c14260,20.435,86.175
c14261,20.445,86.175
c14262,20.455,86.175
c14263,20.465,86.175
c14264,20.475,86.175
c14265,20.485,86.175
c14266,20.495,86.175
c14267,20.505,86.175
c14268,20.515,86.175
c14269,20.525,86.175
c14270,20.535,86.175
c14271,20.545,86.175
c14272,20.555,86.175
c14273,20.565,86.175
c14274,20.575,86.175
c14275,20.585,86.175
c14276,20.595,86.175
c14277,20.605,86.175
c14278,19.405,86.185
c14279,19.415,86.185
c14280,19.425,86.185
c14281,19.435,86.185
c14282,19.445,86.185
c14283,19.455,86.185
c14284,19.465,86.185
c14285,19.475,86.185
c14286,19.485,86.185
c14287,19.495,86.185
c14288,19.505,86.185
c14289,19.515,86.185
c14290,19.525,86.185
c14291,19.535,86.185
c14292,19.545,86.185
c14293,19.555,86.185
c14294,19.565,86.185
c14295,19.575,86.185
c14296,19.585,86.185
c14297,19.595,86.185
c14298,19.605,86.185
c14299,19.615,86.185
c14300,19.625,86.185
c14301,19.635,86.185
c14302,19.645,86.185
c14303,19.655,86.185
c14304,19.665,86.185
c14305,19.675,86.185
c14306,19.685,86.185
c14307,19.695,86.185
c14308,19.705,86.185
c14309,19.715,86.185
c14310,19.725,86.185
c14311,19.735,86.185
c14312,19.745,86.185
c14313,19.755,86.185
c14314,19.765,86.185
c14315,19.775,86.185
c14316,19.785,86.185
c14317,19.795,86.185
c14318,19.805,86.185
c14319,19.815,86.185
c14320,19.825,86.185
c14321,19.835,86.185
c14322,19.845,86.185
c14323,19.855,86.185
c14324,19.865,86.185
c14325,19.875,86.185
c14326,19.885,86.185
c14327,19.895,86.185
c14328,19.905,86.185
c14329,19.915,86.185
c14330,19.925,86.185
c14331,19.935,86.185
c14332,19.945,86.185
c14333,19.955,86.185
c14334,19.965,86.185
c14335,19.975,86.185
c14336,19.985,86.185
c14337,19.995,86.185
c14338,20.005,86.185
c14339,20.015,86.185
c14340,20.025,86.185
c14341,20.035,86.185
c14342,20.045,86.185
c14343,20.055,86.185
c14344,20.065,86.185
c14345,20.075,86.185
c14346,20.085,86.185
c14347,20.095,86.185
c14348,20.105,86.185
c14349,20.115,86.185
c14350,20.125,86.185
c14351,20.135,86.185
c14352,20.145,86.185
c14353,20.155,86.185
c14354,20.165,86.185
c14355,20.175,86.185
c14356,20.185,86.185
c14357,20.195,86.185
c14358,20.205,86.185
c14359,20.215,86.185
c14360,20.225,86.185
c14361,20.235,86.185
c14362,20.245,86.185
c14363,20.255,86.185
c14364,20.265,86.185
c14365,20.275,86.185
c14366,20.285,86.185
c14367,20.295,86.185
c14368,20.305,86.185
c14369,20.315,86.185
c14370,20.325,86.185
c14371,20.335,86.185
c14372,20.345,86.185
c14373,20.355,86.185
c14374,20.365,86.185
c14375,20.375,86.185
c14376,20.385,86.185
c14377,20.395,86.185
c14378,20.405,86.185
c14379,20.415,86.185
c14380,20.425,86.185
c14381,20.435,86.185
c14382,20.445,86.185
c14383,20.455,86.185
c14384,20.465,86.185
c14385,20.475,86.185
c14386,20.485,86.185
c14387,20.495,86.185
c14388,20.505,86.185
c14389,20.515,86.185
c14390,20.525,86.185
c14391,20.535,86.185
c14392,20.545,86.185
c14393,20.555,86.185
c14394,20.565,86.185
c14395,20.575,86.185
c14396,20.585,86.185
c14397,20.595,86.185
c14398,20.605,86.185
c14399,19.405,86.195
c14400,19.415,86.195
c14401,19.425,86.195
c14402,19.435,86.195
c14403,19.445,86.195
c14404,19.455,86.195
c14405,19.465,86.195
c14406,19.475,86.195
c14407,19.485,86.195
c14408,19.495,86.195
c14409,19.505,86.195
c14410,19.515,86.195
c14411,19.525,86.195
c14412,19.535,86.195
c14413,19.545,86.195
c14414,19.555,86.195
c14415,19.565,86.195
c14416,19.575,86.195
c14417,19.585,86.195
c14418,19.595,86.195
c14419,19.605,86.195
c14420,19.615,86.195
c14421,19.625,86.195
c14422,19.635,86.195
c14423,19.645,86.195
c14424,19.655,86.195
c14425,19.665,86.195
c14426,19.675,86.195
c14427,19.685,86.195
c14428,19.695,86.195
c14429,19.705,86.195
c14430,19.715,86.195
c14431,19.725,86.195
c14432,19.735,86.195
c14433,19.745,86.195
c14434,19.755,86.195
c14435,19.765,86.195
c14436,19.775,86.195
c14437,19.785,86.195
c14438,19.795,86.195
c14439,19.805,86.195
c14440,19.815,86.195
c14441,19.825,86.195
c14442,19.835,86.195
c14443,19.845,86.195
c14444,19.855,86.195
c14445,19.865,86.195
c14446,19.875,86.195
c14447,19.885,86.195
c14448,19.895,86.195
c14449,19.905,86.195
c14450,19.915,86.195
c14451,19.925,86.195
c14452,19.935,86.195
c14453,19.945,86.195
c14454,19.955,86.195
c14455,19.965,86.195
c14456,19.975,86.195
c14457,19.985,86.195
c14458,19.995,86.195
c14459,20.005,86.195
c14460,20.015,86.195
c14461,20.025,86.195
c14462,20.035,86.195
c14463,20.045,86.195
c14464,20.055,86.195
c14465,20.065,86.195
c14466,20.075,86.195
c14467,20.085,86.195
c14468,20.095,86.195
c14469,20.105,86.195
c14470,20.115,86.195
c14471,20.125,86.195
c14472,20.135,86.195
c14473,20.145,86.195
c14474,20.155,86.195
c14475,20.165,86.195
c14476,20.175,86.195
c14477,20.185,86.195
c14478,20.195,86.195
c14479,20.205,86.195
c14480,20.215,86.195
c14481,20.225,86.195
c14482,20.235,86.195
c14483,20.245,86.195
c14484,20.255,86.195
c14485,20.265,86.195
c14486,20.275,86.195
c14487,20.285,86.195
c14488,20.295,86.195
c14489,20.305,86.195
c14490,20.315,86.195
c14491,20.325,86.195
c14492,20.335,86.195
c14493,20.345,86.195
c14494,20.355,86.195
c14495,20.365,86.195
c14496,20.375,86.195
c14497,20.385,86.195
c14498,20.395,86.195
c14499,20.405,86.195
c14500,20.415,86.195
c14501,20.425,86.195
c14502,20.435,86.195
c14503,20.445,86.195
c14504,20.455,86.195
c14505,20.465,86.195
c14506,20.475,86.195
c14507,20.485,86.195
c14508,20.495,86.195
c14509,20.505,86.195
c14510,20.515,86.195
c14511,20.525,86.195
c14512,20.535,86.195
c14513,20.545,86.195
c14514,20.555,86.195
c14515,20.565,86.195
c14516,20.575,86.195
c14517,20.585,86.195
c14518,20.595,86.195
c14519,20.605,86.195
c14520,19.405,86.205
c14521,19.415,86.205
c14522,19.425,86.205
c14523,19.435,86.205
c14524,19.445,86.205
c14525,19.455,86.205
c14526,19.465,86.205
c14527,19.475,86.205
c14528,19.485,86.205
c14529,19.495,86.205
c14530,19.505,86.205
c14531,19.515,86.205
c14532,19.525,86.205
c14533,19.535,86.205
c14534,19.545,86.205
c14535,19.555,86.205
c14536,19.565,86.205
c14537,19.575,86.205
c14538,19.585,86.205
c14539,19.595,86.205
c14540,19.605,86.205
c14541,19.615,86.205
c14542,19.625,86.205
c14543,19.635,86.205
c14544,19.645,86.205
c14545,19.655,86.205
c14546,19.665,86.205
c14547,19.675,86.205
c14548,19.685,86.205
c14549,19.695,86.205
c14550,19.705,86.205
c14551,19.715,86.205
c14552,19.725,86.205
c14553,19.735,86.205
c14554,19.745,86.205
c14555,19.755,86.205
c14556,19.765,86.205
c14557,19.775,86.205
c14558,19.785,86.205
c14559,19.795,86.205
c14560,19.805,86.205
c14561,19.815,86.205
c14562,19.825,86.205
c14563,19.835,86.205
c14564,19.845,86.205
c14565,19.855,86.205
c14566,19.865,86.205
c14567,19.875,86.205
c14568,19.885,86.205
c14569,19.895,86.205
c14570,19.905,86.205
c14571,19.915,86.205
c14572,19.925,86.205
c14573,19.935,86.205
c14574,19.945,86.205
c14575,19.955,86.205
c14576,19.965,86.205
c14577,19.975,86.205
c14578,19.985,86.205
c14579,19.995,86.205
c14580,20.005,86.205
c14581,20.015,86.205
c14582,20.025,86.205
c14583,20.035,86.205
c14584,20.045,86.205
c14585,20.055,86.205
c14586,20.065,86.205
c14587,20.075,86.205
c14588,20.085,86.205
c14589,20.095,86.205
c14590,20.105,86.205
c14591,20.115,86.205
c14592,20.125,86.205
c14593,20.135,86.205
c14594,20.145,86.205
c14595,20.155,86.205
c14596,20.165,86.205
c14597,20.175,86.205
c14598,20.185,86.205
c14599,20.195,86.205
c14600,20.205,86.205
c14601,20.215,86.205
c14602,20.225,86.205
c14603,20.235,86.205
c14604,20.245,86.205
c14605,20.255,86.205
c14606,20.265,86.205
c14607,20.275,86.205
c14608,20.285,86.205
c14609,20.295,86.205
c14610,20.305,86.205
c14611,20.315,86.205
c14612,20.325,86.205
c14613,20.335,86.205
c14614,20.345,86.205
c14615,20.355,86.205
c14616,20.365,86.205
c14617,20.375,86.205
c14618,20.385,86.205
c14619,20.395,86.205
c14620,20.405,86.205
c14621,20.415,86.205
c14622,20.425,86.205
c14623,20.435,86.205
c14624,20.445,86.205
c14625,20.455,86.205
c14626,20.465,86.205
c14627,20.475,86.205
c14628,20.485,86.205
c14629,20.495,86.205
c14630,20.505,86.205
c14631,20.515,86.205
c14632,20.525,86.205
c14633,20.535,86.205
c14634,20.545,86.205
c14635,20.555,86.205
c14636,20.565,86.205
c14637,20.575,86.205
c14638,20.585,86.205
c14639,20.595,86.205
c14640,20.605,86.205
c14641,19.405,86.215
c14642,19.415,86.215
c14643,19.425,86.215
c14644,19.435,86.215
c14645,19.445,86.215
c14646,19.455,86.215
c14647,19.465,86.215
c14648,19.475,86.215
c14649,19.485,86.215
c14650,19.495,86.215
c14651,19.505,86.215
c14652,19.515,86.215
c14653,19.525,86.215
c14654,19.535,86.215
c14655,19.545,86.215
c14656,19.555,86.215
c14657,19.565,86.215
c14658,19.575,86.215
c14659,19.585,86.215
c14660,19.595,86.215
c14661,19.605,86.215
c14662,19.615,86.215
c14663,19.625,86.215
c14664,19.635,86.215
c14665,19.645,86.215
c14666,19.655,86.215
c14667,19.665,86.215
c14668,19.675,86.215
c14669,19.685,86.215
c14670,19.695,86.215
c14671,19.705,86.215
c14672,19.715,86.215
c14673,19.725,86.215
c14674,19.735,86.215
c14675,19.745,86.215
c14676,19.755,86.215
c14677,19.765,86.215
c14678,19.775,86.215
c14679,19.785,86.215
c14680,19.795,86.215
c14681,19.805,86.215
c14682,19.815,86.215
c14683,19.825,86.215
c14684,19.835,86.215
c14685,19.845,86.215
c14686,19.855,86.215
c14687,19.865,86.215
c14688,19.875,86.215
c14689,19.885,86.215
c14690,19.895,86.215
c14691,19.905,86.215
c14692,19.915,86.215
c14693,19.925,86.215
c14694,19.935,86.215
c14695,19.945,86.215
c14696,19.955,86.215
c14697,19.965,86.215
c14698,19.975,86.215
c14699,19.985,86.215
c14700,19.995,86.215
c14701,20.005,86.215
c14702,20.015,86.215
c14703,20.025,86.215
c14704,20.035,86.215
c14705,20.045,86.215
c14706,20.055,86.215
c14707,20.065,86.215
c14708,20.075,86.215
c14709,20.085,86.215
c14710,20.095,86.215
c14711,20.105,86.215
c14712,20.115,86.215
c14713,20.125,86.215
c14714,20.135,86.215
c14715,20.145,86.215
c14716,20.155,86.215
c14717,20.165,86.215
c14718,20.175,86.215
c14719,20.185,86.215
c14720,20.195,86.215
c14721,20.205,86.215
c14722,20.215,86.215
c14723,20.225,86.215
c14724,20.235,86.215
c14725,20.245,86.215
c14726,20.255,86.215
c14727,20.265,86.215
c14728,20.275,86.215
c14729,20.285,86.215
c14730,20.295,86.215
c14731,20.305,86.215
c14732,20.315,86.215
c14733,20.325,86.215
c14734,20.335,86.215
c14735,20.345,86.215
c14736,20.355,86.215
c14737,20.365,86.215
c14738,20.375,86.215
c14739,20.385,86.215
c14740,20.395,86.215
c14741,20.405,86.215
c14742,20.415,86.215
c14743,20.425,86.215
c14744,20.435,86.215
c14745,20.445,86.215
c14746,20.455,86.215
c14747,20.465,86.215
c14748,20.475,86.215
c14749,20.485,86.215
c14750,20.495,86.215
c14751,20.505,86.215
c14752,20.515,86.215
c14753,20.525,86.215
c14754,20.535,86.215
c14755,20.545,86.215
c14756,20.555,86.215
c14757,20.565,86.215
c14758,20.575,86.215
c14759,20.585,86.215
c14760,20.595,86.215
c14761,20.605,86.215
c14762,19.405,86.225
c14763,19.415,86.225
c14764,19.425,86.225
c14765,19.435,86.225
c14766,19.445,86.225
c14767,19.455,86.225
c14768,19.465,86.225
c14769,19.475,86.225
c14770,19.485,86.225
c14771,19.495,86.225
c14772,19.505,86.225
c14773,19.515,86.225
c14774,19.525,86.225
c14775,19.535,86.225
c14776,19.545,86.225
c14777,19.555,86.225
c14778,19.565,86.225
c14779,19.575,86.225
c14780,19.585,86.225
c14781,19.595,86.225
c14782,19.605,86.225
c14783,19.615,86.225
c14784,19.625,86.225
c14785,19.635,86.225
c14786,19.645,86.225
c14787,19.655,86.225
c14788,19.665,86.225
c14789,19.675,86.225
c14790,19.685,86.225
c14791,19.695,86.225
c14792,19.705,86.225
c14793,19.715,86.225
c14794,19.725,86.225
c14795,19.735,86.225
c14796,19.745,86.225
c14797,19.755,86.225
c14798,19.765,86.225
c14799,19.775,86.225
c14800,19.785,86.225
c14801,19.795,86.225
c14802,19.805,86.225
c14803,19.815,86.225
c14804,19.825,86.225
c14805,19.835,86.225
c14806,19.845,86.225
c14807,19.855,86.225
c14808,19.865,86.225
c14809,19.875,86.225
c14810,19.885,86.225
c14811,19.895,86.225
c14812,19.905,86.225
c14813,19.915,86.225
c14814,19.925,86.225
c14815,19.935,86.225
c14816,19.945,86.225
c14817,19.955,86.225
c14818,19.965,86.225
c14819,19.975,86.225
c14820,19.985,86.225
c14821,19.995,86.225
c14822,20.005,86.225
c14823,20.015,86.225
c14824,20.025,86.225
c14825,20.035,86.225
c14826,20.045,86.225
c14827,20.055,86.225
c14828,20.065,86.225
c14829,20.075,86.225
c14830,20.085,86.225
c14831,20.095,86.225
c14832,20.105,86.225
c14833,20.115,86.225
c14834,20.125,86.225
c14835,20.135,86.225
c14836,20.145,86.225
c14837,20.155,86.225
c14838,20.165,86.225
c14839,20.175,86.225
c14840,20.185,86.225
c14841,20.195,86.225
c14842,20.205,86.225
c14843,20.215,86.225
c14844,20.225,86.225
c14845,20.235,86.225
c14846,20.245,86.225
c14847,20.255,86.225
c14848,20.265,86.225
c14849,20.275,86.225
c14850,20.285,86.225
c14851,20.295,86.225
c14852,20.305,86.225
c14853,20.315,86.225
c14854,20.325,86.225
c14855,20.335,86.225
c14856,20.345,86.225
c14857,20.355,86.225
c14858,20.365,86.225
c14859,20.375,86.225
c14860,20.385,86.225
c14861,20.395,86.225
c14862,20.405,86.225
c14863,20.415,86.225
c14864,20.425,86.225
c14865,20.435,86.225
c14866,20.445,86.225
c14867,20.455,86.225
c14868,20.465,86.225
c14869,20.475,86.225
c14870,20.485,86.225
c14871,20.495,86.225
c14872,20.505,86.225
c14873,20.515,86.225
c14874,20.525,86.225
c14875,20.535,86.225
c14876,20.545,86.225
c14877,20.555,86.225
c14878,20.565,86.225
c14879,20.575,86.225
c14880,20.585,86.225
c14881,20.595,86.225
c14882,20.605,86.225
c14883,19.405,86.235
c14884,19.415,86.235
c14885,19.425,86.235
c14886,19.435,86.235
c14887,19.445,86.235
c14888,19.455,86.235
c14889,19.465,86.235
c14890,19.475,86.235
c14891,19.485,86.235
c14892,19.495,86.235
c14893,19.505,86.235
c14894,19.515,86.235
c14895,19.525,86.235
c14896,19.535,86.235
c14897,19.545,86.235
c14898,19.555,86.235
c14899,19.565,86.235
c14900,19.575,86.235
c14901,19.585,86.235
c14902,19.595,86.235
c14903,19.605,86.235
c14904,19.615,86.235
c14905,19.625,86.235
c14906,19.635,86.235
c14907,19.645,86.235
c14908,19.655,86.235
c14909,19.665,86.235
c14910,19.675,86.235
c14911,19.685,86.235
c14912,19.695,86.235
c14913,19.705,86.235
c14914,19.715,86.235
c14915,19.725,86.235
c14916,19.735,86.235
c14917,19.745,86.235
c14918,19.755,86.235
c14919,19.765,86.235
c14920,19.775,86.235
c14921,19.785,86.235
c14922,19.795,86.235
c14923,19.805,86.235
c14924,19.815,86.235
c14925,19.825,86.235
c14926,19.835,86.235
c14927,19.845,86.235
c14928,19.855,86.235
c14929,19.865,86.235
c14930,19.875,86.235
c14931,19.885,86.235
c14932,19.895,86.235
c14933,19.905,86.235
c14934,19.915,86.235
c14935,19.925,86.235
c14936,19.935,86.235
c14937,19.945,86.235
c14938,19.955,86.235
c14939,19.965,86.235
c14940,19.975,86.235
c14941,19.985,86.235
c14942,19.995,86.235
c14943,20.005,86.235
c14944,20.015,86.235
c14945,20.025,86.235
c14946,20.035,86.235
c14947,20.045,86.235
c14948,20.055,86.235
c14949,20.065,86.235
c14950,20.075,86.235
c14951,20.085,86.235
c14952,20.095,86.235
c14953,20.105,86.235
c14954,20.115,86.235
c14955,20.125,86.235
c14956,20.135,86.235
c14957,20.145,86.235
c14958,20.155,86.235
c14959,20.165,86.235
c14960,20.175,86.235
c14961,20.185,86.235
c14962,20.195,86.235
c14963,20.205,86.235
c14964,20.215,86.235
c14965,20.225,86.235
c14966,20.235,86.235
c14967,20.245,86.235
c14968,20.255,86.235
c14969,20.265,86.235
c14970,20.275,86.235
c14971,20.285,86.235
c14972,20.295,86.235
c14973,20.305,86.235
c14974,20.315,86.235
c14975,20.325,86.235
c14976,20.335,86.235
c14977,20.345,86.235
c14978,20.355,86.235
c14979,20.365,86.235
c14980,20.375,86.235
c14981,20.385,86.235
c14982,20.395,86.235
c14983,20.405,86.235
c14984,20.415,86.235
c14985,20.425,86.235
c14986,20.435,86.235
c14987,20.445,86.235
c14988,20.455,86.235
c14989,20.465,86.235
c14990,20.475,86.235
c14991,20.485,86.235
c14992,20.495,86.235
c14993,20.505,86.235
c14994,20.515,86.235
c14995,20.525,86.235
c14996,20.535,86.235
c14997,20.545,86.235
c14998,20.555,86.235
c14999,20.565,86.235
c15000,20.575,86.235
c15001,20.585,86.235
c15002,20.595,86.235
c15003,20.605,86.235
c15004,19.405,86.245
c15005,19.415,86.245
c15006,19.425,86.245
c15007,19.435,86.245
c15008,19.445,86.245
c15009,19.455,86.245
c15010,19.465,86.245
c15011,19.475,86.245
c15012,19.485,86.245
c15013,19.495,86.245
c15014,19.505,86.245
c15015,19.515,86.245
c15016,19.525,86.245
c15017,19.535,86.245
c15018,19.545,86.245
c15019,19.555,86.245
c15020,19.565,86.245
c15021,19.575,86.245
c15022,19.585,86.245
c15023,19.595,86.245
c15024,19.605,86.245
c15025,19.615,86.245
c15026,19.625,86.245
c15027,19.635,86.245
c15028,19.645,86.245
c15029,19.655,86.245
c15030,19.665,86.245
c15031,19.675,86.245
c15032,19.685,86.245
c15033,19.695,86.245
c15034,19.705,86.245
c15035,19.715,86.245
c15036,19.725,86.245
c15037,19.735,86.245
c15038,19.745,86.245
c15039,19.755,86.245
c15040,19.765,86.245
c15041,19.775,86.245
c15042,19.785,86.245
c15043,19.795,86.245
c15044,19.805,86.245
c15045,19.815,86.245
c15046,19.825,86.245
c15047,19.835,86.245
c15048,19.845,86.245
c15049,19.855,86.245
c15050,19.865,86.245
c15051,19.875,86.245
c15052,19.885,86.245
c15053,19.895,86.245
c15054,19.905,86.245
c15055,19.915,86.245
c15056,19.925,86.245
c15057,19.935,86.245
c15058,19.945,86.245
c15059,19.955,86.245
c15060,19.965,86.245
c15061,19.975,86.245
c15062,19.985,86.245
c15063,19.995,86.245
c15064,20.005,86.245
c15065,20.015,86.245
c15066,20.025,86.245
c15067,20.035,86.245
c15068,20.045,86.245
c15069,20.055,86.245
c15070,20.065,86.245
c15071,20.075,86.245
c15072,20.085,86.245
c15073,20.095,86.245
c15074,20.105,86.245
c15075,20.115,86.245
c15076,20.125,86.245
c15077,20.135,86.245
c15078,20.145,86.245
c15079,20.155,86.245
c15080,20.165,86.245
c15081,20.175,86.245
c15082,20.185,86.245
c15083,20.195,86.245
c15084,20.205,86.245
c15085,20.215,86.245
c15086,20.225,86.245
c15087,20.235,86.245
c15088,20.245,86.245
c15089,20.255,86.245
c15090,20.265,86.245
c15091,20.275,86.245
c15092,20.285,86.245
c15093,20.295,86.245
c15094,20.305,86.245
c15095,20.315,86.245
c15096,20.325,86.245
c15097,20.335,86.245
c15098,20.345,86.245
c15099,20.355,86.245
c15100,20.365,86.245
c15101,20.375,86.245
c15102,20.385,86.245
c15103,20.395,86.245
c15104,20.405,86.245
c15105,20.415,86.245
c15106,20.425,86.245
c15107,20.435,86.245
c15108,20.445,86.245
c15109,20.455,86.245
c15110,20.465,86.245
c15111,20.475,86.245
c15112,20.485,86.245
c15113,20.495,86.245
c15114,20.505,86.245
c15115,20.515,86.245
c15116,20.525,86.245
c15117,20.535,86.245
c15118,20.545,86.245
c15119,20.555,86.245
c15120,20.565,86.245
c15121,20.575,86.245
c15122,20.585,86.245
c15123,20.595,86.245
c15124,20.605,86.245
c15125,19.405,86.255
c15126,19.415,86.255
c15127,19.425,86.255
c15128,19.435,86.255
c15129,19.445,86.255
c15130,19.455,86.255
c15131,19.465,86.255
c15132,19.475,86.255
c15133,19.485,86.255
c15134,19.495,86.255
c15135,19.505,86.255
c15136,19.515,86.255
c15137,19.525,86.255
c15138,19.535,86.255
c15139,19.545,86.255
c15140,19.555,86.255
c15141,19.565,86.255
c15142,19.575,86.255
c15143,19.585,86.255
c15144,19.595,86.255
c15145,19.605,86.255
c15146,19.615,86.255
c15147,19.625,86.255
c15148,19.635,86.255
c15149,19.645,86.255
c15150,19.655,86.255
c15151,19.665,86.255
c15152,19.675,86.255
c15153,19.685,86.255
c15154,19.695,86.255
c15155,19.705,86.255
c15156,19.715,86.255
c15157,19.725,86.255
c15158,19.735,86.255
c15159,19.745,86.255
c15160,19.755,86.255
c15161,19.765,86.255
c15162,19.775,86.255
c15163,19.785,86.255
c15164,19.795,86.255
c15165,19.805,86.255
c15166,19.815,86.255
c15167,19.825,86.255
c15168,19.835,86.255
c15169,19.845,86.255
c15170,19.855,86.255
c15171,19.865,86.255
c15172,19.875,86.255
c15173,19.885,86.255
c15174,19.895,86.255
c15175,19.905,86.255
c15176,19.915,86.255
c15177,19.925,86.255
c15178,19.935,86.255
c15179,19.945,86.255
c15180,19.955,86.255
c15181,19.965,86.255
c15182,19.975,86.255
c15183,19.985,86.255
c15184,19.995,86.255
c15185,20.005,86.255
c15186,20.015,86.255
c15187,20.025,86.255
c15188,20.035,86.255
c15189,20.045,86.255
c15190,20.055,86.255
c15191,20.065,86.255
c15192,20.075,86.255
c15193,20.085,86.255
c15194,20.095,86.255
c15195,20.105,86.255
c15196,20.115,86.255
c15197,20.125,86.255
c15198,20.135,86.255
c15199,20.145,86.255
c15200,20.155,86.255
c15201,20.165,86.255
c15202,20.175,86.255
c15203,20.185,86.255
c15204,20.195,86.255
c15205,20.205,86.255
c15206,20.215,86.255
c15207,20.225,86.255
c15208,20.235,86.255
c15209,20.245,86.255
c15210,20.255,86.255
c15211,20.265,86.255
c15212,20.275,86.255
c15213,20.285,86.255
c15214,20.295,86.255
c15215,20.305,86.255
c15216,20.315,86.255
c15217,20.325,86.255
c15218,20.335,86.255
c15219,20.345,86.255
c15220,20.355,86.255
c15221,20.365,86.255
c15222,20.375,86.255
c15223,20.385,86.255
c15224,20.395,86.255
c15225,20.405,86.255
c15226,20.415,86.255
c15227,20.425,86.255
c15228,20.435,86.255
c15229,20.445,86.255
c15230,20.455,86.255
c15231,20.465,86.255
c15232,20.475,86.255
c15233,20.485,86.255
c15234,20.495,86.255
c15235,20.505,86.255
c15236,20.515,86.255
c15237,20.525,86.255
c15238,20.535,86.255
c15239,20.545,86.255
c15240,20.555,86.255
c15241,20.565,86.255
c15242,20.575,86.255
c15243,20.585,86.255
c15244,20.595,86.255
c15245,20.605,86.255
c15246,19.405,86.265
c15247,19.415,86.265
c15248,19.425,86.265
c15249,19.435,86.265
c15250,19.445,86.265
c15251,19.455,86.265
c15252,19.465,86.265
c15253,19.475,86.265
c15254,19.485,86.265
c15255,19.495,86.265
c15256,19.505,86.265
c15257,19.515,86.265
c15258,19.525,86.265
c15259,19.535,86.265
c15260,19.545,86.265
c15261,19.555,86.265
c15262,19.565,86.265
c15263,19.575,86.265
c15264,19.585,86.265
c15265,19.595,86.265
c15266,19.605,86.265
c15267,19.615,86.265
c15268,19.625,86.265
c15269,19.635,86.265
c15270,19.645,86.265
c15271,19.655,86.265
c15272,19.665,86.265
c15273,19.675,86.265
c15274,19.685,86.265
c15275,19.695,86.265
c15276,19.705,86.265
c15277,19.715,86.265
c15278,19.725,86.265
c15279,19.735,86.265
c15280,19.745,86.265
c15281,19.755,86.265
c15282,19.765,86.265
c15283,19.775,86.265
c15284,19.785,86.265
c15285,19.795,86.265
c15286,19.805,86.265
c15287,19.815,86.265
c15288,19.825,86.265
c15289,19.835,86.265
c15290,19.845,86.265
c15291,19.855,86.265
c15292,19.865,86.265
c15293,19.875,86.265
c15294,19.885,86.265
c15295,19.895,86.265
c15296,19.905,86.265
c15297,19.915,86.265
c15298,19.925,86.265
c15299,19.935,86.265
c15300,19.945,86.265
c15301,19.955,86.265
c15302,19.965,86.265
c15303,19.975,86.265
c15304,19.985,86.265
c15305,19.995,86.265
c15306,20.005,86.265
c15307,20.015,86.265
c15308,20.025,86.265
c15309,20.035,86.265
c15310,20.045,86.265
c15311,20.055,86.265
c15312,20.065,86.265
c15313,20.075,86.265
c15314,20.085,86.265
c15315,20.095,86.265
c15316,20.105,86.265
c15317,20.115,86.265
c15318,20.125,86.265
c15319,20.135,86.265
c15320,20.145,86.265
c15321,20.155,86.265
c15322,20.165,86.265
c15323,20.175,86.265
c15324,20.185,86.265
c15325,20.195,86.265
c15326,20.205,86.265
c15327,20.215,86.265
c15328,20.225,86.265
c15329,20.235,86.265
c15330,20.245,86.265
c15331,20.255,86.265
c15332,20.265,86.265
c15333,20.275,86.265
c15334,20.285,86.265
c15335,20.295,86.265
c15336,20.305,86.265
c15337,20.315,86.265
c15338,20.325,86.265
c15339,20.335,86.265
c15340,20.345,86.265
c15341,20.355,86.265
c15342,20.365,86.265
c15343,20.375,86.265
c15344,20.385,86.265
c15345,20.395,86.265
c15346,20.405,86.265
c15347,20.415,86.265
c15348,20.425,86.265
c15349,20.435,86.265
c15350,20.445,86.265
c15351,20.455,86.265
c15352,20.465,86.265
c15353,20.475,86.265
c15354,20.485,86.265
c15355,20.495,86.265
c15356,20.505,86.265
c15357,20.515,86.265
c15358,20.525,86.265
c15359,20.535,86.265
c15360,20.545,86.265
c15361,20.555,86.265
c15362,20.565,86.265
c15363,20.575,86.265
c15364,20.585,86.265
c15365,20.595,86.265
c15366,20.605,86.265
c15367,19.405,86.275
c15368,19.415,86.275
c15369,19.425,86.275
c15370,19.435,86.275
c15371,19.445,86.275
c15372,19.455,86.275
c15373,19.465,86.275
c15374,19.475,86.275
c15375,19.485,86.275
c15376,19.495,86.275
c15377,19.505,86.275
c15378,19.515,86.275
c15379,19.525,86.275
c15380,19.535,86.275
c15381,19.545,86.275
c15382,19.555,86.275
c15383,19.565,86.275
c15384,19.575,86.275
c15385,19.585,86.275
c15386,19.595,86.275
c15387,19.605,86.275
c15388,19.615,86.275
c15389,19.625,86.275
c15390,19.635,86.275
c15391,19.645,86.275
c15392,19.655,86.275
c15393,19.665,86.275
c15394,19.675,86.275
c15395,19.685,86.275
c15396,19.695,86.275
c15397,19.705,86.275
c15398,19.715,86.275
c15399,19.725,86.275
c15400,19.735,86.275
c15401,19.745,86.275
c15402,19.755,86.275
c15403,19.765,86.275
c15404,19.775,86.275
c15405,19.785,86.275
c15406,19.795,86.275
c15407,19.805,86.275
c15408,19.815,86.275
c15409,19.825,86.275
c15410,19.835,86.275
c15411,19.845,86.275
c15412,19.855,86.275
c15413,19.865,86.275
c15414,19.875,86.275
c15415,19.885,86.275
c15416,19.895,86.275
c15417,19.905,86.275
c15418,19.915,86.275
c15419,19.925,86.275
c15420,19.935,86.275
c15421,19.945,86.275
c15422,19.955,86.275
c15423,19.965,86.275
c15424,19.975,86.275
c15425,19.985,86.275
c15426,19.995,86.275
c15427,20.005,86.275
c15428,20.015,86.275
c15429,20.025,86.275
c15430,20.035,86.275
c15431,20.045,86.275
c15432,20.055,86.275
c15433,20.065,86.275
c15434,20.075,86.275
c15435,20.085,86.275
c15436,20.095,86.275
c15437,20.105,86.275
c15438,20.115,86.275
c15439,20.125,86.275
c15440,20.135,86.275
c15441,20.145,86.275
c15442,20.155,86.275
c15443,20.165,86.275
c15444,20.175,86.275
c15445,20.185,86.275
c15446,20.195,86.275
c15447,20.205,86.275
c15448,20.215,86.275
c15449,20.225,86.275
c15450,20.235,86.275
c15451,20.245,86.275
c15452,20.255,86.275
c15453,20.265,86.275
c15454,20.275,86.275
c15455,20.285,86.275
c15456,20.295,86.275
c15457,20.305,86.275
c15458,20.315,86.275
c15459,20.325,86.275
c15460,20.335,86.275
c15461,20.345,86.275
c15462,20.355,86.275
c15463,20.365,86.275
c15464,20.375,86.275
c15465,20.385,86.275
c15466,20.395,86.275
c15467,20.405,86.275
c15468,20.415,86.275
c15469,20.425,86.275
c15470,20.435,86.275
c15471,20.445,86.275
c15472,20.455,86.275
c15473,20.465,86.275
c15474,20.475,86.275
c15475,20.485,86.275
c15476,20.495,86.275
c15477,20.505,86.275
c15478,20.515,86.275
c15479,20.525,86.275
c15480,20.535,86.275
c15481,20.545,86.275
c15482,20.555,86.275
c15483,20.565,86.275
c15484,20.575,86.275
c15485,20.585,86.275
c15486,20.595,86.275
c15487,20.605,86.275
c15488,19.405,86.285
c15489,19.415,86.285
c15490,19.425,86.285
c15491,19.435,86.285
c15492,19.445,86.285
c15493,19.455,86.285
c15494,19.465,86.285
c15495,19.475,86.285
c15496,19.485,86.285
c15497,19.495,86.285
c15498,19.505,86.285
c15499,19.515,86.285
c15500,19.525,86.285
c15501,19.535,86.285
c15502,19.545,86.285
c15503,19.555,86.285
c15504,19.565,86.285
c15505,19.575,86.285
c15506,19.585,86.285
c15507,19.595,86.285
c15508,19.605,86.285
c15509,19.615,86.285
c15510,19.625,86.285
c15511,19.635,86.285
c15512,19.645,86.285
c15513,19.655,86.285
c15514,19.665,86.285
c15515,19.675,86.285
c15516,19.685,86.285
c15517,19.695,86.285
c15518,19.705,86.285
c15519,19.715,86.285
c15520,19.725,86.285
c15521,19.735,86.285
c15522,19.745,86.285
c15523,19.755,86.285
c15524,19.765,86.285
c15525,19.775,86.285
c15526,19.785,86.285
c15527,19.795,86.285
c15528,19.805,86.285
c15529,19.815,86.285
c15530,19.825,86.285
c15531,19.835,86.285
c15532,19.845,86.285
c15533,19.855,86.285
c15534,19.865,86.285
c15535,19.875,86.285
c15536,19.885,86.285
c15537,19.895,86.285
c15538,19.905,86.285
c15539,19.915,86.285
c15540,19.925,86.285
c15541,19.935,86.285
c15542,19.945,86.285
c15543,19.955,86.285
c15544,19.965,86.285
c15545,19.975,86.285
c15546,19.985,86.285
c15547,19.995,86.285
c15548,20.005,86.285
c15549,20.015,86.285
c15550,20.025,86.285
c15551,20.035,86.285
c15552,20.045,86.285
c15553,20.055,86.285
c15554,20.065,86.285
c15555,20.075,86.285
c15556,20.085,86.285
c15557,20.095,86.285
c15558,20.105,86.285
c15559,20.115,86.285
c15560,20.125,86.285
c15561,20.135,86.285
c15562,20.145,86.285
c15563,20.155,86.285
c15564,20.165,86.285
c15565,20.175,86.285
c15566,20.185,86.285
c15567,20.195,86.285
c15568,20.205,86.285
c15569,20.215,86.285
c15570,20.225,86.285
c15571,20.235,86.285
c15572,20.245,86.285
c15573,20.255,86.285
c15574,20.265,86.285
c15575,20.275,86.285
c15576,20.285,86.285
c15577,20.295,86.285
c15578,20.305,86.285
c15579,20.315,86.285
c15580,20.325,86.285
c15581,20.335,86.285
c15582,20.345,86.285
c15583,20.355,86.285
c15584,20.365,86.285
c15585,20.375,86.285
c15586,20.385,86.285
c15587,20.395,86.285
c15588,20.405,86.285
c15589,20.415,86.285
c15590,20.425,86.285
c15591,20.435,86.285
c15592,20.445,86.285
c15593,20.455,86.285
c15594,20.465,86.285
c15595,20.475,86.285
c15596,20.485,86.285
c15597,20.495,86.285
c15598,20.505,86.285
c15599,20.515,86.285
c15600,20.525,86.285
c15601,20.535,86.285
c15602,20.545,86.285
c15603,20.555,86.285
c15604,20.565,86.285
c15605,20.575,86.285
c15606,20.585,86.285
c15607,20.595,86.285
c15608,20.605,86.285
c15609,19.405,86.295
c15610,19.415,86.295
c15611,19.425,86.295
c15612,19.435,86.295
c15613,19.445,86.295
c15614,19.455,86.295
c15615,19.465,86.295
c15616,19.475,86.295
c15617,19.485,86.295
c15618,19.495,86.295
c15619,19.505,86.295
c15620,19.515,86.295
c15621,19.525,86.295
c15622,19.535,86.295
c15623,19.545,86.295
c15624,19.555,86.295
c15625,19.565,86.295
c15626,19.575,86.295
c15627,19.585,86.295
c15628,19.595,86.295
c15629,19.605,86.295
c15630,19.615,86.295
c15631,19.625,86.295
c15632,19.635,86.295
c15633,19.645,86.295
c15634,19.655,86.295
c15635,19.665,86.295
c15636,19.675,86.295
c15637,19.685,86.295
c15638,19.695,86.295
c15639,19.705,86.295
c15640,19.715,86.295
c15641,19.725,86.295
c15642,19.735,86.295
c15643,19.745,86.295
c15644,19.755,86.295
c15645,19.765,86.295
c15646,19.775,86.295
c15647,19.785,86.295
c15648,19.795,86.295
c15649,19.805,86.295
c15650,19.815,86.295
c15651,19.825,86.295
c15652,19.835,86.295
c15653,19.845,86.295
c15654,19.855,86.295
c15655,19.865,86.295
c15656,19.875,86.295
c15657,19.885,86.295
c15658,19.895,86.295
c15659,19.905,86.295
c15660,19.915,86.295
c15661,19.925,86.295
c15662,19.935,86.295
c15663,19.945,86.295
c15664,19.955,86.295
c15665,19.965,86.295
c15666,19.975,86.295
c15667,19.985,86.295
c15668,19.995,86.295
c15669,20.005,86.295
c15670,20.015,86.295
c15671,20.025,86.295
c15672,20.035,86.295
c15673,20.045,86.295
c15674,20.055,86.295
c15675,20.065,86.295
c15676,20.075,86.295
c15677,20.085,86.295
c15678,20.095,86.295
c15679,20.105,86.295
c15680,20.115,86.295
c15681,20.125,86.295
c15682,20.135,86.295
c15683,20.145,86.295
c15684,20.155,86.295
c15685,20.165,86.295
c15686,20.175,86.295
c15687,20.185,86.295
c15688,20.195,86.295
c15689,20.205,86.295
c15690,20.215,86.295
c15691,20.225,86.295
c15692,20.235,86.295
c15693,20.245,86.295
c15694,20.255,86.295
c15695,20.265,86.295
c15696,20.275,86.295
c15697,20.285,86.295
c15698,20.295,86.295
c15699,20.305,86.295
c15700,20.315,86.295
c15701,20.325,86.295
c15702,20.335,86.295
c15703,20.345,86.295
c15704,20.355,86.295
c15705,20.365,86.295
c15706,20.375,86.295
c15707,20.385,86.295
c15708,20.395,86.295
c15709,20.405,86.295
c15710,20.415,86.295
c15711,20.425,86.295
c15712,20.435,86.295
c15713,20.445,86.295
c15714,20.455,86.295
c15715,20.465,86.295
c15716,20.475,86.295
c15717,20.485,86.295
c15718,20.495,86.295
c15719,20.505,86.295
c15720,20.515,86.295
c15721,20.525,86.295
c15722,20.535,86.295
c15723,20.545,86.295
c15724,20.555,86.295
c15725,20.565,86.295
c15726,20.575,86.295
c15727,20.585,86.295
c15728,20.595,86.295
c15729,20.605,86.295
c15730,19.405,86.305
c15731,19.415,86.305
c15732,19.425,86.305
c15733,19.435,86.305
c15734,19.445,86.305
c15735,19.455,86.305
c15736,19.465,86.305
c15737,19.475,86.305
c15738,19.485,86.305
c15739,19.495,86.305
c15740,19.505,86.305
c15741,19.515,86.305
c15742,19.525,86.305
c15743,19.535,86.305
c15744,19.545,86.305
c15745,19.555,86.305
c15746,19.565,86.305
c15747,19.575,86.305
c15748,19.585,86.305
c15749,19.595,86.305
c15750,19.605,86.305
c15751,19.615,86.305
c15752,19.625,86.305
c15753,19.635,86.305
c15754,19.645,86.305
c15755,19.655,86.305
c15756,19.665,86.305
c15757,19.675,86.305
c15758,19.685,86.305
c15759,19.695,86.305
c15760,19.705,86.305
c15761,19.715,86.305
c15762,19.725,86.305
c15763,19.735,86.305
c15764,19.745,86.305
c15765,19.755,86.305
c15766,19.765,86.305
c15767,19.775,86.305
c15768,19.785,86.305
c15769,19.795,86.305
c15770,19.805,86.305
c15771,19.815,86.305
c15772,19.825,86.305
c15773,19.835,86.305
c15774,19.845,86.305
c15775,19.855,86.305
c15776,19.865,86.305
c15777,19.875,86.305
c15778,19.885,86.305
c15779,19.895,86.305
c15780,19.905,86.305
c15781,19.915,86.305
c15782,19.925,86.305
c15783,19.935,86.305
c15784,19.945,86.305
c15785,19.955,86.305
c15786,19.965,86.305
c15787,19.975,86.305
c15788,19.985,86.305
c15789,19.995,86.305
c15790,20.005,86.305
c15791,20.015,86.305
c15792,20.025,86.305
c15793,20.035,86.305
c15794,20.045,86.305
c15795,20.055,86.305
c15796,20.065,86.305
c15797,20.075,86.305
c15798,20.085,86.305
c15799,20.095,86.305
c15800,20.105,86.305
c15801,20.115,86.305
c15802,20.125,86.305
c15803,20.135,86.305
c15804,20.145,86.305
c15805,20.155,86.305
c15806,20.165,86.305
c15807,20.175,86.305
c15808,20.185,86.305
c15809,20.195,86.305
c15810,20.205,86.305
c15811,20.215,86.305
c15812,20.225,86.305
c15813,20.235,86.305
c15814,20.245,86.305
c15815,20.255,86.305
c15816,20.265,86.305
c15817,20.275,86.305
c15818,20.285,86.305
c15819,20.295,86.305
c15820,20.305,86.305
c15821,20.315,86.305
c15822,20.325,86.305
c15823,20.335,86.305
c15824,20.345,86.305
c15825,20.355,86.305
c15826,20.365,86.305
c15827,20.375,86.305
c15828,20.385,86.305
c15829,20.395,86.305
c15830,20.405,86.305
c15831,20.415,86.305
c15832,20.425,86.305
c15833,20.435,86.305
c15834,20.445,86.305
c15835,20.455,86.305
c15836,20.465,86.305
c15837,20.475,86.305
c15838,20.485,86.305
c15839,20.495,86.305
c15840,20.505,86.305
c15841,20.515,86.305
c15842,20.525,86.305
c15843,20.535,86.305
c15844,20.545,86.305
c15845,20.555,86.305
c15846,20.565,86.305
c15847,20.575,86.305
c15848,20.585,86.305
c15849,20.595,86.305
c15850,20.605,86.305
c15851,19.405,86.315
c15852,19.415,86.315
c15853,19.425,86.315
c15854,19.435,86.315
c15855,19.445,86.315
c15856,19.455,86.315
c15857,19.465,86.315
c15858,19.475,86.315
c15859,19.485,86.315
c15860,19.495,86.315
c15861,19.505,86.315
c15862,19.515,86.315
c15863,19.525,86.315
c15864,19.535,86.315
c15865,19.545,86.315
c15866,19.555,86.315
c15867,19.565,86.315
c15868,19.575,86.315
c15869,19.585,86.315
c15870,19.595,86.315
c15871,19.605,86.315
c15872,19.615,86.315
c15873,19.625,86.315
c15874,19.635,86.315
c15875,19.645,86.315
c15876,19.655,86.315
c15877,19.665,86.315
c15878,19.675,86.315
c15879,19.685,86.315
c15880,19.695,86.315
c15881,19.705,86.315
c15882,19.715,86.315
c15883,19.725,86.315
c15884,19.735,86.315
c15885,19.745,86.315
c15886,19.755,86.315
c15887,19.765,86.315
c15888,19.775,86.315
c15889,19.785,86.315
c15890,19.795,86.315
c15891,19.805,86.315
c15892,19.815,86.315
c15893,19.825,86.315
c15894,19.835,86.315
c15895,19.845,86.315
c15896,19.855,86.315
c15897,19.865,86.315
c15898,19.875,86.315
c15899,19.885,86.315
c15900,19.895,86.315
c15901,19.905,86.315
c15902,19.915,86.315
c15903,19.925,86.315
c15904,19.935,86.315
c15905,19.945,86.315
c15906,19.955,86.315
c15907,19.965,86.315
c15908,19.975,86.315
c15909,19.985,86.315
c15910,19.995,86.315
c15911,20.005,86.315
c15912,20.015,86.315
c15913,20.025,86.315
c15914,20.035,86.315
c15915,20.045,86.315
c15916,20.055,86.315
c15917,20.065,86.315
c15918,20.075,86.315
c15919,20.085,86.315
c15920,20.095,86.315
c15921,20.105,86.315
c15922,20.115,86.315
c15923,20.125,86.315
c15924,20.135,86.315
c15925,20.145,86.315
c15926,20.155,86.315
c15927,20.165,86.315
c15928,20.175,86.315
c15929,20.185,86.315
c15930,20.195,86.315
c15931,20.205,86.315
c15932,20.215,86.315
c15933,20.225,86.315
c15934,20.235,86.315
c15935,20.245,86.315
c15936,20.255,86.315
c15937,20.265,86.315
c15938,20.275,86.315
c15939,20.285,86.315
c15940,20.295,86.315
c15941,20.305,86.315
c15942,20.315,86.315
c15943,20.325,86.315
c15944,20.335,86.315
c15945,20.345,86.315
c15946,20.355,86.315
c15947,20.365,86.315
c15948,20.375,86.315
c15949,20.385,86.315
c15950,20.395,86.315
c15951,20.405,86.315
c15952,20.415,86.315
c15953,20.425,86.315
c15954,20.435,86.315
c15955,20.445,86.315
c15956,20.455,86.315
c15957,20.465,86.315
c15958,20.475,86.315
c15959,20.485,86.315
c15960,20.495,86.315
c15961,20.505,86.315
c15962,20.515,86.315
c15963,20.525,86.315
c15964,20.535,86.315
c15965,20.545,86.315
c15966,20.555,86.315
c15967,20.565,86.315
c15968,20.575,86.315
c15969,20.585,86.315
c15970,20.595,86.315
c15971,20.605,86.315
c15972,19.405,86.325
c15973,19.415,86.325
c15974,19.425,86.325
c15975,19.435,86.325
c15976,19.445,86.325
c15977,19.455,86.325
c15978,19.465,86.325
c15979,19.475,86.325
c15980,19.485,86.325
c15981,19.495,86.325
c15982,19.505,86.325
c15983,19.515,86.325
c15984,19.525,86.325
c15985,19.535,86.325
c15986,19.545,86.325
c15987,19.555,86.325
c15988,19.565,86.325
c15989,19.575,86.325
c15990,19.585,86.325
c15991,19.595,86.325
c15992,19.605,86.325
c15993,19.615,86.325
c15994,19.625,86.325
c15995,19.635,86.325
c15996,19.645,86.325
c15997,19.655,86.325
c15998,19.665,86.325
c15999,19.675,86.325
c16000,19.685,86.325
c16001,19.695,86.325
c16002,19.705,86.325
c16003,19.715,86.325
c16004,19.725,86.325
c16005,19.735,86.325
c16006,19.745,86.325
c16007,19.755,86.325
c16008,19.765,86.325
c16009,19.775,86.325
c16010,19.785,86.325
c16011,19.795,86.325
c16012,19.805,86.325
c16013,19.815,86.325
c16014,19.825,86.325
c16015,19.835,86.325
c16016,19.845,86.325
c16017,19.855,86.325
c16018,19.865,86.325
c16019,19.875,86.325
c16020,19.885,86.325
c16021,19.895,86.325
c16022,19.905,86.325
c16023,19.915,86.325
c16024,19.925,86.325
c16025,19.935,86.325
c16026,19.945,86.325
c16027,19.955,86.325
c16028,19.965,86.325
c16029,19.975,86.325
c16030,19.985,86.325
c16031,19.995,86.325
c16032,20.005,86.325
c16033,20.015,86.325
c16034,20.025,86.325
c16035,20.035,86.325
c16036,20.045,86.325
c16037,20.055,86.325
c16038,20.065,86.325
c16039,20.075,86.325
c16040,20.085,86.325
c16041,20.095,86.325
c16042,20.105,86.325
c16043,20.115,86.325
c16044,20.125,86.325
c16045,20.135,86.325
c16046,20.145,86.325
c16047,20.155,86.325
c16048,20.165,86.325
c16049,20.175,86.325
c16050,20.185,86.325
c16051,20.195,86.325
c16052,20.205,86.325
c16053,20.215,86.325
c16054,20.225,86.325
c16055,20.235,86.325
c16056,20.245,86.325
c16057,20.255,86.325
c16058,20.265,86.325
c16059,20.275,86.325
c16060,20.285,86.325
c16061,20.295,86.325
c16062,20.305,86.325
c16063,20.315,86.325
c16064,20.325,86.325
c16065,20.335,86.325
c16066,20.345,86.325
c16067,20.355,86.325
c16068,20.365,86.325
c16069,20.375,86.325
c16070,20.385,86.325
c16071,20.395,86.325
c16072,20.405,86.325
c16073,20.415,86.325
c16074,20.425,86.325
c16075,20.435,86.325
c16076,20.445,86.325
c16077,20.455,86.325
c16078,20.465,86.325
c16079,20.475,86.325
c16080,20.485,86.325
c16081,20.495,86.325
c16082,20.505,86.325
c16083,20.515,86.325
c16084,20.525,86.325
c16085,20.535,86.325
c16086,20.545,86.325
c16087,20.555,86.325
c16088,20.565,86.325
c16089,20.575,86.325
c16090,20.585,86.325
c16091,20.595,86.325
c16092,20.605,86.325
c16093,19.405,86.335
c16094,19.415,86.335
c16095,19.425,86.335
c16096,19.435,86.335
c16097,19.445,86.335
c16098,19.455,86.335
c16099,19.465,86.335
c16100,19.475,86.335
c16101,19.485,86.335
c16102,19.495,86.335
c16103,19.505,86.335
c16104,19.515,86.335
c16105,19.525,86.335
c16106,19.535,86.335
c16107,19.545,86.335
c16108,19.555,86.335
c16109,19.565,86.335
c16110,19.575,86.335
c16111,19.585,86.335
c16112,19.595,86.335
c16113,19.605,86.335
c16114,19.615,86.335
c16115,19.625,86.335
c16116,19.635,86.335
c16117,19.645,86.335
c16118,19.655,86.335
c16119,19.665,86.335
c16120,19.675,86.335
c16121,19.685,86.335
c16122,19.695,86.335
c16123,19.705,86.335
c16124,19.715,86.335
c16125,19.725,86.335
c16126,19.735,86.335
c16127,19.745,86.335
c16128,19.755,86.335
c16129,19.765,86.335
c16130,19.775,86.335
c16131,19.785,86.335
c16132,19.795,86.335
c16133,19.805,86.335
c16134,19.815,86.335
c16135,19.825,86.335
c16136,19.835,86.335
c16137,19.845,86.335
c16138,19.855,86.335
c16139,19.865,86.335
c16140,19.875,86.335
c16141,19.885,86.335
c16142,19.895,86.335
c16143,19.905,86.335
c16144,19.915,86.335
c16145,19.925,86.335
c16146,19.935,86.335
c16147,19.945,86.335
c16148,19.955,86.335
c16149,19.965,86.335
c16150,19.975,86.335
c16151,19.985,86.335
c16152,19.995,86.335
c16153,20.005,86.335
c16154,20.015,86.335
c16155,20.025,86.335
c16156,20.035,86.335
c16157,20.045,86.335
c16158,20.055,86.335
c16159,20.065,86.335
c16160,20.075,86.335
c16161,20.085,86.335
c16162,20.095,86.335
c16163,20.105,86.335
c16164,20.115,86.335
c16165,20.125,86.335
c16166,20.135,86.335
c16167,20.145,86.335
c16168,20.155,86.335
c16169,20.165,86.335
c16170,20.175,86.335
c16171,20.185,86.335
c16172,20.195,86.335
c16173,20.205,86.335
c16174,20.215,86.335
c16175,20.225,86.335
c16176,20.235,86.335
c16177,20.245,86.335
c16178,20.255,86.335
c16179,20.265,86.335
c16180,20.275,86.335
c16181,20.285,86.335
c16182,20.295,86.335
c16183,20.305,86.335
c16184,20.315,86.335
c16185,20.325,86.335
c16186,20.335,86.335
c16187,20.345,86.335
c16188,20.355,86.335
c16189,20.365,86.335
c16190,20.375,86.335
c16191,20.385,86.335
c16192,20.395,86.335
c16193,20.405,86.335
c16194,20.415,86.335
c16195,20.425,86.335
c16196,20.435,86.335
c16197,20.445,86.335
c16198,20.455,86.335
c16199,20.465,86.335
c16200,20.475,86.335
c16201,20.485,86.335
c16202,20.495,86.335
c16203,20.505,86.335
c16204,20.515,86.335
c16205,20.525,86.335
c16206,20.535,86.335
c16207,20.545,86.335
c16208,20.555,86.335
c16209,20.565,86.335
c16210,20.575,86.335
c16211,20.585,86.335
c16212,20.595,86.335
c16213,20.605,86.335
c16214,19.405,86.345
c16215,19.415,86.345
c16216,19.425,86.345
c16217,19.435,86.345
c16218,19.445,86.345
c16219,19.455,86.345
c16220,19.465,86.345
c16221,19.475,86.345
c16222,19.485,86.345
c16223,19.495,86.345
c16224,19.505,86.345
c16225,19.515,86.345
c16226,19.525,86.345
c16227,19.535,86.345
c16228,19.545,86.345
c16229,19.555,86.345
c16230,19.565,86.345
c16231,19.575,86.345
c16232,19.585,86.345
c16233,19.595,86.345
c16234,19.605,86.345
c16235,19.615,86.345
c16236,19.625,86.345
c16237,19.635,86.345
c16238,19.645,86.345
c16239,19.655,86.345
c16240,19.665,86.345
c16241,19.675,86.345
c16242,19.685,86.345
c16243,19.695,86.345
c16244,19.705,86.345
c16245,19.715,86.345
c16246,19.725,86.345
c16247,19.735,86.345
c16248,19.745,86.345
c16249,19.755,86.345
c16250,19.765,86.345
c16251,19.775,86.345
c16252,19.785,86.345
c16253,19.795,86.345
c16254,19.805,86.345
c16255,19.815,86.345
c16256,19.825,86.345
c16257,19.835,86.345
c16258,19.845,86.345
c16259,19.855,86.345
c16260,19.865,86.345
c16261,19.875,86.345
c16262,19.885,86.345
c16263,19.895,86.345
c16264,19.905,86.345
c16265,19.915,86.345
c16266,19.925,86.345
c16267,19.935,86.345
c16268,19.945,86.345
c16269,19.955,86.345
c16270,19.965,86.345
c16271,19.975,86.345
c16272,19.985,86.345
c16273,19.995,86.345
c16274,20.005,86.345
c16275,20.015,86.345
c16276,20.025,86.345
c16277,20.035,86.345
c16278,20.045,86.345
c16279,20.055,86.345
c16280,20.065,86.345
c16281,20.075,86.345
c16282,20.085,86.345
c16283,20.095,86.345
c16284,20.105,86.345
c16285,20.115,86.345
c16286,20.125,86.345
c16287,20.135,86.345
c16288,20.145,86.345
c16289,20.155,86.345
c16290,20.165,86.345
c16291,20.175,86.345
c16292,20.185,86.345
c16293,20.195,86.345
c16294,20.205,86.345
c16295,20.215,86.345
c16296,20.225,86.345
c16297,20.235,86.345
c16298,20.245,86.345
c16299,20.255,86.345
c16300,20.265,86.345
c16301,20.275,86.345
c16302,20.285,86.345
c16303,20.295,86.345
c16304,20.305,86.345
c16305,20.315,86.345
c16306,20.325,86.345
c16307,20.335,86.345
c16308,20.345,86.345
c16309,20.355,86.345
c16310,20.365,86.345
c16311,20.375,86.345
c16312,20.385,86.345
c16313,20.395,86.345
c16314,20.405,86.345
c16315,20.415,86.345
c16316,20.425,86.345
c16317,20.435,86.345
c16318,20.445,86.345
c16319,20.455,86.345
c16320,20.465,86.345
c16321,20.475,86.345
c16322,20.485,86.345
c16323,20.495,86.345
c16324,20.505,86.345
c16325,20.515,86.345
c16326,20.525,86.345
c16327,20.535,86.345
c16328,20.545,86.345
c16329,20.555,86.345
c16330,20.565,86.345
c16331,20.575,86.345
c16332,20.585,86.345
c16333,20.595,86.345
c16334,20.605,86.345
c16335,19.405,86.355
c16336,19.415,86.355
c16337,19.425,86.355
c16338,19.435,86.355
c16339,19.445,86.355
c16340,19.455,86.355
c16341,19.465,86.355
c16342,19.475,86.355
c16343,19.485,86.355
c16344,19.495,86.355
c16345,19.505,86.355
c16346,19.515,86.355
c16347,19.525,86.355
c16348,19.535,86.355
c16349,19.545,86.355
c16350,19.555,86.355
c16351,19.565,86.355
c16352,19.575,86.355
c16353,19.585,86.355
c16354,19.595,86.355
c16355,19.605,86.355
c16356,19.615,86.355
c16357,19.625,86.355
c16358,19.635,86.355
c16359,19.645,86.355
c16360,19.655,86.355
c16361,19.665,86.355
c16362,19.675,86.355
c16363,19.685,86.355
c16364,19.695,86.355
c16365,19.705,86.355
c16366,19.715,86.355
c16367,19.725,86.355
c16368,19.735,86.355
c16369,19.745,86.355
c16370,19.755,86.355
c16371,19.765,86.355
c16372,19.775,86.355
c16373,19.785,86.355
c16374,19.795,86.355
c16375,19.805,86.355
c16376,19.815,86.355
c16377,19.825,86.355
c16378,19.835,86.355
c16379,19.845,86.355
c16380,19.855,86.355
c16381,19.865,86.355
c16382,19.875,86.355
c16383,19.885,86.355
c16384,19.895,86.355
c16385,19.905,86.355
c16386,19.915,86.355
c16387,19.925,86.355
c16388,19.935,86.355
c16389,19.945,86.355
c16390,19.955,86.355
c16391,19.965,86.355
c16392,19.975,86.355
c16393,19.985,86.355
c16394,19.995,86.355
c16395,20.005,86.355
c16396,20.015,86.355
c16397,20.025,86.355
c16398,20.035,86.355
c16399,20.045,86.355
c16400,20.055,86.355
c16401,20.065,86.355
c16402,20.075,86.355
c16403,20.085,86.355
c16404,20.095,86.355
c16405,20.105,86.355
c16406,20.115,86.355
c16407,20.125,86.355
c16408,20.135,86.355
c16409,20.145,86.355
c16410,20.155,86.355
c16411,20.165,86.355
c16412,20.175,86.355
c16413,20.185,86.355
c16414,20.195,86.355
c16415,20.205,86.355
c16416,20.215,86.355
c16417,20.225,86.355
c16418,20.235,86.355
c16419,20.245,86.355
c16420,20.255,86.355
c16421,20.265,86.355
c16422,20.275,86.355
c16423,20.285,86.355
c16424,20.295,86.355
c16425,20.305,86.355
c16426,20.315,86.355
c16427,20.325,86.355
c16428,20.335,86.355
c16429,20.345,86.355
c16430,20.355,86.355
c16431,20.365,86.355
c16432,20.375,86.355
c16433,20.385,86.355
c16434,20.395,86.355
c16435,20.405,86.355
c16436,20.415,86.355
c16437,20.425,86.355
c16438,20.435,86.355
c16439,20.445,86.355
c16440,20.455,86.355
c16441,20.465,86.355
c16442,20.475,86.355
c16443,20.485,86.355
c16444,20.495,86.355
c16445,20.505,86.355
c16446,20.515,86.355
c16447,20.525,86.355
c16448,20.535,86.355
c16449,20.545,86.355
c16450,20.555,86.355
c16451,20.565,86.355
c16452,20.575,86.355
c16453,20.585,86.355
c16454,20.595,86.355
c16455,20.605,86.355
c16456,19.405,86.365
c16457,19.415,86.365
c16458,19.425,86.365
c16459,19.435,86.365
c16460,19.445,86.365
c16461,19.455,86.365
c16462,19.465,86.365
c16463,19.475,86.365
c16464,19.485,86.365
c16465,19.495,86.365
c16466,19.505,86.365
c16467,19.515,86.365
c16468,19.525,86.365
c16469,19.535,86.365
c16470,19.545,86.365
c16471,19.555,86.365
c16472,19.565,86.365
c16473,19.575,86.365
c16474,19.585,86.365
c16475,19.595,86.365
c16476,19.605,86.365
c16477,19.615,86.365
c16478,19.625,86.365
c16479,19.635,86.365
c16480,19.645,86.365
c16481,19.655,86.365
c16482,19.665,86.365
c16483,19.675,86.365
c16484,19.685,86.365
c16485,19.695,86.365
c16486,19.705,86.365
c16487,19.715,86.365
c16488,19.725,86.365
c16489,19.735,86.365
c16490,19.745,86.365
c16491,19.755,86.365
c16492,19.765,86.365
c16493,19.775,86.365
c16494,19.785,86.365
c16495,19.795,86.365
c16496,19.805,86.365
c16497,19.815,86.365
c16498,19.825,86.365
c16499,19.835,86.365
c16500,19.845,86.365
c16501,19.855,86.365
c16502,19.865,86.365
c16503,19.875,86.365
c16504,19.885,86.365
c16505,19.895,86.365
c16506,19.905,86.365
c16507,19.915,86.365
c16508,19.925,86.365
c16509,19.935,86.365
c16510,19.945,86.365
c16511,19.955,86.365
c16512,19.965,86.365
c16513,19.975,86.365
c16514,19.985,86.365
c16515,19.995,86.365
c16516,20.005,86.365
c16517,20.015,86.365
c16518,20.025,86.365
c16519,20.035,86.365
c16520,20.045,86.365
c16521,20.055,86.365
c16522,20.065,86.365
c16523,20.075,86.365
c16524,20.085,86.365
c16525,20.095,86.365
c16526,20.105,86.365
c16527,20.115,86.365
c16528,20.125,86.365
c16529,20.135,86.365
c16530,20.145,86.365
c16531,20.155,86.365
c16532,20.165,86.365
c16533,20.175,86.365
c16534,20.185,86.365
c16535,20.195,86.365
c16536,20.205,86.365
c16537,20.215,86.365
c16538,20.225,86.365
c16539,20.235,86.365
c16540,20.245,86.365
c16541,20.255,86.365
c16542,20.265,86.365
c16543,20.275,86.365
c16544,20.285,86.365
c16545,20.295,86.365
c16546,20.305,86.365
c16547,20.315,86.365
c16548,20.325,86.365
c16549,20.335,86.365
c16550,20.345,86.365
c16551,20.355,86.365
c16552,20.365,86.365
c16553,20.375,86.365
c16554,20.385,86.365
c16555,20.395,86.365
c16556,20.405,86.365
c16557,20.415,86.365
c16558,20.425,86.365
c16559,20.435,86.365
c16560,20.445,86.365
c16561,20.455,86.365
c16562,20.465,86.365
c16563,20.475,86.365
c16564,20.485,86.365
c16565,20.495,86.365
c16566,20.505,86.365
c16567,20.515,86.365
c16568,20.525,86.365
c16569,20.535,86.365
c16570,20.545,86.365
c16571,20.555,86.365
c16572,20.565,86.365
c16573,20.575,86.365
c16574,20.585,86.365
c16575,20.595,86.365
c16576,20.605,86.365
c16577,19.405,86.375
c16578,19.415,86.375
c16579,19.425,86.375
c16580,19.435,86.375
c16581,19.445,86.375
c16582,19.455,86.375
c16583,19.465,86.375
c16584,19.475,86.375
c16585,19.485,86.375
c16586,19.495,86.375
c16587,19.505,86.375
c16588,19.515,86.375
c16589,19.525,86.375
c16590,19.535,86.375
c16591,19.545,86.375
c16592,19.555,86.375
c16593,19.565,86.375
c16594,19.575,86.375
c16595,19.585,86.375
c16596,19.595,86.375
c16597,19.605,86.375
c16598,19.615,86.375
c16599,19.625,86.375
c16600,19.635,86.375
c16601,19.645,86.375
c16602,19.655,86.375
c16603,19.665,86.375
c16604,19.675,86.375
c16605,19.685,86.375
c16606,19.695,86.375
c16607,19.705,86.375
c16608,19.715,86.375
c16609,19.725,86.375
c16610,19.735,86.375
c16611,19.745,86.375
c16612,19.755,86.375
c16613,19.765,86.375
c16614,19.775,86.375
c16615,19.785,86.375
c16616,19.795,86.375
c16617,19.805,86.375
c16618,19.815,86.375
c16619,19.825,86.375
c16620,19.835,86.375
c16621,19.845,86.375
c16622,19.855,86.375
c16623,19.865,86.375
c16624,19.875,86.375
c16625,19.885,86.375
c16626,19.895,86.375
c16627,19.905,86.375
c16628,19.915,86.375
c16629,19.925,86.375
c16630,19.935,86.375
c16631,19.945,86.375
c16632,19.955,86.375
c16633,19.965,86.375
c16634,19.975,86.375
c16635,19.985,86.375
c16636,19.995,86.375
c16637,20.005,86.375
c16638,20.015,86.375
c16639,20.025,86.375
c16640,20.035,86.375
c16641,20.045,86.375
c16642,20.055,86.375
c16643,20.065,86.375
c16644,20.075,86.375
c16645,20.085,86.375
c16646,20.095,86.375
c16647,20.105,86.375
c16648,20.115,86.375
c16649,20.125,86.375
c16650,20.135,86.375
c16651,20.145,86.375
c16652,20.155,86.375
c16653,20.165,86.375
c16654,20.175,86.375
c16655,20.185,86.375
c16656,20.195,86.375
c16657,20.205,86.375
c16658,20.215,86.375
c16659,20.225,86.375
c16660,20.235,86.375
c16661,20.245,86.375
c16662,20.255,86.375
c16663,20.265,86.375
c16664,20.275,86.375
c16665,20.285,86.375
c16666,20.295,86.375
c16667,20.305,86.375
c16668,20.315,86.375
c16669,20.325,86.375
c16670,20.335,86.375
c16671,20.345,86.375
c16672,20.355,86.375
c16673,20.365,86.375
c16674,20.375,86.375
c16675,20.385,86.375
c16676,20.395,86.375
c16677,20.405,86.375
c16678,20.415,86.375
c16679,20.425,86.375
c16680,20.435,86.375
c16681,20.445,86.375
c16682,20.455,86.375
c16683,20.465,86.375
c16684,20.475,86.375
c16685,20.485,86.375
c16686,20.495,86.375
c16687,20.505,86.375
c16688,20.515,86.375
c16689,20.525,86.375
c16690,20.535,86.375
c16691,20.545,86.375
c16692,20.555,86.375
c16693,20.565,86.375
c16694,20.575,86.375
c16695,20.585,86.375
c16696,20.595,86.375
c16697,20.605,86.375
c16698,19.405,86.385
c16699,19.415,86.385
c16700,19.425,86.385
c16701,19.435,86.385
c16702,19.445,86.385
c16703,19.455,86.385
c16704,19.465,86.385
c16705,19.475,86.385
c16706,19.485,86.385
c16707,19.495,86.385
c16708,19.505,86.385
c16709,19.515,86.385
c16710,19.525,86.385
c16711,19.535,86.385
c16712,19.545,86.385
c16713,19.555,86.385
c16714,19.565,86.385
c16715,19.575,86.385
c16716,19.585,86.385
c16717,19.595,86.385
c16718,19.605,86.385
c16719,19.615,86.385
c16720,19.625,86.385
c16721,19.635,86.385
c16722,19.645,86.385
c16723,19.655,86.385
c16724,19.665,86.385
c16725,19.675,86.385
c16726,19.685,86.385
c16727,19.695,86.385
c16728,19.705,86.385
c16729,19.715,86.385
c16730,19.725,86.385
c16731,19.735,86.385
c16732,19.745,86.385
c16733,19.755,86.385
c16734,19.765,86.385
c16735,19.775,86.385
c16736,19.785,86.385
c16737,19.795,86.385
c16738,19.805,86.385
c16739,19.815,86.385
c16740,19.825,86.385
c16741,19.835,86.385
c16742,19.845,86.385
c16743,19.855,86.385
c16744,19.865,86.385
c16745,19.875,86.385
c16746,19.885,86.385
c16747,19.895,86.385
c16748,19.905,86.385
c16749,19.915,86.385
c16750,19.925,86.385
c16751,19.935,86.385
c16752,19.945,86.385
c16753,19.955,86.385
c16754,19.965,86.385
c16755,19.975,86.385
c16756,19.985,86.385
c16757,19.995,86.385
c16758,20.005,86.385
c16759,20.015,86.385
c16760,20.025,86.385
c16761,20.035,86.385
c16762,20.045,86.385
c16763,20.055,86.385
c16764,20.065,86.385
c16765,20.075,86.385
c16766,20.085,86.385
c16767,20.095,86.385
c16768,20.105,86.385
c16769,20.115,86.385
c16770,20.125,86.385
c16771,20.135,86.385
c16772,20.145,86.385
c16773,20.155,86.385
c16774,20.165,86.385
c16775,20.175,86.385
c16776,20.185,86.385
c16777,20.195,86.385
c16778,20.205,86.385
c16779,20.215,86.385
c16780,20.225,86.385
c16781,20.235,86.385
c16782,20.245,86.385
c16783,20.255,86.385
c16784,20.265,86.385
c16785,20.275,86.385
c16786,20.285,86.385
c16787,20.295,86.385
c16788,20.305,86.385
c16789,20.315,86.385
c16790,20.325,86.385
c16791,20.335,86.385
c16792,20.345,86.385
c16793,20.355,86.385
c16794,20.365,86.385
c16795,20.375,86.385
c16796,20.385,86.385
c16797,20.395,86.385
c16798,20.405,86.385
c16799,20.415,86.385
c16800,20.425,86.385
c16801,20.435,86.385
c16802,20.445,86.385
c16803,20.455,86.385
c16804,20.465,86.385
c16805,20.475,86.385
c16806,20.485,86.385
c16807,20.495,86.385
c16808,20.505,86.385
c16809,20.515,86.385
c16810,20.525,86.385
c16811,20.535,86.385
c16812,20.545,86.385
c16813,20.555,86.385
c16814,20.565,86.385
c16815,20.575,86.385
c16816,20.585,86.385
c16817,20.595,86.385
c16818,20.605,86.385
c16819,19.405,86.395
c16820,19.415,86.395
c16821,19.425,86.395
c16822,19.435,86.395
c16823,19.445,86.395
c16824,19.455,86.395
c16825,19.465,86.395
c16826,19.475,86.395
c16827,19.485,86.395
c16828,19.495,86.395
c16829,19.505,86.395
c16830,19.515,86.395
c16831,19.525,86.395
c16832,19.535,86.395
c16833,19.545,86.395
c16834,19.555,86.395
c16835,19.565,86.395
c16836,19.575,86.395
c16837,19.585,86.395
c16838,19.595,86.395
c16839,19.605,86.395
c16840,19.615,86.395
c16841,19.625,86.395
c16842,19.635,86.395
c16843,19.645,86.395
c16844,19.655,86.395
c16845,19.665,86.395
c16846,19.675,86.395
c16847,19.685,86.395
c16848,19.695,86.395
c16849,19.705,86.395
c16850,19.715,86.395
c16851,19.725,86.395
c16852,19.735,86.395
c16853,19.745,86.395
c16854,19.755,86.395
c16855,19.765,86.395
c16856,19.775,86.395
c16857,19.785,86.395
c16858,19.795,86.395
c16859,19.805,86.395
c16860,19.815,86.395
c16861,19.825,86.395
c16862,19.835,86.395
c16863,19.845,86.395
c16864,19.855,86.395
c16865,19.865,86.395
c16866,19.875,86.395
c16867,19.885,86.395
c16868,19.895,86.395
c16869,19.905,86.395
c16870,19.915,86.395
c16871,19.925,86.395
c16872,19.935,86.395
c16873,19.945,86.395
c16874,19.955,86.395
c16875,19.965,86.395
c16876,19.975,86.395
c16877,19.985,86.395
c16878,19.995,86.395
c16879,20.005,86.395
c16880,20.015,86.395
c16881,20.025,86.395
c16882,20.035,86.395
c16883,20.045,86.395
c16884,20.055,86.395
c16885,20.065,86.395
c16886,20.075,86.395
c16887,20.085,86.395
c16888,20.095,86.395
c16889,20.105,86.395
c16890,20.115,86.395
c16891,20.125,86.395
c16892,20.135,86.395
c16893,20.145,86.395
c16894,20.155,86.395
c16895,20.165,86.395
c16896,20.175,86.395
c16897,20.185,86.395
c16898,20.195,86.395
c16899,20.205,86.395
c16900,20.215,86.395
c16901,20.225,86.395
c16902,20.235,86.395
c16903,20.245,86.395
c16904,20.255,86.395
c16905,20.265,86.395
c16906,20.275,86.395
c16907,20.285,86.395
c16908,20.295,86.395
c16909,20.305,86.395
c16910,20.315,86.395
c16911,20.325,86.395
c16912,20.335,86.395
c16913,20.345,86.395
c16914,20.355,86.395
c16915,20.365,86.395
c16916,20.375,86.395
c16917,20.385,86.395
c16918,20.395,86.395
c16919,20.405,86.395
c16920,20.415,86.395
c16921,20.425,86.395
c16922,20.435,86.395
c16923,20.445,86.395
c16924,20.455,86.395
c16925,20.465,86.395
c16926,20.475,86.395
c16927,20.485,86.395
c16928,20.495,86.395
c16929,20.505,86.395
c16930,20.515,86.395
c16931,20.525,86.395
c16932,20.535,86.395
c16933,20.545,86.395
c16934,20.555,86.395
c16935,20.565,86.395
c16936,20.575,86.395
c16937,20.585,86.395
c16938,20.595,86.395
c16939,20.605,86.395
c16940,19.405,86.405
c16941,19.415,86.405
c16942,19.425,86.405
c16943,19.435,86.405
c16944,19.445,86.405
c16945,19.455,86.405
c16946,19.465,86.405
c16947,19.475,86.405
c16948,19.485,86.405
c16949,19.495,86.405
c16950,19.505,86.405
c16951,19.515,86.405
c16952,19.525,86.405
c16953,19.535,86.405
c16954,19.545,86.405
c16955,19.555,86.405
c16956,19.565,86.405
c16957,19.575,86.405
c16958,19.585,86.405
c16959,19.595,86.405
c16960,19.605,86.405
c16961,19.615,86.405
c16962,19.625,86.405
c16963,19.635,86.405
c16964,19.645,86.405
c16965,19.655,86.405
c16966,19.665,86.405
c16967,19.675,86.405
c16968,19.685,86.405
c16969,19.695,86.405
c16970,19.705,86.405
c16971,19.715,86.405
c16972,19.725,86.405
c16973,19.735,86.405
c16974,19.745,86.405
c16975,19.755,86.405
c16976,19.765,86.405
c16977,19.775,86.405
c16978,19.785,86.405
c16979,19.795,86.405
c16980,19.805,86.405
c16981,19.815,86.405
c16982,19.825,86.405
c16983,19.835,86.405
c16984,19.845,86.405
c16985,19.855,86.405
c16986,19.865,86.405
c16987,19.875,86.405
c16988,19.885,86.405
c16989,19.895,86.405
c16990,19.905,86.405
c16991,19.915,86.405
c16992,19.925,86.405
c16993,19.935,86.405
c16994,19.945,86.405
c16995,19.955,86.405
c16996,19.965,86.405
c16997,19.975,86.405
c16998,19.985,86.405
c16999,19.995,86.405
c17000,20.005,86.405
c17001,20.015,86.405
c17002,20.025,86.405
c17003,20.035,86.405
c17004,20.045,86.405
c17005,20.055,86.405
c17006,20.065,86.405
c17007,20.075,86.405
c17008,20.085,86.405
c17009,20.095,86.405
c17010,20.105,86.405
c17011,20.115,86.405
c17012,20.125,86.405
c17013,20.135,86.405
c17014,20.145,86.405
c17015,20.155,86.405
c17016,20.165,86.405
c17017,20.175,86.405
c17018,20.185,86.405
c17019,20.195,86.405
c17020,20.205,86.405
c17021,20.215,86.405
c17022,20.225,86.405
c17023,20.235,86.405
c17024,20.245,86.405
c17025,20.255,86.405
c17026,20.265,86.405
c17027,20.275,86.405
c17028,20.285,86.405
c17029,20.295,86.405
c17030,20.305,86.405
c17031,20.315,86.405
c17032,20.325,86.405
c17033,20.335,86.405
c17034,20.345,86.405
c17035,20.355,86.405
c17036,20.365,86.405
c17037,20.375,86.405
c17038,20.385,86.405
c17039,20.395,86.405
c17040,20.405,86.405
c17041,20.415,86.405
c17042,20.425,86.405
c17043,20.435,86.405
c17044,20.445,86.405
c17045,20.455,86.405
c17046,20.465,86.405
c17047,20.475,86.405
c17048,20.485,86.405
c17049,20.495,86.405
c17050,20.505,86.405
c17051,20.515,86.405
c17052,20.525,86.405
c17053,20.535,86.405
c17054,20.545,86.405
c17055,20.555,86.405
c17056,20.565,86.405
c17057,20.575,86.405
c17058,20.585,86.405
c17059,20.595,86.405
c17060,20.605,86.405
c17061,19.405,86.415
c17062,19.415,86.415
c17063,19.425,86.415
c17064,19.435,86.415
c17065,19.445,86.415
c17066,19.455,86.415
c17067,19.465,86.415
c17068,19.475,86.415
c17069,19.485,86.415
c17070,19.495,86.415
c17071,19.505,86.415
c17072,19.515,86.415
c17073,19.525,86.415
c17074,19.535,86.415
c17075,19.545,86.415
c17076,19.555,86.415
c17077,19.565,86.415
c17078,19.575,86.415
c17079,19.585,86.415
c17080,19.595,86.415
c17081,19.605,86.415
c17082,19.615,86.415
c17083,19.625,86.415
c17084,19.635,86.415
c17085,19.645,86.415
c17086,19.655,86.415
c17087,19.665,86.415
c17088,19.675,86.415
c17089,19.685,86.415
c17090,19.695,86.415
c17091,19.705,86.415
c17092,19.715,86.415
c17093,19.725,86.415
c17094,19.735,86.415
c17095,19.745,86.415
c17096,19.755,86.415
c17097,19.765,86.415
c17098,19.775,86.415
c17099,19.785,86.415
c17100,19.795,86.415
c17101,19.805,86.415
c17102,19.815,86.415
c17103,19.825,86.415
c17104,19.835,86.415
c17105,19.845,86.415
c17106,19.855,86.415
c17107,19.865,86.415
c17108,19.875,86.415
c17109,19.885,86.415
c17110,19.895,86.415
c17111,19.905,86.415
c17112,19.915,86.415
c17113,19.925,86.415
c17114,19.935,86.415
c17115,19.945,86.415
c17116,19.955,86.415
c17117,19.965,86.415
c17118,19.975,86.415
c17119,19.985,86.415
c17120,19.995,86.415
c17121,20.005,86.415
c17122,20.015,86.415
c17123,20.025,86.415
c17124,20.035,86.415
c17125,20.045,86.415
c17126,20.055,86.415
c17127,20.065,86.415
c17128,20.075,86.415
c17129,20.085,86.415
c17130,20.095,86.415
c17131,20.105,86.415
c17132,20.115,86.415
c17133,20.125,86.415
c17134,20.135,86.415
c17135,20.145,86.415
c17136,20.155,86.415
c17137,20.165,86.415
c17138,20.175,86.415
c17139,20.185,86.415
c17140,20.195,86.415
c17141,20.205,86.415
c17142,20.215,86.415
c17143,20.225,86.415
c17144,20.235,86.415
c17145,20.245,86.415
c17146,20.255,86.415
c17147,20.265,86.415
c17148,20.275,86.415
c17149,20.285,86.415
c17150,20.295,86.415
c17151,20.305,86.415
c17152,20.315,86.415
c17153,20.325,86.415
c17154,20.335,86.415
c17155,20.345,86.415
c17156,20.355,86.415
c17157,20.365,86.415
c17158,20.375,86.415
c17159,20.385,86.415
c17160,20.395,86.415
c17161,20.405,86.415
c17162,20.415,86.415
c17163,20.425,86.415
c17164,20.435,86.415
c17165,20.445,86.415
c17166,20.455,86.415
c17167,20.465,86.415
c17168,20.475,86.415
c17169,20.485,86.415
c17170,20.495,86.415
c17171,20.505,86.415
c17172,20.515,86.415
c17173,20.525,86.415
c17174,20.535,86.415
c17175,20.545,86.415
c17176,20.555,86.415
c17177,20.565,86.415
c17178,20.575,86.415
c17179,20.585,86.415
c17180,20.595,86.415
c17181,20.605,86.415
c17182,19.405,86.425
c17183,19.415,86.425
c17184,19.425,86.425
c17185,19.435,86.425
c17186,19.445,86.425
c17187,19.455,86.425
c17188,19.465,86.425
c17189,19.475,86.425
c17190,19.485,86.425
c17191,19.495,86.425
c17192,19.505,86.425
c17193,19.515,86.425
c17194,19.525,86.425
c17195,19.535,86.425
c17196,19.545,86.425
c17197,19.555,86.425
c17198,19.565,86.425
c17199,19.575,86.425
c17200,19.585,86.425
c17201,19.595,86.425
c17202,19.605,86.425
c17203,19.615,86.425
c17204,19.625,86.425
c17205,19.635,86.425
c17206,19.645,86.425
c17207,19.655,86.425
c17208,19.665,86.425
c17209,19.675,86.425
c17210,19.685,86.425
c17211,19.695,86.425
c17212,19.705,86.425
c17213,19.715,86.425
c17214,19.725,86.425
c17215,19.735,86.425
c17216,19.745,86.425
c17217,19.755,86.425
c17218,19.765,86.425
c17219,19.775,86.425
c17220,19.785,86.425
c17221,19.795,86.425
c17222,19.805,86.425
c17223,19.815,86.425
c17224,19.825,86.425
c17225,19.835,86.425
c17226,19.845,86.425
c17227,19.855,86.425
c17228,19.865,86.425
c17229,19.875,86.425
c17230,19.885,86.425
c17231,19.895,86.425
c17232,19.905,86.425
c17233,19.915,86.425
c17234,19.925,86.425
c17235,19.935,86.425
c17236,19.945,86.425
c17237,19.955,86.425
c17238,19.965,86.425
c17239,19.975,86.425
c17240,19.985,86.425
c17241,19.995,86.425
c17242,20.005,86.425
c17243,20.015,86.425
c17244,20.025,86.425
c17245,20.035,86.425
c17246,20.045,86.425
c17247,20.055,86.425
c17248,20.065,86.425
c17249,20.075,86.425
c17250,20.085,86.425
c17251,20.095,86.425
c17252,20.105,86.425
c17253,20.115,86.425
c17254,20.125,86.425
c17255,20.135,86.425
c17256,20.145,86.425
c17257,20.155,86.425
c17258,20.165,86.425
c17259,20.175,86.425
c17260,20.185,86.425
c17261,20.195,86.425
c17262,20.205,86.425
c17263,20.215,86.425
c17264,20.225,86.425
c17265,20.235,86.425
c17266,20.245,86.425
c17267,20.255,86.425
c17268,20.265,86.425
c17269,20.275,86.425
c17270,20.285,86.425
c17271,20.295,86.425
c17272,20.305,86.425
c17273,20.315,86.425
c17274,20.325,86.425
c17275,20.335,86.425
c17276,20.345,86.425
c17277,20.355,86.425
c17278,20.365,86.425
c17279,20.375,86.425
c17280,20.385,86.425
c17281,20.395,86.425
c17282,20.405,86.425
c17283,20.415,86.425
c17284,20.425,86.425
c17285,20.435,86.425
c17286,20.445,86.425
c17287,20.455,86.425
c17288,20.465,86.425
c17289,20.475,86.425
c17290,20.485,86.425
c17291,20.495,86.425
c17292,20.505,86.425
c17293,20.515,86.425
c17294,20.525,86.425
c17295,20.535,86.425
c17296,20.545,86.425
c17297,20.555,86.425
c17298,20.565,86.425
c17299,20.575,86.425
c17300,20.585,86.425
c17301,20.595,86.425
c17302,20.605,86.425
c17303,19.405,86.435
c17304,19.415,86.435
c17305,19.425,86.435
c17306,19.435,86.435
c17307,19.445,86.435
c17308,19.455,86.435
c17309,19.465,86.435
c17310,19.475,86.435
c17311,19.485,86.435
c17312,19.495,86.435
c17313,19.505,86.435
c17314,19.515,86.435
c17315,19.525,86.435
c17316,19.535,86.435
c17317,19.545,86.435
c17318,19.555,86.435
c17319,19.565,86.435
c17320,19.575,86.435
c17321,19.585,86.435
c17322,19.595,86.435
c17323,19.605,86.435
c17324,19.615,86.435
c17325,19.625,86.435
c17326,19.635,86.435
c17327,19.645,86.435
c17328,19.655,86.435
c17329,19.665,86.435
c17330,19.675,86.435
c17331,19.685,86.435
c17332,19.695,86.435
c17333,19.705,86.435
c17334,19.715,86.435
c17335,19.725,86.435
c17336,19.735,86.435
c17337,19.745,86.435
c17338,19.755,86.435
c17339,19.765,86.435
c17340,19.775,86.435
c17341,19.785,86.435
c17342,19.795,86.435
c17343,19.805,86.435
c17344,19.815,86.435
c17345,19.825,86.435
c17346,19.835,86.435
c17347,19.845,86.435
c17348,19.855,86.435
c17349,19.865,86.435
c17350,19.875,86.435
c17351,19.885,86.435
c17352,19.895,86.435
c17353,19.905,86.435
c17354,19.915,86.435
c17355,19.925,86.435
c17356,19.935,86.435
c17357,19.945,86.435
c17358,19.955,86.435
c17359,19.965,86.435
c17360,19.975,86.435
c17361,19.985,86.435
c17362,19.995,86.435
c17363,20.005,86.435
c17364,20.015,86.435
c17365,20.025,86.435
c17366,20.035,86.435
c17367,20.045,86.435
c17368,20.055,86.435
c17369,20.065,86.435
c17370,20.075,86.435
c17371,20.085,86.435
c17372,20.095,86.435
c17373,20.105,86.435
c17374,20.115,86.435
c17375,20.125,86.435
c17376,20.135,86.435
c17377,20.145,86.435
c17378,20.155,86.435
c17379,20.165,86.435
c17380,20.175,86.435
c17381,20.185,86.435
c17382,20.195,86.435
c17383,20.205,86.435
c17384,20.215,86.435
c17385,20.225,86.435
c17386,20.235,86.435
c17387,20.245,86.435
c17388,20.255,86.435
c17389,20.265,86.435
c17390,20.275,86.435
c17391,20.285,86.435
c17392,20.295,86.435
c17393,20.305,86.435
c17394,20.315,86.435
c17395,20.325,86.435
c17396,20.335,86.435
c17397,20.345,86.435
c17398,20.355,86.435
c17399,20.365,86.435
c17400,20.375,86.435
c17401,20.385,86.435
c17402,20.395,86.435
c17403,20.405,86.435
c17404,20.415,86.435
c17405,20.425,86.435
c17406,20.435,86.435
c17407,20.445,86.435
c17408,20.455,86.435
c17409,20.465,86.435
c17410,20.475,86.435
c17411,20.485,86.435
c17412,20.495,86.435
c17413,20.505,86.435
c17414,20.515,86.435
c17415,20.525,86.435
c17416,20.535,86.435
c17417,20.545,86.435
c17418,20.555,86.435
c17419,20.565,86.435
c17420,20.575,86.435
c17421,20.585,86.435
c17422,20.595,86.435
c17423,20.605,86.435
c17424,19.405,86.445
c17425,19.415,86.445
c17426,19.425,86.445
c17427,19.435,86.445
c17428,19.445,86.445
c17429,19.455,86.445
c17430,19.465,86.445
c17431,19.475,86.445
c17432,19.485,86.445
c17433,19.495,86.445
c17434,19.505,86.445
c17435,19.515,86.445
c17436,19.525,86.445
c17437,19.535,86.445
c17438,19.545,86.445
c17439,19.555,86.445
c17440,19.565,86.445
c17441,19.575,86.445
c17442,19.585,86.445
c17443,19.595,86.445
c17444,19.605,86.445
c17445,19.615,86.445
c17446,19.625,86.445
c17447,19.635,86.445
c17448,19.645,86.445
c17449,19.655,86.445
c17450,19.665,86.445
c17451,19.675,86.445
c17452,19.685,86.445
c17453,19.695,86.445
c17454,19.705,86.445
c17455,19.715,86.445
c17456,19.725,86.445
c17457,19.735,86.445
c17458,19.745,86.445
c17459,19.755,86.445
c17460,19.765,86.445
c17461,19.775,86.445
c17462,19.785,86.445
c17463,19.795,86.445
c17464,19.805,86.445
c17465,19.815,86.445
c17466,19.825,86.445
c17467,19.835,86.445
c17468,19.845,86.445
c17469,19.855,86.445
c17470,19.865,86.445
c17471,19.875,86.445
c17472,19.885,86.445
c17473,19.895,86.445
c17474,19.905,86.445
c17475,19.915,86.445
c17476,19.925,86.445
c17477,19.935,86.445
c17478,19.945,86.445
c17479,19.955,86.445
c17480,19.965,86.445
c17481,19.975,86.445
c17482,19.985,86.445
c17483,19.995,86.445
c17484,20.005,86.445
c17485,20.015,86.445
c17486,20.025,86.445
c17487,20.035,86.445
c17488,20.045,86.445
c17489,20.055,86.445
c17490,20.065,86.445
c17491,20.075,86.445
c17492,20.085,86.445
c17493,20.095,86.445
c17494,20.105,86.445
c17495,20.115,86.445
c17496,20.125,86.445
c17497,20.135,86.445
c17498,20.145,86.445
c17499,20.155,86.445
c17500,20.165,86.445
c17501,20.175,86.445
c17502,20.185,86.445
c17503,20.195,86.445
c17504,20.205,86.445
c17505,20.215,86.445
c17506,20.225,86.445
c17507,20.235,86.445
c17508,20.245,86.445
c17509,20.255,86.445
c17510,20.265,86.445
c17511,20.275,86.445
c17512,20.285,86.445
c17513,20.295,86.445
c17514,20.305,86.445
c17515,20.315,86.445
c17516,20.325,86.445
c17517,20.335,86.445
c17518,20.345,86.445
c17519,20.355,86.445
c17520,20.365,86.445
c17521,20.375,86.445
c17522,20.385,86.445
c17523,20.395,86.445
c17524,20.405,86.445
c17525,20.415,86.445
c17526,20.425,86.445
c17527,20.435,86.445
c17528,20.445,86.445
c17529,20.455,86.445
c17530,20.465,86.445
c17531,20.475,86.445
c17532,20.485,86.445
c17533,20.495,86.445
c17534,20.505,86.445
c17535,20.515,86.445
c17536,20.525,86.445
c17537,20.535,86.445
c17538,20.545,86.445
c17539,20.555,86.445
c17540,20.565,86.445
c17541,20.575,86.445
c17542,20.585,86.445
c17543,20.595,86.445
c17544,20.605,86.445
c17545,19.405,86.455
c17546,19.415,86.455
c17547,19.425,86.455
c17548,19.435,86.455
c17549,19.445,86.455
c17550,19.455,86.455
c17551,19.465,86.455
c17552,19.475,86.455
c17553,19.485,86.455
c17554,19.495,86.455
c17555,19.505,86.455
c17556,19.515,86.455
c17557,19.525,86.455
c17558,19.535,86.455
c17559,19.545,86.455
c17560,19.555,86.455
c17561,19.565,86.455
c17562,19.575,86.455
c17563,19.585,86.455
c17564,19.595,86.455
c17565,19.605,86.455
c17566,19.615,86.455
c17567,19.625,86.455
c17568,19.635,86.455
c17569,19.645,86.455
c17570,19.655,86.455
c17571,19.665,86.455
c17572,19.675,86.455
c17573,19.685,86.455
c17574,19.695,86.455
c17575,19.705,86.455
c17576,19.715,86.455
c17577,19.725,86.455
c17578,19.735,86.455
c17579,19.745,86.455
c17580,19.755,86.455
c17581,19.765,86.455
c17582,19.775,86.455
c17583,19.785,86.455
c17584,19.795,86.455
c17585,19.805,86.455
c17586,19.815,86.455
c17587,19.825,86.455
c17588,19.835,86.455
c17589,19.845,86.455
c17590,19.855,86.455
c17591,19.865,86.455
c17592,19.875,86.455
c17593,19.885,86.455
c17594,19.895,86.455
c17595,19.905,86.455
c17596,19.915,86.455
c17597,19.925,86.455
c17598,19.935,86.455
c17599,19.945,86.455
c17600,19.955,86.455
c17601,19.965,86.455
c17602,19.975,86.455
c17603,19.985,86.455
c17604,19.995,86.455
c17605,20.005,86.455
c17606,20.015,86.455
c17607,20.025,86.455
c17608,20.035,86.455
c17609,20.045,86.455
c17610,20.055,86.455
c17611,20.065,86.455
c17612,20.075,86.455
c17613,20.085,86.455
c17614,20.095,86.455
c17615,20.105,86.455
c17616,20.115,86.455
c17617,20.125,86.455
c17618,20.135,86.455
c17619,20.145,86.455
c17620,20.155,86.455
c17621,20.165,86.455
c17622,20.175,86.455
c17623,20.185,86.455
c17624,20.195,86.455
c17625,20.205,86.455
c17626,20.215,86.455
c17627,20.225,86.455
c17628,20.235,86.455
c17629,20.245,86.455
c17630,20.255,86.455
c17631,20.265,86.455
c17632,20.275,86.455
c17633,20.285,86.455
c17634,20.295,86.455
c17635,20.305,86.455
c17636,20.315,86.455
c17637,20.325,86.455
c17638,20.335,86.455
c17639,20.345,86.455
c17640,20.355,86.455
c17641,20.365,86.455
c17642,20.375,86.455
c17643,20.385,86.455
c17644,20.395,86.455
c17645,20.405,86.455
c17646,20.415,86.455
c17647,20.425,86.455
c17648,20.435,86.455
c17649,20.445,86.455
c17650,20.455,86.455
c17651,20.465,86.455
c17652,20.475,86.455
c17653,20.485,86.455
c17654,20.495,86.455
c17655,20.505,86.455
c17656,20.515,86.455
c17657,20.525,86.455
c17658,20.535,86.455
c17659,20.545,86.455
c17660,20.555,86.455
c17661,20.565,86.455
c17662,20.575,86.455
c17663,20.585,86.455
c17664,20.595,86.455
c17665,20.605,86.455
c17666,19.405,86.465
c17667,19.415,86.465
c17668,19.425,86.465
c17669,19.435,86.465
c17670,19.445,86.465
c17671,19.455,86.465
c17672,19.465,86.465
c17673,19.475,86.465
c17674,19.485,86.465
c17675,19.495,86.465
c17676,19.505,86.465
c17677,19.515,86.465
c17678,19.525,86.465
c17679,19.535,86.465
c17680,19.545,86.465
c17681,19.555,86.465
c17682,19.565,86.465
c17683,19.575,86.465
c17684,19.585,86.465
c17685,19.595,86.465
c17686,19.605,86.465
c17687,19.615,86.465
c17688,19.625,86.465
c17689,19.635,86.465
c17690,19.645,86.465
c17691,19.655,86.465
c17692,19.665,86.465
c17693,19.675,86.465
c17694,19.685,86.465
c17695,19.695,86.465
c17696,19.705,86.465
c17697,19.715,86.465
c17698,19.725,86.465
c17699,19.735,86.465
c17700,19.745,86.465
c17701,19.755,86.465
c17702,19.765,86.465
c17703,19.775,86.465
c17704,19.785,86.465
c17705,19.795,86.465
c17706,19.805,86.465
c17707,19.815,86.465
c17708,19.825,86.465
c17709,19.835,86.465
c17710,19.845,86.465
c17711,19.855,86.465
c17712,19.865,86.465
c17713,19.875,86.465
c17714,19.885,86.465
c17715,19.895,86.465
c17716,19.905,86.465
c17717,19.915,86.465
c17718,19.925,86.465
c17719,19.935,86.465
c17720,19.945,86.465
c17721,19.955,86.465
c17722,19.965,86.465
c17723,19.975,86.465
c17724,19.985,86.465
c17725,19.995,86.465
c17726,20.005,86.465
c17727,20.015,86.465
c17728,20.025,86.465
c17729,20.035,86.465
c17730,20.045,86.465
c17731,20.055,86.465
c17732,20.065,86.465
c17733,20.075,86.465
c17734,20.085,86.465
c17735,20.095,86.465
c17736,20.105,86.465
c17737,20.115,86.465
c17738,20.125,86.465
c17739,20.135,86.465
c17740,20.145,86.465
c17741,20.155,86.465
c17742,20.165,86.465
c17743,20.175,86.465
c17744,20.185,86.465
c17745,20.195,86.465
c17746,20.205,86.465
c17747,20.215,86.465
c17748,20.225,86.465
c17749,20.235,86.465
c17750,20.245,86.465
c17751,20.255,86.465
c17752,20.265,86.465
c17753,20.275,86.465
c17754,20.285,86.465
c17755,20.295,86.465
c17756,20.305,86.465
c17757,20.315,86.465
c17758,20.325,86.465
c17759,20.335,86.465
c17760,20.345,86.465
c17761,20.355,86.465
c17762,20.365,86.465
c17763,20.375,86.465
c17764,20.385,86.465
c17765,20.395,86.465
c17766,20.405,86.465
c17767,20.415,86.465
c17768,20.425,86.465
c17769,20.435,86.465
c17770,20.445,86.465
c17771,20.455,86.465
c17772,20.465,86.465
c17773,20.475,86.465
c17774,20.485,86.465
c17775,20.495,86.465
c17776,20.505,86.465
c17777,20.515,86.465
c17778,20.525,86.465
c17779,20.535,86.465
c17780,20.545,86.465
c17781,20.555,86.465
c17782,20.565,86.465
c17783,20.575,86.465
c17784,20.585,86.465
c17785,20.595,86.465
c17786,20.605,86.465
c17787,19.405,86.475
c17788,19.415,86.475
c17789,19.425,86.475
c17790,19.435,86.475
c17791,19.445,86.475
c17792,19.455,86.475
c17793,19.465,86.475
c17794,19.475,86.475
c17795,19.485,86.475
c17796,19.495,86.475
c17797,19.505,86.475
c17798,19.515,86.475
c17799,19.525,86.475
c17800,19.535,86.475
c17801,19.545,86.475
c17802,19.555,86.475
c17803,19.565,86.475
c17804,19.575,86.475
c17805,19.585,86.475
c17806,19.595,86.475
c17807,19.605,86.475
c17808,19.615,86.475
c17809,19.625,86.475
c17810,19.635,86.475
c17811,19.645,86.475
c17812,19.655,86.475
c17813,19.665,86.475
c17814,19.675,86.475
c17815,19.685,86.475
c17816,19.695,86.475
c17817,19.705,86.475
c17818,19.715,86.475
c17819,19.725,86.475
c17820,19.735,86.475
c17821,19.745,86.475
c17822,19.755,86.475
c17823,19.765,86.475
c17824,19.775,86.475
c17825,19.785,86.475
c17826,19.795,86.475
c17827,19.805,86.475
c17828,19.815,86.475
c17829,19.825,86.475
c17830,19.835,86.475
c17831,19.845,86.475
c17832,19.855,86.475
c17833,19.865,86.475
c17834,19.875,86.475
c17835,19.885,86.475
c17836,19.895,86.475
c17837,19.905,86.475
c17838,19.915,86.475
c17839,19.925,86.475
c17840,19.935,86.475
c17841,19.945,86.475
c17842,19.955,86.475
c17843,19.965,86.475
c17844,19.975,86.475
c17845,19.985,86.475
c17846,19.995,86.475
c17847,20.005,86.475
c17848,20.015,86.475
c17849,20.025,86.475
c17850,20.035,86.475
c17851,20.045,86.475
c17852,20.055,86.475
c17853,20.065,86.475
c17854,20.075,86.475
c17855,20.085,86.475
c17856,20.095,86.475
c17857,20.105,86.475
c17858,20.115,86.475
c17859,20.125,86.475
c17860,20.135,86.475
c17861,20.145,86.475
c17862,20.155,86.475
c17863,20.165,86.475
c17864,20.175,86.475
c17865,20.185,86.475
c17866,20.195,86.475
c17867,20.205,86.475
c17868,20.215,86.475
c17869,20.225,86.475
c17870,20.235,86.475
c17871,20.245,86.475
c17872,20.255,86.475
c17873,20.265,86.475
c17874,20.275,86.475
c17875,20.285,86.475
c17876,20.295,86.475
c17877,20.305,86.475
c17878,20.315,86.475
c17879,20.325,86.475
c17880,20.335,86.475
c17881,20.345,86.475
c17882,20.355,86.475
c17883,20.365,86.475
c17884,20.375,86.475
c17885,20.385,86.475
c17886,20.395,86.475
c17887,20.405,86.475
c17888,20.415,86.475
c17889,20.425,86.475
c17890,20.435,86.475
c17891,20.445,86.475
c17892,20.455,86.475
c17893,20.465,86.475
c17894,20.475,86.475
c17895,20.485,86.475
c17896,20.495,86.475
c17897,20.505,86.475
c17898,20.515,86.475
c17899,20.525,86.475
c17900,20.535,86.475
c17901,20.545,86.475
c17902,20.555,86.475
c17903,20.565,86.475
c17904,20.575,86.475
c17905,20.585,86.475
c17906,20.595,86.475
c17907,20.605,86.475
c17908,19.405,86.485
c17909,19.415,86.485
c17910,19.425,86.485
c17911,19.435,86.485
c17912,19.445,86.485
c17913,19.455,86.485
c17914,19.465,86.485
c17915,19.475,86.485
c17916,19.485,86.485
c17917,19.495,86.485
c17918,19.505,86.485
c17919,19.515,86.485
c17920,19.525,86.485
c17921,19.535,86.485
c17922,19.545,86.485
c17923,19.555,86.485
c17924,19.565,86.485
c17925,19.575,86.485
c17926,19.585,86.485
c17927,19.595,86.485
c17928,19.605,86.485
c17929,19.615,86.485
c17930,19.625,86.485
c17931,19.635,86.485
c17932,19.645,86.485
c17933,19.655,86.485
c17934,19.665,86.485
c17935,19.675,86.485
c17936,19.685,86.485
c17937,19.695,86.485
c17938,19.705,86.485
c17939,19.715,86.485
c17940,19.725,86.485
c17941,19.735,86.485
c17942,19.745,86.485
c17943,19.755,86.485
c17944,19.765,86.485
c17945,19.775,86.485
c17946,19.785,86.485
c17947,19.795,86.485
c17948,19.805,86.485
c17949,19.815,86.485
c17950,19.825,86.485
c17951,19.835,86.485
c17952,19.845,86.485
c17953,19.855,86.485
c17954,19.865,86.485
c17955,19.875,86.485
c17956,19.885,86.485
c17957,19.895,86.485
c17958,19.905,86.485
c17959,19.915,86.485
c17960,19.925,86.485
c17961,19.935,86.485
c17962,19.945,86.485
c17963,19.955,86.485
c17964,19.965,86.485
c17965,19.975,86.485
c17966,19.985,86.485
c17967,19.995,86.485
c17968,20.005,86.485
c17969,20.015,86.485
c17970,20.025,86.485
c17971,20.035,86.485
c17972,20.045,86.485
c17973,20.055,86.485
c17974,20.065,86.485
c17975,20.075,86.485
c17976,20.085,86.485
c17977,20.095,86.485
c17978,20.105,86.485
c17979,20.115,86.485
c17980,20.125,86.485
c17981,20.135,86.485
c17982,20.145,86.485
c17983,20.155,86.485
c17984,20.165,86.485
c17985,20.175,86.485
c17986,20.185,86.485
c17987,20.195,86.485
c17988,20.205,86.485
c17989,20.215,86.485
c17990,20.225,86.485
c17991,20.235,86.485
c17992,20.245,86.485
c17993,20.255,86.485
c17994,20.265,86.485
c17995,20.275,86.485
c17996,20.285,86.485
c17997,20.295,86.485
c17998,20.305,86.485
c17999,20.315,86.485
c18000,20.325,86.485
c18001,20.335,86.485
c18002,20.345,86.485
c18003,20.355,86.485
c18004,20.365,86.485
c18005,20.375,86.485
c18006,20.385,86.485
c18007,20.395,86.485
c18008,20.405,86.485
c18009,20.415,86.485
c18010,20.425,86.485
c18011,20.435,86.485
c18012,20.445,86.485
c18013,20.455,86.485
c18014,20.465,86.485
c18015,20.475,86.485
c18016,20.485,86.485
c18017,20.495,86.485
c18018,20.505,86.485
c18019,20.515,86.485
c18020,20.525,86.485
c18021,20.535,86.485
c18022,20.545,86.485
c18023,20.555,86.485
c18024,20.565,86.485
c18025,20.575,86.485
c18026,20.585,86.485
c18027,20.595,86.485
c18028,20.605,86.485
c18029,19.405,86.495
c18030,19.415,86.495
c18031,19.425,86.495
c18032,19.435,86.495
c18033,19.445,86.495
c18034,19.455,86.495
c18035,19.465,86.495
c18036,19.475,86.495
c18037,19.485,86.495
c18038,19.495,86.495
c18039,19.505,86.495
c18040,19.515,86.495
c18041,19.525,86.495
c18042,19.535,86.495
c18043,19.545,86.495
c18044,19.555,86.495
c18045,19.565,86.495
c18046,19.575,86.495
c18047,19.585,86.495
c18048,19.595,86.495
c18049,19.605,86.495
c18050,19.615,86.495
c18051,19.625,86.495
c18052,19.635,86.495
c18053,19.645,86.495
c18054,19.655,86.495
c18055,19.665,86.495
c18056,19.675,86.495
c18057,19.685,86.495
c18058,19.695,86.495
c18059,19.705,86.495
c18060,19.715,86.495
c18061,19.725,86.495
c18062,19.735,86.495
c18063,19.745,86.495
c18064,19.755,86.495
c18065,19.765,86.495
c18066,19.775,86.495
c18067,19.785,86.495
c18068,19.795,86.495
c18069,19.805,86.495
c18070,19.815,86.495
c18071,19.825,86.495
c18072,19.835,86.495
c18073,19.845,86.495
c18074,19.855,86.495
c18075,19.865,86.495
c18076,19.875,86.495
c18077,19.885,86.495
c18078,19.895,86.495
c18079,19.905,86.495
c18080,19.915,86.495
c18081,19.925,86.495
c18082,19.935,86.495
c18083,19.945,86.495
c18084,19.955,86.495
c18085,19.965,86.495
c18086,19.975,86.495
c18087,19.985,86.495
c18088,19.995,86.495
c18089,20.005,86.495
c18090,20.015,86.495
c18091,20.025,86.495
c18092,20.035,86.495
c18093,20.045,86.495
c18094,20.055,86.495
c18095,20.065,86.495
c18096,20.075,86.495
c18097,20.085,86.495
c18098,20.095,86.495
c18099,20.105,86.495
c18100,20.115,86.495
c18101,20.125,86.495
c18102,20.135,86.495
c18103,20.145,86.495
c18104,20.155,86.495
c18105,20.165,86.495
c18106,20.175,86.495
c18107,20.185,86.495
c18108,20.195,86.495
c18109,20.205,86.495
c18110,20.215,86.495
c18111,20.225,86.495
c18112,20.235,86.495
c18113,20.245,86.495
c18114,20.255,86.495
c18115,20.265,86.495
c18116,20.275,86.495
c18117,20.285,86.495
c18118,20.295,86.495
c18119,20.305,86.495
c18120,20.315,86.495
c18121,20.325,86.495
c18122,20.335,86.495
c18123,20.345,86.495
c18124,20.355,86.495
c18125,20.365,86.495
c18126,20.375,86.495
c18127,20.385,86.495
c18128,20.395,86.495
c18129,20.405,86.495
c18130,20.415,86.495
c18131,20.425,86.495
c18132,20.435,86.495
c18133,20.445,86.495
c18134,20.455,86.495
c18135,20.465,86.495
c18136,20.475,86.495
c18137,20.485,86.495
c18138,20.495,86.495
c18139,20.505,86.495
c18140,20.515,86.495
c18141,20.525,86.495
c18142,20.535,86.495
c18143,20.545,86.495
c18144,20.555,86.495
c18145,20.565,86.495
c18146,20.575,86.495
c18147,20.585,86.495
c18148,20.595,86.495
c18149,20.605,86.495
c18150,19.405,86.505
c18151,19.415,86.505
c18152,19.425,86.505
c18153,19.435,86.505
c18154,19.445,86.505
c18155,19.455,86.505
c18156,19.465,86.505
c18157,19.475,86.505
c18158,19.485,86.505
c18159,19.495,86.505
c18160,19.505,86.505
c18161,19.515,86.505
c18162,19.525,86.505
c18163,19.535,86.505
c18164,19.545,86.505
c18165,19.555,86.505
c18166,19.565,86.505
c18167,19.575,86.505
c18168,19.585,86.505
c18169,19.595,86.505
c18170,19.605,86.505
c18171,19.615,86.505
c18172,19.625,86.505
c18173,19.635,86.505
c18174,19.645,86.505
c18175,19.655,86.505
c18176,19.665,86.505
c18177,19.675,86.505
c18178,19.685,86.505
c18179,19.695,86.505
c18180,19.705,86.505
c18181,19.715,86.505
c18182,19.725,86.505
c18183,19.735,86.505
c18184,19.745,86.505
c18185,19.755,86.505
c18186,19.765,86.505
c18187,19.775,86.505
c18188,19.785,86.505
c18189,19.795,86.505
c18190,19.805,86.505
c18191,19.815,86.505
c18192,19.825,86.505
c18193,19.835,86.505
c18194,19.845,86.505
c18195,19.855,86.505
c18196,19.865,86.505
c18197,19.875,86.505
c18198,19.885,86.505
c18199,19.895,86.505
c18200,19.905,86.505
c18201,19.915,86.505
c18202,19.925,86.505
c18203,19.935,86.505
c18204,19.945,86.505
c18205,19.955,86.505
c18206,19.965,86.505
c18207,19.975,86.505
c18208,19.985,86.505
c18209,19.995,86.505
c18210,20.005,86.505
c18211,20.015,86.505
c18212,20.025,86.505
c18213,20.035,86.505
c18214,20.045,86.505
c18215,20.055,86.505
c18216,20.065,86.505
c18217,20.075,86.505
c18218,20.085,86.505
c18219,20.095,86.505
c18220,20.105,86.505
c18221,20.115,86.505
c18222,20.125,86.505
c18223,20.135,86.505
c18224,20.145,86.505
c18225,20.155,86.505
c18226,20.165,86.505
c18227,20.175,86.505
c18228,20.185,86.505
c18229,20.195,86.505
c18230,20.205,86.505
c18231,20.215,86.505
c18232,20.225,86.505
c18233,20.235,86.505
c18234,20.245,86.505
c18235,20.255,86.505
c18236,20.265,86.505
c18237,20.275,86.505
c18238,20.285,86.505
c18239,20.295,86.505
c18240,20.305,86.505
c18241,20.315,86.505
c18242,20.325,86.505
c18243,20.335,86.505
c18244,20.345,86.505
c18245,20.355,86.505
c18246,20.365,86.505
c18247,20.375,86.505
c18248,20.385,86.505
c18249,20.395,86.505
c18250,20.405,86.505
c18251,20.415,86.505
c18252,20.425,86.505
c18253,20.435,86.505
c18254,20.445,86.505
c18255,20.455,86.505
c18256,20.465,86.505
c18257,20.475,86.505
c18258,20.485,86.505
c18259,20.495,86.505
c18260,20.505,86.505
c18261,20.515,86.505
c18262,20.525,86.505
c18263,20.535,86.505
c18264,20.545,86.505
c18265,20.555,86.505
c18266,20.565,86.505
c18267,20.575,86.505
c18268,20.585,86.505
c18269,20.595,86.505
c18270,20.605,86.505
c18271,19.405,86.515
c18272,19.415,86.515
c18273,19.425,86.515
c18274,19.435,86.515
c18275,19.445,86.515
c18276,19.455,86.515
c18277,19.465,86.515
c18278,19.475,86.515
c18279,19.485,86.515
c18280,19.495,86.515
c18281,19.505,86.515
c18282,19.515,86.515
c18283,19.525,86.515
c18284,19.535,86.515
c18285,19.545,86.515
c18286,19.555,86.515
c18287,19.565,86.515
c18288,19.575,86.515
c18289,19.585,86.515
c18290,19.595,86.515
c18291,19.605,86.515
c18292,19.615,86.515
c18293,19.625,86.515
c18294,19.635,86.515
c18295,19.645,86.515
c18296,19.655,86.515
c18297,19.665,86.515
c18298,19.675,86.515
c18299,19.685,86.515
c18300,19.695,86.515
c18301,19.705,86.515
c18302,19.715,86.515
c18303,19.725,86.515
c18304,19.735,86.515
c18305,19.745,86.515
c18306,19.755,86.515
c18307,19.765,86.515
c18308,19.775,86.515
c18309,19.785,86.515
c18310,19.795,86.515
c18311,19.805,86.515
c18312,19.815,86.515
c18313,19.825,86.515
c18314,19.835,86.515
c18315,19.845,86.515
c18316,19.855,86.515
c18317,19.865,86.515
c18318,19.875,86.515
c18319,19.885,86.515
c18320,19.895,86.515
c18321,19.905,86.515
c18322,19.915,86.515
c18323,19.925,86.515
c18324,19.935,86.515
c18325,19.945,86.515
c18326,19.955,86.515
c18327,19.965,86.515
c18328,19.975,86.515
c18329,19.985,86.515
c18330,19.995,86.515
c18331,20.005,86.515
c18332,20.015,86.515
c18333,20.025,86.515
c18334,20.035,86.515
c18335,20.045,86.515
c18336,20.055,86.515
c18337,20.065,86.515
c18338,20.075,86.515
c18339,20.085,86.515
c18340,20.095,86.515
c18341,20.105,86.515
c18342,20.115,86.515
c18343,20.125,86.515
c18344,20.135,86.515
c18345,20.145,86.515
c18346,20.155,86.515
c18347,20.165,86.515
c18348,20.175,86.515
c18349,20.185,86.515
c18350,20.195,86.515
c18351,20.205,86.515
c18352,20.215,86.515
c18353,20.225,86.515
c18354,20.235,86.515
c18355,20.245,86.515
c18356,20.255,86.515
c18357,20.265,86.515
c18358,20.275,86.515
c18359,20.285,86.515
c18360,20.295,86.515
c18361,20.305,86.515
c18362,20.315,86.515
c18363,20.325,86.515
c18364,20.335,86.515
c18365,20.345,86.515
c18366,20.355,86.515
c18367,20.365,86.515
c18368,20.375,86.515
c18369,20.385,86.515
c18370,20.395,86.515
c18371,20.405,86.515
c18372,20.415,86.515
c18373,20.425,86.515
c18374,20.435,86.515
c18375,20.445,86.515
c18376,20.455,86.515
c18377,20.465,86.515
c18378,20.475,86.515
c18379,20.485,86.515
c18380,20.495,86.515
c18381,20.505,86.515
c18382,20.515,86.515
c18383,20.525,86.515
c18384,20.535,86.515
c18385,20.545,86.515
c18386,20.555,86.515
c18387,20.565,86.515
c18388,20.575,86.515
c18389,20.585,86.515
c18390,20.595,86.515
c18391,20.605,86.515
c18392,19.405,86.525
c18393,19.415,86.525
c18394,19.425,86.525
c18395,19.435,86.525
c18396,19.445,86.525
c18397,19.455,86.525
c18398,19.465,86.525
c18399,19.475,86.525
c18400,19.485,86.525
c18401,19.495,86.525
c18402,19.505,86.525
c18403,19.515,86.525
c18404,19.525,86.525
c18405,19.535,86.525
c18406,19.545,86.525
c18407,19.555,86.525
c18408,19.565,86.525
c18409,19.575,86.525
c18410,19.585,86.525
c18411,19.595,86.525
c18412,19.605,86.525
c18413,19.615,86.525
c18414,19.625,86.525
c18415,19.635,86.525
c18416,19.645,86.525
c18417,19.655,86.525
c18418,19.665,86.525
c18419,19.675,86.525
c18420,19.685,86.525
c18421,19.695,86.525
c18422,19.705,86.525
c18423,19.715,86.525
c18424,19.725,86.525
c18425,19.735,86.525
c18426,19.745,86.525
c18427,19.755,86.525
c18428,19.765,86.525
c18429,19.775,86.525
c18430,19.785,86.525
c18431,19.795,86.525
c18432,19.805,86.525
c18433,19.815,86.525
c18434,19.825,86.525
c18435,19.835,86.525
c18436,19.845,86.525
c18437,19.855,86.525
c18438,19.865,86.525
c18439,19.875,86.525
c18440,19.885,86.525
c18441,19.895,86.525
c18442,19.905,86.525
c18443,19.915,86.525
c18444,19.925,86.525
c18445,19.935,86.525
c18446,19.945,86.525
c18447,19.955,86.525
c18448,19.965,86.525
c18449,19.975,86.525
c18450,19.985,86.525
c18451,19.995,86.525
c18452,20.005,86.525
c18453,20.015,86.525
c18454,20.025,86.525
c18455,20.035,86.525
c18456,20.045,86.525
c18457,20.055,86.525
c18458,20.065,86.525
c18459,20.075,86.525
c18460,20.085,86.525
c18461,20.095,86.525
c18462,20.105,86.525
c18463,20.115,86.525
c18464,20.125,86.525
c18465,20.135,86.525
c18466,20.145,86.525
c18467,20.155,86.525
c18468,20.165,86.525
c18469,20.175,86.525
c18470,20.185,86.525
c18471,20.195,86.525
c18472,20.205,86.525
c18473,20.215,86.525
c18474,20.225,86.525
c18475,20.235,86.525
c18476,20.245,86.525
c18477,20.255,86.525
c18478,20.265,86.525
c18479,20.275,86.525
c18480,20.285,86.525
c18481,20.295,86.525
c18482,20.305,86.525
c18483,20.315,86.525
c18484,20.325,86.525
c18485,20.335,86.525
c18486,20.345,86.525
c18487,20.355,86.525
c18488,20.365,86.525
c18489,20.375,86.525
c18490,20.385,86.525
c18491,20.395,86.525
c18492,20.405,86.525
c18493,20.415,86.525
c18494,20.425,86.525
c18495,20.435,86.525
c18496,20.445,86.525
c18497,20.455,86.525
c18498,20.465,86.525
c18499,20.475,86.525
c18500,20.485,86.525
c18501,20.495,86.525
c18502,20.505,86.525
c18503,20.515,86.525
c18504,20.525,86.525
c18505,20.535,86.525
c18506,20.545,86.525
c18507,20.555,86.525
c18508,20.565,86.525
c18509,20.575,86.525
c18510,20.585,86.525
c18511,20.595,86.525
c18512,20.605,86.525
c18513,19.405,86.535
c18514,19.415,86.535
c18515,19.425,86.535
c18516,19.435,86.535
c18517,19.445,86.535
c18518,19.455,86.535
c18519,19.465,86.535
c18520,19.475,86.535
c18521,19.485,86.535
c18522,19.495,86.535
c18523,19.505,86.535
c18524,19.515,86.535
c18525,19.525,86.535
c18526,19.535,86.535
c18527,19.545,86.535
c18528,19.555,86.535
c18529,19.565,86.535
c18530,19.575,86.535
c18531,19.585,86.535
c18532,19.595,86.535
c18533,19.605,86.535
c18534,19.615,86.535
c18535,19.625,86.535
c18536,19.635,86.535
c18537,19.645,86.535
c18538,19.655,86.535
c18539,19.665,86.535
c18540,19.675,86.535
c18541,19.685,86.535
c18542,19.695,86.535
c18543,19.705,86.535
c18544,19.715,86.535
c18545,19.725,86.535
c18546,19.735,86.535
c18547,19.745,86.535
c18548,19.755,86.535
c18549,19.765,86.535
c18550,19.775,86.535
c18551,19.785,86.535
c18552,19.795,86.535
c18553,19.805,86.535
c18554,19.815,86.535
c18555,19.825,86.535
c18556,19.835,86.535
c18557,19.845,86.535
c18558,19.855,86.535
c18559,19.865,86.535
c18560,19.875,86.535
c18561,19.885,86.535
c18562,19.895,86.535
c18563,19.905,86.535
c18564,19.915,86.535
c18565,19.925,86.535
c18566,19.935,86.535
c18567,19.945,86.535
c18568,19.955,86.535
c18569,19.965,86.535
c18570,19.975,86.535
c18571,19.985,86.535
c18572,19.995,86.535
c18573,20.005,86.535
c18574,20.015,86.535
c18575,20.025,86.535
c18576,20.035,86.535
c18577,20.045,86.535
c18578,20.055,86.535
c18579,20.065,86.535
c18580,20.075,86.535
c18581,20.085,86.535
c18582,20.095,86.535
c18583,20.105,86.535
c18584,20.115,86.535
c18585,20.125,86.535
c18586,20.135,86.535
c18587,20.145,86.535
c18588,20.155,86.535
c18589,20.165,86.535
c18590,20.175,86.535
c18591,20.185,86.535
c18592,20.195,86.535
c18593,20.205,86.535
c18594,20.215,86.535
c18595,20.225,86.535
c18596,20.235,86.535
c18597,20.245,86.535
c18598,20.255,86.535
c18599,20.265,86.535
c18600,20.275,86.535
c18601,20.285,86.535
c18602,20.295,86.535
c18603,20.305,86.535
c18604,20.315,86.535
c18605,20.325,86.535
c18606,20.335,86.535
c18607,20.345,86.535
c18608,20.355,86.535
c18609,20.365,86.535
c18610,20.375,86.535
c18611,20.385,86.535
c18612,20.395,86.535
c18613,20.405,86.535
c18614,20.415,86.535
c18615,20.425,86.535
c18616,20.435,86.535
c18617,20.445,86.535
c18618,20.455,86.535
c18619,20.465,86.535
c18620,20.475,86.535
c18621,20.485,86.535
c18622,20.495,86.535
c18623,20.505,86.535
c18624,20.515,86.535
c18625,20.525,86.535
c18626,20.535,86.535
c18627,20.545,86.535
c18628,20.555,86.535
c18629,20.565,86.535
c18630,20.575,86.535
c18631,20.585,86.535
c18632,20.595,86.535
c18633,20.605,86.535
c18634,19.405,86.545
c18635,19.415,86.545
c18636,19.425,86.545
c18637,19.435,86.545
c18638,19.445,86.545
c18639,19.455,86.545
c18640,19.465,86.545
c18641,19.475,86.545
c18642,19.485,86.545
c18643,19.495,86.545
c18644,19.505,86.545
c18645,19.515,86.545
c18646,19.525,86.545
c18647,19.535,86.545
c18648,19.545,86.545
c18649,19.555,86.545
c18650,19.565,86.545
c18651,19.575,86.545
c18652,19.585,86.545
c18653,19.595,86.545
c18654,19.605,86.545
c18655,19.615,86.545
c18656,19.625,86.545
c18657,19.635,86.545
c18658,19.645,86.545
c18659,19.655,86.545
c18660,19.665,86.545
c18661,19.675,86.545
c18662,19.685,86.545
c18663,19.695,86.545
c18664,19.705,86.545
c18665,19.715,86.545
c18666,19.725,86.545
c18667,19.735,86.545
c18668,19.745,86.545
c18669,19.755,86.545
c18670,19.765,86.545
c18671,19.775,86.545
c18672,19.785,86.545
c18673,19.795,86.545
c18674,19.805,86.545
c18675,19.815,86.545
c18676,19.825,86.545
c18677,19.835,86.545
c18678,19.845,86.545
c18679,19.855,86.545
c18680,19.865,86.545
c18681,19.875,86.545
c18682,19.885,86.545
c18683,19.895,86.545
c18684,19.905,86.545
c18685,19.915,86.545
c18686,19.925,86.545
c18687,19.935,86.545
c18688,19.945,86.545
c18689,19.955,86.545
c18690,19.965,86.545
c18691,19.975,86.545
c18692,19.985,86.545
c18693,19.995,86.545
c18694,20.005,86.545
c18695,20.015,86.545
c18696,20.025,86.545
c18697,20.035,86.545
c18698,20.045,86.545
c18699,20.055,86.545
c18700,20.065,86.545
c18701,20.075,86.545
c18702,20.085,86.545
c18703,20.095,86.545
c18704,20.105,86.545
c18705,20.115,86.545
c18706,20.125,86.545
c18707,20.135,86.545
c18708,20.145,86.545
c18709,20.155,86.545
c18710,20.165,86.545
c18711,20.175,86.545
c18712,20.185,86.545
c18713,20.195,86.545
c18714,20.205,86.545
c18715,20.215,86.545
c18716,20.225,86.545
c18717,20.235,86.545
c18718,20.245,86.545
c18719,20.255,86.545
c18720,20.265,86.545
c18721,20.275,86.545
c18722,20.285,86.545
c18723,20.295,86.545
c18724,20.305,86.545
c18725,20.315,86.545
c18726,20.325,86.545
c18727,20.335,86.545
c18728,20.345,86.545
c18729,20.355,86.545
c18730,20.365,86.545
c18731,20.375,86.545
c18732,20.385,86.545
c18733,20.395,86.545
c18734,20.405,86.545
c18735,20.415,86.545
c18736,20.425,86.545
c18737,20.435,86.545
c18738,20.445,86.545
c18739,20.455,86.545
c18740,20.465,86.545
c18741,20.475,86.545
c18742,20.485,86.545
c18743,20.495,86.545
c18744,20.505,86.545
c18745,20.515,86.545
c18746,20.525,86.545
c18747,20.535,86.545
c18748,20.545,86.545
c18749,20.555,86.545
c18750,20.565,86.545
c18751,20.575,86.545
c18752,20.585,86.545
c18753,20.595,86.545
c18754,20.605,86.545
c18755,19.405,86.555
c18756,19.415,86.555
c18757,19.425,86.555
c18758,19.435,86.555
c18759,19.445,86.555
c18760,19.455,86.555
c18761,19.465,86.555
c18762,19.475,86.555
c18763,19.485,86.555
c18764,19.495,86.555
c18765,19.505,86.555
c18766,19.515,86.555
c18767,19.525,86.555
c18768,19.535,86.555
c18769,19.545,86.555
c18770,19.555,86.555
c18771,19.565,86.555
c18772,19.575,86.555
c18773,19.585,86.555
c18774,19.595,86.555
c18775,19.605,86.555
c18776,19.615,86.555
c18777,19.625,86.555
c18778,19.635,86.555
c18779,19.645,86.555
c18780,19.655,86.555
c18781,19.665,86.555
c18782,19.675,86.555
c18783,19.685,86.555
c18784,19.695,86.555
c18785,19.705,86.555
c18786,19.715,86.555
c18787,19.725,86.555
c18788,19.735,86.555
c18789,19.745,86.555
c18790,19.755,86.555
c18791,19.765,86.555
c18792,19.775,86.555
c18793,19.785,86.555
c18794,19.795,86.555
c18795,19.805,86.555
c18796,19.815,86.555
c18797,19.825,86.555
c18798,19.835,86.555
c18799,19.845,86.555
c18800,19.855,86.555
c18801,19.865,86.555
c18802,19.875,86.555
c18803,19.885,86.555
c18804,19.895,86.555
c18805,19.905,86.555
c18806,19.915,86.555
c18807,19.925,86.555
c18808,19.935,86.555
c18809,19.945,86.555
c18810,19.955,86.555
c18811,19.965,86.555
c18812,19.975,86.555
c18813,19.985,86.555
c18814,19.995,86.555
c18815,20.005,86.555
c18816,20.015,86.555
c18817,20.025,86.555
c18818,20.035,86.555
c18819,20.045,86.555
c18820,20.055,86.555
c18821,20.065,86.555
c18822,20.075,86.555
c18823,20.085,86.555
c18824,20.095,86.555
c18825,20.105,86.555
c18826,20.115,86.555
c18827,20.125,86.555
c18828,20.135,86.555
c18829,20.145,86.555
c18830,20.155,86.555
c18831,20.165,86.555
c18832,20.175,86.555
c18833,20.185,86.555
c18834,20.195,86.555
c18835,20.205,86.555
c18836,20.215,86.555
c18837,20.225,86.555
c18838,20.235,86.555
c18839,20.245,86.555
c18840,20.255,86.555
c18841,20.265,86.555
c18842,20.275,86.555
c18843,20.285,86.555
c18844,20.295,86.555
c18845,20.305,86.555
c18846,20.315,86.555
c18847,20.325,86.555
c18848,20.335,86.555
c18849,20.345,86.555
c18850,20.355,86.555
c18851,20.365,86.555
c18852,20.375,86.555
c18853,20.385,86.555
c18854,20.395,86.555
c18855,20.405,86.555
c18856,20.415,86.555
c18857,20.425,86.555
c18858,20.435,86.555
c18859,20.445,86.555
c18860,20.455,86.555
c18861,20.465,86.555
c18862,20.475,86.555
c18863,20.485,86.555
c18864,20.495,86.555
c18865,20.505,86.555
c18866,20.515,86.555
c18867,20.525,86.555
c18868,20.535,86.555
c18869,20.545,86.555
c18870,20.555,86.555
c18871,20.565,86.555
c18872,20.575,86.555
c18873,20.585,86.555
c18874,20.595,86.555
c18875,20.605,86.555
c18876,19.405,86.565
c18877,19.415,86.565
c18878,19.425,86.565
c18879,19.435,86.565
c18880,19.445,86.565
c18881,19.455,86.565
c18882,19.465,86.565
c18883,19.475,86.565
c18884,19.485,86.565
c18885,19.495,86.565
c18886,19.505,86.565
c18887,19.515,86.565
c18888,19.525,86.565
c18889,19.535,86.565
c18890,19.545,86.565
c18891,19.555,86.565
c18892,19.565,86.565
c18893,19.575,86.565
c18894,19.585,86.565
c18895,19.595,86.565
c18896,19.605,86.565
c18897,19.615,86.565
c18898,19.625,86.565
c18899,19.635,86.565
c18900,19.645,86.565
c18901,19.655,86.565
c18902,19.665,86.565
c18903,19.675,86.565
c18904,19.685,86.565
c18905,19.695,86.565
c18906,19.705,86.565
c18907,19.715,86.565
c18908,19.725,86.565
c18909,19.735,86.565
c18910,19.745,86.565
c18911,19.755,86.565
c18912,19.765,86.565
c18913,19.775,86.565
c18914,19.785,86.565
c18915,19.795,86.565
c18916,19.805,86.565
c18917,19.815,86.565
c18918,19.825,86.565
c18919,19.835,86.565
c18920,19.845,86.565
c18921,19.855,86.565
c18922,19.865,86.565
c18923,19.875,86.565
c18924,19.885,86.565
c18925,19.895,86.565
c18926,19.905,86.565
c18927,19.915,86.565
c18928,19.925,86.565
c18929,19.935,86.565
c18930,19.945,86.565
c18931,19.955,86.565
c18932,19.965,86.565
c18933,19.975,86.565
c18934,19.985,86.565
c18935,19.995,86.565
c18936,20.005,86.565
c18937,20.015,86.565
c18938,20.025,86.565
c18939,20.035,86.565
c18940,20.045,86.565
c18941,20.055,86.565
c18942,20.065,86.565
c18943,20.075,86.565
c18944,20.085,86.565
c18945,20.095,86.565
c18946,20.105,86.565
c18947,20.115,86.565
c18948,20.125,86.565
c18949,20.135,86.565
c18950,20.145,86.565
c18951,20.155,86.565
c18952,20.165,86.565
c18953,20.175,86.565
c18954,20.185,86.565
c18955,20.195,86.565
c18956,20.205,86.565
c18957,20.215,86.565
c18958,20.225,86.565
c18959,20.235,86.565
c18960,20.245,86.565
c18961,20.255,86.565
c18962,20.265,86.565
c18963,20.275,86.565
c18964,20.285,86.565
c18965,20.295,86.565
c18966,20.305,86.565
c18967,20.315,86.565
c18968,20.325,86.565
c18969,20.335,86.565
c18970,20.345,86.565
c18971,20.355,86.565
c18972,20.365,86.565
c18973,20.375,86.565
c18974,20.385,86.565
c18975,20.395,86.565
c18976,20.405,86.565
c18977,20.415,86.565
c18978,20.425,86.565
c18979,20.435,86.565
c18980,20.445,86.565
c18981,20.455,86.565
c18982,20.465,86.565
c18983,20.475,86.565
c18984,20.485,86.565
c18985,20.495,86.565
c18986,20.505,86.565
c18987,20.515,86.565
c18988,20.525,86.565
c18989,20.535,86.565
c18990,20.545,86.565
c18991,20.555,86.565
c18992,20.565,86.565
c18993,20.575,86.565
c18994,20.585,86.565
c18995,20.595,86.565
c18996,20.605,86.565
c18997,19.405,86.575
c18998,19.415,86.575
c18999,19.425,86.575
c19000,19.435,86.575
c19001,19.445,86.575
c19002,19.455,86.575
c19003,19.465,86.575
c19004,19.475,86.575
c19005,19.485,86.575
c19006,19.495,86.575
c19007,19.505,86.575
c19008,19.515,86.575
c19009,19.525,86.575
c19010,19.535,86.575
c19011,19.545,86.575
c19012,19.555,86.575
c19013,19.565,86.575
c19014,19.575,86.575
c19015,19.585,86.575
c19016,19.595,86.575
c19017,19.605,86.575
c19018,19.615,86.575
c19019,19.625,86.575
c19020,19.635,86.575
c19021,19.645,86.575
c19022,19.655,86.575
c19023,19.665,86.575
c19024,19.675,86.575
c19025,19.685,86.575
c19026,19.695,86.575
c19027,19.705,86.575
c19028,19.715,86.575
c19029,19.725,86.575
c19030,19.735,86.575
c19031,19.745,86.575
c19032,19.755,86.575
c19033,19.765,86.575
c19034,19.775,86.575
c19035,19.785,86.575
c19036,19.795,86.575
c19037,19.805,86.575
c19038,19.815,86.575
c19039,19.825,86.575
c19040,19.835,86.575
c19041,19.845,86.575
c19042,19.855,86.575
c19043,19.865,86.575
c19044,19.875,86.575
c19045,19.885,86.575
c19046,19.895,86.575
c19047,19.905,86.575
c19048,19.915,86.575
c19049,19.925,86.575
c19050,19.935,86.575
c19051,19.945,86.575
c19052,19.955,86.575
c19053,19.965,86.575
c19054,19.975,86.575
c19055,19.985,86.575
c19056,19.995,86.575
c19057,20.005,86.575
c19058,20.015,86.575
c19059,20.025,86.575
c19060,20.035,86.575
c19061,20.045,86.575
c19062,20.055,86.575
c19063,20.065,86.575
c19064,20.075,86.575
c19065,20.085,86.575
c19066,20.095,86.575
c19067,20.105,86.575
c19068,20.115,86.575
c19069,20.125,86.575
c19070,20.135,86.575
c19071,20.145,86.575
c19072,20.155,86.575
c19073,20.165,86.575
c19074,20.175,86.575
c19075,20.185,86.575
c19076,20.195,86.575
c19077,20.205,86.575
c19078,20.215,86.575
c19079,20.225,86.575
c19080,20.235,86.575
c19081,20.245,86.575
c19082,20.255,86.575
c19083,20.265,86.575
c19084,20.275,86.575
c19085,20.285,86.575
c19086,20.295,86.575
c19087,20.305,86.575
c19088,20.315,86.575
c19089,20.325,86.575
c19090,20.335,86.575
c19091,20.345,86.575
c19092,20.355,86.575
c19093,20.365,86.575
c19094,20.375,86.575
c19095,20.385,86.575
c19096,20.395,86.575
c19097,20.405,86.575
c19098,20.415,86.575
c19099,20.425,86.575
c19100,20.435,86.575
c19101,20.445,86.575
c19102,20.455,86.575
c19103,20.465,86.575
c19104,20.475,86.575
c19105,20.485,86.575
c19106,20.495,86.575
c19107,20.505,86.575
c19108,20.515,86.575
c19109,20.525,86.575
c19110,20.535,86.575
c19111,20.545,86.575
c19112,20.555,86.575
c19113,20.565,86.575
c19114,20.575,86.575
c19115,20.585,86.575
c19116,20.595,86.575
c19117,20.605,86.575
c19118,19.405,86.585
c19119,19.415,86.585
c19120,19.425,86.585
c19121,19.435,86.585
c19122,19.445,86.585
c19123,19.455,86.585
c19124,19.465,86.585
c19125,19.475,86.585
c19126,19.485,86.585
c19127,19.495,86.585
c19128,19.505,86.585
c19129,19.515,86.585
c19130,19.525,86.585
c19131,19.535,86.585
c19132,19.545,86.585
c19133,19.555,86.585
c19134,19.565,86.585
c19135,19.575,86.585
c19136,19.585,86.585
c19137,19.595,86.585
c19138,19.605,86.585
c19139,19.615,86.585
c19140,19.625,86.585
c19141,19.635,86.585
c19142,19.645,86.585
c19143,19.655,86.585
c19144,19.665,86.585
c19145,19.675,86.585
c19146,19.685,86.585
c19147,19.695,86.585
c19148,19.705,86.585
c19149,19.715,86.585
c19150,19.725,86.585
c19151,19.735,86.585
c19152,19.745,86.585
c19153,19.755,86.585
c19154,19.765,86.585
c19155,19.775,86.585
c19156,19.785,86.585
c19157,19.795,86.585
c19158,19.805,86.585
c19159,19.815,86.585
c19160,19.825,86.585
c19161,19.835,86.585
c19162,19.845,86.585
c19163,19.855,86.585
c19164,19.865,86.585
c19165,19.875,86.585
c19166,19.885,86.585
c19167,19.895,86.585
c19168,19.905,86.585
c19169,19.915,86.585
c19170,19.925,86.585
c19171,19.935,86.585
c19172,19.945,86.585
c19173,19.955,86.585
c19174,19.965,86.585
c19175,19.975,86.585
c19176,19.985,86.585
c19177,19.995,86.585
c19178,20.005,86.585
c19179,20.015,86.585
c19180,20.025,86.585
c19181,20.035,86.585
c19182,20.045,86.585
c19183,20.055,86.585
c19184,20.065,86.585
c19185,20.075,86.585
c19186,20.085,86.585
c19187,20.095,86.585
c19188,20.105,86.585
c19189,20.115,86.585
c19190,20.125,86.585
c19191,20.135,86.585
c19192,20.145,86.585
c19193,20.155,86.585
c19194,20.165,86.585
c19195,20.175,86.585
c19196,20.185,86.585
c19197,20.195,86.585
c19198,20.205,86.585
c19199,20.215,86.585
c19200,20.225,86.585
c19201,20.235,86.585
c19202,20.245,86.585
c19203,20.255,86.585
c19204,20.265,86.585
c19205,20.275,86.585
c19206,20.285,86.585
c19207,20.295,86.585
c19208,20.305,86.585
c19209,20.315,86.585
c19210,20.325,86.585
c19211,20.335,86.585
c19212,20.345,86.585
c19213,20.355,86.585
c19214,20.365,86.585
c19215,20.375,86.585
c19216,20.385,86.585
c19217,20.395,86.585
c19218,20.405,86.585
c19219,20.415,86.585
c19220,20.425,86.585
c19221,20.435,86.585
c19222,20.445,86.585
c19223,20.455,86.585
c19224,20.465,86.585
c19225,20.475,86.585
c19226,20.485,86.585
c19227,20.495,86.585
c19228,20.505,86.585
c19229,20.515,86.585
c19230,20.525,86.585
c19231,20.535,86.585
c19232,20.545,86.585
c19233,20.555,86.585
c19234,20.565,86.585
c19235,20.575,86.585
c19236,20.585,86.585
c19237,20.595,86.585
c19238,20.605,86.585
c19239,19.405,86.595
c19240,19.415,86.595
c19241,19.425,86.595
c19242,19.435,86.595
c19243,19.445,86.595
c19244,19.455,86.595
c19245,19.465,86.595
c19246,19.475,86.595
c19247,19.485,86.595
c19248,19.495,86.595
c19249,19.505,86.595
c19250,19.515,86.595
c19251,19.525,86.595
c19252,19.535,86.595
c19253,19.545,86.595
c19254,19.555,86.595
c19255,19.565,86.595
c19256,19.575,86.595
c19257,19.585,86.595
c19258,19.595,86.595
c19259,19.605,86.595
c19260,19.615,86.595
c19261,19.625,86.595
c19262,19.635,86.595
c19263,19.645,86.595
c19264,19.655,86.595
c19265,19.665,86.595
c19266,19.675,86.595
c19267,19.685,86.595
c19268,19.695,86.595
c19269,19.705,86.595
c19270,19.715,86.595
c19271,19.725,86.595
c19272,19.735,86.595
c19273,19.745,86.595
c19274,19.755,86.595
c19275,19.765,86.595
c19276,19.775,86.595
c19277,19.785,86.595
c19278,19.795,86.595
c19279,19.805,86.595
c19280,19.815,86.595
c19281,19.825,86.595
c19282,19.835,86.595
c19283,19.845,86.595
c19284,19.855,86.595
c19285,19.865,86.595
c19286,19.875,86.595
c19287,19.885,86.595
c19288,19.895,86.595
c19289,19.905,86.595
c19290,19.915,86.595
c19291,19.925,86.595
c19292,19.935,86.595
c19293,19.945,86.595
c19294,19.955,86.595
c19295,19.965,86.595
c19296,19.975,86.595
c19297,19.985,86.595
c19298,19.995,86.595
c19299,20.005,86.595
c19300,20.015,86.595
c19301,20.025,86.595
c19302,20.035,86.595
c19303,20.045,86.595
c19304,20.055,86.595
c19305,20.065,86.595
c19306,20.075,86.595
c19307,20.085,86.595
c19308,20.095,86.595
c19309,20.105,86.595
c19310,20.115,86.595
c19311,20.125,86.595
c19312,20.135,86.595
c19313,20.145,86.595
c19314,20.155,86.595
c19315,20.165,86.595
c19316,20.175,86.595
c19317,20.185,86.595
c19318,20.195,86.595
c19319,20.205,86.595
c19320,20.215,86.595
c19321,20.225,86.595
c19322,20.235,86.595
c19323,20.245,86.595
c19324,20.255,86.595
c19325,20.265,86.595
c19326,20.275,86.595
c19327,20.285,86.595
c19328,20.295,86.595
c19329,20.305,86.595
c19330,20.315,86.595
c19331,20.325,86.595
c19332,20.335,86.595
c19333,20.345,86.595
c19334,20.355,86.595
c19335,20.365,86.595
c19336,20.375,86.595
c19337,20.385,86.595
c19338,20.395,86.595
c19339,20.405,86.595
c19340,20.415,86.595
c19341,20.425,86.595
c19342,20.435,86.595
c19343,20.445,86.595
c19344,20.455,86.595
c19345,20.465,86.595
c19346,20.475,86.595
c19347,20.485,86.595
c19348,20.495,86.595
c19349,20.505,86.595
c19350,20.515,86.595
c19351,20.525,86.595
c19352,20.535,86.595
c19353,20.545,86.595
c19354,20.555,86.595
c19355,20.565,86.595
c19356,20.575,86.595
c19357,20.585,86.595
c19358,20.595,86.595
c19359,20.605,86.595
c19360,19.405,86.605
c19361,19.415,86.605
c19362,19.425,86.605
c19363,19.435,86.605
c19364,19.445,86.605
c19365,19.455,86.605
c19366,19.465,86.605
c19367,19.475,86.605
c19368,19.485,86.605
c19369,19.495,86.605
c19370,19.505,86.605
c19371,19.515,86.605
c19372,19.525,86.605
c19373,19.535,86.605
c19374,19.545,86.605
c19375,19.555,86.605
c19376,19.565,86.605
c19377,19.575,86.605
c19378,19.585,86.605
c19379,19.595,86.605
c19380,19.605,86.605
c19381,19.615,86.605
c19382,19.625,86.605
c19383,19.635,86.605
c19384,19.645,86.605
c19385,19.655,86.605
c19386,19.665,86.605
c19387,19.675,86.605
c19388,19.685,86.605
c19389,19.695,86.605
c19390,19.705,86.605
c19391,19.715,86.605
c19392,19.725,86.605
c19393,19.735,86.605
c19394,19.745,86.605
c19395,19.755,86.605
c19396,19.765,86.605
c19397,19.775,86.605
c19398,19.785,86.605
c19399,19.795,86.605
c19400,19.805,86.605
c19401,19.815,86.605
c19402,19.825,86.605
c19403,19.835,86.605
c19404,19.845,86.605
c19405,19.855,86.605
c19406,19.865,86.605
c19407,19.875,86.605
c19408,19.885,86.605
c19409,19.895,86.605
c19410,19.905,86.605
c19411,19.915,86.605
c19412,19.925,86.605
c19413,19.935,86.605
c19414,19.945,86.605
c19415,19.955,86.605
c19416,19.965,86.605
c19417,19.975,86.605
c19418,19.985,86.605
c19419,19.995,86.605
c19420,20.005,86.605
c19421,20.015,86.605
c19422,20.025,86.605
c19423,20.035,86.605
c19424,20.045,86.605
c19425,20.055,86.605
c19426,20.065,86.605
c19427,20.075,86.605
c19428,20.085,86.605
c19429,20.095,86.605
c19430,20.105,86.605
c19431,20.115,86.605
c19432,20.125,86.605
c19433,20.135,86.605
c19434,20.145,86.605
c19435,20.155,86.605
c19436,20.165,86.605
c19437,20.175,86.605
c19438,20.185,86.605
c19439,20.195,86.605
c19440,20.205,86.605
c19441,20.215,86.605
c19442,20.225,86.605
c19443,20.235,86.605
c19444,20.245,86.605
c19445,20.255,86.605
c19446,20.265,86.605
c19447,20.275,86.605
c19448,20.285,86.605
c19449,20.295,86.605
c19450,20.305,86.605
c19451,20.315,86.605
c19452,20.325,86.605
c19453,20.335,86.605
c19454,20.345,86.605
c19455,20.355,86.605
c19456,20.365,86.605
c19457,20.375,86.605
c19458,20.385,86.605
c19459,20.395,86.605
c19460,20.405,86.605
c19461,20.415,86.605
c19462,20.425,86.605
c19463,20.435,86.605
c19464,20.445,86.605
c19465,20.455,86.605
c19466,20.465,86.605
c19467,20.475,86.605
c19468,20.485,86.605
c19469,20.495,86.605
c19470,20.505,86.605
c19471,20.515,86.605
c19472,20.525,86.605
c19473,20.535,86.605
c19474,20.545,86.605
c19475,20.555,86.605
c19476,20.565,86.605
c19477,20.575,86.605
c19478,20.585,86.605
c19479,20.595,86.605
c19480,20.605,86.605
c19481,19.405,86.615
c19482,19.415,86.615
c19483,19.425,86.615
c19484,19.435,86.615
c19485,19.445,86.615
c19486,19.455,86.615
c19487,19.465,86.615
c19488,19.475,86.615
c19489,19.485,86.615
c19490,19.495,86.615
c19491,19.505,86.615
c19492,19.515,86.615
c19493,19.525,86.615
c19494,19.535,86.615
c19495,19.545,86.615
c19496,19.555,86.615
c19497,19.565,86.615
c19498,19.575,86.615
c19499,19.585,86.615
c19500,19.595,86.615
c19501,19.605,86.615
c19502,19.615,86.615
c19503,19.625,86.615
c19504,19.635,86.615
c19505,19.645,86.615
c19506,19.655,86.615
c19507,19.665,86.615
c19508,19.675,86.615
c19509,19.685,86.615
c19510,19.695,86.615
c19511,19.705,86.615
c19512,19.715,86.615
c19513,19.725,86.615
c19514,19.735,86.615
c19515,19.745,86.615
c19516,19.755,86.615
c19517,19.765,86.615
c19518,19.775,86.615
c19519,19.785,86.615
c19520,19.795,86.615
c19521,19.805,86.615
c19522,19.815,86.615
c19523,19.825,86.615
c19524,19.835,86.615
c19525,19.845,86.615
c19526,19.855,86.615
c19527,19.865,86.615
c19528,19.875,86.615
c19529,19.885,86.615
c19530,19.895,86.615
c19531,19.905,86.615
c19532,19.915,86.615
c19533,19.925,86.615
c19534,19.935,86.615
c19535,19.945,86.615
c19536,19.955,86.615
c19537,19.965,86.615
c19538,19.975,86.615
c19539,19.985,86.615
c19540,19.995,86.615
c19541,20.005,86.615
c19542,20.015,86.615
c19543,20.025,86.615
c19544,20.035,86.615
c19545,20.045,86.615
c19546,20.055,86.615
c19547,20.065,86.615
c19548,20.075,86.615
c19549,20.085,86.615
c19550,20.095,86.615
c19551,20.105,86.615
c19552,20.115,86.615
c19553,20.125,86.615
c19554,20.135,86.615
c19555,20.145,86.615
c19556,20.155,86.615
c19557,20.165,86.615
c19558,20.175,86.615
c19559,20.185,86.615
c19560,20.195,86.615
c19561,20.205,86.615
c19562,20.215,86.615
c19563,20.225,86.615
c19564,20.235,86.615
c19565,20.245,86.615
c19566,20.255,86.615
c19567,20.265,86.615
c19568,20.275,86.615
c19569,20.285,86.615
c19570,20.295,86.615
c19571,20.305,86.615
c19572,20.315,86.615
c19573,20.325,86.615
c19574,20.335,86.615
c19575,20.345,86.615
c19576,20.355,86.615
c19577,20.365,86.615
c19578,20.375,86.615
c19579,20.385,86.615
c19580,20.395,86.615
c19581,20.405,86.615
c19582,20.415,86.615
c19583,20.425,86.615
c19584,20.435,86.615
c19585,20.445,86.615
c19586,20.455,86.615
c19587,20.465,86.615
c19588,20.475,86.615
c19589,20.485,86.615
c19590,20.495,86.615
c19591,20.505,86.615
c19592,20.515,86.615
c19593,20.525,86.615
c19594,20.535,86.615
c19595,20.545,86.615
c19596,20.555,86.615
c19597,20.565,86.615
c19598,20.575,86.615
c19599,20.585,86.615
c19600,20.595,86.615
c19601,20.605,86.615
c19602,19.405,86.625
c19603,19.415,86.625
c19604,19.425,86.625
c19605,19.435,86.625
c19606,19.445,86.625
c19607,19.455,86.625
c19608,19.465,86.625
c19609,19.475,86.625
c19610,19.485,86.625
c19611,19.495,86.625
c19612,19.505,86.625
c19613,19.515,86.625
c19614,19.525,86.625
c19615,19.535,86.625
c19616,19.545,86.625
c19617,19.555,86.625
c19618,19.565,86.625
c19619,19.575,86.625
c19620,19.585,86.625
c19621,19.595,86.625
c19622,19.605,86.625
c19623,19.615,86.625
c19624,19.625,86.625
c19625,19.635,86.625
c19626,19.645,86.625
c19627,19.655,86.625
c19628,19.665,86.625
c19629,19.675,86.625
c19630,19.685,86.625
c19631,19.695,86.625
c19632,19.705,86.625
c19633,19.715,86.625
c19634,19.725,86.625
c19635,19.735,86.625
c19636,19.745,86.625
c19637,19.755,86.625
c19638,19.765,86.625
c19639,19.775,86.625
c19640,19.785,86.625
c19641,19.795,86.625
c19642,19.805,86.625
c19643,19.815,86.625
c19644,19.825,86.625
c19645,19.835,86.625
c19646,19.845,86.625
c19647,19.855,86.625
c19648,19.865,86.625
c19649,19.875,86.625
c19650,19.885,86.625
c19651,19.895,86.625
c19652,19.905,86.625
c19653,19.915,86.625
c19654,19.925,86.625
c19655,19.935,86.625
c19656,19.945,86.625
c19657,19.955,86.625
c19658,19.965,86.625
c19659,19.975,86.625
c19660,19.985,86.625
c19661,19.995,86.625
c19662,20.005,86.625
c19663,20.015,86.625
c19664,20.025,86.625
c19665,20.035,86.625
c19666,20.045,86.625
c19667,20.055,86.625
c19668,20.065,86.625
c19669,20.075,86.625
c19670,20.085,86.625
c19671,20.095,86.625
c19672,20.105,86.625
c19673,20.115,86.625
c19674,20.125,86.625
c19675,20.135,86.625
c19676,20.145,86.625
c19677,20.155,86.625
c19678,20.165,86.625
c19679,20.175,86.625
c19680,20.185,86.625
c19681,20.195,86.625
c19682,20.205,86.625
c19683,20.215,86.625
c19684,20.225,86.625
c19685,20.235,86.625
c19686,20.245,86.625
c19687,20.255,86.625
c19688,20.265,86.625
c19689,20.275,86.625
c19690,20.285,86.625
c19691,20.295,86.625
c19692,20.305,86.625
c19693,20.315,86.625
c19694,20.325,86.625
c19695,20.335,86.625
c19696,20.345,86.625
c19697,20.355,86.625
c19698,20.365,86.625
c19699,20.375,86.625
c19700,20.385,86.625
c19701,20.395,86.625
c19702,20.405,86.625
c19703,20.415,86.625
c19704,20.425,86.625
c19705,20.435,86.625
c19706,20.445,86.625
c19707,20.455,86.625
c19708,20.465,86.625
c19709,20.475,86.625
c19710,20.485,86.625
c19711,20.495,86.625
c19712,20.505,86.625
c19713,20.515,86.625
c19714,20.525,86.625
c19715,20.535,86.625
c19716,20.545,86.625
c19717,20.555,86.625
c19718,20.565,86.625
c19719,20.575,86.625
c19720,20.585,86.625
c19721,20.595,86.625
c19722,20.605,86.625
c19723,19.405,86.635
c19724,19.415,86.635
c19725,19.425,86.635
c19726,19.435,86.635
c19727,19.445,86.635
c19728,19.455,86.635
c19729,19.465,86.635
c19730,19.475,86.635
c19731,19.485,86.635
c19732,19.495,86.635
c19733,19.505,86.635
c19734,19.515,86.635
c19735,19.525,86.635
c19736,19.535,86.635
c19737,19.545,86.635
c19738,19.555,86.635
c19739,19.565,86.635
c19740,19.575,86.635
c19741,19.585,86.635
c19742,19.595,86.635
c19743,19.605,86.635
c19744,19.615,86.635
c19745,19.625,86.635
c19746,19.635,86.635
c19747,19.645,86.635
c19748,19.655,86.635
c19749,19.665,86.635
c19750,19.675,86.635
c19751,19.685,86.635
c19752,19.695,86.635
c19753,19.705,86.635
c19754,19.715,86.635
c19755,19.725,86.635
c19756,19.735,86.635
c19757,19.745,86.635
c19758,19.755,86.635
c19759,19.765,86.635
c19760,19.775,86.635
c19761,19.785,86.635
c19762,19.795,86.635
c19763,19.805,86.635
c19764,19.815,86.635
c19765,19.825,86.635
c19766,19.835,86.635
c19767,19.845,86.635
c19768,19.855,86.635
c19769,19.865,86.635
c19770,19.875,86.635
c19771,19.885,86.635
c19772,19.895,86.635
c19773,19.905,86.635
c19774,19.915,86.635
c19775,19.925,86.635
c19776,19.935,86.635
c19777,19.945,86.635
c19778,19.955,86.635
c19779,19.965,86.635
c19780,19.975,86.635
c19781,19.985,86.635
c19782,19.995,86.635
c19783,20.005,86.635
c19784,20.015,86.635
c19785,20.025,86.635
c19786,20.035,86.635
c19787,20.045,86.635
c19788,20.055,86.635
c19789,20.065,86.635
c19790,20.075,86.635
c19791,20.085,86.635
c19792,20.095,86.635
c19793,20.105,86.635
c19794,20.115,86.635
c19795,20.125,86.635
c19796,20.135,86.635
c19797,20.145,86.635
c19798,20.155,86.635
c19799,20.165,86.635
c19800,20.175,86.635
c19801,20.185,86.635
c19802,20.195,86.635
c19803,20.205,86.635
c19804,20.215,86.635
c19805,20.225,86.635
c19806,20.235,86.635
c19807,20.245,86.635
c19808,20.255,86.635
c19809,20.265,86.635
c19810,20.275,86.635
c19811,20.285,86.635
c19812,20.295,86.635
c19813,20.305,86.635
c19814,20.315,86.635
c19815,20.325,86.635
c19816,20.335,86.635
c19817,20.345,86.635
c19818,20.355,86.635
c19819,20.365,86.635
c19820,20.375,86.635
c19821,20.385,86.635
c19822,20.395,86.635
c19823,20.405,86.635
c19824,20.415,86.635
c19825,20.425,86.635
c19826,20.435,86.635
c19827,20.445,86.635
c19828,20.455,86.635
c19829,20.465,86.635
c19830,20.475,86.635
c19831,20.485,86.635
c19832,20.495,86.635
c19833,20.505,86.635
c19834,20.515,86.635
c19835,20.525,86.635
c19836,20.535,86.635
c19837,20.545,86.635
c19838,20.555,86.635
c19839,20.565,86.635
c19840,20.575,86.635
c19841,20.585,86.635
c19842,20.595,86.635
c19843,20.605,86.635
c19844,19.405,86.645
c19845,19.415,86.645
c19846,19.425,86.645
c19847,19.435,86.645
c19848,19.445,86.645
c19849,19.455,86.645
c19850,19.465,86.645
c19851,19.475,86.645
c19852,19.485,86.645
c19853,19.495,86.645
c19854,19.505,86.645
c19855,19.515,86.645
c19856,19.525,86.645
c19857,19.535,86.645
c19858,19.545,86.645
c19859,19.555,86.645
c19860,19.565,86.645
c19861,19.575,86.645
c19862,19.585,86.645
c19863,19.595,86.645
c19864,19.605,86.645
c19865,19.615,86.645
c19866,19.625,86.645
c19867,19.635,86.645
c19868,19.645,86.645
c19869,19.655,86.645
c19870,19.665,86.645
c19871,19.675,86.645
c19872,19.685,86.645
c19873,19.695,86.645
c19874,19.705,86.645
c19875,19.715,86.645
c19876,19.725,86.645
c19877,19.735,86.645
c19878,19.745,86.645
c19879,19.755,86.645
c19880,19.765,86.645
c19881,19.775,86.645
c19882,19.785,86.645
c19883,19.795,86.645
c19884,19.805,86.645
c19885,19.815,86.645
c19886,19.825,86.645
c19887,19.835,86.645
c19888,19.845,86.645
c19889,19.855,86.645
c19890,19.865,86.645
c19891,19.875,86.645
c19892,19.885,86.645
c19893,19.895,86.645
c19894,19.905,86.645
c19895,19.915,86.645
c19896,19.925,86.645
c19897,19.935,86.645
c19898,19.945,86.645
c19899,19.955,86.645
c19900,19.965,86.645
c19901,19.975,86.645
c19902,19.985,86.645
c19903,19.995,86.645
c19904,20.005,86.645
c19905,20.015,86.645
c19906,20.025,86.645
c19907,20.035,86.645
c19908,20.045,86.645
c19909,20.055,86.645
c19910,20.065,86.645
c19911,20.075,86.645
c19912,20.085,86.645
c19913,20.095,86.645
c19914,20.105,86.645
c19915,20.115,86.645
c19916,20.125,86.645
c19917,20.135,86.645
c19918,20.145,86.645
c19919,20.155,86.645
c19920,20.165,86.645
c19921,20.175,86.645
c19922,20.185,86.645
c19923,20.195,86.645
c19924,20.205,86.645
c19925,20.215,86.645
c19926,20.225,86.645
c19927,20.235,86.645
c19928,20.245,86.645
c19929,20.255,86.645
c19930,20.265,86.645
c19931,20.275,86.645
c19932,20.285,86.645
c19933,20.295,86.645
c19934,20.305,86.645
c19935,20.315,86.645
c19936,20.325,86.645
c19937,20.335,86.645
c19938,20.345,86.645
c19939,20.355,86.645
c19940,20.365,86.645
c19941,20.375,86.645
c19942,20.385,86.645
c19943,20.395,86.645
c19944,20.405,86.645
c19945,20.415,86.645
c19946,20.425,86.645
c19947,20.435,86.645
c19948,20.445,86.645
c19949,20.455,86.645
c19950,20.465,86.645
c19951,20.475,86.645
c19952,20.485,86.645
c19953,20.495,86.645
c19954,20.505,86.645
c19955,20.515,86.645
c19956,20.525,86.645
c19957,20.535,86.645
c19958,20.545,86.645
c19959,20.555,86.645
c19960,20.565,86.645
c19961,20.575,86.645
c19962,20.585,86.645
c19963,20.595,86.645
c19964,20.605,86.645
c19965,19.405,86.655
c19966,19.415,86.655
c19967,19.425,86.655
c19968,19.435,86.655
c19969,19.445,86.655
c19970,19.455,86.655
c19971,19.465,86.655
c19972,19.475,86.655
c19973,19.485,86.655
c19974,19.495,86.655
c19975,19.505,86.655
c19976,19.515,86.655
c19977,19.525,86.655
c19978,19.535,86.655
c19979,19.545,86.655
c19980,19.555,86.655
c19981,19.565,86.655
c19982,19.575,86.655
c19983,19.585,86.655
c19984,19.595,86.655
c19985,19.605,86.655
c19986,19.615,86.655
c19987,19.625,86.655
c19988,19.635,86.655
c19989,19.645,86.655
c19990,19.655,86.655
c19991,19.665,86.655
c19992,19.675,86.655
c19993,19.685,86.655
c19994,19.695,86.655
c19995,19.705,86.655
c19996,19.715,86.655
c19997,19.725,86.655
c19998,19.735,86.655
c19999,19.745,86.655
c20000,19.755,86.655
c20001,19.765,86.655
c20002,19.775,86.655
c20003,19.785,86.655
c20004,19.795,86.655
c20005,19.805,86.655
c20006,19.815,86.655
c20007,19.825,86.655
c20008,19.835,86.655
c20009,19.845,86.655
c20010,19.855,86.655
c20011,19.865,86.655
c20012,19.875,86.655
c20013,19.885,86.655
c20014,19.895,86.655
c20015,19.905,86.655
c20016,19.915,86.655
c20017,19.925,86.655
c20018,19.935,86.655
c20019,19.945,86.655
c20020,19.955,86.655
c20021,19.965,86.655
c20022,19.975,86.655
c20023,19.985,86.655
c20024,19.995,86.655
c20025,20.005,86.655
c20026,20.015,86.655
c20027,20.025,86.655
c20028,20.035,86.655
c20029,20.045,86.655
c20030,20.055,86.655
c20031,20.065,86.655
c20032,20.075,86.655
c20033,20.085,86.655
c20034,20.095,86.655
c20035,20.105,86.655
c20036,20.115,86.655
c20037,20.125,86.655
c20038,20.135,86.655
c20039,20.145,86.655
c20040,20.155,86.655
c20041,20.165,86.655
c20042,20.175,86.655
c20043,20.185,86.655
c20044,20.195,86.655
c20045,20.205,86.655
c20046,20.215,86.655
c20047,20.225,86.655
c20048,20.235,86.655
c20049,20.245,86.655
c20050,20.255,86.655
c20051,20.265,86.655
c20052,20.275,86.655
c20053,20.285,86.655
c20054,20.295,86.655
c20055,20.305,86.655
c20056,20.315,86.655
c20057,20.325,86.655
c20058,20.335,86.655
c20059,20.345,86.655
c20060,20.355,86.655
c20061,20.365,86.655
c20062,20.375,86.655
c20063,20.385,86.655
c20064,20.395,86.655
c20065,20.405,86.655
c20066,20.415,86.655
c20067,20.425,86.655
c20068,20.435,86.655
c20069,20.445,86.655
c20070,20.455,86.655
c20071,20.465,86.655
c20072,20.475,86.655
c20073,20.485,86.655
c20074,20.495,86.655
c20075,20.505,86.655
c20076,20.515,86.655
c20077,20.525,86.655
c20078,20.535,86.655
c20079,20.545,86.655
c20080,20.555,86.655
c20081,20.565,86.655
c20082,20.575,86.655
c20083,20.585,86.655
c20084,20.595,86.655
c20085,20.605,86.655
c20086,19.405,86.665
c20087,19.415,86.665
c20088,19.425,86.665
c20089,19.435,86.665
c20090,19.445,86.665
c20091,19.455,86.665
c20092,19.465,86.665
c20093,19.475,86.665
c20094,19.485,86.665
c20095,19.495,86.665
c20096,19.505,86.665
c20097,19.515,86.665
c20098,19.525,86.665
c20099,19.535,86.665
c20100,19.545,86.665
c20101,19.555,86.665
c20102,19.565,86.665
c20103,19.575,86.665
c20104,19.585,86.665
c20105,19.595,86.665
c20106,19.605,86.665
c20107,19.615,86.665
c20108,19.625,86.665
c20109,19.635,86.665
c20110,19.645,86.665
c20111,19.655,86.665
c20112,19.665,86.665
c20113,19.675,86.665
c20114,19.685,86.665
c20115,19.695,86.665
c20116,19.705,86.665
c20117,19.715,86.665
c20118,19.725,86.665
c20119,19.735,86.665
c20120,19.745,86.665
c20121,19.755,86.665
c20122,19.765,86.665
c20123,19.775,86.665
c20124,19.785,86.665
c20125,19.795,86.665
c20126,19.805,86.665
c20127,19.815,86.665
c20128,19.825,86.665
c20129,19.835,86.665
c20130,19.845,86.665
c20131,19.855,86.665
c20132,19.865,86.665
c20133,19.875,86.665
c20134,19.885,86.665
c20135,19.895,86.665
c20136,19.905,86.665
c20137,19.915,86.665
c20138,19.925,86.665
c20139,19.935,86.665
c20140,19.945,86.665
c20141,19.955,86.665
c20142,19.965,86.665
c20143,19.975,86.665
c20144,19.985,86.665
c20145,19.995,86.665
c20146,20.005,86.665
c20147,20.015,86.665
c20148,20.025,86.665
c20149,20.035,86.665
c20150,20.045,86.665
c20151,20.055,86.665
c20152,20.065,86.665
c20153,20.075,86.665
c20154,20.085,86.665
c20155,20.095,86.665
c20156,20.105,86.665
c20157,20.115,86.665
c20158,20.125,86.665
c20159,20.135,86.665
c20160,20.145,86.665
c20161,20.155,86.665
c20162,20.165,86.665
c20163,20.175,86.665
c20164,20.185,86.665
c20165,20.195,86.665
c20166,20.205,86.665
c20167,20.215,86.665
c20168,20.225,86.665
c20169,20.235,86.665
c20170,20.245,86.665
c20171,20.255,86.665
c20172,20.265,86.665
c20173,20.275,86.665
c20174,20.285,86.665
c20175,20.295,86.665
c20176,20.305,86.665
c20177,20.315,86.665
c20178,20.325,86.665
c20179,20.335,86.665
c20180,20.345,86.665
c20181,20.355,86.665
c20182,20.365,86.665
c20183,20.375,86.665
c20184,20.385,86.665
c20185,20.395,86.665
c20186,20.405,86.665
c20187,20.415,86.665
c20188,20.425,86.665
c20189,20.435,86.665
c20190,20.445,86.665
c20191,20.455,86.665
c20192,20.465,86.665
c20193,20.475,86.665
c20194,20.485,86.665
c20195,20.495,86.665
c20196,20.505,86.665
c20197,20.515,86.665
c20198,20.525,86.665
c20199,20.535,86.665
c20200,20.545,86.665
c20201,20.555,86.665
c20202,20.565,86.665
c20203,20.575,86.665
c20204,20.585,86.665
c20205,20.595,86.665
c20206,20.605,86.665
c20207,19.405,86.675
c20208,19.415,86.675
c20209,19.425,86.675
c20210,19.435,86.675
c20211,19.445,86.675
c20212,19.455,86.675
c20213,19.465,86.675
c20214,19.475,86.675
c20215,19.485,86.675
c20216,19.495,86.675
c20217,19.505,86.675
c20218,19.515,86.675
c20219,19.525,86.675
c20220,19.535,86.675
c20221,19.545,86.675
c20222,19.555,86.675
c20223,19.565,86.675
c20224,19.575,86.675
c20225,19.585,86.675
c20226,19.595,86.675
c20227,19.605,86.675
c20228,19.615,86.675
c20229,19.625,86.675
c20230,19.635,86.675
c20231,19.645,86.675
c20232,19.655,86.675
c20233,19.665,86.675
c20234,19.675,86.675
c20235,19.685,86.675
c20236,19.695,86.675
c20237,19.705,86.675
c20238,19.715,86.675
c20239,19.725,86.675
c20240,19.735,86.675
c20241,19.745,86.675
c20242,19.755,86.675
c20243,19.765,86.675
c20244,19.775,86.675
c20245,19.785,86.675
c20246,19.795,86.675
c20247,19.805,86.675
c20248,19.815,86.675
c20249,19.825,86.675
c20250,19.835,86.675
c20251,19.845,86.675
c20252,19.855,86.675
c20253,19.865,86.675
c20254,19.875,86.675
c20255,19.885,86.675
c20256,19.895,86.675
c20257,19.905,86.675
c20258,19.915,86.675
c20259,19.925,86.675
c20260,19.935,86.675
c20261,19.945,86.675
c20262,19.955,86.675
c20263,19.965,86.675
c20264,19.975,86.675
c20265,19.985,86.675
c20266,19.995,86.675
c20267,20.005,86.675
c20268,20.015,86.675
c20269,20.025,86.675
c20270,20.035,86.675
c20271,20.045,86.675
c20272,20.055,86.675
c20273,20.065,86.675
c20274,20.075,86.675
c20275,20.085,86.675
c20276,20.095,86.675
c20277,20.105,86.675
c20278,20.115,86.675
c20279,20.125,86.675
c20280,20.135,86.675
c20281,20.145,86.675
c20282,20.155,86.675
c20283,20.165,86.675
c20284,20.175,86.675
c20285,20.185,86.675
c20286,20.195,86.675
c20287,20.205,86.675
c20288,20.215,86.675
c20289,20.225,86.675
c20290,20.235,86.675
c20291,20.245,86.675
c20292,20.255,86.675
c20293,20.265,86.675
c20294,20.275,86.675
c20295,20.285,86.675
c20296,20.295,86.675
c20297,20.305,86.675
c20298,20.315,86.675
c20299,20.325,86.675
c20300,20.335,86.675
c20301,20.345,86.675
c20302,20.355,86.675
c20303,20.365,86.675
c20304,20.375,86.675
c20305,20.385,86.675
c20306,20.395,86.675
c20307,20.405,86.675
c20308,20.415,86.675
c20309,20.425,86.675
c20310,20.435,86.675
c20311,20.445,86.675
c20312,20.455,86.675
c20313,20.465,86.675
c20314,20.475,86.675
c20315,20.485,86.675
c20316,20.495,86.675
c20317,20.505,86.675
c20318,20.515,86.675
c20319,20.525,86.675
c20320,20.535,86.675
c20321,20.545,86.675
c20322,20.555,86.675
c20323,20.565,86.675
c20324,20.575,86.675
c20325,20.585,86.675
c20326,20.595,86.675
c20327,20.605,86.675
c20328,19.405,86.685
c20329,19.415,86.685
c20330,19.425,86.685
c20331,19.435,86.685
c20332,19.445,86.685
c20333,19.455,86.685
c20334,19.465,86.685
c20335,19.475,86.685
c20336,19.485,86.685
c20337,19.495,86.685
c20338,19.505,86.685
c20339,19.515,86.685
c20340,19.525,86.685
c20341,19.535,86.685
c20342,19.545,86.685
c20343,19.555,86.685
c20344,19.565,86.685
c20345,19.575,86.685
c20346,19.585,86.685
c20347,19.595,86.685
c20348,19.605,86.685
c20349,19.615,86.685
c20350,19.625,86.685
c20351,19.635,86.685
c20352,19.645,86.685
c20353,19.655,86.685
c20354,19.665,86.685
c20355,19.675,86.685
c20356,19.685,86.685
c20357,19.695,86.685
c20358,19.705,86.685
c20359,19.715,86.685
c20360,19.725,86.685
c20361,19.735,86.685
c20362,19.745,86.685
c20363,19.755,86.685
c20364,19.765,86.685
c20365,19.775,86.685
c20366,19.785,86.685
c20367,19.795,86.685
c20368,19.805,86.685
c20369,19.815,86.685
c20370,19.825,86.685
c20371,19.835,86.685
c20372,19.845,86.685
c20373,19.855,86.685
c20374,19.865,86.685
c20375,19.875,86.685
c20376,19.885,86.685
c20377,19.895,86.685
c20378,19.905,86.685
c20379,19.915,86.685
c20380,19.925,86.685
c20381,19.935,86.685
c20382,19.945,86.685
c20383,19.955,86.685
c20384,19.965,86.685
c20385,19.975,86.685
c20386,19.985,86.685
c20387,19.995,86.685
c20388,20.005,86.685
c20389,20.015,86.685
c20390,20.025,86.685
c20391,20.035,86.685
c20392,20.045,86.685
c20393,20.055,86.685
c20394,20.065,86.685
c20395,20.075,86.685
c20396,20.085,86.685
c20397,20.095,86.685
c20398,20.105,86.685
c20399,20.115,86.685
c20400,20.125,86.685
c20401,20.135,86.685
c20402,20.145,86.685
c20403,20.155,86.685
c20404,20.165,86.685
c20405,20.175,86.685
c20406,20.185,86.685
c20407,20.195,86.685
c20408,20.205,86.685
c20409,20.215,86.685
c20410,20.225,86.685
c20411,20.235,86.685
c20412,20.245,86.685
c20413,20.255,86.685
c20414,20.265,86.685
c20415,20.275,86.685
c20416,20.285,86.685
c20417,20.295,86.685
c20418,20.305,86.685
c20419,20.315,86.685
c20420,20.325,86.685
c20421,20.335,86.685
c20422,20.345,86.685
c20423,20.355,86.685
c20424,20.365,86.685
c20425,20.375,86.685
c20426,20.385,86.685
c20427,20.395,86.685
c20428,20.405,86.685
c20429,20.415,86.685
c20430,20.425,86.685
c20431,20.435,86.685
c20432,20.445,86.685
c20433,20.455,86.685
c20434,20.465,86.685
c20435,20.475,86.685
c20436,20.485,86.685
c20437,20.495,86.685
c20438,20.505,86.685
c20439,20.515,86.685
c20440,20.525,86.685
c20441,20.535,86.685
c20442,20.545,86.685
c20443,20.555,86.685
c20444,20.565,86.685
c20445,20.575,86.685
c20446,20.585,86.685
c20447,20.595,86.685
c20448,20.605,86.685
c20449,19.405,86.695
c20450,19.415,86.695
c20451,19.425,86.695
c20452,19.435,86.695
c20453,19.445,86.695
c20454,19.455,86.695
c20455,19.465,86.695
c20456,19.475,86.695
c20457,19.485,86.695
c20458,19.495,86.695
c20459,19.505,86.695
c20460,19.515,86.695
c20461,19.525,86.695
c20462,19.535,86.695
c20463,19.545,86.695
c20464,19.555,86.695
c20465,19.565,86.695
c20466,19.575,86.695
c20467,19.585,86.695
c20468,19.595,86.695
c20469,19.605,86.695
c20470,19.615,86.695
c20471,19.625,86.695
c20472,19.635,86.695
c20473,19.645,86.695
c20474,19.655,86.695
c20475,19.665,86.695
c20476,19.675,86.695
c20477,19.685,86.695
c20478,19.695,86.695
c20479,19.705,86.695
c20480,19.715,86.695
c20481,19.725,86.695
c20482,19.735,86.695
c20483,19.745,86.695
c20484,19.755,86.695
c20485,19.765,86.695
c20486,19.775,86.695
c20487,19.785,86.695
c20488,19.795,86.695
c20489,19.805,86.695
c20490,19.815,86.695
c20491,19.825,86.695
c20492,19.835,86.695
c20493,19.845,86.695
c20494,19.855,86.695
c20495,19.865,86.695
c20496,19.875,86.695
c20497,19.885,86.695
c20498,19.895,86.695
c20499,19.905,86.695
c20500,19.915,86.695
c20501,19.925,86.695
c20502,19.935,86.695
c20503,19.945,86.695
c20504,19.955,86.695
c20505,19.965,86.695
c20506,19.975,86.695
c20507,19.985,86.695
c20508,19.995,86.695
c20509,20.005,86.695
c20510,20.015,86.695
c20511,20.025,86.695
c20512,20.035,86.695
c20513,20.045,86.695
c20514,20.055,86.695
c20515,20.065,86.695
c20516,20.075,86.695
c20517,20.085,86.695
c20518,20.095,86.695
c20519,20.105,86.695
c20520,20.115,86.695
c20521,20.125,86.695
c20522,20.135,86.695
c20523,20.145,86.695
c20524,20.155,86.695
c20525,20.165,86.695
c20526,20.175,86.695
c20527,20.185,86.695
c20528,20.195,86.695
c20529,20.205,86.695
c20530,20.215,86.695
c20531,20.225,86.695
c20532,20.235,86.695
c20533,20.245,86.695
c20534,20.255,86.695
c20535,20.265,86.695
c20536,20.275,86.695
c20537,20.285,86.695
c20538,20.295,86.695
c20539,20.305,86.695
c20540,20.315,86.695
c20541,20.325,86.695
c20542,20.335,86.695
c20543,20.345,86.695
c20544,20.355,86.695
c20545,20.365,86.695
c20546,20.375,86.695
c20547,20.385,86.695
c20548,20.395,86.695
c20549,20.405,86.695
c20550,20.415,86.695
c20551,20.425,86.695
c20552,20.435,86.695
c20553,20.445,86.695
c20554,20.455,86.695
c20555,20.465,86.695
c20556,20.475,86.695
c20557,20.485,86.695
c20558,20.495,86.695
c20559,20.505,86.695
c20560,20.515,86.695
c20561,20.525,86.695
c20562,20.535,86.695
c20563,20.545,86.695
c20564,20.555,86.695
c20565,20.565,86.695
c20566,20.575,86.695
c20567,20.585,86.695
c20568,20.595,86.695
c20569,20.605,86.695
c20570,19.405,86.705
c20571,19.415,86.705
c20572,19.425,86.705
c20573,19.435,86.705
c20574,19.445,86.705
c20575,19.455,86.705
c20576,19.465,86.705
c20577,19.475,86.705
c20578,19.485,86.705
c20579,19.495,86.705
c20580,19.505,86.705
c20581,19.515,86.705
c20582,19.525,86.705
c20583,19.535,86.705
c20584,19.545,86.705
c20585,19.555,86.705
c20586,19.565,86.705
c20587,19.575,86.705
c20588,19.585,86.705
c20589,19.595,86.705
c20590,19.605,86.705
c20591,19.615,86.705
c20592,19.625,86.705
c20593,19.635,86.705
c20594,19.645,86.705
c20595,19.655,86.705
c20596,19.665,86.705
c20597,19.675,86.705
c20598,19.685,86.705
c20599,19.695,86.705
c20600,19.705,86.705
c20601,19.715,86.705
c20602,19.725,86.705
c20603,19.735,86.705
c20604,19.745,86.705
c20605,19.755,86.705
c20606,19.765,86.705
c20607,19.775,86.705
c20608,19.785,86.705
c20609,19.795,86.705
c20610,19.805,86.705
c20611,19.815,86.705
c20612,19.825,86.705
c20613,19.835,86.705
c20614,19.845,86.705
c20615,19.855,86.705
c20616,19.865,86.705
c20617,19.875,86.705
c20618,19.885,86.705
c20619,19.895,86.705
c20620,19.905,86.705
c20621,19.915,86.705
c20622,19.925,86.705
c20623,19.935,86.705
c20624,19.945,86.705
c20625,19.955,86.705
c20626,19.965,86.705
c20627,19.975,86.705
c20628,19.985,86.705
c20629,19.995,86.705
c20630,20.005,86.705
c20631,20.015,86.705
c20632,20.025,86.705
c20633,20.035,86.705
c20634,20.045,86.705
c20635,20.055,86.705
c20636,20.065,86.705
c20637,20.075,86.705
c20638,20.085,86.705
c20639,20.095,86.705
c20640,20.105,86.705
c20641,20.115,86.705
c20642,20.125,86.705
c20643,20.135,86.705
c20644,20.145,86.705
c20645,20.155,86.705
c20646,20.165,86.705
c20647,20.175,86.705
c20648,20.185,86.705
c20649,20.195,86.705
c20650,20.205,86.705
c20651,20.215,86.705
c20652,20.225,86.705
c20653,20.235,86.705
c20654,20.245,86.705
c20655,20.255,86.705
c20656,20.265,86.705
c20657,20.275,86.705
c20658,20.285,86.705
c20659,20.295,86.705
c20660,20.305,86.705
c20661,20.315,86.705
c20662,20.325,86.705
c20663,20.335,86.705
c20664,20.345,86.705
c20665,20.355,86.705
c20666,20.365,86.705
c20667,20.375,86.705
c20668,20.385,86.705
c20669,20.395,86.705
c20670,20.405,86.705
c20671,20.415,86.705
c20672,20.425,86.705
c20673,20.435,86.705
c20674,20.445,86.705
c20675,20.455,86.705
c20676,20.465,86.705
c20677,20.475,86.705
c20678,20.485,86.705
c20679,20.495,86.705
c20680,20.505,86.705
c20681,20.515,86.705
c20682,20.525,86.705
c20683,20.535,86.705
c20684,20.545,86.705
c20685,20.555,86.705
c20686,20.565,86.705
c20687,20.575,86.705
c20688,20.585,86.705
c20689,20.595,86.705
c20690,20.605,86.705
c20691,19.405,86.715
c20692,19.415,86.715
c20693,19.425,86.715
c20694,19.435,86.715
c20695,19.445,86.715
c20696,19.455,86.715
c20697,19.465,86.715
c20698,19.475,86.715
c20699,19.485,86.715
c20700,19.495,86.715
c20701,19.505,86.715
c20702,19.515,86.715
c20703,19.525,86.715
c20704,19.535,86.715
c20705,19.545,86.715
c20706,19.555,86.715
c20707,19.565,86.715
c20708,19.575,86.715
c20709,19.585,86.715
c20710,19.595,86.715
c20711,19.605,86.715
c20712,19.615,86.715
c20713,19.625,86.715
c20714,19.635,86.715
c20715,19.645,86.715
c20716,19.655,86.715
c20717,19.665,86.715
c20718,19.675,86.715
c20719,19.685,86.715
c20720,19.695,86.715
c20721,19.705,86.715
c20722,19.715,86.715
c20723,19.725,86.715
c20724,19.735,86.715
c20725,19.745,86.715
c20726,19.755,86.715
c20727,19.765,86.715
c20728,19.775,86.715
c20729,19.785,86.715
c20730,19.795,86.715
c20731,19.805,86.715
c20732,19.815,86.715
c20733,19.825,86.715
c20734,19.835,86.715
c20735,19.845,86.715
c20736,19.855,86.715
c20737,19.865,86.715
c20738,19.875,86.715
c20739,19.885,86.715
c20740,19.895,86.715
c20741,19.905,86.715
c20742,19.915,86.715
c20743,19.925,86.715
c20744,19.935,86.715
c20745,19.945,86.715
c20746,19.955,86.715
c20747,19.965,86.715
c20748,19.975,86.715
c20749,19.985,86.715
c20750,19.995,86.715
c20751,20.005,86.715
c20752,20.015,86.715
c20753,20.025,86.715
c20754,20.035,86.715
c20755,20.045,86.715
c20756,20.055,86.715
c20757,20.065,86.715
c20758,20.075,86.715
c20759,20.085,86.715
c20760,20.095,86.715
c20761,20.105,86.715
c20762,20.115,86.715
c20763,20.125,86.715
c20764,20.135,86.715
c20765,20.145,86.715
c20766,20.155,86.715
c20767,20.165,86.715
c20768,20.175,86.715
c20769,20.185,86.715
c20770,20.195,86.715
c20771,20.205,86.715
c20772,20.215,86.715
c20773,20.225,86.715
c20774,20.235,86.715
c20775,20.245,86.715
c20776,20.255,86.715
c20777,20.265,86.715
c20778,20.275,86.715
c20779,20.285,86.715
c20780,20.295,86.715
c20781,20.305,86.715
c20782,20.315,86.715
c20783,20.325,86.715
c20784,20.335,86.715
c20785,20.345,86.715
c20786,20.355,86.715
c20787,20.365,86.715
c20788,20.375,86.715
c20789,20.385,86.715
c20790,20.395,86.715
c20791,20.405,86.715
c20792,20.415,86.715
c20793,20.425,86.715
c20794,20.435,86.715
c20795,20.445,86.715
c20796,20.455,86.715
c20797,20.465,86.715
c20798,20.475,86.715
c20799,20.485,86.715
c20800,20.495,86.715
c20801,20.505,86.715
c20802,20.515,86.715
c20803,20.525,86.715
c20804,20.535,86.715
c20805,20.545,86.715
c20806,20.555,86.715
c20807,20.565,86.715
c20808,20.575,86.715
c20809,20.585,86.715
c20810,20.595,86.715
c20811,20.605,86.715
c20812,19.405,86.725
c20813,19.415,86.725
c20814,19.425,86.725
c20815,19.435,86.725
c20816,19.445,86.725
c20817,19.455,86.725
c20818,19.465,86.725
c20819,19.475,86.725
c20820,19.485,86.725
c20821,19.495,86.725
c20822,19.505,86.725
c20823,19.515,86.725
c20824,19.525,86.725
c20825,19.535,86.725
c20826,19.545,86.725
c20827,19.555,86.725
c20828,19.565,86.725
c20829,19.575,86.725
c20830,19.585,86.725
c20831,19.595,86.725
c20832,19.605,86.725
c20833,19.615,86.725
c20834,19.625,86.725
c20835,19.635,86.725
c20836,19.645,86.725
c20837,19.655,86.725
c20838,19.665,86.725
c20839,19.675,86.725
c20840,19.685,86.725
c20841,19.695,86.725
c20842,19.705,86.725
c20843,19.715,86.725
c20844,19.725,86.725
c20845,19.735,86.725
c20846,19.745,86.725
c20847,19.755,86.725
c20848,19.765,86.725
c20849,19.775,86.725
c20850,19.785,86.725
c20851,19.795,86.725
c20852,19.805,86.725
c20853,19.815,86.725
c20854,19.825,86.725
c20855,19.835,86.725
c20856,19.845,86.725
c20857,19.855,86.725
c20858,19.865,86.725
c20859,19.875,86.725
c20860,19.885,86.725
c20861,19.895,86.725
c20862,19.905,86.725
c20863,19.915,86.725
c20864,19.925,86.725
c20865,19.935,86.725
c20866,19.945,86.725
c20867,19.955,86.725
c20868,19.965,86.725
c20869,19.975,86.725
c20870,19.985,86.725
c20871,19.995,86.725
c20872,20.005,86.725
c20873,20.015,86.725
c20874,20.025,86.725
c20875,20.035,86.725
c20876,20.045,86.725
c20877,20.055,86.725
c20878,20.065,86.725
c20879,20.075,86.725
c20880,20.085,86.725
c20881,20.095,86.725
c20882,20.105,86.725
c20883,20.115,86.725
c20884,20.125,86.725
c20885,20.135,86.725
c20886,20.145,86.725
c20887,20.155,86.725
c20888,20.165,86.725
c20889,20.175,86.725
c20890,20.185,86.725
c20891,20.195,86.725
c20892,20.205,86.725
c20893,20.215,86.725
c20894,20.225,86.725
c20895,20.235,86.725
c20896,20.245,86.725
c20897,20.255,86.725
c20898,20.265,86.725
c20899,20.275,86.725
c20900,20.285,86.725
c20901,20.295,86.725
c20902,20.305,86.725
c20903,20.315,86.725
c20904,20.325,86.725
c20905,20.335,86.725
c20906,20.345,86.725
c20907,20.355,86.725
c20908,20.365,86.725
c20909,20.375,86.725
c20910,20.385,86.725
c20911,20.395,86.725
c20912,20.405,86.725
c20913,20.415,86.725
c20914,20.425,86.725
c20915,20.435,86.725
c20916,20.445,86.725
c20917,20.455,86.725
c20918,20.465,86.725
c20919,20.475,86.725
c20920,20.485,86.725
c20921,20.495,86.725
c20922,20.505,86.725
c20923,20.515,86.725
c20924,20.525,86.725
c20925,20.535,86.725
c20926,20.545,86.725
c20927,20.555,86.725
c20928,20.565,86.725
c20929,20.575,86.725
c20930,20.585,86.725
c20931,20.595,86.725
c20932,20.605,86.725
c20933,19.405,86.735
c20934,19.415,86.735
c20935,19.425,86.735
c20936,19.435,86.735
c20937,19.445,86.735
c20938,19.455,86.735
c20939,19.465,86.735
c20940,19.475,86.735
c20941,19.485,86.735
c20942,19.495,86.735
c20943,19.505,86.735
c20944,19.515,86.735
c20945,19.525,86.735
c20946,19.535,86.735
c20947,19.545,86.735
c20948,19.555,86.735
c20949,19.565,86.735
c20950,19.575,86.735
c20951,19.585,86.735
c20952,19.595,86.735
c20953,19.605,86.735
c20954,19.615,86.735
c20955,19.625,86.735
c20956,19.635,86.735
c20957,19.645,86.735
c20958,19.655,86.735
c20959,19.665,86.735
c20960,19.675,86.735
c20961,19.685,86.735
c20962,19.695,86.735
c20963,19.705,86.735
c20964,19.715,86.735
c20965,19.725,86.735
c20966,19.735,86.735
c20967,19.745,86.735
c20968,19.755,86.735
c20969,19.765,86.735
c20970,19.775,86.735
c20971,19.785,86.735
c20972,19.795,86.735
c20973,19.805,86.735
c20974,19.815,86.735
c20975,19.825,86.735
c20976,19.835,86.735
c20977,19.845,86.735
c20978,19.855,86.735
c20979,19.865,86.735
c20980,19.875,86.735
c20981,19.885,86.735
c20982,19.895,86.735
c20983,19.905,86.735
c20984,19.915,86.735
c20985,19.925,86.735
c20986,19.935,86.735
c20987,19.945,86.735
c20988,19.955,86.735
c20989,19.965,86.735
c20990,19.975,86.735
c20991,19.985,86.735
c20992,19.995,86.735
c20993,20.005,86.735
c20994,20.015,86.735
c20995,20.025,86.735
c20996,20.035,86.735
c20997,20.045,86.735
c20998,20.055,86.735
c20999,20.065,86.735
c21000,20.075,86.735
c21001,20.085,86.735
c21002,20.095,86.735
c21003,20.105,86.735
c21004,20.115,86.735
c21005,20.125,86.735
c21006,20.135,86.735
c21007,20.145,86.735
c21008,20.155,86.735
c21009,20.165,86.735
c21010,20.175,86.735
c21011,20.185,86.735
c21012,20.195,86.735
c21013,20.205,86.735
c21014,20.215,86.735
c21015,20.225,86.735
c21016,20.235,86.735
c21017,20.245,86.735
c21018,20.255,86.735
c21019,20.265,86.735
c21020,20.275,86.735
c21021,20.285,86.735
c21022,20.295,86.735
c21023,20.305,86.735
c21024,20.315,86.735
c21025,20.325,86.735
c21026,20.335,86.735
c21027,20.345,86.735
c21028,20.355,86.735
c21029,20.365,86.735
c21030,20.375,86.735
c21031,20.385,86.735
c21032,20.395,86.735
c21033,20.405,86.735
c21034,20.415,86.735
c21035,20.425,86.735
c21036,20.435,86.735
c21037,20.445,86.735
c21038,20.455,86.735
c21039,20.465,86.735
c21040,20.475,86.735
c21041,20.485,86.735
c21042,20.495,86.735
c21043,20.505,86.735
c21044,20.515,86.735
c21045,20.525,86.735
c21046,20.535,86.735
c21047,20.545,86.735
c21048,20.555,86.735
c21049,20.565,86.735
c21050,20.575,86.735
c21051,20.585,86.735
c21052,20.595,86.735
c21053,20.605,86.735
c21054,19.405,86.745
c21055,19.415,86.745
c21056,19.425,86.745
c21057,19.435,86.745
c21058,19.445,86.745
c21059,19.455,86.745
c21060,19.465,86.745
c21061,19.475,86.745
c21062,19.485,86.745
c21063,19.495,86.745
c21064,19.505,86.745
c21065,19.515,86.745
c21066,19.525,86.745
c21067,19.535,86.745
c21068,19.545,86.745
c21069,19.555,86.745
c21070,19.565,86.745
c21071,19.575,86.745
c21072,19.585,86.745
c21073,19.595,86.745
c21074,19.605,86.745
c21075,19.615,86.745
c21076,19.625,86.745
c21077,19.635,86.745
c21078,19.645,86.745
c21079,19.655,86.745
c21080,19.665,86.745
c21081,19.675,86.745
c21082,19.685,86.745
c21083,19.695,86.745
c21084,19.705,86.745
c21085,19.715,86.745
c21086,19.725,86.745
c21087,19.735,86.745
c21088,19.745,86.745
c21089,19.755,86.745
c21090,19.765,86.745
c21091,19.775,86.745
c21092,19.785,86.745
c21093,19.795,86.745
c21094,19.805,86.745
c21095,19.815,86.745
c21096,19.825,86.745
c21097,19.835,86.745
c21098,19.845,86.745
c21099,19.855,86.745
c21100,19.865,86.745
c21101,19.875,86.745
c21102,19.885,86.745
c21103,19.895,86.745
c21104,19.905,86.745
c21105,19.915,86.745
c21106,19.925,86.745
c21107,19.935,86.745
c21108,19.945,86.745
c21109,19.955,86.745
c21110,19.965,86.745
c21111,19.975,86.745
c21112,19.985,86.745
c21113,19.995,86.745
c21114,20.005,86.745
c21115,20.015,86.745
c21116,20.025,86.745
c21117,20.035,86.745
c21118,20.045,86.745
c21119,20.055,86.745
c21120,20.065,86.745
c21121,20.075,86.745
c21122,20.085,86.745
c21123,20.095,86.745
c21124,20.105,86.745
c21125,20.115,86.745
c21126,20.125,86.745
c21127,20.135,86.745
c21128,20.145,86.745
c21129,20.155,86.745
c21130,20.165,86.745
c21131,20.175,86.745
c21132,20.185,86.745
c21133,20.195,86.745
c21134,20.205,86.745
c21135,20.215,86.745
c21136,20.225,86.745
c21137,20.235,86.745
c21138,20.245,86.745
c21139,20.255,86.745
c21140,20.265,86.745
c21141,20.275,86.745
c21142,20.285,86.745
c21143,20.295,86.745
c21144,20.305,86.745
c21145,20.315,86.745
c21146,20.325,86.745
c21147,20.335,86.745
c21148,20.345,86.745
c21149,20.355,86.745
c21150,20.365,86.745
c21151,20.375,86.745
c21152,20.385,86.745
c21153,20.395,86.745
c21154,20.405,86.745
c21155,20.415,86.745
c21156,20.425,86.745
c21157,20.435,86.745
c21158,20.445,86.745
c21159,20.455,86.745
c21160,20.465,86.745
c21161,20.475,86.745
c21162,20.485,86.745
c21163,20.495,86.745
c21164,20.505,86.745
c21165,20.515,86.745
c21166,20.525,86.745
c21167,20.535,86.745
c21168,20.545,86.745
c21169,20.555,86.745
c21170,20.565,86.745
c21171,20.575,86.745
c21172,20.585,86.745
c21173,20.595,86.745
c21174,20.605,86.745
c21175,19.405,86.755
c21176,19.415,86.755
c21177,19.425,86.755
c21178,19.435,86.755
c21179,19.445,86.755
c21180,19.455,86.755
c21181,19.465,86.755
c21182,19.475,86.755
c21183,19.485,86.755
c21184,19.495,86.755
c21185,19.505,86.755
c21186,19.515,86.755
c21187,19.525,86.755
c21188,19.535,86.755
c21189,19.545,86.755
c21190,19.555,86.755
c21191,19.565,86.755
c21192,19.575,86.755
c21193,19.585,86.755
c21194,19.595,86.755
c21195,19.605,86.755
c21196,19.615,86.755
c21197,19.625,86.755
c21198,19.635,86.755
c21199,19.645,86.755
c21200,19.655,86.755
c21201,19.665,86.755
c21202,19.675,86.755
c21203,19.685,86.755
c21204,19.695,86.755
c21205,19.705,86.755
c21206,19.715,86.755
c21207,19.725,86.755
c21208,19.735,86.755
c21209,19.745,86.755
c21210,19.755,86.755
c21211,19.765,86.755
c21212,19.775,86.755
c21213,19.785,86.755
c21214,19.795,86.755
c21215,19.805,86.755
c21216,19.815,86.755
c21217,19.825,86.755
c21218,19.835,86.755
c21219,19.845,86.755
c21220,19.855,86.755
c21221,19.865,86.755
c21222,19.875,86.755
c21223,19.885,86.755
c21224,19.895,86.755
c21225,19.905,86.755
c21226,19.915,86.755
c21227,19.925,86.755
c21228,19.935,86.755
c21229,19.945,86.755
c21230,19.955,86.755
c21231,19.965,86.755
c21232,19.975,86.755
c21233,19.985,86.755
c21234,19.995,86.755
c21235,20.005,86.755
c21236,20.015,86.755
c21237,20.025,86.755
c21238,20.035,86.755
c21239,20.045,86.755
c21240,20.055,86.755
c21241,20.065,86.755
c21242,20.075,86.755
c21243,20.085,86.755
c21244,20.095,86.755
c21245,20.105,86.755
c21246,20.115,86.755
c21247,20.125,86.755
c21248,20.135,86.755
c21249,20.145,86.755
c21250,20.155,86.755
c21251,20.165,86.755
c21252,20.175,86.755
c21253,20.185,86.755
c21254,20.195,86.755
c21255,20.205,86.755
c21256,20.215,86.755
c21257,20.225,86.755
c21258,20.235,86.755
c21259,20.245,86.755
c21260,20.255,86.755
c21261,20.265,86.755
c21262,20.275,86.755
c21263,20.285,86.755
c21264,20.295,86.755
c21265,20.305,86.755
c21266,20.315,86.755
c21267,20.325,86.755
c21268,20.335,86.755
c21269,20.345,86.755
c21270,20.355,86.755
c21271,20.365,86.755
c21272,20.375,86.755
c21273,20.385,86.755
c21274,20.395,86.755
c21275,20.405,86.755
c21276,20.415,86.755
c21277,20.425,86.755
c21278,20.435,86.755
c21279,20.445,86.755
c21280,20.455,86.755
c21281,20.465,86.755
c21282,20.475,86.755
c21283,20.485,86.755
c21284,20.495,86.755
c21285,20.505,86.755
c21286,20.515,86.755
c21287,20.525,86.755
c21288,20.535,86.755
c21289,20.545,86.755
c21290,20.555,86.755
c21291,20.565,86.755
c21292,20.575,86.755
c21293,20.585,86.755
c21294,20.595,86.755
c21295,20.605,86.755
c21296,19.405,86.765
c21297,19.415,86.765
c21298,19.425,86.765
c21299,19.435,86.765
c21300,19.445,86.765
c21301,19.455,86.765
c21302,19.465,86.765
c21303,19.475,86.765
c21304,19.485,86.765
c21305,19.495,86.765
c21306,19.505,86.765
c21307,19.515,86.765
c21308,19.525,86.765
c21309,19.535,86.765
c21310,19.545,86.765
c21311,19.555,86.765
c21312,19.565,86.765
c21313,19.575,86.765
c21314,19.585,86.765
c21315,19.595,86.765
c21316,19.605,86.765
c21317,19.615,86.765
c21318,19.625,86.765
c21319,19.635,86.765
c21320,19.645,86.765
c21321,19.655,86.765
c21322,19.665,86.765
c21323,19.675,86.765
c21324,19.685,86.765
c21325,19.695,86.765
c21326,19.705,86.765
c21327,19.715,86.765
c21328,19.725,86.765
c21329,19.735,86.765
c21330,19.745,86.765
c21331,19.755,86.765
c21332,19.765,86.765
c21333,19.775,86.765
c21334,19.785,86.765
c21335,19.795,86.765
c21336,19.805,86.765
c21337,19.815,86.765
c21338,19.825,86.765
c21339,19.835,86.765
c21340,19.845,86.765
c21341,19.855,86.765
c21342,19.865,86.765
c21343,19.875,86.765
c21344,19.885,86.765
c21345,19.895,86.765
c21346,19.905,86.765
c21347,19.915,86.765
c21348,19.925,86.765
c21349,19.935,86.765
c21350,19.945,86.765
c21351,19.955,86.765
c21352,19.965,86.765
c21353,19.975,86.765
c21354,19.985,86.765
c21355,19.995,86.765
c21356,20.005,86.765
c21357,20.015,86.765
c21358,20.025,86.765
c21359,20.035,86.765
c21360,20.045,86.765
c21361,20.055,86.765
c21362,20.065,86.765
c21363,20.075,86.765
c21364,20.085,86.765
c21365,20.095,86.765
c21366,20.105,86.765
c21367,20.115,86.765
c21368,20.125,86.765
c21369,20.135,86.765
c21370,20.145,86.765
c21371,20.155,86.765
c21372,20.165,86.765
c21373,20.175,86.765
c21374,20.185,86.765
c21375,20.195,86.765
c21376,20.205,86.765
c21377,20.215,86.765
c21378,20.225,86.765
c21379,20.235,86.765
c21380,20.245,86.765
c21381,20.255,86.765
c21382,20.265,86.765
c21383,20.275,86.765
c21384,20.285,86.765
c21385,20.295,86.765
c21386,20.305,86.765
c21387,20.315,86.765
c21388,20.325,86.765
c21389,20.335,86.765
c21390,20.345,86.765
c21391,20.355,86.765
c21392,20.365,86.765
c21393,20.375,86.765
c21394,20.385,86.765
c21395,20.395,86.765
c21396,20.405,86.765
c21397,20.415,86.765
c21398,20.425,86.765
c21399,20.435,86.765
c21400,20.445,86.765
c21401,20.455,86.765
c21402,20.465,86.765
c21403,20.475,86.765
c21404,20.485,86.765
c21405,20.495,86.765
c21406,20.505,86.765
c21407,20.515,86.765
c21408,20.525,86.765
c21409,20.535,86.765
c21410,20.545,86.765
c21411,20.555,86.765
c21412,20.565,86.765
c21413,20.575,86.765
c21414,20.585,86.765
c21415,20.595,86.765
c21416,20.605,86.765
c21417,19.405,86.775
c21418,19.415,86.775
c21419,19.425,86.775
c21420,19.435,86.775
c21421,19.445,86.775
c21422,19.455,86.775
c21423,19.465,86.775
c21424,19.475,86.775
c21425,19.485,86.775
c21426,19.495,86.775
c21427,19.505,86.775
c21428,19.515,86.775
c21429,19.525,86.775
c21430,19.535,86.775
c21431,19.545,86.775
c21432,19.555,86.775
c21433,19.565,86.775
c21434,19.575,86.775
c21435,19.585,86.775
c21436,19.595,86.775
c21437,19.605,86.775
c21438,19.615,86.775
c21439,19.625,86.775
c21440,19.635,86.775
c21441,19.645,86.775
c21442,19.655,86.775
c21443,19.665,86.775
c21444,19.675,86.775
c21445,19.685,86.775
c21446,19.695,86.775
c21447,19.705,86.775
c21448,19.715,86.775
c21449,19.725,86.775
c21450,19.735,86.775
c21451,19.745,86.775
c21452,19.755,86.775
c21453,19.765,86.775
c21454,19.775,86.775
c21455,19.785,86.775
c21456,19.795,86.775
c21457,19.805,86.775
c21458,19.815,86.775
c21459,19.825,86.775
c21460,19.835,86.775
c21461,19.845,86.775
c21462,19.855,86.775
c21463,19.865,86.775
c21464,19.875,86.775
c21465,19.885,86.775
c21466,19.895,86.775
c21467,19.905,86.775
c21468,19.915,86.775
c21469,19.925,86.775
c21470,19.935,86.775
c21471,19.945,86.775
c21472,19.955,86.775
c21473,19.965,86.775
c21474,19.975,86.775
c21475,19.985,86.775
c21476,19.995,86.775
c21477,20.005,86.775
c21478,20.015,86.775
c21479,20.025,86.775
c21480,20.035,86.775
c21481,20.045,86.775
c21482,20.055,86.775
c21483,20.065,86.775
c21484,20.075,86.775
c21485,20.085,86.775
c21486,20.095,86.775
c21487,20.105,86.775
c21488,20.115,86.775
c21489,20.125,86.775
c21490,20.135,86.775
c21491,20.145,86.775
c21492,20.155,86.775
c21493,20.165,86.775
c21494,20.175,86.775
c21495,20.185,86.775
c21496,20.195,86.775
c21497,20.205,86.775
c21498,20.215,86.775
c21499,20.225,86.775
c21500,20.235,86.775
c21501,20.245,86.775
c21502,20.255,86.775
c21503,20.265,86.775
c21504,20.275,86.775
c21505,20.285,86.775
c21506,20.295,86.775
c21507,20.305,86.775
c21508,20.315,86.775
c21509,20.325,86.775
c21510,20.335,86.775
c21511,20.345,86.775
c21512,20.355,86.775
c21513,20.365,86.775
c21514,20.375,86.775
c21515,20.385,86.775
c21516,20.395,86.775
c21517,20.405,86.775
c21518,20.415,86.775
c21519,20.425,86.775
c21520,20.435,86.775
c21521,20.445,86.775
c21522,20.455,86.775
c21523,20.465,86.775
c21524,20.475,86.775
c21525,20.485,86.775
c21526,20.495,86.775
c21527,20.505,86.775
c21528,20.515,86.775
c21529,20.525,86.775
c21530,20.535,86.775
c21531,20.545,86.775
c21532,20.555,86.775
c21533,20.565,86.775
c21534,20.575,86.775
c21535,20.585,86.775
c21536,20.595,86.775
c21537,20.605,86.775
c21538,19.405,86.785
c21539,19.415,86.785
c21540,19.425,86.785
c21541,19.435,86.785
c21542,19.445,86.785
c21543,19.455,86.785
c21544,19.465,86.785
c21545,19.475,86.785
c21546,19.485,86.785
c21547,19.495,86.785
c21548,19.505,86.785
c21549,19.515,86.785
c21550,19.525,86.785
c21551,19.535,86.785
c21552,19.545,86.785
c21553,19.555,86.785
c21554,19.565,86.785
c21555,19.575,86.785
c21556,19.585,86.785
c21557,19.595,86.785
c21558,19.605,86.785
c21559,19.615,86.785
c21560,19.625,86.785
c21561,19.635,86.785
c21562,19.645,86.785
c21563,19.655,86.785
c21564,19.665,86.785
c21565,19.675,86.785
c21566,19.685,86.785
c21567,19.695,86.785
c21568,19.705,86.785
c21569,19.715,86.785
c21570,19.725,86.785
c21571,19.735,86.785
c21572,19.745,86.785
c21573,19.755,86.785
c21574,19.765,86.785
c21575,19.775,86.785
c21576,19.785,86.785
c21577,19.795,86.785
c21578,19.805,86.785
c21579,19.815,86.785
c21580,19.825,86.785
c21581,19.835,86.785
c21582,19.845,86.785
c21583,19.855,86.785
c21584,19.865,86.785
c21585,19.875,86.785
c21586,19.885,86.785
c21587,19.895,86.785
c21588,19.905,86.785
c21589,19.915,86.785
c21590,19.925,86.785
c21591,19.935,86.785
c21592,19.945,86.785
c21593,19.955,86.785
c21594,19.965,86.785
c21595,19.975,86.785
c21596,19.985,86.785
c21597,19.995,86.785
c21598,20.005,86.785
c21599,20.015,86.785
c21600,20.025,86.785
c21601,20.035,86.785
c21602,20.045,86.785
c21603,20.055,86.785
c21604,20.065,86.785
c21605,20.075,86.785
c21606,20.085,86.785
c21607,20.095,86.785
c21608,20.105,86.785
c21609,20.115,86.785
c21610,20.125,86.785
c21611,20.135,86.785
c21612,20.145,86.785
c21613,20.155,86.785
c21614,20.165,86.785
c21615,20.175,86.785
c21616,20.185,86.785
c21617,20.195,86.785
c21618,20.205,86.785
c21619,20.215,86.785
c21620,20.225,86.785
c21621,20.235,86.785
c21622,20.245,86.785
c21623,20.255,86.785
c21624,20.265,86.785
c21625,20.275,86.785
c21626,20.285,86.785
c21627,20.295,86.785
c21628,20.305,86.785
c21629,20.315,86.785
c21630,20.325,86.785
c21631,20.335,86.785
c21632,20.345,86.785
c21633,20.355,86.785
c21634,20.365,86.785
c21635,20.375,86.785
c21636,20.385,86.785
c21637,20.395,86.785
c21638,20.405,86.785
c21639,20.415,86.785
c21640,20.425,86.785
c21641,20.435,86.785
c21642,20.445,86.785
c21643,20.455,86.785
c21644,20.465,86.785
c21645,20.475,86.785
c21646,20.485,86.785
c21647,20.495,86.785
c21648,20.505,86.785
c21649,20.515,86.785
c21650,20.525,86.785
c21651,20.535,86.785
c21652,20.545,86.785
c21653,20.555,86.785
c21654,20.565,86.785
c21655,20.575,86.785
c21656,20.585,86.785
c21657,20.595,86.785
c21658,20.605,86.785
c21659,19.405,86.795
c21660,19.415,86.795
c21661,19.425,86.795
c21662,19.435,86.795
c21663,19.445,86.795
c21664,19.455,86.795
c21665,19.465,86.795
c21666,19.475,86.795
c21667,19.485,86.795
c21668,19.495,86.795
c21669,19.505,86.795
c21670,19.515,86.795
c21671,19.525,86.795
c21672,19.535,86.795
c21673,19.545,86.795
c21674,19.555,86.795
c21675,19.565,86.795
c21676,19.575,86.795
c21677,19.585,86.795
c21678,19.595,86.795
c21679,19.605,86.795
c21680,19.615,86.795
c21681,19.625,86.795
c21682,19.635,86.795
c21683,19.645,86.795
c21684,19.655,86.795
c21685,19.665,86.795
c21686,19.675,86.795
c21687,19.685,86.795
c21688,19.695,86.795
c21689,19.705,86.795
c21690,19.715,86.795
c21691,19.725,86.795
c21692,19.735,86.795
c21693,19.745,86.795
c21694,19.755,86.795
c21695,19.765,86.795
c21696,19.775,86.795
c21697,19.785,86.795
c21698,19.795,86.795
c21699,19.805,86.795
c21700,19.815,86.795
c21701,19.825,86.795
c21702,19.835,86.795
c21703,19.845,86.795
c21704,19.855,86.795
c21705,19.865,86.795
c21706,19.875,86.795
c21707,19.885,86.795
c21708,19.895,86.795
c21709,19.905,86.795
c21710,19.915,86.795
c21711,19.925,86.795
c21712,19.935,86.795
c21713,19.945,86.795
c21714,19.955,86.795
c21715,19.965,86.795
c21716,19.975,86.795
c21717,19.985,86.795
c21718,19.995,86.795
c21719,20.005,86.795
c21720,20.015,86.795
c21721,20.025,86.795
c21722,20.035,86.795
c21723,20.045,86.795
c21724,20.055,86.795
c21725,20.065,86.795
c21726,20.075,86.795
c21727,20.085,86.795
c21728,20.095,86.795
c21729,20.105,86.795
c21730,20.115,86.795
c21731,20.125,86.795
c21732,20.135,86.795
c21733,20.145,86.795
c21734,20.155,86.795
c21735,20.165,86.795
c21736,20.175,86.795
c21737,20.185,86.795
c21738,20.195,86.795
c21739,20.205,86.795
c21740,20.215,86.795
c21741,20.225,86.795
c21742,20.235,86.795
c21743,20.245,86.795
c21744,20.255,86.795
c21745,20.265,86.795
c21746,20.275,86.795
c21747,20.285,86.795
c21748,20.295,86.795
c21749,20.305,86.795
c21750,20.315,86.795
c21751,20.325,86.795
c21752,20.335,86.795
c21753,20.345,86.795
c21754,20.355,86.795
c21755,20.365,86.795
c21756,20.375,86.795
c21757,20.385,86.795
c21758,20.395,86.795
c21759,20.405,86.795
c21760,20.415,86.795
c21761,20.425,86.795
c21762,20.435,86.795
c21763,20.445,86.795
c21764,20.455,86.795
c21765,20.465,86.795
c21766,20.475,86.795
c21767,20.485,86.795
c21768,20.495,86.795
c21769,20.505,86.795
c21770,20.515,86.795
c21771,20.525,86.795
c21772,20.535,86.795
c21773,20.545,86.795
c21774,20.555,86.795
c21775,20.565,86.795
c21776,20.575,86.795
c21777,20.585,86.795
c21778,20.595,86.795
c21779,20.605,86.795
