SID,SEASON,NUMBER,BASIN,SUBBASIN,NAME,ISO_TIME,NATURE,LAT,LON,WMO_WIND,WMO_PRES,WMO_AGENCY,TRACK_TYPE,DIST2LAND,LANDFALL,IFLAG,USA_AGENCY,USA_ATCF_ID,USA_LAT,USA_LON,USA_RECORD,USA_STATUS,USA_WIND,USA_PRES,USA_SSHS,USA_R34_NE,USA_R34_SE,USA_R34_SW,USA_R34_NW,USA_R50_NE,USA_R50_SE,USA_R50_SW,USA_R50_NW,USA_R64_NE,USA_R64_SE,USA_R64_SW,USA_R64_NW,USA_POCI,USA_ROCI,USA_RMW,USA_EYE,TOKYO_LAT,TOKYO_LON,TOKYO_GRADE,TOKYO_WIND,TOKYO_PRES,TOKYO_R50_DIR,TOKYO_R50_LONG,TOKYO_R50_SHORT,TOKYO_R30_DIR,TOKYO_R30_LONG,TOKYO_R30_SHORT,TOKYO_LAND,CMA_LAT,CMA_LON,CMA_CAT,CMA_WIND,CMA_PRES,HKO_LAT,HKO_LON,HKO_CAT,HKO_WIND,HKO_PRES,KMA_LAT,KMA_LON,KMA_CAT,KMA_WIND,KMA_PRES,KMA_R50_DIR,KMA_R50_LONG,KMA_R50_SHORT,KMA_R30_DIR,KMA_R30_LONG,KMA_R30_SHORT,NEWDELHI_LAT,NEWDELHI_LON,NEWDELHI_GRADE,NEWDELHI_WIND,NEWDELHI_PRES,NEWDELHI_CI,NEWDELHI_DP,NEWDELHI_POCI,REUNION_LAT,REUNION_LON,REUNION_TYPE,REUNION_WIND,REUNION_PRES,REUNION_TNUM,REUNION_CI,REUNION_RMW,REUNION_R34_NE,REUNION_R34_SE,REUNION_R34_SW,REUNION_R34_NW,REUNION_R50_NE,REUNION_R50_SE,REUNION_R50_SW,REUNION_R50_NW,REUNION_R64_NE,REUNION_R64_SE,REUNION_R64_SW,REUNION_R64_NW,BOM_LAT,BOM_LON,BOM_TYPE,BOM_WIND,BOM_PRES,BOM_TNUM,BOM_CI,BOM_RMW,BOM_R34_NE,BOM_R34_SE,BOM_R34_SW,BOM_R34_NW,BOM_R50_NE,BOM_R50_SE,BOM_R50_SW,BOM_R50_NW,BOM_R64_NE,BOM_R64_SE,BOM_R64_SW,BOM_R64_NW,BOM_ROCI,BOM_POCI,BOM_EYE,BOM_POS_METHOD,BOM_PRES_METHOD,NADI_LAT,NADI_LON,NADI_CAT,NADI_WIND,NADI_PRES,WELLINGTON_LAT,WELLINGTON_LON,WELLINGTON_WIND,WELLINGTON_PRES,DS824_LAT,DS824_LON,DS824_STAGE,DS824_WIND,DS824_PRES,TD9636_LAT,TD9636_LON,TD9636_STAGE,TD9636_WIND,TD9636_PRES,TD9635_LAT,TD9635_LON,TD9635_WIND,TD9635_PRES,TD9635_ROCI,NEUMANN_LAT,NEUMANN_LON,NEUMANN_CLASS,NEUMANN_WIND,NEUMANN_PRES,MLC_LAT,MLC_LON,MLC_CLASS,MLC_WIND,MLC_PRES,USA_GUST,BOM_GUST,BOM_GUST_PER,REUNION_GUST,REUNION_GUST_PER,USA_SEAHGT,USA_SEARAD_NE,USA_SEARAD_SE,USA_SEARAD_SW,USA_SEARAD_NW,STORM_SPEED,STORM_DIR,year,dist,max_wind_kt,min_pressure_mb
2000299N13093,2000,99,NI,BB,UNNAMED,2000-10-25 09:00:00,TS,13.5,93.0,25,1002,newdelhi,main,298,286,_____O_________, , , , , , , , ,-5, , , , , , , , , , , , , , , , , , , , , , , , , , , , , , , , , , , , , , , , , , , , , , , , , ,13.5,93.0,D,25,1002,1.50000,4, , , , , , , , , , , , , , , , , , , , , , , , , , , , , , , , , , , , , , , , , , , , , , , , , , , , , , , , , , , , , , , , , , , , , , , , , , , , , , , , , , , , , , , , , , ,14,315,2000,1053.2116465977101,25.0,1002.0
2000299N13093,2000,99,NI,BB,UNNAMED,2000-10-25 12:00:00,TS,14.0,92.5,25,1002,newdelhi,main,286,279,_____O_________, , , , , , , , ,-5, , , , , , , , , , , , , , , , , , , , , , , , , , , , , , , , , , , , , , , , , , , , , , , , , ,14.0,92.5,D,25,1002,1.50000,4, , , , , , , , , , , , , , , , , , , , , , , , , , , , , , , , , , , , , , , , , , , , , , , , , , , , , , , , , , , , , , , , , , , , , , , , , , , , , , , , , , , , , , , , , , ,11,315,2000,975.7358160093073,25.0,1002.0
2000299N13093,2000,99,NI,BB,UNNAMED,2000-10-25 15:00:00,TS,14.3,92.2, , , ,main,286,286,_____P_________, , , , , , , , ,-5, , , , , , , , , , , , , , , , , , , , , , , , , , , , , , , , , , , , , , , , , , , , , , , , , ,14.3,92.2,D,25,1002, ,4, , , , , , , , , , , , , , , , , , , , , , , , , , , , , , , , , , , , , , , , , , , , , , , , , , , , , , , , , , , , , , , , , , , , , , , , , , , , , , , , , , , , , , , , , , ,12,310,2000,929.2957826219271,,
2000299N13093,2000,99,NI,BB,UNNAMED,2000-10-25 18:00:00,TS,14.8,91.6,25,1002,newdelhi,main,309,309,O____O_________,jtwc_io,IO022000,15.9,89.9, ,TD,25, ,-1, , , , , , , , , , , , , , , , , , , , , , , , , , , , , , , , , , , , , , , , , , , , , , , , , ,14.5,92.0,D,25,1002,1.50000,4, , , , , , , , , , , , , , , , , , , , , , , , , , , , , , , , , , , , , , , , , , , , , , , , , , , , , , , , , , , , , , , , , , , , , , , , , , , , , , , , , , , , , , , , , , ,13,310,2000,844.2189112140247,25.0,1002.0
2000299N13093,2000,99,NI,BB,UNNAMED,2000-10-25 21:00:00,TS,15.2,91.1, , , ,main,343,343,P____P_________, ,IO022000,16.1,89.6, ,TD,25, ,-1, , , , , , , , , , , , , , , , , , , , , , , , , , , , , , , , , , , , , , , , , , , , , , , , , ,14.7,91.9,D,25,1002, ,4, , , , , , , , , , , , , , , , , , , , , , , , , , , , , , , , , , , , , , , , , , , , , , , , , , , , , , , , , , , , , , , , , , , , , , , , , , , , , , , , , , , , , , , , , , ,13,310,2000,774.7078623439277,25.0,
2000299N13093,2000,99,NI,BB,UNNAMED,2000-10-26 00:00:00,TS,15.6,90.6,25,1002,newdelhi,main,387,387,O____O_________,jtwc_io,IO022000,16.3,89.3, ,TD,25, ,-1, , , , , , , , , , , , , , , , , , , , , , , , , , , , , , , , , , , , , , , , , , , , , , , , , ,15.0,91.5,D,25,1002,1.50000,4, , , , , , , , , , , , , , , , , , , , , , , , , , , , , , , , , , , , , , , , , , , , , , , , , , , , , , , , , , , , , , , , , , , , , , , , , , , , , , , , , , , , , , , , , , ,16,295,2000,705.2978988481751,25.0,1002.0
2000299N13093,2000,99,NI,BB,UNNAMED,2000-10-26 03:00:00,TS,15.9,89.7,25,1004,newdelhi,main,481,481,P____O_________, ,IO022000,16.3,88.8, ,TD,28, ,-1, , , , , , , , , , , , , , , , , , , , , , , , , , , , , , , , , , , , , , , , , , , , , , , , , ,15.5,90.5,D,25,1004,1.50000,4, , , , , , , , , , , , , , , , , , , , , , , , , , , , , , , , , , , , , , , , , , , , , , , , , , , , , , , , , , , , , , , , , , , , , , , , , , , , , , , , , , , , , , , , , , ,14,310,2000,614.7695516126229,28.0,1004.0
2000299N13093,2000,99,NI,BB,UNNAMED,2000-10-26 06:00:00,TS,16.4,89.5,25,1002,newdelhi,main,504,484,O____O_________,jtwc_io,IO022000,16.3,88.4, ,TD,30, ,-1, , , , , , , , , , , , , , , , , , , , , , , , , , , , , , , , , , , , , , , , , , , , , , , , , ,16.5,90.5,D,25,1002,1.50000,4, , , , , , , , , , , , , , , , , , , , , , , , , , , , , , , , , , , , , , , , , , , , , , , , , , , , , , , , , , , , , , , , , , , , , , , , , , , , , , , , , , , , , , , , , , ,8,315,2000,559.3966373463694,30.0,1002.0
2000299N13093,2000,99,NI,BB,UNNAMED,2000-10-26 09:00:00,TS,16.5,89.1, , , ,main,484,460,P____P_________, ,IO022000,16.4,88.1, ,TD,30, ,-1, , , , , , , , , , , , , , , , , , , , , , , , , , , , , , , , , , , , , , , , , , , , , , , , , ,16.7,90.1,D,25,1002, ,4, , , , , , , , , , , , , , , , , , , , , , , , , , , , , , , , , , , , , , , , , , , , , , , , , , , , , , , , , , , , , , , , , , , , , , , , , , , , , , , , , , , , , , , , , , ,7,280,2000,522.3520933457722,30.0,
2000299N13093,2000,99,NI,BB,UNNAMED,2000-10-26 12:00:00,TS,16.5,88.7,25,1002,newdelhi,main,460,430,O____O_________,jtwc_io,IO022000,16.5,87.9, ,TD,30, ,-1, , , , , , , , , , , , , , , , , , , , , , , , , , , , , , , , , , , , , , , , , , , , , , , , , ,16.5,89.5,D,25,1002,1.50000,4, , , , , , , , , , , , , , , , , , , , , , , , , , , , , , , , , , , , , , , , , , , , , , , , , , , , , , , , , , , , , , , , , , , , , , , , , , , , , , , , , , , , , , , , , , ,6,290,2000,495.1849866163768,30.0,1002.0
2000299N13093,2000,99,NI,BB,UNNAMED,2000-10-26 15:00:00,TS,16.7,88.5, , , ,main,430,396,P____P_________, ,IO022000,16.7,87.8, ,TD,30, ,-1, , , , , , , , , , , , , , , , , , , , , , , , , , , , , , , , , , , , , , , , , , , , , , , , , ,16.7,89.2,D,25,1003, ,4, , , , , , , , , , , , , , , , , , , , , , , , , , , , , , , , , , , , , , , , , , , , , , , , , , , , , , , , , , , , , , , , , , , , , , , , , , , , , , , , , , , , , , , , , , ,6,325,2000,464.56245816168786,30.0,
2000299N13093,2000,99,NI,BB,UNNAMED,2000-10-26 18:00:00,TS,17.0,88.4,25,1004,newdelhi,main,396,356,O____O_________,jtwc_io,IO022000,17.0,87.7, ,TD,30, ,-1, , , , , , , , , , , , , , , , , , , , , , , , , , , , , , , , , , , , , , , , , , , , , , , , , ,17.0,89.0,D,25,1004,1.50000,4, , , , , , , , , , , , , , , , , , , , , , , , , , , , , , , , , , , , , , , , , , , , , , , , , , , , , , , , , , , , , , , , , , , , , , , , , , , , , , , , , , , , , , , , , , ,7,335,2000,431.76615333527343,30.0,1004.0
2000299N13093,2000,99,NI,BB,UNNAMED,2000-10-26 21:00:00,TS,17.3,88.2, , , ,main,356,313,P____P_________, ,IO022000,17.4,87.7, ,TD,30, ,-1, , , , , , , , , , , , , , , , , , , , , , , , , , , , , , , , , , , , , , , , , , , , , , , , , ,17.2,88.7,D,25,1003, ,4, , , , , , , , , , , , , , , , , , , , , , , , , , , , , , , , , , , , , , , , , , , , , , , , , , , , , , , , , , , , , , , , , , , , , , , , , , , , , , , , , , , , , , , , , , ,7,340,2000,392.4976505577729,30.0,
2000299N13093,2000,99,NI,BB,UNNAMED,2000-10-27 00:00:00,TS,17.7,88.1,25,1002,newdelhi,main,313,276,O____O_________,jtwc_io,IO022000,17.9,87.7, ,TD,30, ,-1, , , , , , , , , , , , , , , , , , , , , , , , , , , , , , , , , , , , , , , , , , , , , , , , , ,17.5,88.5,D,25,1002,1.50000,4, , , , , , , , , , , , , , , , , , , , , , , , , , , , , , , , , , , , , , , , , , , , , , , , , , , , , , , , , , , , , , , , , , , , , , , , , , , , , , , , , , , , , , , , , , ,9,360,2000,352.10117254625914,30.0,1002.0
2000299N13093,2000,99,NI,BB,UNNAMED,2000-10-27 03:00:00,TS,18.2,88.2,30,1002,newdelhi,main,276,245,P____O_________, ,IO022000,18.4,87.8, ,TD,30, ,-1, , , , , , , , , , , , , , , , , , , , , , , , , , , , , , , , , , , , , , , , , , , , , , , , , ,18.0,88.5,DD,30,1002,2.00000,6, , , , , , , , , , , , , , , , , , , , , , , , , , , , , , , , , , , , , , , , , , , , , , , , , , , , , , , , , , , , , , , , , , , , , , , , , , , , , , , , , , , , , , , , , , ,10,10,2000,321.93979067230856,30.0,1002.0
2000299N13093,2000,99,NI,BB,UNNAMED,2000-10-27 06:00:00,TS,18.7,88.3,30,1002,newdelhi,main,245,229,O____O_________,jtwc_io,IO022000,18.8,88.0, ,TD,30, ,-1, , , , , , , , , , , , , , , , , , , , , , , , , , , , , , , , , , , , , , , , , , , , , , , , , ,18.5,88.5,DD,30,1002,2.00000,6, , , , , , , , , , , , , , , , , , , , , , , , , , , , , , , , , , , , , , , , , , , , , , , , , , , , , , , , , , , , , , , , , , , , , , , , , , , , , , , , , , , , , , , , , , ,8,10,2000,299.4721342360207,30.0,1002.0
2000299N13093,2000,99,NI,BB,UNNAMED,2000-10-27 09:00:00,TS,18.9,88.3, , , ,main,229,207,P____P_________, ,IO022000,19.2,88.1, ,TD,30, ,-1, , , , , , , , , , , , , , , , , , , , , , , , , , , , , , , , , , , , , , , , , , , , , , , , , ,18.7,88.5,DD,30,1001, ,6, , , , , , , , , , , , , , , , , , , , , , , , , , , , , , , , , , , , , , , , , , , , , , , , , , , , , , , , , , , , , , , , , , , , , , , , , , , , , , , , , , , , , , , , , , ,6,10,2000,289.2495635278283,30.0,
2000299N13093,2000,99,NI,BB,UNNAMED,2000-10-27 12:00:00,TS,19.3,88.4,30,1000,newdelhi,main,210,177,O____O_________,jtwc_io,IO022000,19.5,88.2, ,TD,30, ,-1, , , , , , , , , , , , , , , , , , , , , , , , , , , , , , , , , , , , , , , , , , , , , , , , , ,19.0,88.5,DD,30,1000,2.00000,6, , , , , , , , , , , , , , , , , , , , , , , , , , , , , , , , , , , , , , , , , , , , , , , , , , , , , , , , , , , , , , , , , , , , , , , , , , , , , , , , , , , , , , , , , , ,9,5,2000,283.1731238023541,30.0,1000.0
2000299N13093,2000,99,NI,BB,UNNAMED,2000-10-27 15:00:00,TS,19.8,88.4, , , ,main,177,134,P____P_________, ,IO022000,19.8,88.3, ,TD,33, ,-1, , , , , , , , , , , , , , , , , , , , , , , , , , , , , , , , , , , , , , , , , , , , , , , , , ,19.7,88.5,DD,33,999, ,7, , , , , , , , , , , , , , , , , , , , , , , , , , , , , , , , , , , , , , , , , , , , , , , , , , , , , , , , , , , , , , , , , , , , , , , , , , , , , , , , , , , , , , , , , , ,12,5,2000,272.7489611263255,33.0,
2000299N13093,2000,99,NI,BB,UNNAMED,2000-10-27 18:00:00,TS,20.4,88.5,35,998,newdelhi,main,134,67,O____O_________,jtwc_io,IO022000,20.3,88.4, ,TS,35, ,0, , , , , , , , , , , , , , , , , , , , , , , , , , , , , , , , , , , , , , , , , , , , , , , , , ,20.5,88.5,CS,35,998,2.50000,8, , , , , , , , , , , , , , , , , , , , , , , , , , , , , , , , , , , , , , , , , , , , , , , , , , , , , , , , , , , , , , , , , , , , , , , , , , , , , , , , , , , , , , , , , , ,12,5,2000,285.245412375781,35.0,998.0
2000299N13093,2000,99,NI,BB,UNNAMED,2000-10-27 21:00:00,TS,21.0,88.5,35,998,newdelhi,main,67,0,P____O_________, ,IO022000,21.0,88.6, ,TS,35, ,0, , , , , , , , , , , , , , , , , , , , , , , , , , , , , , , , , , , , , , , , , , , , , , , , , ,21.0,88.5,CS,35,998,2.50000,8, , , , , , , , , , , , , , , , , , , , , , , , , , , , , , , , , , , , , , , , , , , , , , , , , , , , , , , , , , , , , , , , , , , , , , , , , , , , , , , , , , , , , , , , , , ,13,20,2000,302.3917514565863,35.0,998.0
2000299N13093,2000,99,NI,BB,UNNAMED,2000-10-28 00:00:00,TS,21.6,89.0,35,998,newdelhi,main,0,0,O____O_________,jtwc_io,IO022000,21.8,88.9, ,TS,35, ,0, , , , , , , , , , , , , , , , , , , , , , , , , , , , , , , , , , , , , , , , , , , , , , , , , ,21.5,89.0,CS,35,998,2.50000,8, , , , , , , , , , , , , , , , , , , , , , , , , , , , , , , , , , , , , , , , , , , , , , , , , , , , , , , , , , , , , , , , , , , , , , , , , , , , , , , , , , , , , , , , , , ,16,20,2000,377.2049135969353,35.0,998.0
2000299N13093,2000,99,NI,BB,UNNAMED,2000-10-28 03:00:00,TS,22.5,89.1,30, ,newdelhi,main,0,0,P____O_________, ,IO022000,22.6,89.3, ,TS,28, ,-1, , , , , , , , , , , , , , , , , , , , , , , , , , , , , , , , , , , , , , , , , , , , , , , , , ,22.5,89.0,DD,30, ,0.00000,6, , , , , , , , , , , , , , , , , , , , , , , , , , , , , , , , , , , , , , , , , , , , , , , , , , , , , , , , , , , , , , , , , , , , , , , , , , , , , , , , , , , , , , , , , , ,15,20,2000,440.68766698065565,28.0,
2000299N13093,2000,99,NI,BB,UNNAMED,2000-10-28 06:00:00,TS,23.1,89.6,30, ,newdelhi,main,0,0,O____O_________,jtwc_io,IO022000,23.3,89.8, ,TD,20, ,-1, , , , , , , , , , , , , , , , , , , , , , , , , , , , , , , , , , , , , , , , , , , , , , , , , ,23.0,89.5,DD,30, ,0.00000,6, , , , , , , , , , , , , , , , , , , , , , , , , , , , , , , , , , , , , , , , , , , , , , , , , , , , , , , , , , , , , , , , , , , , , , , , , , , , , , , , , , , , , , , , , , ,11,45,2000,522.6951635495727,20.0,
2000299N13093,2000,99,NI,BB,UNNAMED,2000-10-28 09:00:00,TS,23.3,89.9, , , ,main,0,0,_____P_________, ,IO022000, , , ,TD, , ,-5, , , , , , , , , , , , , , , , , , , , , , , , , , , , , , , , , , , , , , , , , , , , , , , , , ,23.3,89.9,DD,28, , ,5, , , , , , , , , , , , , , , , , , , , , , , , , , , , , , , , , , , , , , , , , , , , , , , , , , , , , , , , , , , , , , , , , , , , , , , , , , , , , , , , , , , , , , , , , , ,10,65,2000,560.4618415406652,,
2000299N13093,2000,99,NI,BB,UNNAMED,2000-10-28 12:00:00,TS,23.5,90.5,25, ,newdelhi,main,0,0,_____O_________, , , , , , , , ,-5, , , , , , , , , , , , , , , , , , , , , , , , , , , , , , , , , , , , , , , , , , , , , , , , , ,23.5,90.5,D,25, ,0.00000,4, , , , , , , , , , , , , , , , , , , , , , , , , , , , , , , , , , , , , , , , , , , , , , , , , , , , , , , , , , , , , , , , , , , , , , , , , , , , , , , , , , , , , , , , , , ,18,75,2000,622.0611684257444,25.0,
2000299N13093,2000,99,NI,BB,UNNAMED,2000-10-28 15:00:00,TS,23.8,91.7, , , ,main,0,0,_____P_________, , , , , , , , ,-5, , , , , , , , , , , , , , , , , , , , , , , , , , , , , , , , , , , , , , , , , , , , , , , , , ,23.8,91.7,D,25, , ,4, , , , , , , , , , , , , , , , , , , , , , , , , , , , , , , , , , , , , , , , , , , , , , , , , , , , , , , , , , , , , , , , , , , , , , , , , , , , , , , , , , , , , , , , , , ,23,80,2000,740.8222360341226,,
2000299N13093,2000,99,NI,BB,UNNAMED,2000-10-28 18:00:00,TS,24.0,93.0,25, ,newdelhi,main,0,0,_____O_________, , , , , , , , ,-5, , , , , , , , , , , , , , , , , , , , , , , , , , , , , , , , , , , , , , , , , , , , , , , , , ,24.0,93.0,D,25, ,0.00000,4, , , , , , , , , , , , , , , , , , , , , , , , , , , , , , , , , , , , , , , , , , , , , , , , , , , , , , , , , , , , , , , , , , , , , , , , , , , , , , , , , , , , , , , , , , ,18,80,2000,865.1084533043812,25.0,
2000299N13093,2000,99,NI,BB,UNNAMED,2000-10-28 21:00:00,TS,24.0,93.7, , , ,main,0,0,_____P_________, , , , , , , , ,-5, , , , , , , , , , , , , , , , , , , , , , , , , , , , , , , , , , , , , , , , , , , , , , , , , ,24.0,93.7,D,25, , ,4, , , , , , , , , , , , , , , , , , , , , , , , , , , , , , , , , , , , , , , , , , , , , , , , , , , , , , , , , , , , , , , , , , , , , , , , , , , , , , , , , , , , , , , , , , ,9,90,2000,927.7120761480281,,
2000299N13093,2000,99,NI,BB,UNNAMED,2000-10-29 00:00:00,TS,24.0,94.0,25, ,newdelhi,main,0, ,_____O_________, , , , , , , , ,-5, , , , , , , , , , , , , , , , , , , , , , , , , , , , , , , , , , , , , , , , , , , , , , , , , ,24.0,94.0,D,25, ,0.00000,4, , , , , , , , , , , , , , , , , , , , , , , , , , , , , , , , , , , , , , , , , , , , , , , , , , , , , , , , , , , , , , , , , , , , , , , , , , , , , , , , , , , , , , , , , , ,6,100,2000,954.952353524164,25.0,
2001163N20087,2001,26,NI,BB,UNNAMED,2001-06-12 03:00:00,TS,19.5,87.0,25,990,newdelhi,main,84,61,_____O_________, , , , , , , , ,-5, , , , , , , , , , , , , , , , , , , , , , , , , , , , , , , , , , , , , , , , , , , , , , , , , ,19.5,87.0,D,25,990,1.50000,4, , , , , , , , , , , , , , , , , , , , , , , , , , , , , , , , , , , , , , , , , , , , , , , , , , , , , , , , , , , , , , , , , , , , , , , , , , , , , , , , , , , , , , , , , , ,4,315,2001,137.34050632591618,25.0,990.0
2001163N20087,2001,26,NI,BB,UNNAMED,2001-06-12 06:00:00,TS,19.6,86.8, , , ,main,61,38,_____P_________, , , , , , , , ,-5, , , , , , , , , , , , , , , , , , , , , , , , , , , , , , , , , , , , , , , , , , , , , , , , , ,19.6,86.8,D,25,990, ,4, , , , , , , , , , , , , , , , , , , , , , , , , , , , , , , , , , , , , , , , , , , , , , , , , , , , , , , , , , , , , , , , , , , , , , , , , , , , , , , , , , , , , , , , , , ,4,315,2001,113.68282658103793,,
2001163N20087,2001,26,NI,BB,UNNAMED,2001-06-12 09:00:00,TS,19.8,86.7, , , ,main,38,10,_____P_________, , , , , , , , ,-5, , , , , , , , , , , , , , , , , , , , , , , , , , , , , , , , , , , , , , , , , , , , , , , , , ,19.8,86.7,D,25,990, ,4, , , , , , , , , , , , , , , , , , , , , , , , , , , , , , , , , , , , , , , , , , , , , , , , , , , , , , , , , , , , , , , , , , , , , , , , , , , , , , , , , , , , , , , , , , ,5,320,2001,96.69178022751035,,
2001163N20087,2001,26,NI,BB,UNNAMED,2001-06-12 12:00:00,TS,20.0,86.5,25,990,newdelhi,main,10,0,_____O_________, , , , , , , , ,-5, , , , , , , , , , , , , , , , , , , , , , , , , , , , , , , , , , , , , , , , , , , , , , , , , ,20.0,86.5,D,25,990,1.50000,4, , , , , , , , , , , , , , , , , , , , , , , , , , , , , , , , , , , , , , , , , , , , , , , , , , , , , , , , , , , , , , , , , , , , , , , , , , , , , , , , , , , , , , , , , , ,5,320,2001,73.14228321274786,25.0,990.0
2001163N20087,2001,26,NI,BB,UNNAMED,2001-06-12 15:00:00,TS,20.2,86.3, , , ,main,0,0,_____P_________, , , , , , , , ,-5, , , , , , , , , , , , , , , , , , , , , , , , , , , , , , , , , , , , , , , , , , , , , , , , , ,20.2,86.3,D, , , , , , , , , , , , , , , , , , , , , , , , , , , , , , , , , , , , , , , , , , , , , , , , , , , , , , , , , , , , , , , , , , , , , , , , , , , , , , , , , , , , , , , , , , , , , , ,6,325,2001,56.75017208756526,,
2001163N20087,2001,26,NI,BB,UNNAMED,2001-06-12 18:00:00,TS,20.5,86.1, , , ,main,0,0,_____P_________, , , , , , , , ,-5, , , , , , , , , , , , , , , , , , , , , , , , , , , , , , , , , , , , , , , , , , , , , , , , , ,20.5,86.1,D, , , , , , , , , , , , , , , , , , , , , , , , , , , , , , , , , , , , , , , , , , , , , , , , , , , , , , , , , , , , , , , , , , , , , , , , , , , , , , , , , , , , , , , , , , , , , , ,6,325,2001,63.800848506693995,,
2001163N20087,2001,26,NI,BB,UNNAMED,2001-06-12 21:00:00,TS,20.7,85.9, , , ,main,0,0,_____P_________, , , , , , , , ,-5, , , , , , , , , , , , , , , , , , , , , , , , , , , , , , , , , , , , , , , , , , , , , , , , , ,20.7,85.9,D, , , , , , , , , , , , , , , , , , , , , , , , , , , , , , , , , , , , , , , , , , , , , , , , , , , , , , , , , , , , , , , , , , , , , , , , , , , , , , , , , , , , , , , , , , , , , , ,6,315,2001,78.5315314391877,,
2001163N20087,2001,26,NI,BB,UNNAMED,2001-06-13 00:00:00,TS,20.9,85.7, , , ,main,0,0,_____P_________, , , , , , , , ,-5, , , , , , , , , , , , , , , , , , , , , , , , , , , , , , , , , , , , , , , , , , , , , , , , , ,20.9,85.7,D, , , , , , , , , , , , , , , , , , , , , , , , , , , , , , , , , , , , , , , , , , , , , , , , , , , , , , , , , , , , , , , , , , , , , , , , , , , , , , , , , , , , , , , , , , , , , , ,5,305,2001,100.61629548920129,,
2001163N20087,2001,26,NI,BB,UNNAMED,2001-06-13 03:00:00,TS,21.0,85.5,25,994,newdelhi,main,0,0,_____O_________, , , , , , , , ,-5, , , , , , , , , , , , , , , , , , , , , , , , , , , , , , , , , , , , , , , , , , , , , , , , , ,21.0,85.5,D,25,994,1.50000,4, , , , , , , , , , , , , , , , , , , , , , , , , , , , , , , , , , , , , , , , , , , , , , , , , , , , , , , , , , , , , , , , , , , , , , , , , , , , , , , , , , , , , , , , , , ,4,270,2001,115.50145536001173,25.0,994.0
2001163N20087,2001,26,NI,BB,UNNAMED,2001-06-13 06:00:00,TS,20.9,85.3, , , ,main,0,0,_____P_________, , , , , , , , ,-5, , , , , , , , , , , , , , , , , , , , , , , , , , , , , , , , , , , , , , , , , , , , , , , , , ,20.9,85.3,D,25,994, ,4, , , , , , , , , , , , , , , , , , , , , , , , , , , , , , , , , , , , , , , , , , , , , , , , , , , , , , , , , , , , , , , , , , , , , , , , , , , , , , , , , , , , , , , , , , ,5,270,2001,112.82176766711893,,
2001163N20087,2001,26,NI,BB,UNNAMED,2001-06-13 09:00:00,TS,21.0,85.0,25,994,newdelhi,main,0,0,_____O_________, , , , , , , , ,-5, , , , , , , , , , , , , , , , , , , , , , , , , , , , , , , , , , , , , , , , , , , , , , , , , ,21.0,85.0,D,25,994,1.50000,4, , , , , , , , , , , , , , , , , , , , , , , , , , , , , , , , , , , , , , , , , , , , , , , , , , , , , , , , , , , , , , , , , , , , , , , , , , , , , , , , , , , , , , , , , , ,10,310,2001,138.9485376529916,25.0,994.0
2001163N20087,2001,26,NI,BB,UNNAMED,2001-06-13 12:00:00,DS,21.5,84.5, , ,newdelhi,main,0, ,_____O_________, , , , , , , , ,-5, , , , , , , , , , , , , , , , , , , , , , , , , , , , , , , , , , , , , , , , , , , , , , , , , ,21.5,84.5,L, , ,0.00000, , , , , , , , , , , , , , , , , , , , , , , , , , , , , , , , , , , , , , , , , , , , , , , , , , , , , , , , , , , , , , , , , , , , , , , , , , , , , , , , , , , , , , , , , , , ,14,315,2001,214.6879719136237,,
2002314N12083,2002,88,NI,BB,UNNAMED,2002-11-09 18:00:00,TS,11.7,82.5, , , ,main,265,262,O______________,jtwc_io,IO032002,11.7,82.5, ,TD,25,1002,-1, , , , , , , , , , , , ,1008,120,15, , , , , , , , , , , , , , , , , , , , , , , , , , , , , , , , , , , , , , , , , , , , , , , , , , , , , , , , , , , , , , , , , , , , , , , , , , , , , , , , , , , , , , , , , , , , , , , , , , , , , , , , , , , , , , , , , , , , , , , , , , , , , , , , , , , ,2,0,2002,987.9815237701715,25.0,1002.0
2002314N12083,2002,88,NI,BB,UNNAMED,2002-11-09 21:00:00,TS,11.8,82.5, , , ,main,262,259,P______________, ,IO032002,11.8,82.5, ,TD,25,1002,-1, , , , , , , , , , , , ,1008,120,15, , , , , , , , , , , , , , , , , , , , , , , , , , , , , , , , , , , , , , , , , , , , , , , , , , , , , , , , , , , , , , , , , , , , , , , , , , , , , , , , , , , , , , , , , , , , , , , , , , , , , , , , , , , , , , , , , , , , , , , , , , , , , , , , , , , ,2,10,2002,977.5739405179415,25.0,1002.0
2002314N12083,2002,88,NI,BB,UNNAMED,2002-11-10 00:00:00,TS,11.9,82.5, , , ,main,259,256,O______________,jtwc_io,IO032002,11.9,82.5, ,TD,25,1002,-1, , , , , , , , , , , , ,1008,120,15, , , , , , , , , , , , , , , , , , , , , , , , , , , , , , , , , , , , , , , , , , , , , , , , , , , , , , , , , , , , , , , , , , , , , , , , , , , , , , , , , , , , , , , , , , , , , , , , , , , , , , , , , , , , , , , , , , , , , , , , , , , , , , , , , , , ,2,0,2002,967.1820768665972,25.0,1002.0
2002314N12083,2002,88,NI,BB,UNNAMED,2002-11-10 03:00:00,TS,12.0,82.5,25,1004,newdelhi,main,256,254,P____O_________, ,IO032002,12.0,82.5, ,TD,25,1002,-1, , , , , , , , , , , , ,1008,120,15, , , , , , , , , , , , , , , , , , , , , , , , , , , , , , , , , , ,12.0,82.5,D,25,1004,1.50000,4, , , , , , , , , , , , , , , , , , , , , , , , , , , , , , , , , , , , , , , , , , , , , , , , , , , , , , , , , , , , , , , , , , , , , , , , , , , , , , , , , , , , , , , , , , ,2,5,2002,956.8064450328643,25.0,1002.0
2002314N12083,2002,88,NI,BB,UNNAMED,2002-11-10 06:00:00,TS,12.1,82.5,25,1004,newdelhi,main,254,254,O____O_________,jtwc_io,IO032002,12.1,82.5, ,TD,25,1002,-1, , , , , , , , , , , , ,1008,120,15, , , , , , , , , , , , , , , , , , , , , , , , , , , , , , , , , , ,12.0,82.5,D,25,1004,1.50000,4, , , , , , , , , , , , , , , , , , , , , , , , , , , , , , , , , , , , , , , , , , , , , , , , , , , , , , , , , , , , , , , , , , , , , , , , , , , , , , , , , , , , , , , , , , ,2,10,2002,946.4475788764377,25.0,1002.0
2002314N12083,2002,88,NI,BB,UNNAMED,2002-11-10 09:00:00,TS,12.1,82.5, , , ,main,254,252,P____P_________, ,IO032002,12.3,82.5, ,TD,25,1002,-1, , , , , , , , , , , , ,1008,120,15, , , , , , , , , , , , , , , , , , , , , , , , , , , , , , , , , , ,12.0,82.5,D,28,1003, ,5, , , , , , , , , , , , , , , , , , , , , , , , , , , , , , , , , , , , , , , , , , , , , , , , , , , , , , , , , , , , , , , , , , , , , , , , , , , , , , , , , , , , , , , , , , ,2,15,2002,946.4475788764377,25.0,1002.0
2002314N12083,2002,88,NI,BB,UNNAMED,2002-11-10 12:00:00,TS,12.3,82.6,30,1002,newdelhi,main,261,260,O____O_________,jtwc_io,IO032002,12.5,82.6, ,TD,25,1002,-1, , , , , , , , , , , , ,1008,120,15, , , , , , , , , , , , , , , , , , , , , , , , , , , , , , , , , , ,12.0,82.5,DD,30,1002,2.00000,6, , , , , , , , , , , , , , , , , , , , , , , , , , , , , , , , , , , , , , , , , , , , , , , , , , , , , , , , , , , , , , , , , , , , , , , , , , , , , , , , , , , , , , , , , , ,4,15,2002,921.7767209777696,25.0,1002.0
2002314N12083,2002,88,NI,BB,UNNAMED,2002-11-10 15:00:00,TS,12.5,82.6, , , ,main,260,260,P____P_________, ,IO032002,12.8,82.7, ,TD,25,1002,-1, , , , , , , , , , , , ,1008,120,15, , , , , , , , , , , , , , , , , , , , , , , , , , , , , , , , , , ,12.2,82.5,DD,30,1003, ,6, , , , , , , , , , , , , , , , , , , , , , , , , , , , , , , , , , , , , , , , , , , , , , , , , , , , , , , , , , , , , , , , , , , , , , , , , , , , , , , , , , , , , , , , , , ,6,15,2002,901.0978529422572,25.0,1002.0
2002314N12083,2002,88,NI,BB,UNNAMED,2002-11-10 18:00:00,TS,12.8,82.7,30,1004,newdelhi,main,266,260,O____O_________,jtwc_io,IO032002,13.1,82.9, ,TD,25,1002,-1, , , , , , , , , , , , ,1008,120,15, , , , , , , , , , , , , , , , , , , , , , , , , , , , , , , , , , ,12.5,82.5,DD,30,1004,2.00000,6, , , , , , , , , , , , , , , , , , , , , , , , , , , , , , , , , , , , , , , , , , , , , , , , , , , , , , , , , , , , , , , , , , , , , , , , , , , , , , , , , , , , , , , , , , ,7,15,2002,866.1012740567143,25.0,1002.0
2002314N12083,2002,88,NI,BB,UNNAMED,2002-11-10 21:00:00,TS,13.2,82.8, , , ,main,270,270,P____P_________, ,IO032002,13.3,83.2, ,TD,28,1001,-1, , , , , , , , , , , , ,1008,120,15, , , , , , , , , , , , , , , , , , , , , , , , , , , , , , , , , , ,13.0,82.4,DD,30,1004, ,6, , , , , , , , , , , , , , , , , , , , , , , , , , , , , , , , , , , , , , , , , , , , , , , , , , , , , , , , , , , , , , , , , , , , , , , , , , , , , , , , , , , , , , , , , , ,8,20,2002,820.8339188309902,28.0,1001.0
2002314N12083,2002,88,NI,BB,UNNAMED,2002-11-11 00:00:00,TS,13.6,83.0,30,1004,newdelhi,main,291,291,O____O_________,jtwc_io,IO032002,13.6,83.5, ,TD,30,1000,-1, , , , , , , , , , , , ,1008,120,15, , , , , , , , , , , , , , , , , , , , , , , , , , , , , , , , , , ,13.5,82.5,DD,30,1004,2.00000,6, , , , , , , , , , , , , , , , , , , , , , , , , , , , , , , , , , , , , , , , , , , , , , , , , , , , , , , , , , , , , , , , , , , , , , , , , , , , , , , , , , , , , , , , , , ,10,40,2002,771.4669545308219,30.0,1000.0
2002314N12083,2002,88,NI,BB,UNNAMED,2002-11-11 03:00:00,TS,14.0,83.4,30,1004,newdelhi,main,312,300,P____O_________, ,IO032002,13.9,83.9, ,TD,30,1000,-1, , , , , , , , , , , , ,1008,120,15, , , , , , , , , , , , , , , , , , , , , , , , , , , , , , , , , , ,14.0,83.0,DD,30,1004,2.00000,6, , , , , , , , , , , , , , , , , , , , , , , , , , , , , , , , , , , , , , , , , , , , , , , , , , , , , , , , , , , , , , , , , , , , , , , , , , , , , , , , , , , , , , , , , , ,12,45,2002,714.26099268605,30.0,1000.0
2002314N12083,2002,88,NI,BB,UNNAMED,2002-11-11 06:00:00,TS,14.4,83.9,30,1004,newdelhi,main,300,286,O____O_________,jtwc_io,IO032002,14.3,84.3, ,TD,30,1000,-1, , , , , , , , , , , , ,1008,120,15, , , , , , , , , , , , , , , , , , , , , , , , , , , , , , , , , , ,14.5,83.5,DD,30,1004,2.00000,6, , , , , , , , , , , , , , , , , , , , , , , , , , , , , , , , , , , , , , , , , , , , , , , , , , , , , , , , , , , , , , , , , , , , , , , , , , , , , , , , , , , , , , , , , , ,13,45,2002,654.5493486720757,30.0,1000.0
2002314N12083,2002,88,NI,BB,UNNAMED,2002-11-11 09:00:00,TS,14.9,84.3,30,998,newdelhi,main,286,275,P____O_________, ,IO032002,14.8,84.7, ,TD,33,999,-1, , , , , , , , , , , , ,1007,125,15, , , , , , , , , , , , , , , , , , , , , , , , , , , , , , , , , , ,15.0,84.0,DD,30,998,2.00000,6, , , , , , , , , , , , , , , , , , , , , , , , , , , , , , , , , , , , , , , , , , , , , , , , , , , , , , , , , , , , , , , , , , , , , , , , , , , , , , , , , , , , , , , , , , ,15,35,2002,588.9753652731657,33.0,999.0
2002314N12083,2002,88,NI,BB,UNNAMED,2002-11-11 12:00:00,TS,15.7,84.8,45,996,newdelhi,main,272,248,O____O_________,jtwc_io,IO032002,15.3,85.0, ,TS,35,997,0, , , , , , , , , , , , ,1005,130,15, , , , , , , , , , , , , , , , , , , , , , , , , , , , , , , , , , ,16.0,84.5,CS,45,996,2.50000,10, , , , , , , , , , , , , , , , , , , , , , , , , , , , , , , , , , , , , , , , , , , , , , , , , , , , , , , , , , , , , , , , , , , , , , , , , , , , , , , , , , , , , , , , , , ,11,15,2002,489.70581412187704,35.0,997.0
2002314N12083,2002,88,NI,BB,UNNAMED,2002-11-11 15:00:00,TS,15.9,84.7,45,996,newdelhi,main,248,231,P____O_________, ,IO032002,15.9,85.3, ,TS,35,997,0, , , , , , , , , , , , ,1005,130,20, , , , , , , , , , , , , , , , , , , , , , , , , , , , , , , , , , ,16.0,84.0,CS,45,996,3.00000,10, , , , , , , , , , , , , , , , , , , , , , , , , , , , , , , , , , , , , , , , , , , , , , , , , , , , , , , , , , , , , , , , , , , , , , , , , , , , , , , , , , , , , , , , , , ,6,5,2002,470.5064221746271,35.0,997.0
2002314N12083,2002,88,NI,BB,UNNAMED,2002-11-11 18:00:00,TS,16.3,84.8,45,996,newdelhi,main,223,198,O____O_________,jtwc_io,IO032002,16.5,85.6, ,TS,35,997,0, , , , , , , , , , , , ,1005,130,25, , , , , , , , , , , , , , , , , , , , , , , , , , , , , , , , , , ,16.0,84.0,CS,45,996,3.00000,10, , , , , , , , , , , , , , , , , , , , , , , , , , , , , , , , , , , , , , , , , , , , , , , , , , , , , , , , , , , , , , , , , , , , , , , , , , , , , , , , , , , , , , , , , , ,9,20,2002,424.76675774773776,35.0,997.0
2002314N12083,2002,88,NI,BB,UNNAMED,2002-11-11 21:00:00,TS,16.8,85.0,45,996,newdelhi,main,193,173,P____O_________, ,IO032002,17.0,85.9, ,TS,35,997,0, , , , , , , , , , , , ,1005,130,25, , , , , , , , , , , , , , , , , , , , , , , , , , , , , , , , , , ,16.5,84.0,CS,45,996,3.00000,10, , , , , , , , , , , , , , , , , , , , , , , , , , , , , , , , , , , , , , , , , , , , , , , , , , , , , , , , , , , , , , , , , , , , , , , , , , , , , , , , , , , , , , , , , , ,27,35,2002,365.69496929266603,35.0,997.0
2002314N12083,2002,88,NI,BB,UNNAMED,2002-11-12 00:00:00,TS,18.4,86.4,45,996,newdelhi,main,168,69,O____O_________,jtwc_io,IO032002,17.8,86.3, ,TS,35,997,0, , , , , , , , , , , , ,1005,130,25, , , , , , , , , , , , , , , , , , , , , , , , , , , , , , , , , , ,19.0,86.5,CS,45,996,3.50000,10, , , , , , , , , , , , , , , , , , , , , , , , , , , , , , , , , , , , , , , , , , , , , , , , , , , , , , , , , , , , , , , , , , , , , , , , , , , , , , , , , , , , , , , , , , ,34,35,2002,188.73798707060428,35.0,997.0
2002314N12083,2002,88,NI,BB,UNNAMED,2002-11-12 03:00:00,TS,19.6,86.9,45,996,newdelhi,main,68,30,P____O_________, ,IO032002,19.2,86.8, ,TS,45,991,0, , , , , , , , , , , , ,1005,130,20, , , , , , , , , , , , , , , , , , , , , , , , , , , , , , , , , , ,20.0,87.0,CS,45,996,3.00000,10, , , , , , , , , , , , , , , , , , , , , , , , , , , , , , , , , , , , , , , , , , , , , , , , , , , , , , , , , , , , , , , , , , , , , , , , , , , , , , , , , , , , , , , , , , ,27,20,2002,123.37881076891192,45.0,991.0
2002314N12083,2002,88,NI,BB,UNNAMED,2002-11-12 06:00:00,TS,20.9,87.5,55,990,newdelhi,main,53,0,O____O_________,jtwc_io,IO032002,20.8,87.4, ,TS,55,984,0,60,60,60,60, , , , , , , , ,1005,130,15, , , , , , , , , , , , , , , , , , , , , , , , , , , , , , , , , , ,21.0,87.5,SCS,55,990,3.50000,15, , , , , , , , , , , , , , , , , , , , , , , , , , , , , , , , , , , , , , , , , , , , , , , , , , , , , , , , , , , , , , , , , , , , , , , , , , , , , , , , , , , , , , , , , , ,31,25,2002,203.43237507461743,55.0,984.0
2002314N12083,2002,88,NI,BB,UNNAMED,2002-11-12 09:00:00,TS,22.3,88.4, , ,newdelhi,main,0,0,P____O_________, ,IO032002,22.1,88.2, ,TS,43,992,0, , , , , , , , , , , , ,1005,115,20, , , , , , , , , , , , , , , , , , , , , , , , , , , , , , , , , , ,22.5,88.5,CS, , ,0.00000,8, , , , , , , , , , , , , , , , , , , , , , , , , , , , , , , , , , , , , , , , , , , , , , , , , , , , , , , , , , , , , , , , , , , , , , , , , , , , , , , , , , , , , , , , , , ,35,35,2002,371.6086782192668,43.0,992.0
2002314N12083,2002,88,NI,BB,UNNAMED,2002-11-12 12:00:00,TS,23.7,89.7, , ,newdelhi,main,0,0,O____O_________,jtwc_io,IO032002,23.2,89.2, ,TD,30,1000,-1, , , , , , , , , , , , ,1005,100,25, , , , , , , , , , , , , , , , , , , , , , , , , , , , , , , , , , ,24.0,90.0,DD, , ,0.00000,6, , , , , , , , , , , , , , , , , , , , , , , , , , , , , , , , , , , , , , , , , , , , , , , , , , , , , , , , , , , , , , , , , , , , , , , , , , , , , , , , , , , , , , , , , , ,39,45,2002,575.4883978410136,30.0,1000.0
2002314N12083,2002,88,NI,BB,UNNAMED,2002-11-12 15:00:00,TS,25.0,91.5, , ,newdelhi,main,0, ,_____O_________, ,IO032002, , , ,TD, , ,-5, , , , , , , , , , , , , , , , , , , , , , , , , , , , , , , , , , , , , , , , , , , , , , , , , ,25.0,91.5,D, , ,0.00000,6, , , , , , , , , , , , , , , , , , , , , , , , , , , , , , , , , , , , , , , , , , , , , , , , , , , , , , , , , , , , , , , , , , , , , , , , , , , , , , , , , , , , , , , , , , ,41,50,2002,807.2317140957256,,
2003206N21089,2003,48,NI,BB,UNNAMED,2003-07-25 03:00:00,TS,21.0,89.0,25,992,newdelhi,main,67,49,_____O_________, , , , , , , , ,-5, , , , , , , , , , , , , , , , , , , , , , , , , , , , , , , , , , , , , , , , , , , , , , , , , ,21.0,89.0,D,25,992,1.50000,2, , , , , , , , , , , , , , , , , , , , , , , , , , , , , , , , , , , , , , , , , , , , , , , , , , , , , , , , , , , , , , , , , , , , , , , , , , , , , , , , , , , , , , , , , , ,7,300,2003,351.3390684075584,25.0,992.0
2003206N21089,2003,48,NI,BB,UNNAMED,2003-07-25 06:00:00,TS,21.2,88.7, , , ,main,49,33,_____P_________, , , , , , , , ,-5, , , , , , , , , , , , , , , , , , , , , , , , , , , , , , , , , , , , , , , , , , , , , , , , , ,21.2,88.7,D,27,991, ,3, , , , , , , , , , , , , , , , , , , , , , , , , , , , , , , , , , , , , , , , , , , , , , , , , , , , , , , , , , , , , , , , , , , , , , , , , , , , , , , , , , , , , , , , , , ,7,300,2003,330.0134733411335,,
2003206N21089,2003,48,NI,BB,UNNAMED,2003-07-25 09:00:00,TS,21.3,88.3, , , ,main,33,15,_____P_________, , , , , , , , ,-5, , , , , , , , , , , , , , , , , , , , , , , , , , , , , , , , , , , , , , , , , , , , , , , , , ,21.3,88.3,D,28,989, ,3, , , , , , , , , , , , , , , , , , , , , , , , , , , , , , , , , , , , , , , , , , , , , , , , , , , , , , , , , , , , , , , , , , , , , , , , , , , , , , , , , , , , , , , , , , ,7,300,2003,297.58424894389833,,
2003206N21089,2003,48,NI,BB,UNNAMED,2003-07-25 12:00:00,TS,21.5,88.0,30,988,newdelhi,main,23,11,_____O_________, , , , , , , , ,-5, , , , , , , , , , , , , , , , , , , , , , , , , , , , , , , , , , , , , , , , , , , , , , , , , ,21.5,88.0,DD,30,988,2.00000,4, , , , , , , , , , , , , , , , , , , , , , , , , , , , , , , , , , , , , , , , , , , , , , , , , , , , , , , , , , , , , , , , , , , , , , , , , , , , , , , , , , , , , , , , , , ,7,295,2003,283.10109757405354,30.0,988.0
2003206N21089,2003,48,NI,BB,UNNAMED,2003-07-25 15:00:00,TS,21.6,87.7, , , ,main,11,0,_____P_________, , , , , , , , ,-5, , , , , , , , , , , , , , , , , , , , , , , , , , , , , , , , , , , , , , , , , , , , , , , , , ,21.6,87.7,DD, , , , , , , , , , , , , , , , , , , , , , , , , , , , , , , , , , , , , , , , , , , , , , , , , , , , , , , , , , , , , , , , , , , , , , , , , , , , , , , , , , , , , , , , , , , , , , ,7,295,2003,265.81042710749546,,
2003206N21089,2003,48,NI,BB,UNNAMED,2003-07-25 18:00:00,TS,21.8,87.3, , , ,main,0,0,_____P_________, , , , , , , , ,-5, , , , , , , , , , , , , , , , , , , , , , , , , , , , , , , , , , , , , , , , , , , , , , , , , ,21.8,87.3,DD, , , , , , , , , , , , , , , , , , , , , , , , , , , , , , , , , , , , , , , , , , , , , , , , , , , , , , , , , , , , , , , , , , , , , , , , , , , , , , , , , , , , , , , , , , , , , , ,7,290,2003,253.64667033716017,,
2003206N21089,2003,48,NI,BB,UNNAMED,2003-07-25 21:00:00,TS,21.9,87.0, , , ,main,0,0,_____P_________, , , , , , , , ,-5, , , , , , , , , , , , , , , , , , , , , , , , , , , , , , , , , , , , , , , , , , , , , , , , , ,21.9,87.0,DD, , , , , , , , , , , , , , , , , , , , , , , , , , , , , , , , , , , , , , , , , , , , , , , , , , , , , , , , , , , , , , , , , , , , , , , , , , , , , , , , , , , , , , , , , , , , , , ,8,285,2003,245.27828325371175,,
2003206N21089,2003,48,NI,BB,UNNAMED,2003-07-26 00:00:00,TS,21.9,86.5, , , ,main,0,0,_____P_________, , , , , , , , ,-5, , , , , , , , , , , , , , , , , , , , , , , , , , , , , , , , , , , , , , , , , , , , , , , , , ,21.9,86.5,DD, , , , , , , , , , , , , , , , , , , , , , , , , , , , , , , , , , , , , , , , , , , , , , , , , , , , , , , , , , , , , , , , , , , , , , , , , , , , , , , , , , , , , , , , , , , , , , ,9,280,2003,223.42431951970937,,
2003206N21089,2003,48,NI,BB,UNNAMED,2003-07-26 03:00:00,TS,22.0,86.0,30,990,newdelhi,main,0,0,_____O_________, , , , , , , , ,-5, , , , , , , , , , , , , , , , , , , , , , , , , , , , , , , , , , , , , , , , , , , , , , , , , ,22.0,86.0,DD,30,990,0.00000,4, , , , , , , , , , , , , , , , , , , , , , , , , , , , , , , , , , , , , , , , , , , , , , , , , , , , , , , , , , , , , , , , , , , , , , , , , , , , , , , , , , , , , , , , , , ,10,275,2003,223.35675362331787,30.0,990.0
2003206N21089,2003,48,NI,BB,UNNAMED,2003-07-26 06:00:00,TS,22.0,85.4, , , ,main,0,0,_____P_________, , , , , , , , ,-5, , , , , , , , , , , , , , , , , , , , , , , , , , , , , , , , , , , , , , , , , , , , , , , , , ,22.0,85.4,DD,30,989, ,4, , , , , , , , , , , , , , , , , , , , , , , , , , , , , , , , , , , , , , , , , , , , , , , , , , , , , , , , , , , , , , , , , , , , , , , , , , , , , , , , , , , , , , , , , , ,12,270,2003,226.2326597641977,,
2003206N21089,2003,48,NI,BB,UNNAMED,2003-07-26 09:00:00,TS,22.0,84.7, , , ,main,0,0,_____P_________, , , , , , , , ,-5, , , , , , , , , , , , , , , , , , , , , , , , , , , , , , , , , , , , , , , , , , , , , , , , , ,22.0,84.7,DD,30,989, ,4, , , , , , , , , , , , , , , , , , , , , , , , , , , , , , , , , , , , , , , , , , , , , , , , , , , , , , , , , , , , , , , , , , , , , , , , , , , , , , , , , , , , , , , , , , ,13,270,2003,249.98944282626843,,
2003206N21089,2003,48,NI,BB,UNNAMED,2003-07-26 12:00:00,TS,22.0,84.0,30,988,newdelhi,main,0,0,_____O_________, , , , , , , , ,-5, , , , , , , , , , , , , , , , , , , , , , , , , , , , , , , , , , , , , , , , , , , , , , , , , ,22.0,84.0,DD,30,988,0.00000,4, , , , , , , , , , , , , , , , , , , , , , , , , , , , , , , , , , , , , , , , , , , , , , , , , , , , , , , , , , , , , , , , , , , , , , , , , , , , , , , , , , , , , , , , , , ,14,270,2003,290.46045936752205,30.0,988.0
2003206N21089,2003,48,NI,BB,UNNAMED,2003-07-26 15:00:00,TS,22.0,83.3, , , ,main,0,0,_____P_________, , , , , , , , ,-5, , , , , , , , , , , , , , , , , , , , , , , , , , , , , , , , , , , , , , , , , , , , , , , , , ,22.0,83.3,DD, , , , , , , , , , , , , , , , , , , , , , , , , , , , , , , , , , , , , , , , , , , , , , , , , , , , , , , , , , , , , , , , , , , , , , , , , , , , , , , , , , , , , , , , , , , , , , ,14,275,2003,341.7579077818073,,
2003206N21089,2003,48,NI,BB,UNNAMED,2003-07-26 18:00:00,TS,22.1,82.5, , , ,main,0,0,_____P_________, , , , , , , , ,-5, , , , , , , , , , , , , , , , , , , , , , , , , , , , , , , , , , , , , , , , , , , , , , , , , ,22.1,82.5,DD, , , , , , , , , , , , , , , , , , , , , , , , , , , , , , , , , , , , , , , , , , , , , , , , , , , , , , , , , , , , , , , , , , , , , , , , , , , , , , , , , , , , , , , , , , , , , , ,15,275,2003,414.46312902355436,,
2003206N21089,2003,48,NI,BB,UNNAMED,2003-07-26 21:00:00,TS,22.2,81.7, , , ,main,0,0,_____P_________, , , , , , , , ,-5, , , , , , , , , , , , , , , , , , , , , , , , , , , , , , , , , , , , , , , , , , , , , , , , , ,22.2,81.7,DD, , , , , , , , , , , , , , , , , , , , , , , , , , , , , , , , , , , , , , , , , , , , , , , , , , , , , , , , , , , , , , , , , , , , , , , , , , , , , , , , , , , , , , , , , , , , , , ,15,280,2003,490.6211005347786,,
2003206N21089,2003,48,NI,BB,UNNAMED,2003-07-27 00:00:00,TS,22.4,80.8, , , ,main,0,0,_____P_________, , , , , , , , ,-5, , , , , , , , , , , , , , , , , , , , , , , , , , , , , , , , , , , , , , , , , , , , , , , , , ,22.4,80.8,DD, , , , , , , , , , , , , , , , , , , , , , , , , , , , , , , , , , , , , , , , , , , , , , , , , , , , , , , , , , , , , , , , , , , , , , , , , , , , , , , , , , , , , , , , , , , , , , ,16,280,2003,582.944370412532,,
2003206N21089,2003,48,NI,BB,UNNAMED,2003-07-27 03:00:00,TS,22.5,80.0,25,992,newdelhi,main,0,0,_____O_________, , , , , , , , ,-5, , , , , , , , , , , , , , , , , , , , , , , , , , , , , , , , , , , , , , , , , , , , , , , , , ,22.5,80.0,D,25,992,0.00000,2, , , , , , , , , , , , , , , , , , , , , , , , , , , , , , , , , , , , , , , , , , , , , , , , , , , , , , , , , , , , , , , , , , , , , , , , , , , , , , , , , , , , , , , , , , ,16,280,2003,662.1560582540511,25.0,992.0
2003206N21089,2003,48,NI,BB,UNNAMED,2003-07-27 06:00:00,TS,22.7,79.1, , , ,main,0,0,_____P_________, , , , , , , , ,-5, , , , , , , , , , , , , , , , , , , , , , , , , , , , , , , , , , , , , , , , , , , , , , , , , ,22.7,79.1,D,25,992, ,2, , , , , , , , , , , , , , , , , , , , , , , , , , , , , , , , , , , , , , , , , , , , , , , , , , , , , , , , , , , , , , , , , , , , , , , , , , , , , , , , , , , , , , , , , , ,17,280,2003,755.9109047025394,,
2003206N21089,2003,48,NI,BB,UNNAMED,2003-07-27 09:00:00,TS,22.8,78.2, , , ,main,0,0,_____P_________, , , , , , , , ,-5, , , , , , , , , , , , , , , , , , , , , , , , , , , , , , , , , , , , , , , , , , , , , , , , , ,22.8,78.2,D,25,992, ,2, , , , , , , , , , , , , , , , , , , , , , , , , , , , , , , , , , , , , , , , , , , , , , , , , , , , , , , , , , , , , , , , , , , , , , , , , , , , , , , , , , , , , , , , , , ,15,285,2003,846.0009885020846,,
2003206N21089,2003,48,NI,AS,UNNAMED,2003-07-27 12:00:00,TS,23.0,77.5,25,992,newdelhi,main,0,0,_____O_________, , , , , , , , ,-5, , , , , , , , , , , , , , , , , , , , , , , , , , , , , , , , , , , , , , , , , , , , , , , , , ,23.0,77.5,D,25,992,0.00000,2, , , , , , , , , , , , , , , , , , , , , , , , , , , , , , , , , , , , , , , , , , , , , , , , , , , , , , , , , , , , , , , , , , , , , , , , , , , , , , , , , , , , , , , , , , ,12,290,2003,920.989843401775,25.0,992.0
2003206N21089,2003,48,NI,AS,UNNAMED,2003-07-27 15:00:00,TS,23.2,77.0, , , ,main,0,0,_____P_________, , , , , , , , ,-5, , , , , , , , , , , , , , , , , , , , , , , , , , , , , , , , , , , , , , , , , , , , , , , , , ,23.2,77.0,D, , , , , , , , , , , , , , , , , , , , , , , , , , , , , , , , , , , , , , , , , , , , , , , , , , , , , , , , , , , , , , , , , , , , , , , , , , , , , , , , , , , , , , , , , , , , , , ,8,300,2003,976.6320419576801,,
2003206N21089,2003,48,NI,AS,UNNAMED,2003-07-27 18:00:00,TS,23.4,76.7, , , ,main,0,0,_____P_________, , , , , , , , ,-5, , , , , , , , , , , , , , , , , , , , , , , , , , , , , , , , , , , , , , , , , , , , , , , , , ,23.4,76.7,D, , , , , , , , , , , , , , , , , , , , , , , , , , , , , , , , , , , , , , , , , , , , , , , , , , , , , , , , , , , , , , , , , , , , , , , , , , , , , , , , , , , , , , , , , , , , , , ,6,315,2003,1013.0173403676146,,
2003206N21089,2003,48,NI,AS,UNNAMED,2003-07-27 21:00:00,TS,23.6,76.6, , , ,main,0,0,_____P_________, , , , , , , , ,-5, , , , , , , , , , , , , , , , , , , , , , , , , , , , , , , , , , , , , , , , , , , , , , , , , ,23.6,76.6,D, , , , , , , , , , , , , , , , , , , , , , , , , , , , , , , , , , , , , , , , , , , , , , , , , , , , , , , , , , , , , , , , , , , , , , , , , , , , , , , , , , , , , , , , , , , , , , ,4,335,2003,1030.3980645039762,,
2003206N21089,2003,48,NI,AS,UNNAMED,2003-07-28 00:00:00,TS,23.8,76.5, , , ,main,0,0,_____P_________, , , , , , , , ,-5, , , , , , , , , , , , , , , , , , , , , , , , , , , , , , , , , , , , , , , , , , , , , , , , , ,23.8,76.5,D, , , , , , , , , , , , , , , , , , , , , , , , , , , , , , , , , , , , , , , , , , , , , , , , , , , , , , , , , , , , , , , , , , , , , , , , , , , , , , , , , , , , , , , , , , , , , , ,4,355,2003,1048.0331263308894,,
2003206N21089,2003,48,NI,AS,UNNAMED,2003-07-28 03:00:00,TS,24.0,76.5,25,994,newdelhi,main,0, ,_____O_________, , , , , , , , ,-5, , , , , , , , , , , , , , , , , , , , , , , , , , , , , , , , , , , , , , , , , , , , , , , , , ,24.0,76.5,D,25,994,0.00000,2, , , , , , , , , , , , , , , , , , , , , , , , , , , , , , , , , , , , , , , , , , , , , , , , , , , , , , , , , , , , , , , , , , , , , , , , , , , , , , , , , , , , , , , , , , ,4,355,2003,1056.5558606156442,25.0,994.0
2003240N21089,2003,64,NI,BB,UNNAMED,2003-08-27 12:00:00,TS,20.5,88.5,25,996,newdelhi,main,123,94,_____O_________, , , , , , , , ,-5, , , , , , , , , , , , , , , , , , , , , , , , , , , , , , , , , , , , , , , , , , , , , , , , , ,20.5,88.5,D,25,996,1.50000,4, , , , , , , , , , , , , , , , , , , , , , , , , , , , , , , , , , , , , , , , , , , , , , , , , , , , , , , , , , , , , , , , , , , , , , , , , , , , , , , , , , , , , , , , , , ,11,280,2003,287.10004904642835,25.0,996.0
2003240N21089,2003,64,NI,BB,UNNAMED,2003-08-27 15:00:00,TS,20.6,87.9, , , ,main,94,31,_____P_________, , , , , , , , ,-5, , , , , , , , , , , , , , , , , , , , , , , , , , , , , , , , , , , , , , , , , , , , , , , , , ,20.6,87.9,D, , , , , , , , , , , , , , , , , , , , , , , , , , , , , , , , , , , , , , , , , , , , , , , , , , , , , , , , , , , , , , , , , , , , , , , , , , , , , , , , , , , , , , , , , , , , , , ,11,280,2003,228.93982159888938,,
2003240N21089,2003,64,NI,BB,UNNAMED,2003-08-27 18:00:00,TS,20.7,87.3, , , ,main,31,0,_____P_________, , , , , , , , ,-5, , , , , , , , , , , , , , , , , , , , , , , , , , , , , , , , , , , , , , , , , , , , , , , , , ,20.7,87.3,D, , , , , , , , , , , , , , , , , , , , , , , , , , , , , , , , , , , , , , , , , , , , , , , , , , , , , , , , , , , , , , , , , , , , , , , , , , , , , , , , , , , , , , , , , , , , , , ,11,280,2003,174.68056604999387,,
2003240N21089,2003,64,NI,BB,UNNAMED,2003-08-27 21:00:00,TS,20.8,86.7, , , ,main,0,0,_____P_________, , , , , , , , ,-5, , , , , , , , , , , , , , , , , , , , , , , , , , , , , , , , , , , , , , , , , , , , , , , , , ,20.8,86.7,D, , , , , , , , , , , , , , , , , , , , , , , , , , , , , , , , , , , , , , , , , , , , , , , , , , , , , , , , , , , , , , , , , , , , , , , , , , , , , , , , , , , , , , , , , , , , , , ,11,280,2003,129.27168775625617,,
2003240N21089,2003,64,NI,BB,UNNAMED,2003-08-28 00:00:00,TS,20.9,86.1, , , ,main,0,0,_____P_________, , , , , , , , ,-5, , , , , , , , , , , , , , , , , , , , , , , , , , , , , , , , , , , , , , , , , , , , , , , , , ,20.9,86.1,D, , , , , , , , , , , , , , , , , , , , , , , , , , , , , , , , , , , , , , , , , , , , , , , , , , , , , , , , , , , , , , , , , , , , , , , , , , , , , , , , , , , , , , , , , , , , , , ,11,280,2003,104.84278768270353,,
2003240N21089,2003,64,NI,BB,UNNAMED,2003-08-28 03:00:00,TS,21.0,85.5,25,996,newdelhi,main,0,0,_____O_________, , , , , , , , ,-5, , , , , , , , , , , , , , , , , , , , , , , , , , , , , , , , , , , , , , , , , , , , , , , , , ,21.0,85.5,D,25,996,0.00000,4, , , , , , , , , , , , , , , , , , , , , , , , , , , , , , , , , , , , , , , , , , , , , , , , , , , , , , , , , , , , , , , , , , , , , , , , , , , , , , , , , , , , , , , , , , ,6,280,2003,115.50145536001173,25.0,996.0
2003240N21089,2003,64,NI,BB,UNNAMED,2003-08-28 06:00:00,TS,21.0,85.5, , , ,main,0,0,_____P_________, , , , , , , , ,-5, , , , , , , , , , , , , , , , , , , , , , , , , , , , , , , , , , , , , , , , , , , , , , , , , ,21.0,85.5,D,25,996, ,4, , , , , , , , , , , , , , , , , , , , , , , , , , , , , , , , , , , , , , , , , , , , , , , , , , , , , , , , , , , , , , , , , , , , , , , , , , , , , , , , , , , , , , , , , , ,0,0,2003,115.50145536001173,,
2003240N21089,2003,64,NI,BB,UNNAMED,2003-08-28 09:00:00,TS,21.0,85.5, , , ,main,0,0,_____P_________, , , , , , , , ,-5, , , , , , , , , , , , , , , , , , , , , , , , , , , , , , , , , , , , , , , , , , , , , , , , , ,21.0,85.5,D,25,996, ,4, , , , , , , , , , , , , , , , , , , , , , , , , , , , , , , , , , , , , , , , , , , , , , , , , , , , , , , , , , , , , , , , , , , , , , , , , , , , , , , , , , , , , , , , , , ,0,0,2003,115.50145536001173,,
2003240N21089,2003,64,NI,BB,UNNAMED,2003-08-28 12:00:00,TS,21.0,85.5,25,996,newdelhi,main,0, ,_____O_________, , , , , , , , ,-5, , , , , , , , , , , , , , , , , , , , , , , , , , , , , , , , , , , , , , , , , , , , , , , , , ,21.0,85.5,D,25,996,0.00000,4, , , , , , , , , , , , , , , , , , , , , , , , , , , , , , , , , , , , , , , , , , , , , , , , , , , , , , , , , , , , , , , , , , , , , , , , , , , , , , , , , , , , , , , , , , ,0,0,2003,115.50145536001173,25.0,996.0
2003279N17084,2003,81,NI,BB,UNNAMED,2003-10-06 03:00:00,TS,16.5,84.0,25,998,newdelhi,main,149,131,_____O_________, , , , , , , , ,-5, , , , , , , , , , , , , , , , , , , , , , , , , , , , , , , , , , , , , , , , , , , , , , , , , ,16.5,84.0,D,25,998,1.50000,4, , , , , , , , , , , , , , , , , , , , , , , , , , , , , , , , , , , , , , , , , , , , , , , , , , , , , , , , , , , , , , , , , , , , , , , , , , , , , , , , , , , , , , , , , , ,4,0,2003,433.10415686198576,25.0,998.0
2003279N17084,2003,81,NI,BB,UNNAMED,2003-10-06 06:00:00,TS,16.7,84.0, , , ,main,131,107,_____P_________, , , , , , , , ,-5, , , , , , , , , , , , , , , , , , , , , , , , , , , , , , , , , , , , , , , , , , , , , , , , , ,16.7,84.0,D,25,998, ,4, , , , , , , , , , , , , , , , , , , , , , , , , , , , , , , , , , , , , , , , , , , , , , , , , , , , , , , , , , , , , , , , , , , , , , , , , , , , , , , , , , , , , , , , , , ,5,0,2003,413.18723178600106,,
2003279N17084,2003,81,NI,BB,UNNAMED,2003-10-06 09:00:00,TS,17.0,84.0,25,998,newdelhi,main,107,69,_____O_________, , , , , , , , ,-5, , , , , , , , , , , , , , , , , , , , , , , , , , , , , , , , , , , , , , , , , , , , , , , , , ,17.0,84.0,D,25,998,1.50000,4, , , , , , , , , , , , , , , , , , , , , , , , , , , , , , , , , , , , , , , , , , , , , , , , , , , , , , , , , , , , , , , , , , , , , , , , , , , , , , , , , , , , , , , , , , ,8,0,2003,383.7896722184327,25.0,998.0
2003279N17084,2003,81,NI,BB,UNNAMED,2003-10-06 12:00:00,TS,17.5,84.0,25,998,newdelhi,main,69,30,_____O_________, , , , , , , , ,-5, , , , , , , , , , , , , , , , , , , , , , , , , , , , , , , , , , , , , , , , , , , , , , , , , ,17.5,84.0,D,25,998,1.50000,4, , , , , , , , , , , , , , , , , , , , , , , , , , , , , , , , , , , , , , , , , , , , , , , , , , , , , , , , , , , , , , , , , , , , , , , , , , , , , , , , , , , , , , , , , , ,10,355,2003,336.4374714686886,25.0,998.0
2003279N17084,2003,81,NI,BB,UNNAMED,2003-10-06 15:00:00,TS,17.9,83.9, , , ,main,30,0,_____P_________, , , , , , , , ,-5, , , , , , , , , , , , , , , , , , , , , , , , , , , , , , , , , , , , , , , , , , , , , , , , , ,17.9,83.9,D, , , , , , , , , , , , , , , , , , , , , , , , , , , , , , , , , , , , , , , , , , , , , , , , , , , , , , , , , , , , , , , , , , , , , , , , , , , , , , , , , , , , , , , , , , , , , , ,9,340,2003,307.32427428992685,,
2003279N17084,2003,81,NI,BB,UNNAMED,2003-10-06 18:00:00,TS,18.3,83.7, , , ,main,0,0,_____P_________, , , , , , , , ,-5, , , , , , , , , , , , , , , , , , , , , , , , , , , , , , , , , , , , , , , , , , , , , , , , , ,18.3,83.7,D, , , , , , , , , , , , , , , , , , , , , , , , , , , , , , , , , , , , , , , , , , , , , , , , , , , , , , , , , , , , , , , , , , , , , , , , , , , , , , , , , , , , , , , , , , , , , , ,8,325,2003,290.4932355192732,,
2003279N17084,2003,81,NI,BB,UNNAMED,2003-10-06 21:00:00,TS,18.6,83.4, , , ,main,0,0,_____P_________, , , , , , , , ,-5, , , , , , , , , , , , , , , , , , , , , , , , , , , , , , , , , , , , , , , , , , , , , , , , , ,18.6,83.4,D, , , , , , , , , , , , , , , , , , , , , , , , , , , , , , , , , , , , , , , , , , , , , , , , , , , , , , , , , , , , , , , , , , , , , , , , , , , , , , , , , , , , , , , , , , , , , , ,7,320,2003,296.0865921999508,,
2003279N17084,2003,81,NI,BB,UNNAMED,2003-10-07 00:00:00,TS,18.9,83.2, , , ,main,0,0,_____P_________, , , , , , , , ,-5, , , , , , , , , , , , , , , , , , , , , , , , , , , , , , , , , , , , , , , , , , , , , , , , , ,18.9,83.2,D, , , , , , , , , , , , , , , , , , , , , , , , , , , , , , , , , , , , , , , , , , , , , , , , , , , , , , , , , , , , , , , , , , , , , , , , , , , , , , , , , , , , , , , , , , , , , , ,5,315,2003,298.78334942382776,,
2003279N17084,2003,81,NI,BB,UNNAMED,2003-10-07 03:00:00,TS,19.0,83.0,25,998,newdelhi,main,0,0,_____O_________, , , , , , , , ,-5, , , , , , , , , , , , , , , , , , , , , , , , , , , , , , , , , , , , , , , , , , , , , , , , , ,19.0,83.0,D,25,998,0.00000,4, , , , , , , , , , , , , , , , , , , , , , , , , , , , , , , , , , , , , , , , , , , , , , , , , , , , , , , , , , , , , , , , , , , , , , , , , , , , , , , , , , , , , , , , , , ,2,305,2003,313.83798926500697,25.0,998.0
2003279N17084,2003,81,NI,BB,UNNAMED,2003-10-07 06:00:00,TS,19.0,83.0, , , ,main,0,0,_____P_________, , , , , , , , ,-5, , , , , , , , , , , , , , , , , , , , , , , , , , , , , , , , , , , , , , , , , , , , , , , , , ,19.0,83.0,D,25,998, ,4, , , , , , , , , , , , , , , , , , , , , , , , , , , , , , , , , , , , , , , , , , , , , , , , , , , , , , , , , , , , , , , , , , , , , , , , , , , , , , , , , , , , , , , , , , ,0,210,2003,313.83798926500697,,
2003279N17084,2003,81,NI,BB,UNNAMED,2003-10-07 09:00:00,TS,19.0,83.0, , , ,main,0,0,_____P_________, , , , , , , , ,-5, , , , , , , , , , , , , , , , , , , , , , , , , , , , , , , , , , , , , , , , , , , , , , , , , ,19.0,83.0,D,25,998, ,4, , , , , , , , , , , , , , , , , , , , , , , , , , , , , , , , , , , , , , , , , , , , , , , , , , , , , , , , , , , , , , , , , , , , , , , , , , , , , , , , , , , , , , , , , , ,0,0,2003,313.83798926500697,,
2003279N17084,2003,81,NI,BB,UNNAMED,2003-10-07 12:00:00,TS,19.0,83.0,25,998,newdelhi,main,0,0,_____O_________, , , , , , , , ,-5, , , , , , , , , , , , , , , , , , , , , , , , , , , , , , , , , , , , , , , , , , , , , , , , , ,19.0,83.0,D,25,998,0.00000,4, , , , , , , , , , , , , , , , , , , , , , , , , , , , , , , , , , , , , , , , , , , , , , , , , , , , , , , , , , , , , , , , , , , , , , , , , , , , , , , , , , , , , , , , , , ,4,330,2003,313.83798926500697,25.0,998.0
2003279N17084,2003,81,NI,BB,UNNAMED,2003-10-07 15:00:00,TS,19.3,82.8, , , ,main,0,0,_____P_________, , , , , , , , ,-5, , , , , , , , , , , , , , , , , , , , , , , , , , , , , , , , , , , , , , , , , , , , , , , , , ,19.3,82.8,D, , , , , , , , , , , , , , , , , , , , , , , , , , , , , , , , , , , , , , , , , , , , , , , , , , , , , , , , , , , , , , , , , , , , , , , , , , , , , , , , , , , , , , , , , , , , , , ,8,330,2003,323.650544342665,,
2003279N17084,2003,81,NI,BB,UNNAMED,2003-10-07 18:00:00,TS,19.7,82.6, , , ,main,0,0,_____P_________, , , , , , , , ,-5, , , , , , , , , , , , , , , , , , , , , , , , , , , , , , , , , , , , , , , , , , , , , , , , , ,19.7,82.6,D, , , , , , , , , , , , , , , , , , , , , , , , , , , , , , , , , , , , , , , , , , , , , , , , , , , , , , , , , , , , , , , , , , , , , , , , , , , , , , , , , , , , , , , , , , , , , , ,10,335,2003,336.3352511449889,,
2003279N17084,2003,81,NI,BB,UNNAMED,2003-10-07 21:00:00,TS,20.2,82.4, , , ,main,0,0,_____P_________, , , , , , , , ,-5, , , , , , , , , , , , , , , , , , , , , , , , , , , , , , , , , , , , , , , , , , , , , , , , , ,20.2,82.4,D, , , , , , , , , , , , , , , , , , , , , , , , , , , , , , , , , , , , , , , , , , , , , , , , , , , , , , , , , , , , , , , , , , , , , , , , , , , , , , , , , , , , , , , , , , , , , , ,10,345,2003,355.72598910878094,,
2003279N17084,2003,81,NI,BB,UNNAMED,2003-10-08 00:00:00,TS,20.6,82.3, , , ,main,0,0,_____P_________, , , , , , , , ,-5, , , , , , , , , , , , , , , , , , , , , , , , , , , , , , , , , , , , , , , , , , , , , , , , , ,20.6,82.3,D, , , , , , , , , , , , , , , , , , , , , , , , , , , , , , , , , , , , , , , , , , , , , , , , , , , , , , , , , , , , , , , , , , , , , , , , , , , , , , , , , , , , , , , , , , , , , , ,9,10,2003,371.0478968405846,,
2003279N17084,2003,81,NI,BB,UNNAMED,2003-10-08 03:00:00,TS,21.0,82.5,25,998,newdelhi,main,0,0,_____O_________, , , , , , , , ,-5, , , , , , , , , , , , , , , , , , , , , , , , , , , , , , , , , , , , , , , , , , , , , , , , , ,21.0,82.5,D,25,998,0.00000,4, , , , , , , , , , , , , , , , , , , , , , , , , , , , , , , , , , , , , , , , , , , , , , , , , , , , , , , , , , , , , , , , , , , , , , , , , , , , , , , , , , , , , , , , , , ,9,50,2003,361.23337349048137,25.0,998.0
2003279N17084,2003,81,NI,BB,UNNAMED,2003-10-08 06:00:00,TS,21.2,83.1, , , ,main,0,0,_____P_________, , , , , , , , ,-5, , , , , , , , , , , , , , , , , , , , , , , , , , , , , , , , , , , , , , , , , , , , , , , , , ,21.2,83.1,D,25,999, ,4, , , , , , , , , , , , , , , , , , , , , , , , , , , , , , , , , , , , , , , , , , , , , , , , , , , , , , , , , , , , , , , , , , , , , , , , , , , , , , , , , , , , , , , , , , ,13,75,2003,311.0890172701367,,
2003279N17084,2003,81,NI,BB,UNNAMED,2003-10-08 09:00:00,TS,21.3,83.8, , , ,main,0,0,_____P_________, , , , , , , , ,-5, , , , , , , , , , , , , , , , , , , , , , , , , , , , , , , , , , , , , , , , , , , , , , , , , ,21.3,83.8,D,25,999, ,4, , , , , , , , , , , , , , , , , , , , , , , , , , , , , , , , , , , , , , , , , , , , , , , , , , , , , , , , , , , , , , , , , , , , , , , , , , , , , , , , , , , , , , , , , , ,14,75,2003,253.37490311053733,,
2003279N17084,2003,81,NI,BB,UNNAMED,2003-10-08 12:00:00,TS,21.5,84.5,25,1000,newdelhi,main,0,0,_____O_________, , , , , , , , ,-5, , , , , , , , , , , , , , , , , , , , , , , , , , , , , , , , , , , , , , , , , , , , , , , , , ,21.5,84.5,D,25,1000,0.00000,4, , , , , , , , , , , , , , , , , , , , , , , , , , , , , , , , , , , , , , , , , , , , , , , , , , , , , , , , , , , , , , , , , , , , , , , , , , , , , , , , , , , , , , , , , , ,12,65,2003,214.6879719136237,25.0,1000.0
2003279N17084,2003,81,NI,BB,UNNAMED,2003-10-08 15:00:00,TS,21.8,84.9, , , ,main,0,0,_____P_________, , , , , , , , ,-5, , , , , , , , , , , , , , , , , , , , , , , , , , , , , , , , , , , , , , , , , , , , , , , , , ,21.8,84.9,D, , , , , , , , , , , , , , , , , , , , , , , , , , , , , , , , , , , , , , , , , , , , , , , , , , , , , , , , , , , , , , , , , , , , , , , , , , , , , , , , , , , , , , , , , , , , , , ,10,50,2003,220.9069158102777,,
2003279N17084,2003,81,NI,BB,UNNAMED,2003-10-08 18:00:00,TS,22.1,85.3, , , ,main,0,0,_____P_________, , , , , , , , ,-5, , , , , , , , , , , , , , , , , , , , , , , , , , , , , , , , , , , , , , , , , , , , , , , , , ,22.1,85.3,D, , , , , , , , , , , , , , , , , , , , , , , , , , , , , , , , , , , , , , , , , , , , , , , , , , , , , , , , , , , , , , , , , , , , , , , , , , , , , , , , , , , , , , , , , , , , , , ,9,35,2003,239.20382236699245,,
2003279N17084,2003,81,NI,BB,UNNAMED,2003-10-08 21:00:00,TS,22.6,85.5, , , ,main,0,0,_____P_________, , , , , , , , ,-5, , , , , , , , , , , , , , , , , , , , , , , , , , , , , , , , , , , , , , , , , , , , , , , , , ,22.6,85.5,D, , , , , , , , , , , , , , , , , , , , , , , , , , , , , , , , , , , , , , , , , , , , , , , , , , , , , , , , , , , , , , , , , , , , , , , , , , , , , , , , , , , , , , , , , , , , , , ,10,25,2003,290.7721781047541,,
2003279N17084,2003,81,NI,BB,UNNAMED,2003-10-09 00:00:00,TS,23.0,85.8, , , ,main,0,0,_____P_________, , , , , , , , ,-5, , , , , , , , , , , , , , , , , , , , , , , , , , , , , , , , , , , , , , , , , , , , , , , , , ,23.0,85.8,D, , , , , , , , , , , , , , , , , , , , , , , , , , , , , , , , , , , , , , , , , , , , , , , , , , , , , , , , , , , , , , , , , , , , , , , , , , , , , , , , , , , , , , , , , , , , , , ,10,25,2003,333.5847799336762,,
2003279N17084,2003,81,NI,BB,UNNAMED,2003-10-09 03:00:00,TS,23.5,86.0,25,1000,newdelhi,main,0,0,_____O_________, , , , , , , , ,-5, , , , , , , , , , , , , , , , , , , , , , , , , , , , , , , , , , , , , , , , , , , , , , , , , ,23.5,86.0,D,25,1000,0.00000,4, , , , , , , , , , , , , , , , , , , , , , , , , , , , , , , , , , , , , , , , , , , , , , , , , , , , , , , , , , , , , , , , , , , , , , , , , , , , , , , , , , , , , , , , , , ,11,25,2003,389.7297572411599,25.0,1000.0
2003279N17084,2003,81,NI,BB,UNNAMED,2003-10-09 06:00:00,TS,24.0,86.3, , , ,main,0,0,_____P_________, , , , , , , , ,-5, , , , , , , , , , , , , , , , , , , , , , , , , , , , , , , , , , , , , , , , , , , , , , , , , ,24.0,86.3,D,25,1000, ,4, , , , , , , , , , , , , , , , , , , , , , , , , , , , , , , , , , , , , , , , , , , , , , , , , , , , , , , , , , , , , , , , , , , , , , , , , , , , , , , , , , , , , , , , , , ,12,30,2003,447.75516026755105,,
2003279N17084,2003,81,NI,BB,UNNAMED,2003-10-09 09:00:00,TS,24.5,86.6, , , ,main,0,0,_____P_________, , , , , , , , ,-5, , , , , , , , , , , , , , , , , , , , , , , , , , , , , , , , , , , , , , , , , , , , , , , , , ,24.5,86.6,D,25,1000, ,4, , , , , , , , , , , , , , , , , , , , , , , , , , , , , , , , , , , , , , , , , , , , , , , , , , , , , , , , , , , , , , , , , , , , , , , , , , , , , , , , , , , , , , , , , , ,12,30,2003,507.10025932978095,,
2003279N17084,2003,81,NI,BB,UNNAMED,2003-10-09 12:00:00,TS,25.0,87.0,25,1000,newdelhi,main,0, ,_____O_________, , , , , , , , ,-5, , , , , , , , , , , , , , , , , , , , , , , , , , , , , , , , , , , , , , , , , , , , , , , , , ,25.0,87.0,D,25,1000,0.00000,4, , , , , , , , , , , , , , , , , , , , , , , , , , , , , , , , , , , , , , , , , , , , , , , , , , , , , , , , , , , , , , , , , , , , , , , , , , , , , , , , , , , , , , , , , , ,12,35,2003,569.464908998966,25.0,1000.0
2003295N09101,2003,90,WP,MM,UNNAMED,2003-10-21 12:00:00,TS,9.1,101.4, , , ,main,153,153,O______________,jtwc_wp,WP232003,9.1,101.4, ,TD,25,1002,-1, , , , , , , , , , , , , , , , , , , , , , , , , , , , , , , , , , , , , , , , , , , , , , , , , , , , , , , , , , , , , , , , , , , , , , , , , , , , , , , , , , , , , , , , , , , , , , , , , , , , , , , , , , , , , , , , , , , , , , , , , , , , , , , , , , , , , , , , , , , , , , , , , , ,3,0,2003,2068.023475931969,25.0,1002.0
2003295N09101,2003,90,WP,MM,UNNAMED,2003-10-21 15:00:00,TS,9.3,101.4, , , ,main,166,166,P______________, ,WP232003,9.3,101.4, ,TD,25,1002,-1, , , , , , , , , , , , , , , , , , , , , , , , , , , , , , , , , , , , , , , , , , , , , , , , , , , , , , , , , , , , , , , , , , , , , , , , , , , , , , , , , , , , , , , , , , , , , , , , , , , , , , , , , , , , , , , , , , , , , , , , , , , , , , , , , , , , , , , , , , , , , , , , , , ,3,0,2003,2054.528957307781,25.0,1002.0
2003295N09101,2003,90,WP,MM,UNNAMED,2003-10-21 18:00:00,TS,9.4,101.4, , , ,main,173,173,O______________,jtwc_wp,WP232003,9.4,101.4, ,TD,25,1002,-1, , , , , , , , , , , , ,1008,130,60, , , , , , , , , , , , , , , , , , , , , , , , , , , , , , , , , , , , , , , , , , , , , , , , , , , , , , , , , , , , , , , , , , , , , , , , , , , , , , , , , , , , , , , , , , , , , , , , , , , , , , , , , , , , , , , , , , , , , , , , , , , , , , , , , , , ,2,0,2003,2047.8369081411613,25.0,1002.0
2003295N09101,2003,90,WP,MM,UNNAMED,2003-10-21 21:00:00,TS,9.5,101.4, , , ,main,177,177,P______________, ,WP232003,9.5,101.4, ,TD,25,1002,-1, , , , , , , , , , , , ,1008,130,60, , , , , , , , , , , , , , , , , , , , , , , , , , , , , , , , , , , , , , , , , , , , , , , , , , , , , , , , , , , , , , , , , , , , , , , , , , , , , , , , , , , , , , , , , , , , , , , , , , , , , , , , , , , , , , , , , , , , , , , , , , , , , , , , , , , ,1,0,2003,2041.1821495781364,25.0,1002.0
2003295N09101,2003,90,WP,MM,UNNAMED,2003-10-22 00:00:00,TS,9.5,101.4, , , ,main,177,177,O______________,jtwc_wp,WP232003,9.5,101.4, ,TD,25,1002,-1, , , , , , , , , , , , ,1008,130,60, , , , , , , , , , , , , , , , , , , , , , , , , , , , , , , , , , , , , , , , , , , , , , , , , , , , , , , , , , , , , , , , , , , , , , , , , , , , , , , , , , , , , , , , , , , , , , , , , , , , , , , , , , , , , , , , , , , , , , , , , , , , , , , , , , , ,1,15,2003,2041.1821495781364,25.0,1002.0
2003295N09101,2003,90,WP,MM,UNNAMED,2003-10-22 03:00:00,TS,9.5,101.4, , , ,main,181,181,P______________, ,WP232003,9.5,101.4, ,TD,25,1002,-1, , , , , , , , , , , , ,1006,130,60, , , , , , , , , , , , , , , , , , , , , , , , , , , , , , , , , , , , , , , , , , , , , , , , , , , , , , , , , , , , , , , , , , , , , , , , , , , , , , , , , , , , , , , , , , , , , , , , , , , , , , , , , , , , , , , , , , , , , , , , , , , , , , , , , , , ,1,0,2003,2041.1821495781364,25.0,1002.0
2003295N09101,2003,90,WP,MM,UNNAMED,2003-10-22 06:00:00,TS,9.6,101.4, , , ,main,181,181,O______________,jtwc_wp,WP232003,9.6,101.4, ,TD,25,1002,-1, , , , , , , , , , , , ,1004,130,60, , , , , , , , , , , , , , , , , , , , , , , , , , , , , , , , , , , , , , , , , , , , , , , , , , , , , , , , , , , , , , , , , , , , , , , , , , , , , , , , , , , , , , , , , , , , , , , , , , , , , , , , , , , , , , , , , , , , , , , , , , , , , , , , , , , ,1,330,2003,2034.5650478991354,25.0,1002.0
2003295N09101,2003,90,WP,MM,UNNAMED,2003-10-22 09:00:00,TS,9.6,101.4, , , ,main,181,170,P______________, ,WP232003,9.6,101.4, ,TD,28,1001,-1, , , , , , , , , , , , , , , , , , , , , , , , , , , , , , , , , , , , , , , , , , , , , , , , , , , , , , , , , , , , , , , , , , , , , , , , , , , , , , , , , , , , , , , , , , , , , , , , , , , , , , , , , , , , , , , , , , , , , , , , , , , , , , , , , , , , , , , , , , , , , , , , , , ,1,315,2003,2034.5650478991354,28.0,1001.0
2003295N09101,2003,90,WP,MM,UNNAMED,2003-10-22 12:00:00,TS,9.7,101.3, , , ,main,173,173,O______________,jtwc_wp,WP232003,9.7,101.3, ,TD,30,1000,-1, , , , , , , , , , , , , , , , , , , , , , , , , , , , , , , , , , , , , , , , , , , , , , , , , , , , , , , , , , , , , , , , , , , , , , , , , , , , , , , , , , , , , , , , , , , , , , , , , , , , , , , , , , , , , , , , , , , , , , , , , , , , , , , , , , , , , , , , , , , , , , , , , , ,2,350,2003,2019.1450532957538,30.0,1000.0
2003295N09101,2003,90,WP,MM,UNNAMED,2003-10-22 15:00:00,TS,9.8,101.3, , , ,main,177,177,P______________, ,WP232003,9.8,101.3, ,TD,28,1001,-1, , , , , , , , , , , , , , , , , , , , , , , , , , , , , , , , , , , , , , , , , , , , , , , , , , , , , , , , , , , , , , , , , , , , , , , , , , , , , , , , , , , , , , , , , , , , , , , , , , , , , , , , , , , , , , , , , , , , , , , , , , , , , , , , , , , , , , , , , , , , , , , , , , ,2,10,2003,2012.5792812032457,28.0,1001.0
2003295N09101,2003,90,WP,MM,UNNAMED,2003-10-22 18:00:00,TS,9.9,101.3, , , ,main,182,177,O______________,jtwc_wp,WP232003,9.9,101.3, ,TD,25,1002,-1, , , , , , , , , , , , , , , , , , , , , , , , , , , , , , , , , , , , , , , , , , , , , , , , , , , , , , , , , , , , , , , , , , , , , , , , , , , , , , , , , , , , , , , , , , , , , , , , , , , , , , , , , , , , , , , , , , , , , , , , , , , , , , , , , , , , , , , , , , , , , , , , , , ,2,335,2003,2006.052306294026,25.0,1002.0
2003295N09101,2003,90,WP,MM,UNNAMED,2003-10-22 21:00:00,TS,10.0,101.2, , , ,main,177,168,P______________, ,WP232003,10.0,101.2, ,TD,25,1002,-1, , , , , , , , , , , , , , , , , , , , , , , , , , , , , , , , , , , , , , , , , , , , , , , , , , , , , , , , , , , , , , , , , , , , , , , , , , , , , , , , , , , , , , , , , , , , , , , , , , , , , , , , , , , , , , , , , , , , , , , , , , , , , , , , , , , , , , , , , , , , , , , , , , ,3,315,2003,1990.6660791447725,25.0,1002.0
2003295N09101,2003,90,WP,MM,UNNAMED,2003-10-23 00:00:00,TS,10.1,101.1, , , ,main,174,172,O______________,jtwc_wp,WP232003,10.1,101.1, ,TD,25,1002,-1, , , , , , , , , , , , , , , , , , , , , , , , , , , , , , , , , , , , , , , , , , , , , , , , , , , , , , , , , , , , , , , , , , , , , , , , , , , , , , , , , , , , , , , , , , , , , , , , , , , , , , , , , , , , , , , , , , , , , , , , , , , , , , , , , , , , , , , , , , , , , , , , , , ,3,325,2003,1975.286751652142,25.0,1002.0
2003295N09101,2003,90,WP,MM,UNNAMED,2003-10-23 03:00:00,TS,10.2,101.0, , , ,main,172,172,P______________, ,WP232003,10.2,101.0, ,TD,25,1002,-1, , , , , , , , , , , , , , , , , , , , , , , , , , , , , , , , , , , , , , , , , , , , , , , , , , , , , , , , , , , , , , , , , , , , , , , , , , , , , , , , , , , , , , , , , , , , , , , , , , , , , , , , , , , , , , , , , , , , , , , , , , , , , , , , , , , , , , , , , , , , , , , , , , ,3,345,2003,1959.9144667726266,25.0,1002.0
2003295N09101,2003,90,WP,MM,UNNAMED,2003-10-23 06:00:00,TS,10.4,101.0, , , ,main,173,170,O______________,jtwc_wp,WP232003,10.4,101.0, ,TD,25,1002,-1, , , , , , , , , , , , , , , , , , , , , , , , , , , , , , , , , , , , , , , , , , , , , , , , , , , , , , , , , , , , , , , , , , , , , , , , , , , , , , , , , , , , , , , , , , , , , , , , , , , , , , , , , , , , , , , , , , , , , , , , , , , , , , , , , , , , , , , , , , , , , , , , , , ,3,350,2003,1947.067439080417,25.0,1002.0
2003295N09101,2003,90,WP,MM,UNNAMED,2003-10-23 09:00:00,TS,10.5,101.0, , , ,main,170,162,P______________, ,WP232003,10.5,101.0, ,TD,25,1002,-1, , , , , , , , , , , , , , , , , , , , , , , , , , , , , , , , , , , , , , , , , , , , , , , , , , , , , , , , , , , , , , , , , , , , , , , , , , , , , , , , , , , , , , , , , , , , , , , , , , , , , , , , , , , , , , , , , , , , , , , , , , , , , , , , , , , , , , , , , , , , , , , , , , ,3,0,2003,1940.7055924497367,25.0,1002.0
2003295N09101,2003,90,WP,MM,UNNAMED,2003-10-23 12:00:00,TS,10.7,101.0, , , ,main,162,159,O______________,jtwc_wp,WP232003,10.7,101.0, ,TD,25,1002,-1, , , , , , , , , , , , ,1004,130,60, , , , , , , , , , , , , , , , , , , , , , , , , , , , , , , , , , , , , , , , , , , , , , , , , , , , , , , , , , , , , , , , , , , , , , , , , , , , , , , , , , , , , , , , , , , , , , , , , , , , , , , , , , , , , , , , , , , , , , , , , , , , , , , , , , , ,3,15,2003,1928.1072700014874,25.0,1002.0
2003295N09101,2003,90,WP,MM,UNNAMED,2003-10-23 15:00:00,TS,10.8,101.1, , , ,main,169,165,P______________, ,WP232003,10.8,101.1, ,TD,25,1002,-1, , , , , , , , , , , , ,1004,130,60, , , , , , , , , , , , , , , , , , , , , , , , , , , , , , , , , , , , , , , , , , , , , , , , , , , , , , , , , , , , , , , , , , , , , , , , , , , , , , , , , , , , , , , , , , , , , , , , , , , , , , , , , , , , , , , , , , , , , , , , , , , , , , , , , , , ,3,15,2003,1930.9375963178902,25.0,1002.0
2003295N09101,2003,90,WP,MM,UNNAMED,2003-10-23 18:00:00,TS,11.0,101.1, , , ,main,165,157,O______________,jtwc_wp,WP232003,11.0,101.1, ,TD,25,1002,-1, , , , , , , , , , , , ,1004,130,60, , , , , , , , , , , , , , , , , , , , , , , , , , , , , , , , , , , , , , , , , , , , , , , , , , , , , , , , , , , , , , , , , , , , , , , , , , , , , , , , , , , , , , , , , , , , , , , , , , , , , , , , , , , , , , , , , , , , , , , , , , , , , , , , , , , ,4,5,2003,1918.6458068468532,25.0,1002.0
2003295N09101,2003,90,WP,MM,UNNAMED,2003-10-23 21:00:00,TS,11.2,101.1, , , ,main,157,134,P______________, ,WP232003,11.2,101.1, ,TD,25,1002,-1, , , , , , , , , , , , ,1004,130,55, , , , , , , , , , , , , , , , , , , , , , , , , , , , , , , , , , , , , , , , , , , , , , , , , , , , , , , , , , , , , , , , , , , , , , , , , , , , , , , , , , , , , , , , , , , , , , , , , , , , , , , , , , , , , , , , , , , , , , , , , , , , , , , , , , , ,4,345,2003,1906.5286739409144,25.0,1002.0
2003295N09101,2003,90,WP,MM,UNNAMED,2003-10-24 00:00:00,TS,11.4,101.0, , , ,main,134,123,O______________,jtwc_wp,WP232003,11.4,101.0, ,TD,25,1002,-1, , , , , , , , , , , , ,1004,130,50, , , , , , , , , , , , , , , , , , , , , , , , , , , , , , , , , , , , , , , , , , , , , , , , , , , , , , , , , , , , , , , , , , , , , , , , , , , , , , , , , , , , , , , , , , , , , , , , , , , , , , , , , , , , , , , , , , , , , , , , , , , , , , , , , , , ,4,340,2003,1885.3731138429396,25.0,1002.0
2003295N09101,2003,90,WP,MM,UNNAMED,2003-10-24 03:00:00,TS,11.5,100.9, , , ,main,123,101,P______________, ,WP232003,11.5,100.9, ,TD,25,1002,-1, , , , , , , , , , , , ,1004,130,50, , , , , , , , , , , , , , , , , , , , , , , , , , , , , , , , , , , , , , , , , , , , , , , , , , , , , , , , , , , , , , , , , , , , , , , , , , , , , , , , , , , , , , , , , , , , , , , , , , , , , , , , , , , , , , , , , , , , , , , , , , , , , , , , , , , ,4,325,2003,1870.2205798243576,25.0,1002.0
2003295N09101,2003,90,WP,MM,UNNAMED,2003-10-24 06:00:00,TS,11.7,100.8, , , ,main,101,73,O______________,jtwc_wp,WP232003,11.7,100.8, ,TD,25,1002,-1, , , , , , , , , , , , ,1004,130,50, , , , , , , , , , , , , , , , , , , , , , , , , , , , , , , , , , , , , , , , , , , , , , , , , , , , , , , , , , , , , , , , , , , , , , , , , , , , , , , , , , , , , , , , , , , , , , , , , , , , , , , , , , , , , , , , , , , , , , , , , , , , , , , , , , , ,5,315,2003,1849.1949497305898,25.0,1002.0
2003295N09101,2003,90,WP,MM,UNNAMED,2003-10-24 09:00:00,TS,11.9,100.6, , , ,main,73,34,P______________, ,WP232003,11.9,100.6, ,TD,25,1002,-1, , , , , , , , , , , , ,1004,130,50, , , , , , , , , , , , , , , , , , , , , , , , , , , , , , , , , , , , , , , , , , , , , , , , , , , , , , , , , , , , , , , , , , , , , , , , , , , , , , , , , , , , , , , , , , , , , , , , , , , , , , , , , , , , , , , , , , , , , , , , , , , , , , , , , , , ,6,310,2003,1818.9909239475442,25.0,1002.0
2003295N09101,2003,90,WP,MM,UNNAMED,2003-10-24 12:00:00,TS,12.1,100.3, , , ,main,34,0,O______________,jtwc_wp,WP232003,12.1,100.3, ,TD,25,1002,-1, , , , , , , , , , , , ,1004,130,50, , , , , , , , , , , , , , , , , , , , , , , , , , , , , , , , , , , , , , , , , , , , , , , , , , , , , , , , , , , , , , , , , , , , , , , , , , , , , , , , , , , , , , , , , , , , , , , , , , , , , , , , , , , , , , , , , , , , , , , , , , , , , , , , , , , ,7,305,2003,1779.550552164471,25.0,1002.0
2003295N09101,2003,90,NI,BB,UNNAMED,2003-10-24 15:00:00,TS,12.3,100.0, , , ,main,0,0,P______________, ,WP232003,12.3,100.0, ,TD,25,1002,-1, , , , , , , , , , , , , , , , , , , , , , , , , , , , , , , , , , , , , , , , , , , , , , , , , , , , , , , , , , , , , , , , , , , , , , , , , , , , , , , , , , , , , , , , , , , , , , , , , , , , , , , , , , , , , , , , , , , , , , , , , , , , , , , , , , , , , , , , , , , , , , , , , , ,8,300,2003,1740.135317866173,25.0,1002.0
2003295N09101,2003,90,NI,BB,UNNAMED,2003-10-24 18:00:00,TS,12.5,99.6, , , ,main,0,0,O______________,jtwc_wp,WP232003,12.5,99.6, ,TD,25,1002,-1, , , , , , , , , , , , , , , , , , , , , , , , , , , , , , , , , , , , , , , , , , , , , , , , , , , , , , , , , , , , , , , , , , , , , , , , , , , , , , , , , , , , , , , , , , , , , , , , , , , , , , , , , , , , , , , , , , , , , , , , , , , , , , , , , , , , , , , , , , , , , , , , , , ,8,280,2003,1691.4640757263026,25.0,1002.0
2003295N09101,2003,90,NI,BB,UNNAMED,2003-10-24 21:00:00,TS,12.5,99.1, , , ,main,0,0,P______________, ,WP232003,12.5,99.1, ,TD,25,1002,-1, , , , , , , , , , , , , , , , , , , , , , , , , , , , , , , , , , , , , , , , , , , , , , , , , , , , , , , , , , , , , , , , , , , , , , , , , , , , , , , , , , , , , , , , , , , , , , , , , , , , , , , , , , , , , , , , , , , , , , , , , , , , , , , , , , , , , , , , , , , , , , , , , , ,10,265,2003,1645.3036833766075,25.0,1002.0
2003295N09101,2003,90,NI,BB,UNNAMED,2003-10-25 00:00:00,TS,12.4,98.6, , , ,main,0,0,O______________,jtwc_wp,WP232003,12.4,98.6, ,TD,25,1002,-1, , , , , , , , , , , , , , , , , , , , , , , , , , , , , , , , , , , , , , , , , , , , , , , , , , , , , , , , , , , , , , , , , , , , , , , , , , , , , , , , , , , , , , , , , , , , , , , , , , , , , , , , , , , , , , , , , , , , , , , , , , , , , , , , , , , , , , , , , , , , , , , , , , ,11,265,2003,1605.6799500946327,25.0,1002.0
2003295N09101,2003,90,NI,BB,UNNAMED,2003-10-25 03:00:00,TS,12.4,98.0, , , ,main,65,65,P______________, ,WP232003,12.4,98.0, ,TD,25,1002,-1, , , , , , , , , , , , , , , , , , , , , , , , , , , , , , , , , , , , , , , , , , , , , , , , , , , , , , , , , , , , , , , , , , , , , , , , , , , , , , , , , , , , , , , , , , , , , , , , , , , , , , , , , , , , , , , , , , , , , , , , , , , , , , , , , , , , , , , , , , , , , , , , , , ,12,275,2003,1551.6445073467137,25.0,1002.0
2003295N09101,2003,90,NI,BB,UNNAMED,2003-10-25 06:00:00,TS,12.5,97.4, , , ,main,130,130,O______________,jtwc_wp,WP232003,12.5,97.4, ,TD,25,1002,-1, , , , , , , , , , , , ,1004,130,50, , , , , , , , , , , , , , , , , , , , , , , , , , , , , , , , , , , , , , , , , , , , , , , , , , , , , , , , , , , , , , , , , , , , , , , , , , , , , , , , , , , , , , , , , , , , , , , , , , , , , , , , , , , , , , , , , , , , , , , , , , , , , , , , , , , ,13,290,2003,1491.9091903479077,25.0,1002.0
2003295N09101,2003,90,NI,BB,UNNAMED,2003-10-25 09:00:00,TS,12.8,96.8, , , ,main,166,166,P______________, ,WP232003,12.8,96.8, ,TD,25,1002,-1, , , , , , , , , , , , ,1004,130,50, , , , , , , , , , , , , , , , , , , , , , , , , , , , , , , , , , , , , , , , , , , , , , , , , , , , , , , , , , , , , , , , , , , , , , , , , , , , , , , , , , , , , , , , , , , , , , , , , , , , , , , , , , , , , , , , , , , , , , , , , , , , , , , , , , , ,13,295,2003,1419.5637216055532,25.0,1002.0
2003295N09101,2003,90,NI,BB,UNNAMED,2003-10-25 12:00:00,TS,13.1,96.2, , , ,main,213,213,O______________,jtwc_wp,WP232003,13.1,96.2, ,TD,25,1002,-1, , , , , , , , , , , , ,1004,130,50, , , , , , , , , , , , , , , , , , , , , , , , , , , , , , , , , , , , , , , , , , , , , , , , , , , , , , , , , , , , , , , , , , , , , , , , , , , , , , , , , , , , , , , , , , , , , , , , , , , , , , , , , , , , , , , , , , , , , , , , , , , , , , , , , , , ,12,290,2003,1347.3389523093954,25.0,1002.0
2003295N09101,2003,90,NI,BB,UNNAMED,2003-10-25 15:00:00,TS,13.2,95.6, , , ,main,274,274,P______________, ,WP232003,13.2,95.6, ,TD,25,1002,-1, , , , , , , , , , , , ,1004,130,50, , , , , , , , , , , , , , , , , , , , , , , , , , , , , , , , , , , , , , , , , , , , , , , , , , , , , , , , , , , , , , , , , , , , , , , , , , , , , , , , , , , , , , , , , , , , , , , , , , , , , , , , , , , , , , , , , , , , , , , , , , , , , , , , , , , ,11,275,2003,1288.578675754631,25.0,1002.0
2003295N09101,2003,90,NI,BB,UNNAMED,2003-10-25 18:00:00,TS,13.2,95.1, , , ,main,280,279,O______________,jtwc_wp,WP232003,13.2,95.1, ,TD,25,1002,-1, , , , , , , , , , , , ,1004,130,50, , , , , , , , , , , , , , , , , , , , , , , , , , , , , , , , , , , , , , , , , , , , , , , , , , , , , , , , , , , , , , , , , , , , , , , , , , , , , , , , , , , , , , , , , , , , , , , , , , , , , , , , , , , , , , , , , , , , , , , , , , , , , , , , , , , ,10,270,2003,1245.8715199879696,25.0,1002.0
2003295N09101,2003,90,NI,BB,UNNAMED,2003-10-25 21:00:00,TS,13.2,94.6, , , ,main,283,283,P______________, ,WP232003,13.2,94.6, ,TD,25,1002,-1, , , , , , , , , , , , ,1004,130,50, , , , , , , , , , , , , , , , , , , , , , , , , , , , , , , , , , , , , , , , , , , , , , , , , , , , , , , , , , , , , , , , , , , , , , , , , , , , , , , , , , , , , , , , , , , , , , , , , , , , , , , , , , , , , , , , , , , , , , , , , , , , , , , , , , , ,10,270,2003,1204.0015157403946,25.0,1002.0
2003295N09101,2003,90,NI,BB,UNNAMED,2003-10-26 00:00:00,TS,13.2,94.1, , , ,main,292,292,O______________,jtwc_wp,WP232003,13.2,94.1, ,TD,25,1002,-1, , , , , , , , , , , , ,1004,130,50, , , , , , , , , , , , , , , , , , , , , , , , , , , , , , , , , , , , , , , , , , , , , , , , , , , , , , , , , , , , , , , , , , , , , , , , , , , , , , , , , , , , , , , , , , , , , , , , , , , , , , , , , , , , , , , , , , , , , , , , , , , , , , , , , , , ,9,275,2003,1163.0593575868288,25.0,1002.0
2003295N09101,2003,90,NI,BB,UNNAMED,2003-10-26 03:00:00,TS,13.2,93.7, , , ,main,300,289,P______________, ,WP232003,13.2,93.7, ,TD,25,1002,-1, , , , , , , , , , , , ,1004,125,50, , , , , , , , , , , , , , , , , , , , , , , , , , , , , , , , , , , , , , , , , , , , , , , , , , , , , , , , , , , , , , , , , , , , , , , , , , , , , , , , , , , , , , , , , , , , , , , , , , , , , , , , , , , , , , , , , , , , , , , , , , , , , , , , , , , ,8,280,2003,1131.0416523646634,25.0,1002.0
2003295N09101,2003,90,NI,BB,UNNAMED,2003-10-26 06:00:00,TS,13.3,93.3,25,1004,newdelhi,main,303,293,O____O_________,jtwc_wp,WP232003,13.3,93.3, ,TD,25,1002,-1, , , , , , , , , , , , ,1004,120,50, , , , , , , , , , , , , , , , , , , , , , , , , , , , , , , , , , ,13.5,93.5,D,25,1004,1.50000, , , , , , , , , , , , , , , , , , , , , , , , , , , , , , , , , , , , , , , , , , , , , , , , , , , , , , , , , , , , , , , , , , , , , , , , , , , , , , , , , , , , , , , , , , , ,8,285,2003,1091.9847869197663,25.0,1002.0
2003295N09101,2003,90,NI,BB,UNNAMED,2003-10-26 09:00:00,TS,13.4,92.9, , , ,main,313,313,P____P_________, ,WP232003,13.3,92.9, ,TD,25,1002,-1, , , , , , , , , , , , ,1004,120,50, , , , , , , , , , , , , , , , , , , , , , , , , , , , , , , , , , ,13.6,92.8,D, , , , , , , , , , , , , , , , , , , , , , , , , , , , , , , , , , , , , , , , , , , , , , , , , , , , , , , , , , , , , , , , , , , , , , , , , , , , , , , , , , , , , , , , , , , , , , ,10,280,2003,1053.34791219826,25.0,1002.0
2003295N09101,2003,90,NI,BB,UNNAMED,2003-10-26 12:00:00,TS,13.5,92.3, , , ,main,342,341,O____P_________,jtwc_wp,WP232003,13.4,92.4, ,TD,25,1002,-1, , , , , , , , , , , , ,1004,120,50, , , , , , , , , , , , , , , , , , , , , , , , , , , , , , , , , , ,13.7,92.2,D, , , , , , , , , , , , , , , , , , , , , , , , , , , , , , , , , , , , , , , , , , , , , , , , , , , , , , , , , , , , , , , , , , , , , , , , , , , , , , , , , , , , , , , , , , , , , , ,11,280,2003,1000.3496739238806,25.0,1002.0
2003295N09101,2003,90,NI,BB,UNNAMED,2003-10-26 15:00:00,TS,13.6,91.8, , , ,main,372,372,P____P_________, ,WP232003,13.5,91.9, ,TD,28,1001,-1, , , , , , , , , , , , ,1004,120,50, , , , , , , , , , , , , , , , , , , , , , , , , , , , , , , , , , ,13.8,91.6,D, , , , , , , , , , , , , , , , , , , , , , , , , , , , , , , , , , , , , , , , , , , , , , , , , , , , , , , , , , , , , , , , , , , , , , , , , , , , , , , , , , , , , , , , , , , , , , ,11,280,2003,955.929459406042,28.0,1001.0
2003295N09101,2003,90,NI,BB,UNNAMED,2003-10-26 18:00:00,TS,13.7,91.2, , , ,main,412,405,O____P_________,jtwc_wp,WP232003,13.6,91.4, ,TD,30,1000,-1, , , , , , , , , , , , ,1004,120,50, , , , , , , , , , , , , , , , , , , , , , , , , , , , , , , , , , ,13.9,91.0,D, , , , , , , , , , , , , , , , , , , , , , , , , , , , , , , , , , , , , , , , , , , , , , , , , , , , , , , , , , , , , , , , , , , , , , , , , , , , , , , , , , , , , , , , , , , , , , ,11,285,2003,905.8387581335667,30.0,1000.0
2003295N09101,2003,90,NI,BB,UNNAMED,2003-10-26 21:00:00,TS,13.9,90.7,30,1004,newdelhi,main,443,443,P____O_________, ,WP232003,13.8,90.8, ,TD,33,999,-1, , , , , , , , , , , , ,1004,120,50, , , , , , , , , , , , , , , , , , , , , , , , , , , , , , , , , , ,14.0,90.5,DD,30,1004,2.00000,4, , , , , , , , , , , , , , , , , , , , , , , , , , , , , , , , , , , , , , , , , , , , , , , , , , , , , , , , , , , , , , , , , , , , , , , , , , , , , , , , , , , , , , , , , , ,11,285,2003,855.2011197126303,33.0,999.0
2003295N09101,2003,90,NI,BB,UNNAMED,2003-10-27 00:00:00,TS,14.1,90.1, , , ,main,489,489,O____P_________,jtwc_wp,WP232003,14.0,90.2, ,TS,35,997,0, , , , , , , , , , , , ,1004,120,50, , , , , , , , , , , , , , , , , , , , , , , , , , , , , , , , , , ,14.1,90.0,DD,30,1005, ,4, , , , , , , , , , , , , , , , , , , , , , , , , , , , , , , , , , , , , , , , , , , , , , , , , , , , , , , , , , , , , , , , , , , , , , , , , , , , , , , , , , , , , , , , , , ,11,290,2003,799.4488295580969,35.0,997.0
2003295N09101,2003,90,NI,BB,UNNAMED,2003-10-27 03:00:00,TS,14.3,89.6, , , ,main,529,529,P____P_________, ,WP232003,14.3,89.6, ,TS,35,997,0, , , , , , , , , , , , ,1004,120,50, , , , , , , , , , , , , , , , , , , , , , , , , , , , , , , , , , ,14.3,89.6,DD,30,1005, ,4, , , , , , , , , , , , , , , , , , , , , , , , , , , , , , , , , , , , , , , , , , , , , , , , , , , , , , , , , , , , , , , , , , , , , , , , , , , , , , , , , , , , , , , , , , ,12,295,2003,751.3685905558514,35.0,997.0
2003295N09101,2003,90,NI,BB,UNNAMED,2003-10-27 06:00:00,TS,14.6,89.0,30,1006,newdelhi,main,579,579,O____O_________,jtwc_wp,WP232003,14.6,88.9, ,TS,35,997,0, , , , , , , , , , , , ,1004,120,50, , , , , , , , , , , , , , , , , , , , , , , , , , , , , , , , , , ,14.5,89.0,DD,30,1006,2.00000,4, , , , , , , , , , , , , , , , , , , , , , , , , , , , , , , , , , , , , , , , , , , , , , , , , , , , , , , , , , , , , , , , , , , , , , , , , , , , , , , , , , , , , , , , , , ,15,295,2003,689.8148250756302,35.0,997.0
2003295N09101,2003,90,NI,BB,UNNAMED,2003-10-27 09:00:00,TS,14.8,88.2, , , ,main,586,493,P____P_________, ,WP232003,14.9,88.2, ,TS,35,997,0, , , , , , , , , , , , ,1004,120,50, , , , , , , , , , , , , , , , , , , , , , , , , , , , , , , , , , ,14.8,88.2,DD, , , , , , , , , , , , , , , , , , , , , , , , , , , , , , , , , , , , , , , , , , , , , , , , , , , , , , , , , , , , , , , , , , , , , , , , , , , , , , , , , , , , , , , , , , , , , , ,17,290,2003,631.7611845416229,35.0,997.0
2003295N09101,2003,90,NI,BB,UNNAMED,2003-10-27 12:00:00,TS,15.2,87.3, , , ,main,486,395,O____P_________,jtwc_wp,WP232003,15.3,87.4, ,TS,35,997,0, , , , , , , , , , , , ,1004,120,50, , , , , , , , , , , , , , , , , , , , , , , , , , , , , , , , , , ,15.1,87.2,DD, , , , , , , , , , , , , , , , , , , , , , , , , , , , , , , , , , , , , , , , , , , , , , , , , , , , , , , , , , , , , , , , , , , , , , , , , , , , , , , , , , , , , , , , , , , , , , ,18,295,2003,556.8936823321308,35.0,997.0
2003295N09101,2003,90,NI,BB,UNNAMED,2003-10-27 15:00:00,TS,15.6,86.4, , , ,main,388,299,P____P_________, ,WP232003,15.8,86.7, ,TS,35,997,0, , , , , , , , , , , , ,1004,120,50, , , , , , , , , , , , , , , , , , , , , , , , , , , , , , , , , , ,15.5,86.2,DD, , , , , , , , , , , , , , , , , , , , , , , , , , , , , , , , , , , , , , , , , , , , , , , , , , , , , , , , , , , , , , , , , , , , , , , , , , , , , , , , , , , , , , , , , , , , , , ,19,300,2003,493.36159980245634,35.0,997.0
2003295N09101,2003,90,NI,BB,UNNAMED,2003-10-27 18:00:00,TS,16.1,85.6, , , ,main,293,208,O____P_________,jtwc_wp,WP232003,16.3,86.0, ,TS,35,997,0, , , , , , , , , , , , ,1004,120,50, , , , , , , , , , , , , , , , , , , , , , , , , , , , , , , , , , ,16.0,85.3,DD, , , , , , , , , , , , , , , , , , , , , , , , , , , , , , , , , , , , , , , , , , , , , , , , , , , , , , , , , , , , , , , , , , , , , , , , , , , , , , , , , , , , , , , , , , , , , , ,18,310,2003,434.1751310730569,35.0,997.0
2003295N09101,2003,90,NI,BB,UNNAMED,2003-10-27 21:00:00,TS,16.7,85.0,30,1004,newdelhi,main,202,123,P____O_________, ,WP232003,16.9,85.4, ,TS,35,997,0, , , , , , , , , , , , ,1004,120,50, , , , , , , , , , , , , , , , , , , , , , , , , , , , , , , , , , ,16.5,84.5,DD,30,1004,2.00000,4, , , , , , , , , , , , , , , , , , , , , , , , , , , , , , , , , , , , , , , , , , , , , , , , , , , , , , , , , , , , , , , , , , , , , , , , , , , , , , , , , , , , , , , , , , ,16,320,2003,376.528339767035,35.0,997.0
2003295N09101,2003,90,NI,BB,UNNAMED,2003-10-28 00:00:00,TS,17.4,84.6, , , ,main,113,45,O____P_________,jtwc_wp,WP232003,17.5,84.9, ,TS,35,997,0, , , , , , , , , , , , ,1004,120,50, , , , , , , , , , , , , , , , , , , , , , , , , , , , , , , , , , ,17.1,83.9,DD,28,1005, , , , , , , , , , , , , , , , , , , , , , , , , , , , , , , , , , , , , , , , , , , , , , , , , , , , , , , , , , , , , , , , , , , , , , , , , , , , , , , , , , , , , , , , , , , , ,14,325,2003,315.52088467797483,35.0,997.0
2003295N09101,2003,90,NI,BB,UNNAMED,2003-10-28 03:00:00,TS,17.9,84.2,25,1006,newdelhi,main,45,10,P____O_________, ,WP232003,17.9,84.4, ,TS,33,999,-1, , , , , , , , , , , , ,1005,115,45, , , , , , , , , , , , , , , , , , , , , , , , , , , , , , , , , , ,17.8,83.5,D,25,1006,1.50000, , , , , , , , , , , , , , , , , , , , , , , , , , , , , , , , , , , , , , , , , , , , , , , , , , , , , , , , , , , , , , , , , , , , , , , , , , , , , , , , , , , , , , , , , , , ,10,325,2003,287.81373311670114,33.0,999.0
2003295N09101,2003,90,NI,BB,UNNAMED,2003-10-28 06:00:00,TS,18.2,84.0, , , ,main,10,0,O______________,jtwc_wp,WP232003,18.2,84.0, ,TD,30,1000,-1, , , , , , , , , , , , ,1006,110,40, , , , , , , , , , , , , , , , , , , , , , , , , , , , , , , , , , , , , , , , , , , , , , , , , , , , , , , , , , , , , , , , , , , , , , , , , , , , , , , , , , , , , , , , , , , , , , , , , , , , , , , , , , , , , , , , , , , , , , , , , , , , , , , , , , , ,8,320,2003,275.3672060961506,30.0,1000.0
2003295N09101,2003,90,NI,BB,UNNAMED,2003-10-28 09:00:00,TS,18.5,83.7, , , ,main,0,0,P______________, ,WP232003,18.5,83.7, ,TD,30,1000,-1, , , , , , , , , , , , , , , , , , , , , , , , , , , , , , , , , , , , , , , , , , , , , , , , , , , , , , , , , , , , , , , , , , , , , , , , , , , , , , , , , , , , , , , , , , , , , , , , , , , , , , , , , , , , , , , , , , , , , , , , , , , , , , , , , , , , , , , , , , , , , , , , , , ,8,310,2003,276.43283518972396,30.0,1000.0
2003295N09101,2003,90,NI,BB,UNNAMED,2003-10-28 12:00:00,TS,18.7,83.4, , , ,main,0, ,O______________,jtwc_wp,WP232003,18.7,83.4, ,TD,30,1000,-1, , , , , , , , , , , , , , , , , , , , , , , , , , , , , , , , , , , , , , , , , , , , , , , , , , , , , , , , , , , , , , , , , , , , , , , , , , , , , , , , , , , , , , , , , , , , , , , , , , , , , , , , , , , , , , , , , , , , , , , , , , , , , , , , , , , , , , , , , , , , , , , , , , ,7,315,2003,290.3285666341584,30.0,1000.0
2004163N15090,2004,30,NI,BB,UNNAMED,2004-06-11 03:00:00,TS,15.5,90.0,25,998,newdelhi,main,453,442,_____O_________, , , , , , , , ,-5, , , , , , , , , , , , , , , , , , , , , , , , , , , , , , , , , , , , , , , , , , , , , , , , , ,15.5,90.0,D,25,998,1.50000, , , , , , , , , , , , , , , , , , , , , , , , , , , , , , , , , , , , , , , , , , , , , , , , , , , , , , , , , , , , , , , , , , , , , , , , , , , , , , , , , , , , , , , , , , , ,0,0,2004,669.381230596124,25.0,998.0
2004163N15090,2004,30,NI,BB,UNNAMED,2004-06-11 06:00:00,TS,15.5,90.0,25,998,newdelhi,main,453,453,_____O_________, , , , , , , , ,-5, , , , , , , , , , , , , , , , , , , , , , , , , , , , , , , , , , , , , , , , , , , , , , , , , ,15.5,90.0,D,25,998,1.50000, , , , , , , , , , , , , , , , , , , , , , , , , , , , , , , , , , , , , , , , , , , , , , , , , , , , , , , , , , , , , , , , , , , , , , , , , , , , , , , , , , , , , , , , , , , ,5,270,2004,669.381230596124,25.0,998.0
2004163N15090,2004,30,NI,BB,UNNAMED,2004-06-11 09:00:00,TS,15.5,89.5,25,998,newdelhi,main,506,506,_____O_________, , , , , , , , ,-5, , , , , , , , , , , , , , , , , , , , , , , , , , , , , , , , , , , , , , , , , , , , , , , , , ,15.5,89.5,D,25,998,1.50000, , , , , , , , , , , , , , , , , , , , , , , , , , , , , , , , , , , , , , , , , , , , , , , , , , , , , , , , , , , , , , , , , , , , , , , , , , , , , , , , , , , , , , , , , , , ,10,270,2004,635.4561120072583,25.0,998.0
2004163N15090,2004,30,NI,BB,UNNAMED,2004-06-11 12:00:00,TS,15.5,89.0,25,998,newdelhi,main,559,559,_____O_________, , , , , , , , ,-5, , , , , , , , , , , , , , , , , , , , , , , , , , , , , , , , , , , , , , , , , , , , , , , , , ,15.5,89.0,D,25,998,1.50000, , , , , , , , , , , , , , , , , , , , , , , , , , , , , , , , , , , , , , , , , , , , , , , , , , , , , , , , , , , , , , , , , , , , , , , , , , , , , , , , , , , , , , , , , , , ,5,270,2004,604.2684988485919,25.0,998.0
2004163N15090,2004,30,NI,BB,UNNAMED,2004-06-11 15:00:00,TS,15.5,89.0,25,998,newdelhi,main,559,559,_____O_________, , , , , , , , ,-5, , , , , , , , , , , , , , , , , , , , , , , , , , , , , , , , , , , , , , , , , , , , , , , , , ,15.5,89.0,D,25,998,1.50000, , , , , , , , , , , , , , , , , , , , , , , , , , , , , , , , , , , , , , , , , , , , , , , , , , , , , , , , , , , , , , , , , , , , , , , , , , , , , , , , , , , , , , , , , , , ,0,0,2004,604.2684988485919,25.0,998.0
2004163N15090,2004,30,NI,BB,UNNAMED,2004-06-11 18:00:00,TS,15.5,89.0,25,998,newdelhi,main,559,548,_____O_________, , , , , , , , ,-5, , , , , , , , , , , , , , , , , , , , , , , , , , , , , , , , , , , , , , , , , , , , , , , , , ,15.5,89.0,D,25,998,1.50000, , , , , , , , , , , , , , , , , , , , , , , , , , , , , , , , , , , , , , , , , , , , , , , , , , , , , , , , , , , , , , , , , , , , , , , , , , , , , , , , , , , , , , , , , , , ,0,0,2004,604.2684988485919,25.0,998.0
2004163N15090,2004,30,NI,BB,UNNAMED,2004-06-11 21:00:00,TS,15.5,89.0,25,998,newdelhi,main,559,492,_____O_________, , , , , , , , ,-5, , , , , , , , , , , , , , , , , , , , , , , , , , , , , , , , , , , , , , , , , , , , , , , , , ,15.5,89.0,D,25,998,1.50000, , , , , , , , , , , , , , , , , , , , , , , , , , , , , , , , , , , , , , , , , , , , , , , , , , , , , , , , , , , , , , , , , , , , , , , , , , , , , , , , , , , , , , , , , , , ,11,295,2004,604.2684988485919,25.0,998.0
2004163N15090,2004,30,NI,BB,UNNAMED,2004-06-12 00:00:00,TS,16.0,88.0,25,998,newdelhi,main,477,295,_____O_________, , , , , , , , ,-5, , , , , , , , , , , , , , , , , , , , , , , , , , , , , , , , , , , , , , , , , , , , , , , , , ,16.0,88.0,D,25,998,1.50000, , , , , , , , , , , , , , , , , , , , , , , , , , , , , , , , , , , , , , , , , , , , , , , , , , , , , , , , , , , , , , , , , , , , , , , , , , , , , , , , , , , , , , , , , , , ,28,315,2004,501.92444054227155,25.0,998.0
2004163N15090,2004,30,NI,BB,UNNAMED,2004-06-12 03:00:00,TS,17.5,87.0,30,996,newdelhi,main,284,270,_____O_________, , , , , , , , ,-5, , , , , , , , , , , , , , , , , , , , , , , , , , , , , , , , , , , , , , , , , , , , , , , , , ,17.5,87.0,DD,30,996,2.00000,4, , , , , , , , , , , , , , , , , , , , , , , , , , , , , , , , , , , , , , , , , , , , , , , , , , , , , , , , , , , , , , , , , , , , , , , , , , , , , , , , , , , , , , , , , , ,18,330,2004,305.3497282020136,30.0,996.0
2004163N15090,2004,30,NI,BB,UNNAMED,2004-06-12 06:00:00,TS,17.5,87.0,30,996,newdelhi,main,284,247,_____O_________, , , , , , , , ,-5, , , , , , , , , , , , , , , , , , , , , , , , , , , , , , , , , , , , , , , , , , , , , , , , , ,17.5,87.0,DD,30,996,2.00000,4, , , , , , , , , , , , , , , , , , , , , , , , , , , , , , , , , , , , , , , , , , , , , , , , , , , , , , , , , , , , , , , , , , , , , , , , , , , , , , , , , , , , , , , , , , ,5,270,2004,305.3497282020136,30.0,996.0
2004163N15090,2004,30,NI,BB,UNNAMED,2004-06-12 09:00:00,TS,17.5,86.5,30,996,newdelhi,main,247,172,_____O_________, , , , , , , , ,-5, , , , , , , , , , , , , , , , , , , , , , , , , , , , , , , , , , , , , , , , , , , , , , , , , ,17.5,86.5,DD,30,996,2.00000,4, , , , , , , , , , , , , , , , , , , , , , , , , , , , , , , , , , , , , , , , , , , , , , , , , , , , , , , , , , , , , , , , , , , , , , , , , , , , , , , , , , , , , , , , , , ,11,300,2004,287.5905219592988,30.0,996.0
2004163N15090,2004,30,NI,BB,UNNAMED,2004-06-12 12:00:00,TS,18.0,86.0,30,994,newdelhi,main,172,172,_____O_________, , , , , , , , ,-5, , , , , , , , , , , , , , , , , , , , , , , , , , , , , , , , , , , , , , , , , , , , , , , , , ,18.0,86.0,DD,30,994,2.00000,4, , , , , , , , , , , , , , , , , , , , , , , , , , , , , , , , , , , , , , , , , , , , , , , , , , , , , , , , , , , , , , , , , , , , , , , , , , , , , , , , , , , , , , , , , , ,7,315,2004,223.3815936410234,30.0,994.0
2004163N15090,2004,30,NI,BB,UNNAMED,2004-06-12 15:00:00,TS,18.0,86.0,30,994,newdelhi,main,172,100,_____O_________, , , , , , , , ,-5, , , , , , , , , , , , , , , , , , , , , , , , , , , , , , , , , , , , , , , , , , , , , , , , , ,18.0,86.0,DD,30,994,2.00000,4, , , , , , , , , , , , , , , , , , , , , , , , , , , , , , , , , , , , , , , , , , , , , , , , , , , , , , , , , , , , , , , , , , , , , , , , , , , , , , , , , , , , , , , , , , ,7,315,2004,223.3815936410234,30.0,994.0
2004163N15090,2004,30,NI,BB,UNNAMED,2004-06-12 18:00:00,TS,18.5,85.5,30,994,newdelhi,main,100,64,_____O_________, , , , , , , , ,-5, , , , , , , , , , , , , , , , , , , , , , , , , , , , , , , , , , , , , , , , , , , , , , , , , ,18.5,85.5,DD,30,994,2.00000,4, , , , , , , , , , , , , , , , , , , , , , , , , , , , , , , , , , , , , , , , , , , , , , , , , , , , , , , , , , , , , , , , , , , , , , , , , , , , , , , , , , , , , , , , , , ,11,335,2004,169.73937745549134,30.0,994.0
2004163N15090,2004,30,NI,BB,UNNAMED,2004-06-12 21:00:00,TS,19.0,85.5,30,994,newdelhi,main,64,15,_____O_________, , , , , , , , ,-5, , , , , , , , , , , , , , , , , , , , , , , , , , , , , , , , , , , , , , , , , , , , , , , , , ,19.0,85.5,DD,30,994,2.00000,4, , , , , , , , , , , , , , , , , , , , , , , , , , , , , , , , , , , , , , , , , , , , , , , , , , , , , , , , , , , , , , , , , , , , , , , , , , , , , , , , , , , , , , , , , , ,10,0,2004,115.55548586906183,30.0,994.0
2004163N15090,2004,30,NI,BB,UNNAMED,2004-06-13 00:00:00,TS,19.5,85.5,30,992,newdelhi,main,15,15,_____O_________, , , , , , , , ,-5, , , , , , , , , , , , , , , , , , , , , , , , , , , , , , , , , , , , , , , , , , , , , , , , , ,19.5,85.5,DD,30,992,2.00000,6, , , , , , , , , , , , , , , , , , , , , , , , , , , , , , , , , , , , , , , , , , , , , , , , , , , , , , , , , , , , , , , , , , , , , , , , , , , , , , , , , , , , , , , , , , ,5,0,2004,63.84974809858483,30.0,992.0
2004163N15090,2004,30,NI,BB,UNNAMED,2004-06-13 03:00:00,TS,19.5,85.5,30,992,newdelhi,main,15,15,_____O_________, , , , , , , , ,-5, , , , , , , , , , , , , , , , , , , , , , , , , , , , , , , , , , , , , , , , , , , , , , , , , ,19.5,85.5,DD,30,992,2.00000,6, , , , , , , , , , , , , , , , , , , , , , , , , , , , , , , , , , , , , , , , , , , , , , , , , , , , , , , , , , , , , , , , , , , , , , , , , , , , , , , , , , , , , , , , , , ,0,0,2004,63.84974809858483,30.0,992.0
2004163N15090,2004,30,NI,BB,UNNAMED,2004-06-13 06:00:00,TS,19.5,85.5,30,992,newdelhi,main,15,0,_____O_________, , , , , , , , ,-5, , , , , , , , , , , , , , , , , , , , , , , , , , , , , , , , , , , , , , , , , , , , , , , , , ,19.5,85.5,DD,30,992,0.00000,4, , , , , , , , , , , , , , , , , , , , , , , , , , , , , , , , , , , , , , , , , , , , , , , , , , , , , , , , , , , , , , , , , , , , , , , , , , , , , , , , , , , , , , , , , , ,5,0,2004,63.84974809858483,30.0,992.0
2004163N15090,2004,30,NI,BB,UNNAMED,2004-06-13 09:00:00,TS,20.0,85.5,30,992,newdelhi,main,0,0,_____O_________, , , , , , , , ,-5, , , , , , , , , , , , , , , , , , , , , , , , , , , , , , , , , , , , , , , , , , , , , , , , , ,20.0,85.5,DD,30,992,0.00000,4, , , , , , , , , , , , , , , , , , , , , , , , , , , , , , , , , , , , , , , , , , , , , , , , , , , , , , , , , , , , , , , , , , , , , , , , , , , , , , , , , , , , , , , , , , ,10,0,2004,31.346711422285573,30.0,992.0
2004163N15090,2004,30,NI,BB,UNNAMED,2004-06-13 12:00:00,TS,20.5,85.5,30,992,newdelhi,main,0,0,_____O_________, , , , , , , , ,-5, , , , , , , , , , , , , , , , , , , , , , , , , , , , , , , , , , , , , , , , , , , , , , , , , ,20.5,85.5,DD,30,992,0.00000,4, , , , , , , , , , , , , , , , , , , , , , , , , , , , , , , , , , , , , , , , , , , , , , , , , , , , , , , , , , , , , , , , , , , , , , , , , , , , , , , , , , , , , , , , , , ,9,355,2004,63.800848506693995,30.0,992.0
2004163N15090,2004,30,NI,BB,UNNAMED,2004-06-13 15:00:00,TS,20.9,85.4, , , ,main,0,0,_____P_________, , , , , , , , ,-5, , , , , , , , , , , , , , , , , , , , , , , , , , , , , , , , , , , , , , , , , , , , , , , , , ,20.9,85.4,DD, , , , , , , , , , , , , , , , , , , , , , , , , , , , , , , , , , , , , , , , , , , , , , , , , , , , , , , , , , , , , , , , , , , , , , , , , , , , , , , , , , , , , , , , , , , , , , ,7,330,2004,108.4058789253837,,
2004163N15090,2004,30,NI,BB,UNNAMED,2004-06-13 18:00:00,TS,21.1,85.2, , , ,main,0,0,_____P_________, , , , , , , , ,-5, , , , , , , , , , , , , , , , , , , , , , , , , , , , , , , , , , , , , , , , , , , , , , , , , ,21.1,85.2,DD, , , , , , , , , , , , , , , , , , , , , , , , , , , , , , , , , , , , , , , , , , , , , , , , , , , , , , , , , , , , , , , , , , , , , , , , , , , , , , , , , , , , , , , , , , , , , , ,6,305,2004,137.343842785099,,
2004163N15090,2004,30,NI,BB,UNNAMED,2004-06-13 21:00:00,TS,21.2,84.8, , , ,main,0,0,_____P_________, , , , , , , , ,-5, , , , , , , , , , , , , , , , , , , , , , , , , , , , , , , , , , , , , , , , , , , , , , , , , ,21.2,84.8,DD, , , , , , , , , , , , , , , , , , , , , , , , , , , , , , , , , , , , , , , , , , , , , , , , , , , , , , , , , , , , , , , , , , , , , , , , , , , , , , , , , , , , , , , , , , , , , , ,7,290,2004,169.22680943354814,,
2004163N15090,2004,30,NI,BB,UNNAMED,2004-06-14 00:00:00,TS,21.3,84.5, , , ,main,0,0,_____P_________, , , , , , , , ,-5, , , , , , , , , , , , , , , , , , , , , , , , , , , , , , , , , , , , , , , , , , , , , , , , , ,21.3,84.5,DD, , , , , , , , , , , , , , , , , , , , , , , , , , , , , , , , , , , , , , , , , , , , , , , , , , , , , , , , , , , , , , , , , , , , , , , , , , , , , , , , , , , , , , , , , , , , , , ,8,290,2004,197.96818719073244,,
2004163N15090,2004,30,NI,BB,UNNAMED,2004-06-14 03:00:00,TS,21.5,84.0,30,992,newdelhi,main,0,0,_____O_________, , , , , , , , ,-5, , , , , , , , , , , , , , , , , , , , , , , , , , , , , , , , , , , , , , , , , , , , , , , , , ,21.5,84.0,DD,30,992,0.00000,4, , , , , , , , , , , , , , , , , , , , , , , , , , , , , , , , , , , , , , , , , , , , , , , , , , , , , , , , , , , , , , , , , , , , , , , , , , , , , , , , , , , , , , , , , , ,10,295,2004,250.69579899670208,30.0,992.0
2004163N15090,2004,30,NI,BB,UNNAMED,2004-06-14 06:00:00,TS,21.7,83.5, , , ,main,0,0,_____P_________, , , , , , , , ,-5, , , , , , , , , , , , , , , , , , , , , , , , , , , , , , , , , , , , , , , , , , , , , , , , , ,21.7,83.5,DD,28,991, , , , , , , , , , , , , , , , , , , , , , , , , , , , , , , , , , , , , , , , , , , , , , , , , , , , , , , , , , , , , , , , , , , , , , , , , , , , , , , , , , , , , , , , , , , , ,11,300,2004,304.70844874296114,,
2004163N15090,2004,30,NI,BB,UNNAMED,2004-06-14 09:00:00,TS,22.0,83.0,25,990,newdelhi,main,0, ,_____O_________, , , , , , , , ,-5, , , , , , , , , , , , , , , , , , , , , , , , , , , , , , , , , , , , , , , , , , , , , , , , , ,22.0,83.0,D,25,990,0.00000, , , , , , , , , , , , , , , , , , , , , , , , , , , , , , , , , , , , , , , , , , , , , , , , , , , , , , , , , , , , , , , , , , , , , , , , , , , , , , , , , , , , , , , , , , , ,11,300,2004,365.96398162178366,25.0,990.0
2004276N12087,2004,79,NI,BB,UNNAMED,2004-10-02 03:00:00,TS,11.5,87.0,25,1006,newdelhi,main,705,685,_____O_________, , , , , , , , ,-5, , , , , , , , , , , , , , , , , , , , , , , , , , , , , , , , , , , , , , , , , , , , , , , , , ,11.5,87.0,D,25,1006,1.50000, , , , , , , , , , , , , , , , , , , , , , , , , , , , , , , , , , , , , , , , , , , , , , , , , , , , , , , , , , , , , , , , , , , , , , , , , , , , , , , , , , , , , , , , , , , ,14,315,2004,953.8221806172476,25.0,1006.0
2004276N12087,2004,79,NI,BB,UNNAMED,2004-10-02 06:00:00,TS,12.0,86.5,25,1006,newdelhi,main,685,607,_____O_________, , , , , , , , ,-5, , , , , , , , , , , , , , , , , , , , , , , , , , , , , , , , , , , , , , , , , , , , , , , , , ,12.0,86.5,D,25,1006,1.50000, , , , , , , , , , , , , , , , , , , , , , , , , , , , , , , , , , , , , , , , , , , , , , , , , , , , , , , , , , , , , , , , , , , , , , , , , , , , , , , , , , , , , , , , , , , ,14,315,2004,892.6941304907158,25.0,1006.0
2004276N12087,2004,79,NI,BB,UNNAMED,2004-10-02 09:00:00,TS,12.5,86.0,25,1004,newdelhi,main,607,607,_____O_________, , , , , , , , ,-5, , , , , , , , , , , , , , , , , , , , , , , , , , , , , , , , , , , , , , , , , , , , , , , , , ,12.5,86.0,D,25,1004,1.50000, , , , , , , , , , , , , , , , , , , , , , , , , , , , , , , , , , , , , , , , , , , , , , , , , , , , , , , , , , , , , , , , , , , , , , , , , , , , , , , , , , , , , , , , , , , ,7,315,2004,834.2347162799806,25.0,1004.0
2004276N12087,2004,79,NI,BB,UNNAMED,2004-10-02 12:00:00,TS,12.5,86.0,25,1002,newdelhi,main,607,529,_____O_________, , , , , , , , ,-5, , , , , , , , , , , , , , , , , , , , , , , , , , , , , , , , , , , , , , , , , , , , , , , , , ,12.5,86.0,D,25,1002,1.50000, , , , , , , , , , , , , , , , , , , , , , , , , , , , , , , , , , , , , , , , , , , , , , , , , , , , , , , , , , , , , , , , , , , , , , , , , , , , , , , , , , , , , , , , , , , ,7,315,2004,834.2347162799806,25.0,1002.0
2004276N12087,2004,79,NI,BB,UNNAMED,2004-10-02 15:00:00,TS,13.0,85.5,25,1004,newdelhi,main,529,529,_____O_________, , , , , , , , ,-5, , , , , , , , , , , , , , , , , , , , , , , , , , , , , , , , , , , , , , , , , , , , , , , , , ,13.0,85.5,D,25,1004,1.50000, , , , , , , , , , , , , , , , , , , , , , , , , , , , , , , , , , , , , , , , , , , , , , , , , , , , , , , , , , , , , , , , , , , , , , , , , , , , , , , , , , , , , , , , , , , ,7,315,2004,779.0203404348717,25.0,1004.0
2004276N12087,2004,79,NI,BB,UNNAMED,2004-10-02 18:00:00,TS,13.0,85.5,25,1006,newdelhi,main,529,529,_____O_________, , , , , , , , ,-5, , , , , , , , , , , , , , , , , , , , , , , , , , , , , , , , , , , , , , , , , , , , , , , , , ,13.0,85.5,D,25,1006,1.50000, , , , , , , , , , , , , , , , , , , , , , , , , , , , , , , , , , , , , , , , , , , , , , , , , , , , , , , , , , , , , , , , , , , , , , , , , , , , , , , , , , , , , , , , , , , ,0,0,2004,779.0203404348717,25.0,1006.0
2004276N12087,2004,79,NI,BB,UNNAMED,2004-10-02 21:00:00,TS,13.0,85.5,25,1006,newdelhi,main,529,452,_____O_________, , , , , , , , ,-5, , , , , , , , , , , , , , , , , , , , , , , , , , , , , , , , , , , , , , , , , , , , , , , , , ,13.0,85.5,D,25,1006,1.50000, , , , , , , , , , , , , , , , , , , , , , , , , , , , , , , , , , , , , , , , , , , , , , , , , , , , , , , , , , , , , , , , , , , , , , , , , , , , , , , , , , , , , , , , , , , ,7,315,2004,779.0203404348717,25.0,1006.0
2004276N12087,2004,79,NI,BB,UNNAMED,2004-10-03 00:00:00,TS,13.5,85.0,25,1006,newdelhi,main,452,332,_____O_________, , , , , , , , ,-5, , , , , , , , , , , , , , , , , , , , , , , , , , , , , , , , , , , , , , , , , , , , , , , , , ,13.5,85.0,D,25,1006,1.50000, , , , , , , , , , , , , , , , , , , , , , , , , , , , , , , , , , , , , , , , , , , , , , , , , , , , , , , , , , , , , , , , , , , , , , , , , , , , , , , , , , , , , , , , , , , ,18,325,2004,727.762443948844,25.0,1006.0
2004276N12087,2004,79,NI,BB,UNNAMED,2004-10-03 03:00:00,TS,14.5,84.5,25,1006,newdelhi,main,332,325,_____O_________, , , , , , , , ,-5, , , , , , , , , , , , , , , , , , , , , , , , , , , , , , , , , , , , , , , , , , , , , , , , , ,14.5,84.5,D,25,1006,1.50000, , , , , , , , , , , , , , , , , , , , , , , , , , , , , , , , , , , , , , , , , , , , , , , , , , , , , , , , , , , , , , , , , , , , , , , , , , , , , , , , , , , , , , , , , , , ,11,335,2004,626.9447095506384,25.0,1006.0
2004276N12087,2004,79,NI,BB,UNNAMED,2004-10-03 06:00:00,TS,14.5,84.5,25,1006,newdelhi,main,332,255,_____O_________, , , , , , , , ,-5, , , , , , , , , , , , , , , , , , , , , , , , , , , , , , , , , , , , , , , , , , , , , , , , , ,14.5,84.5,D,25,1006,1.50000, , , , , , , , , , , , , , , , , , , , , , , , , , , , , , , , , , , , , , , , , , , , , , , , , , , , , , , , , , , , , , , , , , , , , , , , , , , , , , , , , , , , , , , , , , , ,7,315,2004,626.9447095506384,25.0,1006.0
2004276N12087,2004,79,NI,BB,UNNAMED,2004-10-03 09:00:00,TS,15.0,84.0,25,1006,newdelhi,main,255,177,_____O_________, , , , , , , , ,-5, , , , , , , , , , , , , , , , , , , , , , , , , , , , , , , , , , , , , , , , , , , , , , , , , ,15.0,84.0,D,25,1006,1.50000, , , , , , , , , , , , , , , , , , , , , , , , , , , , , , , , , , , , , , , , , , , , , , , , , , , , , , , , , , , , , , , , , , , , , , , , , , , , , , , , , , , , , , , , , , , ,14,315,2004,587.8056183349609,25.0,1006.0
2004276N12087,2004,79,NI,BB,UNNAMED,2004-10-03 12:00:00,TS,15.5,83.5,25,1006,newdelhi,main,177,177,_____O_________, , , , , , , , ,-5, , , , , , , , , , , , , , , , , , , , , , , , , , , , , , , , , , , , , , , , , , , , , , , , , ,15.5,83.5,D,25,1006,1.50000, , , , , , , , , , , , , , , , , , , , , , , , , , , , , , , , , , , , , , , , , , , , , , , , , , , , , , , , , , , , , , , , , , , , , , , , , , , , , , , , , , , , , , , , , , , ,7,315,2004,556.4753424649783,25.0,1006.0
2004276N12087,2004,79,NI,BB,UNNAMED,2004-10-03 15:00:00,TS,15.5,83.5,25,1006,newdelhi,main,177,77,_____O_________, , , , , , , , ,-5, , , , , , , , , , , , , , , , , , , , , , , , , , , , , , , , , , , , , , , , , , , , , , , , , ,15.5,83.5,D,25,1006,1.50000, , , , , , , , , , , , , , , , , , , , , , , , , , , , , , , , , , , , , , , , , , , , , , , , , , , , , , , , , , , , , , , , , , , , , , , , , , , , , , , , , , , , , , , , , , , ,11,335,2004,556.4753424649783,25.0,1006.0
2004276N12087,2004,79,NI,BB,UNNAMED,2004-10-03 18:00:00,TS,16.5,83.0,25,1006,newdelhi,main,72,49,_____O_________, , , , , , , , ,-5, , , , , , , , , , , , , , , , , , , , , , , , , , , , , , , , , , , , , , , , , , , , , , , , , ,16.5,83.0,D,25,1006,1.50000, , , , , , , , , , , , , , , , , , , , , , , , , , , , , , , , , , , , , , , , , , , , , , , , , , , , , , , , , , , , , , , , , , , , , , , , , , , , , , , , , , , , , , , , , , , ,16,340,2004,488.72749811001944,25.0,1006.0
2004276N12087,2004,79,NI,BB,UNNAMED,2004-10-03 21:00:00,TS,17.0,83.0,25,1006,newdelhi,main,49,0,_____O_________, , , , , , , , ,-5, , , , , , , , , , , , , , , , , , , , , , , , , , , , , , , , , , , , , , , , , , , , , , , , , ,17.0,83.0,D,25,1006,1.50000, , , , , , , , , , , , , , , , , , , , , , , , , , , , , , , , , , , , , , , , , , , , , , , , , , , , , , , , , , , , , , , , , , , , , , , , , , , , , , , , , , , , , , , , , , , ,11,335,2004,445.45134167680214,25.0,1006.0
2004276N12087,2004,79,NI,BB,UNNAMED,2004-10-04 00:00:00,TS,17.5,82.5,25,1006,newdelhi,main,0,0,_____O_________, , , , , , , , ,-5, , , , , , , , , , , , , , , , , , , , , , , , , , , , , , , , , , , , , , , , , , , , , , , , , ,17.5,82.5,D,25,1006,1.50000, , , , , , , , , , , , , , , , , , , , , , , , , , , , , , , , , , , , , , , , , , , , , , , , , , , , , , , , , , , , , , , , , , , , , , , , , , , , , , , , , , , , , , , , , , , ,14,45,2004,444.95264887074404,25.0,1006.0
2004276N12087,2004,79,NI,BB,UNNAMED,2004-10-04 03:00:00,TS,18.0,84.0,25,1006,newdelhi,main,24, ,_____O_________, , , , , , , , ,-5, , , , , , , , , , , , , , , , , , , , , , , , , , , , , , , , , , , , , , , , , , , , , , , , , ,18.0,84.0,D,25,1006,1.50000, , , , , , , , , , , , , , , , , , , , , , , , , , , , , , , , , , , , , , , , , , , , , , , , , , , , , , , , , , , , , , , , , , , , , , , , , , , , , , , , , , , , , , , , , , , ,30,70,2004,292.0037506875522,25.0,1006.0
2005179N22088,2005,35,NI,BB,UNNAMED,2005-06-27 12:00:00,TS,21.5,88.0,25,990,newdelhi,main,23,0,_____O_________, , , , , , , , ,-5, , , , , , , , , , , , , , , , , , , , , , , , , , , , , , , , , , , , , , , , , , , , , , , , , ,21.5,88.0,D,25,990,0.00000,4, , , , , , , , , , , , , , , , , , , , , , , , , , , , , , , , , , , , , , , , , , , , , , , , , , , , , , , , , , , , , , , , , , , , , , , , , , , , , , , , , , , , , , , , , , ,13,310,2005,283.10109757405354,25.0,990.0
2005179N22088,2005,35,NI,BB,UNNAMED,2005-06-27 15:00:00,TS,21.9,87.5, , , ,main,0,0,_____P_________, , , , , , , , ,-5, , , , , , , , , , , , , , , , , , , , , , , , , , , , , , , , , , , , , , , , , , , , , , , , , ,21.9,87.5,D, , , , , , , , , , , , , , , , , , , , , , , , , , , , , , , , , , , , , , , , , , , , , , , , , , , , , , , , , , , , , , , , , , , , , , , , , , , , , , , , , , , , , , , , , , , , , , ,12,310,2005,275.3096108261296,,
2005179N22088,2005,35,NI,BB,UNNAMED,2005-06-27 18:00:00,TS,22.3,87.0, , , ,main,0,0,_____P_________, , , , , , , , ,-5, , , , , , , , , , , , , , , , , , , , , , , , , , , , , , , , , , , , , , , , , , , , , , , , , ,22.3,87.0,D, , , , , , , , , , , , , , , , , , , , , , , , , , , , , , , , , , , , , , , , , , , , , , , , , , , , , , , , , , , , , , , , , , , , , , , , , , , , , , , , , , , , , , , , , , , , , , ,11,310,2005,284.41316290472327,,
2005179N22088,2005,35,NI,BB,UNNAMED,2005-06-27 21:00:00,TS,22.6,86.6, , , ,main,0,0,_____P_________, , , , , , , , ,-5, , , , , , , , , , , , , , , , , , , , , , , , , , , , , , , , , , , , , , , , , , , , , , , , , ,22.6,86.6,D, , , , , , , , , , , , , , , , , , , , , , , , , , , , , , , , , , , , , , , , , , , , , , , , , , , , , , , , , , , , , , , , , , , , , , , , , , , , , , , , , , , , , , , , , , , , , , ,9,310,2005,300.74910243632036,,
2005179N22088,2005,35,NI,BB,UNNAMED,2005-06-28 00:00:00,TS,22.8,86.2, , , ,main,0,0,_____P_________, , , , , , , , ,-5, , , , , , , , , , , , , , , , , , , , , , , , , , , , , , , , , , , , , , , , , , , , , , , , , ,22.8,86.2,D, , , , , , , , , , , , , , , , , , , , , , , , , , , , , , , , , , , , , , , , , , , , , , , , , , , , , , , , , , , , , , , , , , , , , , , , , , , , , , , , , , , , , , , , , , , , , , ,7,310,2005,314.0869535910416,,
2005179N22088,2005,35,NI,BB,UNNAMED,2005-06-28 03:00:00,TS,23.0,86.0,25,990,newdelhi,main,0,0,_____O_________, , , , , , , , ,-5, , , , , , , , , , , , , , , , , , , , , , , , , , , , , , , , , , , , , , , , , , , , , , , , , ,23.0,86.0,D,25,990,0.00000,4, , , , , , , , , , , , , , , , , , , , , , , , , , , , , , , , , , , , , , , , , , , , , , , , , , , , , , , , , , , , , , , , , , , , , , , , , , , , , , , , , , , , , , , , , , ,3,310,2005,334.22567513700085,25.0,990.0
2005179N22088,2005,35,NI,BB,UNNAMED,2005-06-28 06:00:00,TS,23.1,85.9, , , ,main,0,0,_____P_________, , , , , , , , ,-5, , , , , , , , , , , , , , , , , , , , , , , , , , , , , , , , , , , , , , , , , , , , , , , , , ,23.1,85.9,D,25,990, ,4, , , , , , , , , , , , , , , , , , , , , , , , , , , , , , , , , , , , , , , , , , , , , , , , , , , , , , , , , , , , , , , , , , , , , , , , , , , , , , , , , , , , , , , , , , ,1,305,2005,344.859331563686,,
2005179N22088,2005,35,NI,BB,UNNAMED,2005-06-28 09:00:00,TS,23.0,85.9, , , ,main,0,0,_____P_________, , , , , , , , ,-5, , , , , , , , , , , , , , , , , , , , , , , , , , , , , , , , , , , , , , , , , , , , , , , , , ,23.0,85.9,D,25,990, ,4, , , , , , , , , , , , , , , , , , , , , , , , , , , , , , , , , , , , , , , , , , , , , , , , , , , , , , , , , , , , , , , , , , , , , , , , , , , , , , , , , , , , , , , , , , ,1,130,2005,333.7451191309042,,
2005179N22088,2005,35,NI,BB,UNNAMED,2005-06-28 12:00:00,TS,23.0,86.0,25,990,newdelhi,main,0,0,_____O_________, , , , , , , , ,-5, , , , , , , , , , , , , , , , , , , , , , , , , , , , , , , , , , , , , , , , , , , , , , , , , ,23.0,86.0,D,25,990,0.00000,4, , , , , , , , , , , , , , , , , , , , , , , , , , , , , , , , , , , , , , , , , , , , , , , , , , , , , , , , , , , , , , , , , , , , , , , , , , , , , , , , , , , , , , , , , , ,1,130,2005,334.22567513700085,25.0,990.0
2005179N22088,2005,35,NI,BB,UNNAMED,2005-06-28 15:00:00,TS,23.0,86.0, , , ,main,0,0,_____P_________, , , , , , , , ,-5, , , , , , , , , , , , , , , , , , , , , , , , , , , , , , , , , , , , , , , , , , , , , , , , , ,23.0,86.0,D, , , , , , , , , , , , , , , , , , , , , , , , , , , , , , , , , , , , , , , , , , , , , , , , , , , , , , , , , , , , , , , , , , , , , , , , , , , , , , , , , , , , , , , , , , , , , , ,1,140,2005,334.22567513700085,,
2005179N22088,2005,35,NI,BB,UNNAMED,2005-06-28 18:00:00,TS,22.9,86.1, , , ,main,0,0,_____P_________, , , , , , , , ,-5, , , , , , , , , , , , , , , , , , , , , , , , , , , , , , , , , , , , , , , , , , , , , , , , , ,22.9,86.1,D, , , , , , , , , , , , , , , , , , , , , , , , , , , , , , , , , , , , , , , , , , , , , , , , , , , , , , , , , , , , , , , , , , , , , , , , , , , , , , , , , , , , , , , , , , , , , , ,1,140,2005,323.9560720022648,,
2005179N22088,2005,35,NI,BB,UNNAMED,2005-06-28 21:00:00,TS,22.9,86.1, , , ,main,0,0,_____P_________, , , , , , , , ,-5, , , , , , , , , , , , , , , , , , , , , , , , , , , , , , , , , , , , , , , , , , , , , , , , , ,22.9,86.1,D, , , , , , , , , , , , , , , , , , , , , , , , , , , , , , , , , , , , , , , , , , , , , , , , , , , , , , , , , , , , , , , , , , , , , , , , , , , , , , , , , , , , , , , , , , , , , , ,0,0,2005,323.9560720022648,,
2005179N22088,2005,35,NI,BB,UNNAMED,2005-06-29 00:00:00,TS,22.9,86.1, , , ,main,0,0,_____P_________, , , , , , , , ,-5, , , , , , , , , , , , , , , , , , , , , , , , , , , , , , , , , , , , , , , , , , , , , , , , , ,22.9,86.1,D, , , , , , , , , , , , , , , , , , , , , , , , , , , , , , , , , , , , , , , , , , , , , , , , , , , , , , , , , , , , , , , , , , , , , , , , , , , , , , , , , , , , , , , , , , , , , , ,1,320,2005,323.9560720022648,,
2005179N22088,2005,35,NI,BB,UNNAMED,2005-06-29 03:00:00,TS,23.0,86.0,25,990,newdelhi,main,0,0,_____O_________, , , , , , , , ,-5, , , , , , , , , , , , , , , , , , , , , , , , , , , , , , , , , , , , , , , , , , , , , , , , , ,23.0,86.0,D,25,990,0.00000,4, , , , , , , , , , , , , , , , , , , , , , , , , , , , , , , , , , , , , , , , , , , , , , , , , , , , , , , , , , , , , , , , , , , , , , , , , , , , , , , , , , , , , , , , , , ,3,320,2005,334.22567513700085,25.0,990.0
2005179N22088,2005,35,NI,BB,UNNAMED,2005-06-29 06:00:00,TS,23.1,85.9, , , ,main,0,0,_____P_________, , , , , , , , ,-5, , , , , , , , , , , , , , , , , , , , , , , , , , , , , , , , , , , , , , , , , , , , , , , , , ,23.1,85.9,D,25,990, ,4, , , , , , , , , , , , , , , , , , , , , , , , , , , , , , , , , , , , , , , , , , , , , , , , , , , , , , , , , , , , , , , , , , , , , , , , , , , , , , , , , , , , , , , , , , ,4,320,2005,344.859331563686,,
2005179N22088,2005,35,NI,BB,UNNAMED,2005-06-29 09:00:00,TS,23.3,85.7, , , ,main,0,0,_____P_________, , , , , , , , ,-5, , , , , , , , , , , , , , , , , , , , , , , , , , , , , , , , , , , , , , , , , , , , , , , , , ,23.3,85.7,D,25,990, ,4, , , , , , , , , , , , , , , , , , , , , , , , , , , , , , , , , , , , , , , , , , , , , , , , , , , , , , , , , , , , , , , , , , , , , , , , , , , , , , , , , , , , , , , , , , ,5,315,2005,367.0887149572786,,
2005179N22088,2005,35,NI,BB,UNNAMED,2005-06-29 12:00:00,TS,23.5,85.5,25,990,newdelhi,main,0,0,_____O_________, , , , , , , , ,-5, , , , , , , , , , , , , , , , , , , , , , , , , , , , , , , , , , , , , , , , , , , , , , , , , ,23.5,85.5,D,25,990,0.00000,4, , , , , , , , , , , , , , , , , , , , , , , , , , , , , , , , , , , , , , , , , , , , , , , , , , , , , , , , , , , , , , , , , , , , , , , , , , , , , , , , , , , , , , , , , , ,5,310,2005,390.4130697462541,25.0,990.0
2005179N22088,2005,35,NI,BB,UNNAMED,2005-06-29 15:00:00,TS,23.6,85.3, , , ,main,0,0,_____P_________, , , , , , , , ,-5, , , , , , , , , , , , , , , , , , , , , , , , , , , , , , , , , , , , , , , , , , , , , , , , , ,23.6,85.3,D, , , , , , , , , , , , , , , , , , , , , , , , , , , , , , , , , , , , , , , , , , , , , , , , , , , , , , , , , , , , , , , , , , , , , , , , , , , , , , , , , , , , , , , , , , , , , , ,5,305,2005,403.6148592688069,,
2005179N22088,2005,35,NI,BB,UNNAMED,2005-06-29 18:00:00,TS,23.8,85.1, , , ,main,0,0,_____P_________, , , , , , , , ,-5, , , , , , , , , , , , , , , , , , , , , , , , , , , , , , , , , , , , , , , , , , , , , , , , , ,23.8,85.1,D, , , , , , , , , , , , , , , , , , , , , , , , , , , , , , , , , , , , , , , , , , , , , , , , , , , , , , , , , , , , , , , , , , , , , , , , , , , , , , , , , , , , , , , , , , , , , , ,5,295,2005,428.66474783870484,,
2005179N22088,2005,35,NI,BB,UNNAMED,2005-06-29 21:00:00,TS,23.9,84.8, , , ,main,0,0,_____P_________, , , , , , , , ,-5, , , , , , , , , , , , , , , , , , , , , , , , , , , , , , , , , , , , , , , , , , , , , , , , , ,23.9,84.8,D, , , , , , , , , , , , , , , , , , , , , , , , , , , , , , , , , , , , , , , , , , , , , , , , , , , , , , , , , , , , , , , , , , , , , , , , , , , , , , , , , , , , , , , , , , , , , , ,6,285,2005,445.7485271452208,,
2005179N22088,2005,35,NI,BB,UNNAMED,2005-06-30 00:00:00,TS,23.9,84.5, , , ,main,0,0,_____P_________, , , , , , , , ,-5, , , , , , , , , , , , , , , , , , , , , , , , , , , , , , , , , , , , , , , , , , , , , , , , , ,23.9,84.5,D, , , , , , , , , , , , , , , , , , , , , , , , , , , , , , , , , , , , , , , , , , , , , , , , , , , , , , , , , , , , , , , , , , , , , , , , , , , , , , , , , , , , , , , , , , , , , , ,8,280,2005,453.9017487850129,,
2005179N22088,2005,35,NI,BB,UNNAMED,2005-06-30 03:00:00,TS,24.0,84.0,25,990,newdelhi,main,0,0,_____O_________, , , , , , , , ,-5, , , , , , , , , , , , , , , , , , , , , , , , , , , , , , , , , , , , , , , , , , , , , , , , , ,24.0,84.0,D,25,990,0.00000,4, , , , , , , , , , , , , , , , , , , , , , , , , , , , , , , , , , , , , , , , , , , , , , , , , , , , , , , , , , , , , , , , , , , , , , , , , , , , , , , , , , , , , , , , , , ,10,275,2005,481.9195393408193,25.0,990.0
2005179N22088,2005,35,NI,BB,UNNAMED,2005-06-30 06:00:00,TS,24.0,83.4, , , ,main,0,0,_____P_________, , , , , , , , ,-5, , , , , , , , , , , , , , , , , , , , , , , , , , , , , , , , , , , , , , , , , , , , , , , , , ,24.0,83.4,D,25,990, ,4, , , , , , , , , , , , , , , , , , , , , , , , , , , , , , , , , , , , , , , , , , , , , , , , , , , , , , , , , , , , , , , , , , , , , , , , , , , , , , , , , , , , , , , , , , ,12,270,2005,508.9351861883305,,
2005179N22088,2005,35,NI,BB,UNNAMED,2005-06-30 09:00:00,TS,24.0,82.6, , , ,main,0,0,_____P_________, , , , , , , , ,-5, , , , , , , , , , , , , , , , , , , , , , , , , , , , , , , , , , , , , , , , , , , , , , , , , ,24.0,82.6,D,25,990, ,4, , , , , , , , , , , , , , , , , , , , , , , , , , , , , , , , , , , , , , , , , , , , , , , , , , , , , , , , , , , , , , , , , , , , , , , , , , , , , , , , , , , , , , , , , , ,12,270,2005,553.716916388105,,
2005179N22088,2005,35,NI,BB,UNNAMED,2005-06-30 12:00:00,TS,24.0,82.0,25,990,newdelhi,main,0,0,_____O_________, , , , , , , , ,-5, , , , , , , , , , , , , , , , , , , , , , , , , , , , , , , , , , , , , , , , , , , , , , , , , ,24.0,82.0,D,25,990,0.00000,4, , , , , , , , , , , , , , , , , , , , , , , , , , , , , , , , , , , , , , , , , , , , , , , , , , , , , , , , , , , , , , , , , , , , , , , , , , , , , , , , , , , , , , , , , , ,10,275,2005,592.6332996216521,25.0,990.0
2005179N22088,2005,35,NI,BB,UNNAMED,2005-06-30 15:00:00,TS,24.1,81.5, , , ,main,0,0,_____P_________, , , , , , , , ,-5, , , , , , , , , , , , , , , , , , , , , , , , , , , , , , , , , , , , , , , , , , , , , , , , , ,24.1,81.5,D, , , , , , , , , , , , , , , , , , , , , , , , , , , , , , , , , , , , , , , , , , , , , , , , , , , , , , , , , , , , , , , , , , , , , , , , , , , , , , , , , , , , , , , , , , , , , , ,8,285,2005,635.6899216843707,,
2005179N22088,2005,35,NI,BB,UNNAMED,2005-06-30 18:00:00,TS,24.2,81.1, , , ,main,0,0,_____P_________, , , , , , , , ,-5, , , , , , , , , , , , , , , , , , , , , , , , , , , , , , , , , , , , , , , , , , , , , , , , , ,24.2,81.1,D, , , , , , , , , , , , , , , , , , , , , , , , , , , , , , , , , , , , , , , , , , , , , , , , , , , , , , , , , , , , , , , , , , , , , , , , , , , , , , , , , , , , , , , , , , , , , , ,7,290,2005,672.60592718418,,
2005179N22088,2005,35,NI,BB,UNNAMED,2005-06-30 21:00:00,TS,24.3,80.8, , , ,main,0,0,_____P_________, , , , , , , , ,-5, , , , , , , , , , , , , , , , , , , , , , , , , , , , , , , , , , , , , , , , , , , , , , , , , ,24.3,80.8,D, , , , , , , , , , , , , , , , , , , , , , , , , , , , , , , , , , , , , , , , , , , , , , , , , , , , , , , , , , , , , , , , , , , , , , , , , , , , , , , , , , , , , , , , , , , , , , ,5,295,2005,702.547350846284,,
2005179N22088,2005,35,NI,BB,UNNAMED,2005-07-01 00:00:00,TS,24.4,80.6, , , ,main,0,0,_____P_________, , , , , , , , ,-5, , , , , , , , , , , , , , , , , , , , , , , , , , , , , , , , , , , , , , , , , , , , , , , , , ,24.4,80.6,D, , , , , , , , , , , , , , , , , , , , , , , , , , , , , , , , , , , , , , , , , , , , , , , , , , , , , , , , , , , , , , , , , , , , , , , , , , , , , , , , , , , , , , , , , , , , , , ,3,305,2005,725.0754011759872,,
2005179N22088,2005,35,NI,BB,UNNAMED,2005-07-01 03:00:00,TS,24.5,80.5,25,990,newdelhi,main,0,0,_____O_________, , , , , , , , ,-5, , , , , , , , , , , , , , , , , , , , , , , , , , , , , , , , , , , , , , , , , , , , , , , , , ,24.5,80.5,D,25,990,0.00000,4, , , , , , , , , , , , , , , , , , , , , , , , , , , , , , , , , , , , , , , , , , , , , , , , , , , , , , , , , , , , , , , , , , , , , , , , , , , , , , , , , , , , , , , , , , ,2,300,2005,740.0233561460645,25.0,990.0
2005179N22088,2005,35,NI,BB,UNNAMED,2005-07-01 06:00:00,TS,24.5,80.4, , , ,main,0,0,_____P_________, , , , , , , , ,-5, , , , , , , , , , , , , , , , , , , , , , , , , , , , , , , , , , , , , , , , , , , , , , , , , ,24.5,80.4,D,25,990, ,4, , , , , , , , , , , , , , , , , , , , , , , , , , , , , , , , , , , , , , , , , , , , , , , , , , , , , , , , , , , , , , , , , , , , , , , , , , , , , , , , , , , , , , , , , , ,0,290,2005,747.6338940976455,,
2005179N22088,2005,35,NI,BB,UNNAMED,2005-07-01 09:00:00,TS,24.5,80.5, , , ,main,0,0,_____P_________, , , , , , , , ,-5, , , , , , , , , , , , , , , , , , , , , , , , , , , , , , , , , , , , , , , , , , , , , , , , , ,24.5,80.5,D,25,990, ,4, , , , , , , , , , , , , , , , , , , , , , , , , , , , , , , , , , , , , , , , , , , , , , , , , , , , , , , , , , , , , , , , , , , , , , , , , , , , , , , , , , , , , , , , , , ,1,110,2005,740.0233561460645,,
2005179N22088,2005,35,NI,BB,UNNAMED,2005-07-01 12:00:00,TS,24.5,80.5,25,990,newdelhi,main,0,0,_____O_________, , , , , , , , ,-5, , , , , , , , , , , , , , , , , , , , , , , , , , , , , , , , , , , , , , , , , , , , , , , , , ,24.5,80.5,D,25,990,0.00000,4, , , , , , , , , , , , , , , , , , , , , , , , , , , , , , , , , , , , , , , , , , , , , , , , , , , , , , , , , , , , , , , , , , , , , , , , , , , , , , , , , , , , , , , , , , ,0,110,2005,740.0233561460645,25.0,990.0
2005179N22088,2005,35,NI,BB,UNNAMED,2005-07-01 15:00:00,TS,24.5,80.5, , , ,main,0,0,_____P_________, , , , , , , , ,-5, , , , , , , , , , , , , , , , , , , , , , , , , , , , , , , , , , , , , , , , , , , , , , , , , ,24.5,80.5,D, , , , , , , , , , , , , , , , , , , , , , , , , , , , , , , , , , , , , , , , , , , , , , , , , , , , , , , , , , , , , , , , , , , , , , , , , , , , , , , , , , , , , , , , , , , , , , ,0,0,2005,740.0233561460645,,
2005179N22088,2005,35,NI,BB,UNNAMED,2005-07-01 18:00:00,TS,24.5,80.5, , , ,main,0,0,_____P_________, , , , , , , , ,-5, , , , , , , , , , , , , , , , , , , , , , , , , , , , , , , , , , , , , , , , , , , , , , , , , ,24.5,80.5,D, , , , , , , , , , , , , , , , , , , , , , , , , , , , , , , , , , , , , , , , , , , , , , , , , , , , , , , , , , , , , , , , , , , , , , , , , , , , , , , , , , , , , , , , , , , , , , ,0,0,2005,740.0233561460645,,
2005179N22088,2005,35,NI,BB,UNNAMED,2005-07-01 21:00:00,TS,24.5,80.5, , , ,main,0,0,_____P_________, , , , , , , , ,-5, , , , , , , , , , , , , , , , , , , , , , , , , , , , , , , , , , , , , , , , , , , , , , , , , ,24.5,80.5,D, , , , , , , , , , , , , , , , , , , , , , , , , , , , , , , , , , , , , , , , , , , , , , , , , , , , , , , , , , , , , , , , , , , , , , , , , , , , , , , , , , , , , , , , , , , , , , ,0,0,2005,740.0233561460645,,
2005179N22088,2005,35,NI,BB,UNNAMED,2005-07-02 00:00:00,TS,24.5,80.5, , , ,main,0,0,_____P_________, , , , , , , , ,-5, , , , , , , , , , , , , , , , , , , , , , , , , , , , , , , , , , , , , , , , , , , , , , , , , ,24.5,80.5,D, , , , , , , , , , , , , , , , , , , , , , , , , , , , , , , , , , , , , , , , , , , , , , , , , , , , , , , , , , , , , , , , , , , , , , , , , , , , , , , , , , , , , , , , , , , , , , ,0,0,2005,740.0233561460645,,
2005179N22088,2005,35,NI,BB,UNNAMED,2005-07-02 03:00:00,TS,24.5,80.5,25,990,newdelhi,main,0,0,_____O_________, , , , , , , , ,-5, , , , , , , , , , , , , , , , , , , , , , , , , , , , , , , , , , , , , , , , , , , , , , , , , ,24.5,80.5,D,25,990,0.00000,4, , , , , , , , , , , , , , , , , , , , , , , , , , , , , , , , , , , , , , , , , , , , , , , , , , , , , , , , , , , , , , , , , , , , , , , , , , , , , , , , , , , , , , , , , , ,0,0,2005,740.0233561460645,25.0,990.0
2005179N22088,2005,35,NI,BB,UNNAMED,2005-07-02 06:00:00,TS,24.5,80.5, , , ,main,0,0,_____P_________, , , , , , , , ,-5, , , , , , , , , , , , , , , , , , , , , , , , , , , , , , , , , , , , , , , , , , , , , , , , , ,24.5,80.5,D,25,990, ,4, , , , , , , , , , , , , , , , , , , , , , , , , , , , , , , , , , , , , , , , , , , , , , , , , , , , , , , , , , , , , , , , , , , , , , , , , , , , , , , , , , , , , , , , , , ,0,0,2005,740.0233561460645,,
2005179N22088,2005,35,NI,BB,UNNAMED,2005-07-02 09:00:00,TS,24.5,80.5, , , ,main,0,0,_____P_________, , , , , , , , ,-5, , , , , , , , , , , , , , , , , , , , , , , , , , , , , , , , , , , , , , , , , , , , , , , , , ,24.5,80.5,D,25,990, ,4, , , , , , , , , , , , , , , , , , , , , , , , , , , , , , , , , , , , , , , , , , , , , , , , , , , , , , , , , , , , , , , , , , , , , , , , , , , , , , , , , , , , , , , , , , ,0,0,2005,740.0233561460645,,
2005179N22088,2005,35,NI,BB,UNNAMED,2005-07-02 12:00:00,TS,24.5,80.5,25,990,newdelhi,main,0,0,_____O_________, , , , , , , , ,-5, , , , , , , , , , , , , , , , , , , , , , , , , , , , , , , , , , , , , , , , , , , , , , , , , ,24.5,80.5,D,25,990,0.00000,4, , , , , , , , , , , , , , , , , , , , , , , , , , , , , , , , , , , , , , , , , , , , , , , , , , , , , , , , , , , , , , , , , , , , , , , , , , , , , , , , , , , , , , , , , , ,0,0,2005,740.0233561460645,25.0,990.0
2005179N22088,2005,35,NI,BB,UNNAMED,2005-07-02 15:00:00,TS,24.5,80.5, , , ,main,0,0,_____P_________, , , , , , , , ,-5, , , , , , , , , , , , , , , , , , , , , , , , , , , , , , , , , , , , , , , , , , , , , , , , , ,24.5,80.5,D, , , , , , , , , , , , , , , , , , , , , , , , , , , , , , , , , , , , , , , , , , , , , , , , , , , , , , , , , , , , , , , , , , , , , , , , , , , , , , , , , , , , , , , , , , , , , , ,0,0,2005,740.0233561460645,,
2005179N22088,2005,35,NI,BB,UNNAMED,2005-07-02 18:00:00,TS,24.5,80.5, , , ,main,0,0,_____P_________, , , , , , , , ,-5, , , , , , , , , , , , , , , , , , , , , , , , , , , , , , , , , , , , , , , , , , , , , , , , , ,24.5,80.5,D, , , , , , , , , , , , , , , , , , , , , , , , , , , , , , , , , , , , , , , , , , , , , , , , , , , , , , , , , , , , , , , , , , , , , , , , , , , , , , , , , , , , , , , , , , , , , , ,0,0,2005,740.0233561460645,,
2005179N22088,2005,35,NI,BB,UNNAMED,2005-07-02 21:00:00,TS,24.5,80.5, , , ,main,0,0,_____P_________, , , , , , , , ,-5, , , , , , , , , , , , , , , , , , , , , , , , , , , , , , , , , , , , , , , , , , , , , , , , , ,24.5,80.5,D, , , , , , , , , , , , , , , , , , , , , , , , , , , , , , , , , , , , , , , , , , , , , , , , , , , , , , , , , , , , , , , , , , , , , , , , , , , , , , , , , , , , , , , , , , , , , , ,0,0,2005,740.0233561460645,,
2005179N22088,2005,35,NI,BB,UNNAMED,2005-07-03 00:00:00,TS,24.5,80.5, , , ,main,0,0,_____P_________, , , , , , , , ,-5, , , , , , , , , , , , , , , , , , , , , , , , , , , , , , , , , , , , , , , , , , , , , , , , , ,24.5,80.5,D, , , , , , , , , , , , , , , , , , , , , , , , , , , , , , , , , , , , , , , , , , , , , , , , , , , , , , , , , , , , , , , , , , , , , , , , , , , , , , , , , , , , , , , , , , , , , , ,0,0,2005,740.0233561460645,,
2005179N22088,2005,35,NI,BB,UNNAMED,2005-07-03 03:00:00,TS,24.5,80.5,25,990,newdelhi,main,0,0,_____O_________, , , , , , , , ,-5, , , , , , , , , , , , , , , , , , , , , , , , , , , , , , , , , , , , , , , , , , , , , , , , , ,24.5,80.5,D,25,990,0.00000,4, , , , , , , , , , , , , , , , , , , , , , , , , , , , , , , , , , , , , , , , , , , , , , , , , , , , , , , , , , , , , , , , , , , , , , , , , , , , , , , , , , , , , , , , , , ,0,0,2005,740.0233561460645,25.0,990.0
2005179N22088,2005,35,NI,BB,UNNAMED,2005-07-03 06:00:00,TS,24.5,80.5, , , ,main,0,0,_____P_________, , , , , , , , ,-5, , , , , , , , , , , , , , , , , , , , , , , , , , , , , , , , , , , , , , , , , , , , , , , , , ,24.5,80.5,D,25,990, ,4, , , , , , , , , , , , , , , , , , , , , , , , , , , , , , , , , , , , , , , , , , , , , , , , , , , , , , , , , , , , , , , , , , , , , , , , , , , , , , , , , , , , , , , , , , ,0,120,2005,740.0233561460645,,
2005179N22088,2005,35,NI,BB,UNNAMED,2005-07-03 09:00:00,TS,24.5,80.5, , , ,main,0,0,_____P_________, , , , , , , , ,-5, , , , , , , , , , , , , , , , , , , , , , , , , , , , , , , , , , , , , , , , , , , , , , , , , ,24.5,80.5,D,25,990, ,4, , , , , , , , , , , , , , , , , , , , , , , , , , , , , , , , , , , , , , , , , , , , , , , , , , , , , , , , , , , , , , , , , , , , , , , , , , , , , , , , , , , , , , , , , , ,0,0,2005,740.0233561460645,,
2005179N22088,2005,35,NI,BB,UNNAMED,2005-07-03 12:00:00,TS,24.5,80.5,25,990,newdelhi,main,0,0,_____O_________, , , , , , , , ,-5, , , , , , , , , , , , , , , , , , , , , , , , , , , , , , , , , , , , , , , , , , , , , , , , , ,24.5,80.5,D,25,990,0.00000,4, , , , , , , , , , , , , , , , , , , , , , , , , , , , , , , , , , , , , , , , , , , , , , , , , , , , , , , , , , , , , , , , , , , , , , , , , , , , , , , , , , , , , , , , , , ,2,300,2005,740.0233561460645,25.0,990.0
2005179N22088,2005,35,NI,BB,UNNAMED,2005-07-03 15:00:00,TS,24.6,80.3, , , ,main,0,0,_____P_________, , , , , , , , ,-5, , , , , , , , , , , , , , , , , , , , , , , , , , , , , , , , , , , , , , , , , , , , , , , , , ,24.6,80.3,D, , , , , , , , , , , , , , , , , , , , , , , , , , , , , , , , , , , , , , , , , , , , , , , , , , , , , , , , , , , , , , , , , , , , , , , , , , , , , , , , , , , , , , , , , , , , , , ,4,300,2005,762.5620600148329,,
2005179N22088,2005,35,NI,BB,UNNAMED,2005-07-03 18:00:00,TS,24.7,80.1, , , ,main,0,0,_____P_________, , , , , , , , ,-5, , , , , , , , , , , , , , , , , , , , , , , , , , , , , , , , , , , , , , , , , , , , , , , , , ,24.7,80.1,D, , , , , , , , , , , , , , , , , , , , , , , , , , , , , , , , , , , , , , , , , , , , , , , , , , , , , , , , , , , , , , , , , , , , , , , , , , , , , , , , , , , , , , , , , , , , , , ,5,300,2005,785.1269090871974,,
2005179N22088,2005,35,NI,BB,UNNAMED,2005-07-03 21:00:00,TS,24.8,79.9, , , ,main,0,0,_____P_________, , , , , , , , ,-5, , , , , , , , , , , , , , , , , , , , , , , , , , , , , , , , , , , , , , , , , , , , , , , , , ,24.8,79.9,D, , , , , , , , , , , , , , , , , , , , , , , , , , , , , , , , , , , , , , , , , , , , , , , , , , , , , , , , , , , , , , , , , , , , , , , , , , , , , , , , , , , , , , , , , , , , , , ,5,300,2005,807.7144060518136,,
2005179N22088,2005,35,NI,BB,UNNAMED,2005-07-04 00:00:00,TS,24.9,79.7, , , ,main,0,0,_____P_________, , , , , , , , ,-5, , , , , , , , , , , , , , , , , , , , , , , , , , , , , , , , , , , , , , , , , , , , , , , , , ,24.9,79.7,D, , , , , , , , , , , , , , , , , , , , , , , , , , , , , , , , , , , , , , , , , , , , , , , , , , , , , , , , , , , , , , , , , , , , , , , , , , , , , , , , , , , , , , , , , , , , , , ,4,300,2005,830.3214243703446,,
2005179N22088,2005,35,NI,BB,UNNAMED,2005-07-04 03:00:00,TS,25.0,79.5,25,990,newdelhi,main,0,0,_____O_________, , , , , , , , ,-5, , , , , , , , , , , , , , , , , , , , , , , , , , , , , , , , , , , , , , , , , , , , , , , , , ,25.0,79.5,D,25,990,0.00000,4, , , , , , , , , , , , , , , , , , , , , , , , , , , , , , , , , , , , , , , , , , , , , , , , , , , , , , , , , , , , , , , , , , , , , , , , , , , , , , , , , , , , , , , , , , ,2,290,2005,852.9451599451252,25.0,990.0
2005179N22088,2005,35,NI,BB,UNNAMED,2005-07-04 06:00:00,TS,25.0,79.5, , , ,main,0,0,_____P_________, , , , , , , , ,-5, , , , , , , , , , , , , , , , , , , , , , , , , , , , , , , , , , , , , , , , , , , , , , , , , ,25.0,79.5,D,25,990, ,4, , , , , , , , , , , , , , , , , , , , , , , , , , , , , , , , , , , , , , , , , , , , , , , , , , , , , , , , , , , , , , , , , , , , , , , , , , , , , , , , , , , , , , , , , , ,0,235,2005,852.9451599451252,,
2005179N22088,2005,35,NI,BB,UNNAMED,2005-07-04 09:00:00,TS,25.0,79.5, , , ,main,0,0,_____P_________, , , , , , , , ,-5, , , , , , , , , , , , , , , , , , , , , , , , , , , , , , , , , , , , , , , , , , , , , , , , , ,25.0,79.5,D,25,990, ,4, , , , , , , , , , , , , , , , , , , , , , , , , , , , , , , , , , , , , , , , , , , , , , , , , , , , , , , , , , , , , , , , , , , , , , , , , , , , , , , , , , , , , , , , , , ,0,80,2005,852.9451599451252,,
2005179N22088,2005,35,NI,BB,UNNAMED,2005-07-04 12:00:00,TS,25.0,79.5,25,990,newdelhi,main,0,0,_____O_________, , , , , , , , ,-5, , , , , , , , , , , , , , , , , , , , , , , , , , , , , , , , , , , , , , , , , , , , , , , , , ,25.0,79.5,D,25,990,0.00000,4, , , , , , , , , , , , , , , , , , , , , , , , , , , , , , , , , , , , , , , , , , , , , , , , , , , , , , , , , , , , , , , , , , , , , , , , , , , , , , , , , , , , , , , , , , ,2,30,2005,852.9451599451252,25.0,990.0
2005179N22088,2005,35,NI,BB,UNNAMED,2005-07-04 15:00:00,TS,25.2,79.6, , , ,main,0,0,_____P_________, , , , , , , , ,-5, , , , , , , , , , , , , , , , , , , , , , , , , , , , , , , , , , , , , , , , , , , , , , , , , ,25.2,79.6,D, , , , , , , , , , , , , , , , , , , , , , , , , , , , , , , , , , , , , , , , , , , , , , , , , , , , , , , , , , , , , , , , , , , , , , , , , , , , , , , , , , , , , , , , , , , , , , ,4,25,2005,859.6176599601129,,
2005179N22088,2005,35,NI,BB,UNNAMED,2005-07-04 18:00:00,TS,25.4,79.7, , , ,main,0,0,_____P_________, , , , , , , , ,-5, , , , , , , , , , , , , , , , , , , , , , , , , , , , , , , , , , , , , , , , , , , , , , , , , ,25.4,79.7,D, , , , , , , , , , , , , , , , , , , , , , , , , , , , , , , , , , , , , , , , , , , , , , , , , , , , , , , , , , , , , , , , , , , , , , , , , , , , , , , , , , , , , , , , , , , , , , ,5,25,2005,866.9520530578734,,
2005179N22088,2005,35,NI,BB,UNNAMED,2005-07-04 21:00:00,TS,25.6,79.8, , , ,main,0,0,_____P_________, , , , , , , , ,-5, , , , , , , , , , , , , , , , , , , , , , , , , , , , , , , , , , , , , , , , , , , , , , , , , ,25.6,79.8,D, , , , , , , , , , , , , , , , , , , , , , , , , , , , , , , , , , , , , , , , , , , , , , , , , , , , , , , , , , , , , , , , , , , , , , , , , , , , , , , , , , , , , , , , , , , , , , ,5,25,2005,874.9313259022385,,
2005179N22088,2005,35,NI,BB,UNNAMED,2005-07-05 00:00:00,TS,25.8,79.9, , , ,main,0,0,_____P_________, , , , , , , , ,-5, , , , , , , , , , , , , , , , , , , , , , , , , , , , , , , , , , , , , , , , , , , , , , , , , ,25.8,79.9,D, , , , , , , , , , , , , , , , , , , , , , , , , , , , , , , , , , , , , , , , , , , , , , , , , , , , , , , , , , , , , , , , , , , , , , , , , , , , , , , , , , , , , , , , , , , , , , ,4,25,2005,883.5376365603965,,
2005179N22088,2005,35,NI,BB,UNNAMED,2005-07-05 03:00:00,TS,26.0,80.0,25,990,newdelhi,main,0,0,_____O_________, , , , , , , , ,-5, , , , , , , , , , , , , , , , , , , , , , , , , , , , , , , , , , , , , , , , , , , , , , , , , ,26.0,80.0,D,25,990,0.00000,4, , , , , , , , , , , , , , , , , , , , , , , , , , , , , , , , , , , , , , , , , , , , , , , , , , , , , , , , , , , , , , , , , , , , , , , , , , , , , , , , , , , , , , , , , , ,2,25,2005,892.7524785466009,25.0,990.0
2005179N22088,2005,35,NI,BB,UNNAMED,2005-07-05 06:00:00,TS,26.1,80.0, , , ,main,0,0,_____P_________, , , , , , , , ,-5, , , , , , , , , , , , , , , , , , , , , , , , , , , , , , , , , , , , , , , , , , , , , , , , , ,26.1,80.0,D,25,990, ,4, , , , , , , , , , , , , , , , , , , , , , , , , , , , , , , , , , , , , , , , , , , , , , , , , , , , , , , , , , , , , , , , , , , , , , , , , , , , , , , , , , , , , , , , , , ,1,0,2005,900.9379226093597,,
2005179N22088,2005,35,NI,BB,UNNAMED,2005-07-05 09:00:00,TS,26.0,80.0, , , ,main,0,0,_____P_________, , , , , , , , ,-5, , , , , , , , , , , , , , , , , , , , , , , , , , , , , , , , , , , , , , , , , , , , , , , , , ,26.0,80.0,D,25,990, ,4, , , , , , , , , , , , , , , , , , , , , , , , , , , , , , , , , , , , , , , , , , , , , , , , , , , , , , , , , , , , , , , , , , , , , , , , , , , , , , , , , , , , , , , , , , ,1,0,2005,892.7524785466009,,
2005179N22088,2005,35,NI,BB,UNNAMED,2005-07-05 12:00:00,TS,26.0,80.0,25,990,newdelhi,main,0, ,_____O_________, , , , , , , , ,-5, , , , , , , , , , , , , , , , , , , , , , , , , , , , , , , , , , , , , , , , , , , , , , , , , ,26.0,80.0,D,25,990,0.00000,4, , , , , , , , , , , , , , , , , , , , , , , , , , , , , , , , , , , , , , , , , , , , , , , , , , , , , , , , , , , , , , , , , , , , , , , , , , , , , , , , , , , , , , , , , , ,1,0,2005,892.7524785466009,25.0,990.0
2005210N21088,2005,48,NI,BB,UNNAMED,2005-07-29 03:00:00,TS,21.5,87.5,25,992,newdelhi,main,15,15,_____O_________, , , , , , , , ,-5, , , , , , , , , , , , , , , , , , , , , , , , , , , , , , , , , , , , , , , , , , , , , , , , , ,21.5,87.5,D,25,992,1.50000,4, , , , , , , , , , , , , , , , , , , , , , , , , , , , , , , , , , , , , , , , , , , , , , , , , , , , , , , , , , , , , , , , , , , , , , , , , , , , , , , , , , , , , , , , , , ,1,270,2005,243.03180018586133,25.0,992.0
2005210N21088,2005,48,NI,BB,UNNAMED,2005-07-29 06:00:00,TS,21.5,87.5, , , ,main,15,11,_____P_________, , , , , , , , ,-5, , , , , , , , , , , , , , , , , , , , , , , , , , , , , , , , , , , , , , , , , , , , , , , , , ,21.5,87.5,D,25,991, ,4, , , , , , , , , , , , , , , , , , , , , , , , , , , , , , , , , , , , , , , , , , , , , , , , , , , , , , , , , , , , , , , , , , , , , , , , , , , , , , , , , , , , , , , , , , ,0,270,2005,243.03180018586133,,
2005210N21088,2005,48,NI,BB,UNNAMED,2005-07-29 09:00:00,TS,21.5,87.5, , , ,main,15,15,_____P_________, , , , , , , , ,-5, , , , , , , , , , , , , , , , , , , , , , , , , , , , , , , , , , , , , , , , , , , , , , , , , ,21.5,87.5,D,25,991, ,4, , , , , , , , , , , , , , , , , , , , , , , , , , , , , , , , , , , , , , , , , , , , , , , , , , , , , , , , , , , , , , , , , , , , , , , , , , , , , , , , , , , , , , , , , , ,0,90,2005,243.03180018586133,,
2005210N21088,2005,48,NI,BB,UNNAMED,2005-07-29 12:00:00,TS,21.5,87.5,25,990,newdelhi,main,15,15,_____O_________, , , , , , , , ,-5, , , , , , , , , , , , , , , , , , , , , , , , , , , , , , , , , , , , , , , , , , , , , , , , , ,21.5,87.5,D,25,990,1.50000,4, , , , , , , , , , , , , , , , , , , , , , , , , , , , , , , , , , , , , , , , , , , , , , , , , , , , , , , , , , , , , , , , , , , , , , , , , , , , , , , , , , , , , , , , , , ,2,90,2005,243.03180018586133,25.0,990.0
2005210N21088,2005,48,NI,BB,UNNAMED,2005-07-29 15:00:00,TS,21.5,87.6, , , ,main,22,22,_____P_________, , , , , , , , ,-5, , , , , , , , , , , , , , , , , , , , , , , , , , , , , , , , , , , , , , , , , , , , , , , , , ,21.5,87.6,D, , , , , , , , , , , , , , , , , , , , , , , , , , , , , , , , , , , , , , , , , , , , , , , , , , , , , , , , , , , , , , , , , , , , , , , , , , , , , , , , , , , , , , , , , , , , , , ,2,90,2005,250.69579899670208,,
2005210N21088,2005,48,NI,BB,UNNAMED,2005-07-29 18:00:00,TS,21.5,87.7, , , ,main,22,22,_____P_________, , , , , , , , ,-5, , , , , , , , , , , , , , , , , , , , , , , , , , , , , , , , , , , , , , , , , , , , , , , , , ,21.5,87.7,D, , , , , , , , , , , , , , , , , , , , , , , , , , , , , , , , , , , , , , , , , , , , , , , , , , , , , , , , , , , , , , , , , , , , , , , , , , , , , , , , , , , , , , , , , , , , , , ,2,90,2005,258.5508202031118,,
2005210N21088,2005,48,NI,BB,UNNAMED,2005-07-29 21:00:00,TS,21.5,87.8, , , ,main,22,22,_____P_________, , , , , , , , ,-5, , , , , , , , , , , , , , , , , , , , , , , , , , , , , , , , , , , , , , , , , , , , , , , , , ,21.5,87.8,D, , , , , , , , , , , , , , , , , , , , , , , , , , , , , , , , , , , , , , , , , , , , , , , , , , , , , , , , , , , , , , , , , , , , , , , , , , , , , , , , , , , , , , , , , , , , , , ,0,0,2005,266.57997552388207,,
2005210N21088,2005,48,NI,BB,UNNAMED,2005-07-30 00:00:00,TS,21.5,87.8, , , ,main,22,15,_____P_________, , , , , , , , ,-5, , , , , , , , , , , , , , , , , , , , , , , , , , , , , , , , , , , , , , , , , , , , , , , , , ,21.5,87.8,D, , , , , , , , , , , , , , , , , , , , , , , , , , , , , , , , , , , , , , , , , , , , , , , , , , , , , , , , , , , , , , , , , , , , , , , , , , , , , , , , , , , , , , , , , , , , , , ,3,270,2005,266.57997552388207,,
2005210N21088,2005,48,NI,BB,UNNAMED,2005-07-30 03:00:00,TS,21.5,87.5,30,990,newdelhi,main,15,0,_____O_________, , , , , , , , ,-5, , , , , , , , , , , , , , , , , , , , , , , , , , , , , , , , , , , , , , , , , , , , , , , , , ,21.5,87.5,DD,30,990,2.00000,5, , , , , , , , , , , , , , , , , , , , , , , , , , , , , , , , , , , , , , , , , , , , , , , , , , , , , , , , , , , , , , , , , , , , , , , , , , , , , , , , , , , , , , , , , , ,8,270,2005,243.03180018586133,30.0,990.0
2005210N21088,2005,48,NI,BB,UNNAMED,2005-07-30 06:00:00,TS,21.5,86.9, , , ,main,0,0,_____P_________, , , , , , , , ,-5, , , , , , , , , , , , , , , , , , , , , , , , , , , , , , , , , , , , , , , , , , , , , , , , , ,21.5,86.9,DD,30,989, ,5, , , , , , , , , , , , , , , , , , , , , , , , , , , , , , , , , , , , , , , , , , , , , , , , , , , , , , , , , , , , , , , , , , , , , , , , , , , , , , , , , , , , , , , , , , ,13,270,2005,202.24115616449342,,
2005210N21088,2005,48,NI,BB,UNNAMED,2005-07-30 09:00:00,TS,21.5,86.1, , , ,main,0,0,_____P_________, , , , , , , , ,-5, , , , , , , , , , , , , , , , , , , , , , , , , , , , , , , , , , , , , , , , , , , , , , , , , ,21.5,86.1,DD,30,989, ,5, , , , , , , , , , , , , , , , , , , , , , , , , , , , , , , , , , , , , , , , , , , , , , , , , , , , , , , , , , , , , , , , , , , , , , , , , , , , , , , , , , , , , , , , , , ,13,270,2005,169.68420690433797,,
2005210N21088,2005,48,NI,BB,UNNAMED,2005-07-30 12:00:00,TS,21.5,85.5,30,988,newdelhi,main,0,0,_____O_________, , , , , , , , ,-5, , , , , , , , , , , , , , , , , , , , , , , , , , , , , , , , , , , , , , , , , , , , , , , , , ,21.5,85.5,DD,30,988,2.00000,5, , , , , , , , , , , , , , , , , , , , , , , , , , , , , , , , , , , , , , , , , , , , , , , , , , , , , , , , , , , , , , , , , , , , , , , , , , , , , , , , , , , , , , , , , , ,7,265,2005,169.68420690433797,30.0,988.0
2005210N21088,2005,48,NI,BB,UNNAMED,2005-07-30 15:00:00,TS,21.5,85.4, , , ,main,0,0,_____P_________, , , , , , , , ,-5, , , , , , , , , , , , , , , , , , , , , , , , , , , , , , , , , , , , , , , , , , , , , , , , , ,21.5,85.4,DD, , , , , , , , , , , , , , , , , , , , , , , , , , , , , , , , , , , , , , , , , , , , , , , , , , , , , , , , , , , , , , , , , , , , , , , , , , , , , , , , , , , , , , , , , , , , , , ,1,150,2005,171.89976673591613,,
2005210N21088,2005,48,NI,BB,UNNAMED,2005-07-30 18:00:00,TS,21.4,85.6, , , ,main,0,0,_____P_________, , , , , , , , ,-5, , , , , , , , , , , , , , , , , , , , , , , , , , , , , , , , , , , , , , , , , , , , , , , , , ,21.4,85.6,DD, , , , , , , , , , , , , , , , , , , , , , , , , , , , , , , , , , , , , , , , , , , , , , , , , , , , , , , , , , , , , , , , , , , , , , , , , , , , , , , , , , , , , , , , , , , , , , ,3,100,2005,157.0566729519899,,
2005210N21088,2005,48,NI,BB,UNNAMED,2005-07-30 21:00:00,TS,21.4,85.7, , , ,main,0,0,_____P_________, , , , , , , , ,-5, , , , , , , , , , , , , , , , , , , , , , , , , , , , , , , , , , , , , , , , , , , , , , , , , ,21.4,85.7,DD, , , , , , , , , , , , , , , , , , , , , , , , , , , , , , , , , , , , , , , , , , , , , , , , , , , , , , , , , , , , , , , , , , , , , , , , , , , , , , , , , , , , , , , , , , , , , , ,2,90,2005,156.0199918467883,,
2005210N21088,2005,48,NI,BB,UNNAMED,2005-07-31 00:00:00,TS,21.4,85.8, , , ,main,0,0,_____P_________, , , , , , , , ,-5, , , , , , , , , , , , , , , , , , , , , , , , , , , , , , , , , , , , , , , , , , , , , , , , , ,21.4,85.8,DD, , , , , , , , , , , , , , , , , , , , , , , , , , , , , , , , , , , , , , , , , , , , , , , , , , , , , , , , , , , , , , , , , , , , , , , , , , , , , , , , , , , , , , , , , , , , , , ,2,290,2005,155.67289730238207,,
2005210N21088,2005,48,NI,BB,UNNAMED,2005-07-31 03:00:00,TS,21.5,85.5,30,990,newdelhi,main,0,0,_____O_________, , , , , , , , ,-5, , , , , , , , , , , , , , , , , , , , , , , , , , , , , , , , , , , , , , , , , , , , , , , , , ,21.5,85.5,DD,30,990,2.00000,5, , , , , , , , , , , , , , , , , , , , , , , , , , , , , , , , , , , , , , , , , , , , , , , , , , , , , , , , , , , , , , , , , , , , , , , , , , , , , , , , , , , , , , , , , , ,9,280,2005,169.68420690433797,30.0,990.0
2005210N21088,2005,48,NI,BB,UNNAMED,2005-07-31 06:00:00,TS,21.6,84.8, , , ,main,0,0,_____P_________, , , , , , , , ,-5, , , , , , , , , , , , , , , , , , , , , , , , , , , , , , , , , , , , , , , , , , , , , , , , , ,21.6,84.8,DD,30,990, ,5, , , , , , , , , , , , , , , , , , , , , , , , , , , , , , , , , , , , , , , , , , , , , , , , , , , , , , , , , , , , , , , , , , , , , , , , , , , , , , , , , , , , , , , , , , ,17,280,2005,206.05037592432114,,
2005210N21088,2005,48,NI,BB,UNNAMED,2005-07-31 09:00:00,TS,21.8,83.7, , , ,main,0,0,_____P_________, , , , , , , , ,-5, , , , , , , , , , , , , , , , , , , , , , , , , , , , , , , , , , , , , , , , , , , , , , , , , ,21.8,83.7,DD,30,990, ,5, , , , , , , , , , , , , , , , , , , , , , , , , , , , , , , , , , , , , , , , , , , , , , , , , , , , , , , , , , , , , , , , , , , , , , , , , , , , , , , , , , , , , , , , , , ,22,280,2005,296.04309494806495,,
2005210N21088,2005,48,NI,BB,UNNAMED,2005-07-31 12:00:00,TS,22.0,82.5,30,990,newdelhi,main,0, ,_____O_________, , , , , , , , ,-5, , , , , , , , , , , , , , , , , , , , , , , , , , , , , , , , , , , , , , , , , , , , , , , , , ,22.0,82.5,DD,30,990,2.00000,5, , , , , , , , , , , , , , , , , , , , , , , , , , , , , , , , , , , , , , , , , , , , , , , , , , , , , , , , , , , , , , , , , , , , , , , , , , , , , , , , , , , , , , , , , , ,23,280,2005,408.40031006206056,30.0,990.0
2005255N20088,2005,72,NI,BB,UNNAMED,2005-09-12 03:00:00,TS,20.0,88.0,25,992,newdelhi,main,130,15,_____O_________, , , , , , , , ,-5, , , , , , , , , , , , , , , , , , , , , , , , , , , , , , , , , , , , , , , , , , , , , , , , , ,20.0,88.0,D,25,992,1.50000,4, , , , , , , , , , , , , , , , , , , , , , , , , , , , , , , , , , , , , , , , , , , , , , , , , , , , , , , , , , , , , , , , , , , , , , , , , , , , , , , , , , , , , , , , , , ,23,290,2005,229.8742623618821,25.0,992.0
2005255N20088,2005,72,NI,BB,UNNAMED,2005-09-12 06:00:00,TS,20.4,86.8, , , ,main,10,0,_____P_________, , , , , , , , ,-5, , , , , , , , , , , , , , , , , , , , , , , , , , , , , , , , , , , , , , , , , , , , , , , , , ,20.4,86.8,D,25,992, ,4, , , , , , , , , , , , , , , , , , , , , , , , , , , , , , , , , , , , , , , , , , , , , , , , , , , , , , , , , , , , , , , , , , , , , , , , , , , , , , , , , , , , , , , , , , ,22,290,2005,113.43852556058485,,
2005255N20088,2005,72,NI,BB,UNNAMED,2005-09-12 09:00:00,TS,20.7,85.8, , , ,main,0,0,_____P_________, , , , , , , , ,-5, , , , , , , , , , , , , , , , , , , , , , , , , , , , , , , , , , , , , , , , , , , , , , , , , ,20.7,85.8,D,25,992, ,4, , , , , , , , , , , , , , , , , , , , , , , , , , , , , , , , , , , , , , , , , , , , , , , , , , , , , , , , , , , , , , , , , , , , , , , , , , , , , , , , , , , , , , , , , , ,18,290,2005,77.83644865119103,,
2005255N20088,2005,72,NI,BB,UNNAMED,2005-09-12 12:00:00,TS,21.0,85.0,25,992,newdelhi,main,0,0,_____O_________, , , , , , , , ,-5, , , , , , , , , , , , , , , , , , , , , , , , , , , , , , , , , , , , , , , , , , , , , , , , , ,21.0,85.0,D,25,992,1.50000,4, , , , , , , , , , , , , , , , , , , , , , , , , , , , , , , , , , , , , , , , , , , , , , , , , , , , , , , , , , , , , , , , , , , , , , , , , , , , , , , , , , , , , , , , , , ,13,290,2005,138.9485376529916,25.0,992.0
2005255N20088,2005,72,NI,BB,UNNAMED,2005-09-12 15:00:00,TS,21.2,84.5, , , ,main,0,0,_____P_________, , , , , , , , ,-5, , , , , , , , , , , , , , , , , , , , , , , , , , , , , , , , , , , , , , , , , , , , , , , , , ,21.2,84.5,D, , , , , , , , , , , , , , , , , , , , , , , , , , , , , , , , , , , , , , , , , , , , , , , , , , , , , , , , , , , , , , , , , , , , , , , , , , , , , , , , , , , , , , , , , , , , , , ,7,295,2005,190.03293188233204,,
2005255N20088,2005,72,NI,BB,UNNAMED,2005-09-12 18:00:00,TS,21.3,84.3, , , ,main,0,0,_____P_________, , , , , , , , ,-5, , , , , , , , , , , , , , , , , , , , , , , , , , , , , , , , , , , , , , , , , , , , , , , , , ,21.3,84.3,D, , , , , , , , , , , , , , , , , , , , , , , , , , , , , , , , , , , , , , , , , , , , , , , , , , , , , , , , , , , , , , , , , , , , , , , , , , , , , , , , , , , , , , , , , , , , , , ,3,305,2005,212.72951359180394,,
2005255N20088,2005,72,NI,BB,UNNAMED,2005-09-12 21:00:00,TS,21.3,84.2, , , ,main,0,0,_____P_________, , , , , , , , ,-5, , , , , , , , , , , , , , , , , , , , , , , , , , , , , , , , , , , , , , , , , , , , , , , , , ,21.3,84.2,D, , , , , , , , , , , , , , , , , , , , , , , , , , , , , , , , , , , , , , , , , , , , , , , , , , , , , , , , , , , , , , , , , , , , , , , , , , , , , , , , , , , , , , , , , , , , , , ,2,315,2005,220.4763748359088,,
2005255N20088,2005,72,NI,BB,UNNAMED,2005-09-13 00:00:00,TS,21.4,84.2, , , ,main,0,0,_____P_________, , , , , , , , ,-5, , , , , , , , , , , , , , , , , , , , , , , , , , , , , , , , , , , , , , , , , , , , , , , , , ,21.4,84.2,D, , , , , , , , , , , , , , , , , , , , , , , , , , , , , , , , , , , , , , , , , , , , , , , , , , , , , , , , , , , , , , , , , , , , , , , , , , , , , , , , , , , , , , , , , , , , , , ,3,305,2005,227.88083210051855,,
2005255N20088,2005,72,NI,BB,UNNAMED,2005-09-13 03:00:00,TS,21.5,84.0,25,992,newdelhi,main,0,0,_____O_________, , , , , , , , ,-5, , , , , , , , , , , , , , , , , , , , , , , , , , , , , , , , , , , , , , , , , , , , , , , , , ,21.5,84.0,D,25,992,1.50000,4, , , , , , , , , , , , , , , , , , , , , , , , , , , , , , , , , , , , , , , , , , , , , , , , , , , , , , , , , , , , , , , , , , , , , , , , , , , , , , , , , , , , , , , , , , ,6,295,2005,250.69579899670208,25.0,992.0
2005255N20088,2005,72,NI,BB,UNNAMED,2005-09-13 06:00:00,TS,21.7,83.6, , , ,main,0,0,_____P_________, , , , , , , , ,-5, , , , , , , , , , , , , , , , , , , , , , , , , , , , , , , , , , , , , , , , , , , , , , , , , ,21.7,83.6,D,25,992, ,4, , , , , , , , , , , , , , , , , , , , , , , , , , , , , , , , , , , , , , , , , , , , , , , , , , , , , , , , , , , , , , , , , , , , , , , , , , , , , , , , , , , , , , , , , , ,9,290,2005,296.6290839498245,,
2005255N20088,2005,72,NI,BB,UNNAMED,2005-09-13 09:00:00,TS,21.8,83.0, , , ,main,0,0,_____P_________, , , , , , , , ,-5, , , , , , , , , , , , , , , , , , , , , , , , , , , , , , , , , , , , , , , , , , , , , , , , , ,21.8,83.0,D,25,992, ,4, , , , , , , , , , , , , , , , , , , , , , , , , , , , , , , , , , , , , , , , , , , , , , , , , , , , , , , , , , , , , , , , , , , , , , , , , , , , , , , , , , , , , , , , , , ,10,290,2005,353.055424351482,,
2005255N20088,2005,72,NI,BB,UNNAMED,2005-09-13 12:00:00,TS,22.0,82.5,25,992,newdelhi,main,0,0,_____O_________, , , , , , , , ,-5, , , , , , , , , , , , , , , , , , , , , , , , , , , , , , , , , , , , , , , , , , , , , , , , , ,22.0,82.5,D,25,992,1.50000,4, , , , , , , , , , , , , , , , , , , , , , , , , , , , , , , , , , , , , , , , , , , , , , , , , , , , , , , , , , , , , , , , , , , , , , , , , , , , , , , , , , , , , , , , , , ,11,290,2005,408.40031006206056,25.0,992.0
2005255N20088,2005,72,NI,BB,UNNAMED,2005-09-13 15:00:00,TS,22.2,81.9, , , ,main,0,0,_____P_________, , , , , , , , ,-5, , , , , , , , , , , , , , , , , , , , , , , , , , , , , , , , , , , , , , , , , , , , , , , , , ,22.2,81.9,D, , , , , , , , , , , , , , , , , , , , , , , , , , , , , , , , , , , , , , , , , , , , , , , , , , , , , , , , , , , , , , , , , , , , , , , , , , , , , , , , , , , , , , , , , , , , , , ,12,295,2005,472.75243002760226,,
2005255N20088,2005,72,NI,BB,UNNAMED,2005-09-13 18:00:00,TS,22.5,81.3, , , ,main,0,0,_____P_________, , , , , , , , ,-5, , , , , , , , , , , , , , , , , , , , , , , , , , , , , , , , , , , , , , , , , , , , , , , , , ,22.5,81.3,D, , , , , , , , , , , , , , , , , , , , , , , , , , , , , , , , , , , , , , , , , , , , , , , , , , , , , , , , , , , , , , , , , , , , , , , , , , , , , , , , , , , , , , , , , , , , , , ,12,295,2005,542.8623211505018,,
2005255N20088,2005,72,NI,BB,UNNAMED,2005-09-13 21:00:00,TS,22.7,80.8, , , ,main,0,0,_____P_________, , , , , , , , ,-5, , , , , , , , , , , , , , , , , , , , , , , , , , , , , , , , , , , , , , , , , , , , , , , , , ,22.7,80.8,D, , , , , , , , , , , , , , , , , , , , , , , , , , , , , , , , , , , , , , , , , , , , , , , , , , , , , , , , , , , , , , , , , , , , , , , , , , , , , , , , , , , , , , , , , , , , , , ,10,295,2005,598.4803182229055,,
2005255N20088,2005,72,NI,BB,UNNAMED,2005-09-14 00:00:00,TS,22.9,80.3, , , ,main,0,0,_____P_________, , , , , , , , ,-5, , , , , , , , , , , , , , , , , , , , , , , , , , , , , , , , , , , , , , , , , , , , , , , , , ,22.9,80.3,D, , , , , , , , , , , , , , , , , , , , , , , , , , , , , , , , , , , , , , , , , , , , , , , , , , , , , , , , , , , , , , , , , , , , , , , , , , , , , , , , , , , , , , , , , , , , , , ,8,295,2005,654.1043878057955,,
2005255N20088,2005,72,NI,BB,UNNAMED,2005-09-14 03:00:00,TS,23.0,80.0,25,996,newdelhi,main,0,0,_____O_________, , , , , , , , ,-5, , , , , , , , , , , , , , , , , , , , , , , , , , , , , , , , , , , , , , , , , , , , , , , , , ,23.0,80.0,D,25,996,1.50000,4, , , , , , , , , , , , , , , , , , , , , , , , , , , , , , , , , , , , , , , , , , , , , , , , , , , , , , , , , , , , , , , , , , , , , , , , , , , , , , , , , , , , , , , , , , ,4,290,2005,686.4273909928655,25.0,996.0
2005255N20088,2005,72,NI,BB,UNNAMED,2005-09-14 06:00:00,TS,23.0,79.9, , , ,main,0,0,_____P_________, , , , , , , , ,-5, , , , , , , , , , , , , , , , , , , , , , , , , , , , , , , , , , , , , , , , , , , , , , , , , ,23.0,79.9,D,25,997, ,4, , , , , , , , , , , , , , , , , , , , , , , , , , , , , , , , , , , , , , , , , , , , , , , , , , , , , , , , , , , , , , , , , , , , , , , , , , , , , , , , , , , , , , , , , , ,0,220,2005,695.4843883480313,,
2005255N20088,2005,72,NI,BB,UNNAMED,2005-09-14 09:00:00,TS,23.0,80.0, , , ,main,0,0,_____P_________, , , , , , , , ,-5, , , , , , , , , , , , , , , , , , , , , , , , , , , , , , , , , , , , , , , , , , , , , , , , , ,23.0,80.0,D,25,997, ,4, , , , , , , , , , , , , , , , , , , , , , , , , , , , , , , , , , , , , , , , , , , , , , , , , , , , , , , , , , , , , , , , , , , , , , , , , , , , , , , , , , , , , , , , , , ,0,85,2005,686.4273909928655,,
2005255N20088,2005,72,NI,BB,UNNAMED,2005-09-14 12:00:00,TS,23.0,80.0,25,998,newdelhi,main,0,0,_____O_________, , , , , , , , ,-5, , , , , , , , , , , , , , , , , , , , , , , , , , , , , , , , , , , , , , , , , , , , , , , , , ,23.0,80.0,D,25,998,1.50000,4, , , , , , , , , , , , , , , , , , , , , , , , , , , , , , , , , , , , , , , , , , , , , , , , , , , , , , , , , , , , , , , , , , , , , , , , , , , , , , , , , , , , , , , , , , ,3,320,2005,686.4273909928655,25.0,998.0
2005255N20088,2005,72,NI,BB,UNNAMED,2005-09-14 15:00:00,TS,23.2,79.8, , , ,main,0,0,_____P_________, , , , , , , , ,-5, , , , , , , , , , , , , , , , , , , , , , , , , , , , , , , , , , , , , , , , , , , , , , , , , ,23.2,79.8,D, , , , , , , , , , , , , , , , , , , , , , , , , , , , , , , , , , , , , , , , , , , , , , , , , , , , , , , , , , , , , , , , , , , , , , , , , , , , , , , , , , , , , , , , , , , , , , ,6,315,2005,714.9901171720336,,
2005255N20088,2005,72,NI,BB,UNNAMED,2005-09-14 18:00:00,TS,23.4,79.5, , , ,main,0,0,_____P_________, , , , , , , , ,-5, , , , , , , , , , , , , , , , , , , , , , , , , , , , , , , , , , , , , , , , , , , , , , , , , ,23.4,79.5,D, , , , , , , , , , , , , , , , , , , , , , , , , , , , , , , , , , , , , , , , , , , , , , , , , , , , , , , , , , , , , , , , , , , , , , , , , , , , , , , , , , , , , , , , , , , , , , ,8,315,2005,752.5548488894544,,
2005255N20088,2005,72,NI,BB,UNNAMED,2005-09-14 21:00:00,TS,23.8,79.1, , , ,main,0,0,_____P_________, , , , , , , , ,-5, , , , , , , , , , , , , , , , , , , , , , , , , , , , , , , , , , , , , , , , , , , , , , , , , ,23.8,79.1,D, , , , , , , , , , , , , , , , , , , , , , , , , , , , , , , , , , , , , , , , , , , , , , , , , , , , , , , , , , , , , , , , , , , , , , , , , , , , , , , , , , , , , , , , , , , , , , ,9,315,2005,809.9520607833736,,
2005255N20088,2005,72,NI,BB,UNNAMED,2005-09-15 00:00:00,TS,24.1,78.8, , , ,main,0,0,_____P_________, , , , , , , , ,-5, , , , , , , , , , , , , , , , , , , , , , , , , , , , , , , , , , , , , , , , , , , , , , , , , ,24.1,78.8,D, , , , , , , , , , , , , , , , , , , , , , , , , , , , , , , , , , , , , , , , , , , , , , , , , , , , , , , , , , , , , , , , , , , , , , , , , , , , , , , , , , , , , , , , , , , , , , ,9,320,2005,853.1621536680781,,
2005255N20088,2005,72,NI,BB,UNNAMED,2005-09-15 03:00:00,TS,24.5,78.5,25,1000,newdelhi,main,0,0,_____O_________, , , , , , , , ,-5, , , , , , , , , , , , , , , , , , , , , , , , , , , , , , , , , , , , , , , , , , , , , , , , , ,24.5,78.5,D,25,1000,1.50000,4, , , , , , , , , , , , , , , , , , , , , , , , , , , , , , , , , , , , , , , , , , , , , , , , , , , , , , , , , , , , , , , , , , , , , , , , , , , , , , , , , , , , , , , , , , ,8,325,2005,902.3618937642984,25.0,1000.0
2005255N20088,2005,72,NI,BB,UNNAMED,2005-09-15 06:00:00,TS,24.8,78.3, , , ,main,0,0,_____P_________, , , , , , , , ,-5, , , , , , , , , , , , , , , , , , , , , , , , , , , , , , , , , , , , , , , , , , , , , , , , , ,24.8,78.3,D,25,999, ,4, , , , , , , , , , , , , , , , , , , , , , , , , , , , , , , , , , , , , , , , , , , , , , , , , , , , , , , , , , , , , , , , , , , , , , , , , , , , , , , , , , , , , , , , , , ,8,335,2005,937.4016744355845,,
2005255N20088,2005,72,NI,BB,UNNAMED,2005-09-15 09:00:00,TS,25.2,78.1, , , ,main,0,0,_____P_________, , , , , , , , ,-5, , , , , , , , , , , , , , , , , , , , , , , , , , , , , , , , , , , , , , , , , , , , , , , , , ,25.2,78.1,D,25,997, ,4, , , , , , , , , , , , , , , , , , , , , , , , , , , , , , , , , , , , , , , , , , , , , , , , , , , , , , , , , , , , , , , , , , , , , , , , , , , , , , , , , , , , , , , , , , ,7,340,2005,978.9567347558122,,
2005255N20088,2005,72,NI,AS,UNNAMED,2005-09-15 12:00:00,TS,25.5,78.0,25,996,newdelhi,main,0,0,_____O_________, , , , , , , , ,-5, , , , , , , , , , , , , , , , , , , , , , , , , , , , , , , , , , , , , , , , , , , , , , , , , ,25.5,78.0,D,25,996,1.50000,4, , , , , , , , , , , , , , , , , , , , , , , , , , , , , , , , , , , , , , , , , , , , , , , , , , , , , , , , , , , , , , , , , , , , , , , , , , , , , , , , , , , , , , , , , , ,7,345,2005,1006.4151653660892,25.0,996.0
2005255N20088,2005,72,NI,AS,UNNAMED,2005-09-15 15:00:00,TS,25.8,77.9, , , ,main,0,0,_____P_________, , , , , , , , ,-5, , , , , , , , , , , , , , , , , , , , , , , , , , , , , , , , , , , , , , , , , , , , , , , , , ,25.8,77.9,D, , , , , , , , , , , , , , , , , , , , , , , , , , , , , , , , , , , , , , , , , , , , , , , , , , , , , , , , , , , , , , , , , , , , , , , , , , , , , , , , , , , , , , , , , , , , , , ,6,355,2005,1034.2791352380493,,
2005255N20088,2005,72,NI,AS,UNNAMED,2005-09-15 18:00:00,TS,26.1,77.9, , , ,main,0,0,_____P_________, , , , , , , , ,-5, , , , , , , , , , , , , , , , , , , , , , , , , , , , , , , , , , , , , , , , , , , , , , , , , ,26.1,77.9,D, , , , , , , , , , , , , , , , , , , , , , , , , , , , , , , , , , , , , , , , , , , , , , , , , , , , , , , , , , , , , , , , , , , , , , , , , , , , , , , , , , , , , , , , , , , , , , ,6,0,2005,1054.6688453475776,,
2005255N20088,2005,72,NI,AS,UNNAMED,2005-09-15 21:00:00,TS,26.4,77.9, , , ,main,0,0,_____P_________, , , , , , , , ,-5, , , , , , , , , , , , , , , , , , , , , , , , , , , , , , , , , , , , , , , , , , , , , , , , , ,26.4,77.9,D, , , , , , , , , , , , , , , , , , , , , , , , , , , , , , , , , , , , , , , , , , , , , , , , , , , , , , , , , , , , , , , , , , , , , , , , , , , , , , , , , , , , , , , , , , , , , , ,6,5,2005,1075.7009257099824,,
2005255N20088,2005,72,NI,AS,UNNAMED,2005-09-16 00:00:00,TS,26.7,78.0, , , ,main,0,0,_____P_________, , , , , , , , ,-5, , , , , , , , , , , , , , , , , , , , , , , , , , , , , , , , , , , , , , , , , , , , , , , , , ,26.7,78.0,D, , , , , , , , , , , , , , , , , , , , , , , , , , , , , , , , , , , , , , , , , , , , , , , , , , , , , , , , , , , , , , , , , , , , , , , , , , , , , , , , , , , , , , , , , , , , , , ,6,5,2005,1089.87443812535,,
2005255N20088,2005,72,NI,AS,UNNAMED,2005-09-16 03:00:00,TS,27.0,78.0,25,996,newdelhi,main,0,0,_____O_________, , , , , , , , ,-5, , , , , , , , , , , , , , , , , , , , , , , , , , , , , , , , , , , , , , , , , , , , , , , , , ,27.0,78.0,D,25,996,1.50000,4, , , , , , , , , , , , , , , , , , , , , , , , , , , , , , , , , , , , , , , , , , , , , , , , , , , , , , , , , , , , , , , , , , , , , , , , , , , , , , , , , , , , , , , , , , ,6,5,2005,1112.24926459529,25.0,996.0
2005255N20088,2005,72,NI,BB,UNNAMED,2005-09-16 06:00:00,TS,27.3,78.0, , , ,main,0,0,_____P_________, , , , , , , , ,-5, , , , , , , , , , , , , , , , , , , , , , , , , , , , , , , , , , , , , , , , , , , , , , , , , ,27.3,78.0,D,25,996, ,4, , , , , , , , , , , , , , , , , , , , , , , , , , , , , , , , , , , , , , , , , , , , , , , , , , , , , , , , , , , , , , , , , , , , , , , , , , , , , , , , , , , , , , , , , , ,7,0,2005,1135.1581055216325,,
2005255N20088,2005,72,NI,BB,UNNAMED,2005-09-16 09:00:00,TS,27.7,78.0, , , ,main,0,0,_____P_________, , , , , , , , ,-5, , , , , , , , , , , , , , , , , , , , , , , , , , , , , , , , , , , , , , , , , , , , , , , , , ,27.7,78.0,D,25,996, ,4, , , , , , , , , , , , , , , , , , , , , , , , , , , , , , , , , , , , , , , , , , , , , , , , , , , , , , , , , , , , , , , , , , , , , , , , , , , , , , , , , , , , , , , , , , ,7,360,2005,1166.4794264125355,,
2005255N20088,2005,72,NI,AS,UNNAMED,2005-09-16 12:00:00,TS,28.0,78.0,25,996,newdelhi,main,0, ,_____O_________, , , , , , , , ,-5, , , , , , , , , , , , , , , , , , , , , , , , , , , , , , , , , , , , , , , , , , , , , , , , , ,28.0,78.0,D,25,996,1.50000,4, , , , , , , , , , , , , , , , , , , , , , , , , , , , , , , , , , , , , , , , , , , , , , , , , , , , , , , , , , , , , , , , , , , , , , , , , , , , , , , , , , , , , , , , , , ,7,0,2005,1190.514274340679,25.0,996.0
2005260N20091,2005,76,NI,BB,UNNAMED,2005-09-17 03:00:00,TS,20.0,90.5,25,1000,newdelhi,main,203,191,_____O_________, , , , , , , , ,-5, , , , , , , , , , , , , , , , , , , , , , , , , , , , , , , , , , , , , , , , , , , , , , , , , ,20.0,90.5,D,25,1000,1.50000,4, , , , , , , , , , , , , , , , , , , , , , , , , , , , , , , , , , , , , , , , , , , , , , , , , , , , , , , , , , , , , , , , , , , , , , , , , , , , , , , , , , , , , , , , , , ,3,340,2005,491.08242828266117,25.0,1000.0
2005260N20091,2005,76,NI,BB,UNNAMED,2005-09-17 06:00:00,TS,20.2,90.4, , , ,main,180,168,_____P_________, , , , , , , , ,-5, , , , , , , , , , , , , , , , , , , , , , , , , , , , , , , , , , , , , , , , , , , , , , , , , ,20.2,90.4,D,25,999, ,4, , , , , , , , , , , , , , , , , , , , , , , , , , , , , , , , , , , , , , , , , , , , , , , , , , , , , , , , , , , , , , , , , , , , , , , , , , , , , , , , , , , , , , , , , , ,4,330,2005,480.8425417089694,,
2005260N20091,2005,76,NI,BB,UNNAMED,2005-09-17 09:00:00,TS,20.3,90.3, , , ,main,168,145,_____P_________, , , , , , , , ,-5, , , , , , , , , , , , , , , , , , , , , , , , , , , , , , , , , , , , , , , , , , , , , , , , , ,20.3,90.3,D,25,999, ,4, , , , , , , , , , , , , , , , , , , , , , , , , , , , , , , , , , , , , , , , , , , , , , , , , , , , , , , , , , , , , , , , , , , , , , , , , , , , , , , , , , , , , , , , , , ,5,310,2005,470.91898670395,,
2005260N20091,2005,76,NI,BB,UNNAMED,2005-09-17 12:00:00,TS,20.5,90.0,25,998,newdelhi,main,145,108,_____O_________, , , , , , , , ,-5, , , , , , , , , , , , , , , , , , , , , , , , , , , , , , , , , , , , , , , , , , , , , , , , , ,20.5,90.0,D,25,998,1.50000,4, , , , , , , , , , , , , , , , , , , , , , , , , , , , , , , , , , , , , , , , , , , , , , , , , , , , , , , , , , , , , , , , , , , , , , , , , , , , , , , , , , , , , , , , , , ,8,295,2005,441.65259460192266,25.0,998.0
2005260N20091,2005,76,NI,BB,UNNAMED,2005-09-17 15:00:00,TS,20.7,89.5, , , ,main,108,89,_____P_________, , , , , , , , ,-5, , , , , , , , , , , , , , , , , , , , , , , , , , , , , , , , , , , , , , , , , , , , , , , , , ,20.7,89.5,D, , , , , , , , , , , , , , , , , , , , , , , , , , , , , , , , , , , , , , , , , , , , , , , , , , , , , , , , , , , , , , , , , , , , , , , , , , , , , , , , , , , , , , , , , , , , , , ,11,290,2005,393.5061374546639,,
2005260N20091,2005,76,NI,BB,UNNAMED,2005-09-17 18:00:00,TS,20.8,88.9, , , ,main,89,78,_____P_________, , , , , , , , ,-5, , , , , , , , , , , , , , , , , , , , , , , , , , , , , , , , , , , , , , , , , , , , , , , , , ,20.8,88.9,D, , , , , , , , , , , , , , , , , , , , , , , , , , , , , , , , , , , , , , , , , , , , , , , , , , , , , , , , , , , , , , , , , , , , , , , , , , , , , , , , , , , , , , , , , , , , , , ,12,280,2005,335.0994644679525,,
2005260N20091,2005,76,NI,BB,UNNAMED,2005-09-17 21:00:00,TS,20.9,88.3, , , ,main,78,78,_____P_________, , , , , , , , ,-5, , , , , , , , , , , , , , , , , , , , , , , , , , , , , , , , , , , , , , , , , , , , , , , , , ,20.9,88.3,D, , , , , , , , , , , , , , , , , , , , , , , , , , , , , , , , , , , , , , , , , , , , , , , , , , , , , , , , , , , , , , , , , , , , , , , , , , , , , , , , , , , , , , , , , , , , , , ,10,270,2005,279.0256262916046,,
2005260N20091,2005,76,NI,BB,UNNAMED,2005-09-18 00:00:00,TS,20.8,87.8, , , ,main,83,53,_____P_________, , , , , , , , ,-5, , , , , , , , , , , , , , , , , , , , , , , , , , , , , , , , , , , , , , , , , , , , , , , , , ,20.8,87.8,D, , , , , , , , , , , , , , , , , , , , , , , , , , , , , , , , , , , , , , , , , , , , , , , , , , , , , , , , , , , , , , , , , , , , , , , , , , , , , , , , , , , , , , , , , , , , , , ,8,240,2005,226.6267718423206,,
2005260N20091,2005,76,NI,BB,UNNAMED,2005-09-18 03:00:00,TS,20.5,87.5,30,996,newdelhi,main,56,56,_____O_________, , , , , , , , ,-5, , , , , , , , , , , , , , , , , , , , , , , , , , , , , , , , , , , , , , , , , , , , , , , , , ,20.5,87.5,DD,30,996,2.00000,5, , , , , , , , , , , , , , , , , , , , , , , , , , , , , , , , , , , , , , , , , , , , , , , , , , , , , , , , , , , , , , , , , , , , , , , , , , , , , , , , , , , , , , , , , , ,8,200,2005,185.85664121332152,30.0,996.0
2005260N20091,2005,76,NI,BB,UNNAMED,2005-09-18 06:00:00,TS,20.0,87.5,30,996,newdelhi,main,89,83,_____O_________, , , , , , , , ,-5, , , , , , , , , , , , , , , , , , , , , , , , , , , , , , , , , , , , , , , , , , , , , , , , , ,20.0,87.5,DD,30,996,2.00000,5, , , , , , , , , , , , , , , , , , , , , , , , , , , , , , , , , , , , , , , , , , , , , , , , , , , , , , , , , , , , , , , , , , , , , , , , , , , , , , , , , , , , , , , , , , ,11,205,2005,177.6306262121024,30.0,996.0
2005260N20091,2005,76,NI,BB,UNNAMED,2005-09-18 09:00:00,TS,19.5,87.0,30,996,newdelhi,main,84,56,_____O_________, , , , , , , , ,-5, , , , , , , , , , , , , , , , , , , , , , , , , , , , , , , , , , , , , , , , , , , , , , , , , ,19.5,87.0,DD,30,996,2.00000,5, , , , , , , , , , , , , , , , , , , , , , , , , , , , , , , , , , , , , , , , , , , , , , , , , , , , , , , , , , , , , , , , , , , , , , , , , , , , , , , , , , , , , , , , , , ,11,240,2005,137.34050632591618,30.0,996.0
2005260N20091,2005,76,NI,BB,UNNAMED,2005-09-18 12:00:00,TS,19.5,86.5,35,994,newdelhi,main,56,56,_____O_________, , , , , , , , ,-5, , , , , , , , , , , , , , , , , , , , , , , , , , , , , , , , , , , , , , , , , , , , , , , , , ,19.5,86.5,CS,35,994,2.50000,6, , , , , , , , , , , , , , , , , , , , , , , , , , , , , , , , , , , , , , , , , , , , , , , , , , , , , , , , , , , , , , , , , , , , , , , , , , , , , , , , , , , , , , , , , , ,5,270,2005,91.96590742805697,35.0,994.0
2005260N20091,2005,76,NI,BB,UNNAMED,2005-09-18 15:00:00,TS,19.5,86.5,35,992,newdelhi,main,56,54,_____O_________, , , , , , , , ,-5, , , , , , , , , , , , , , , , , , , , , , , , , , , , , , , , , , , , , , , , , , , , , , , , , ,19.5,86.5,CS,35,992,2.50000,6, , , , , , , , , , , , , , , , , , , , , , , , , , , , , , , , , , , , , , , , , , , , , , , , , , , , , , , , , , , , , , , , , , , , , , , , , , , , , , , , , , , , , , , , , , ,11,240,2005,91.96590742805697,35.0,992.0
2005260N20091,2005,76,NI,BB,UNNAMED,2005-09-18 18:00:00,TS,19.0,85.5,35,990,newdelhi,main,64,15,_____O_________, , , , , , , , ,-5, , , , , , , , , , , , , , , , , , , , , , , , , , , , , , , , , , , , , , , , , , , , , , , , , ,19.0,85.5,CS,35,990,2.50000,6, , , , , , , , , , , , , , , , , , , , , , , , , , , , , , , , , , , , , , , , , , , , , , , , , , , , , , , , , , , , , , , , , , , , , , , , , , , , , , , , , , , , , , , , , , ,21,240,2005,115.55548586906183,35.0,990.0
2005260N20091,2005,76,NI,BB,UNNAMED,2005-09-18 21:00:00,TS,18.5,84.5,35,988,newdelhi,main,15,10,_____O_________, , , , , , , , ,-5, , , , , , , , , , , , , , , , , , , , , , , , , , , , , , , , , , , , , , , , , , , , , , , , , ,18.5,84.5,CS,35,988,2.50000,6, , , , , , , , , , , , , , , , , , , , , , , , , , , , , , , , , , , , , , , , , , , , , , , , , , , , , , , , , , , , , , , , , , , , , , , , , , , , , , , , , , , , , , , , , , ,11,240,2005,215.5053882952268,35.0,988.0
2005260N20091,2005,76,NI,BB,UNNAMED,2005-09-19 00:00:00,TS,18.5,84.5,35,988,newdelhi,main,15,0,_____O_________, , , , , , , , ,-5, , , , , , , , , , , , , , , , , , , , , , , , , , , , , , , , , , , , , , , , , , , , , , , , , ,18.5,84.5,CS,35,988,2.50000,6, , , , , , , , , , , , , , , , , , , , , , , , , , , , , , , , , , , , , , , , , , , , , , , , , , , , , , , , , , , , , , , , , , , , , , , , , , , , , , , , , , , , , , , , , , ,5,270,2005,215.5053882952268,35.0,988.0
2005260N20091,2005,76,NI,BB,UNNAMED,2005-09-19 03:00:00,TS,18.5,84.0,35,988,newdelhi,main,0,0,_____O_________, , , , , , , , ,-5, , , , , , , , , , , , , , , , , , , , , , , , , , , , , , , , , , , , , , , , , , , , , , , , , ,18.5,84.0,CS,35,988,2.50000,6, , , , , , , , , , , , , , , , , , , , , , , , , , , , , , , , , , , , , , , , , , , , , , , , , , , , , , , , , , , , , , , , , , , , , , , , , , , , , , , , , , , , , , , , , , ,9,270,2005,252.03683781984162,35.0,988.0
2005260N20091,2005,76,NI,BB,UNNAMED,2005-09-19 06:00:00,TS,18.5,83.5,35,988,newdelhi,main,0,0,_____O_________, , , , , , , , ,-5, , , , , , , , , , , , , , , , , , , , , , , , , , , , , , , , , , , , , , , , , , , , , , , , , ,18.5,83.5,CS,35,988,0.00000,6, , , , , , , , , , , , , , , , , , , , , , , , , , , , , , , , , , , , , , , , , , , , , , , , , , , , , , , , , , , , , , , , , , , , , , , , , , , , , , , , , , , , , , , , , , ,5,270,2005,293.4484864913493,35.0,988.0
2005260N20091,2005,76,NI,BB,UNNAMED,2005-09-19 09:00:00,TS,18.5,83.5,35,988,newdelhi,main,0,0,_____O_________, , , , , , , , ,-5, , , , , , , , , , , , , , , , , , , , , , , , , , , , , , , , , , , , , , , , , , , , , , , , , ,18.5,83.5,CS,35,988,0.00000,6, , , , , , , , , , , , , , , , , , , , , , , , , , , , , , , , , , , , , , , , , , , , , , , , , , , , , , , , , , , , , , , , , , , , , , , , , , , , , , , , , , , , , , , , , , ,0,0,2005,293.4484864913493,35.0,988.0
2005260N20091,2005,76,NI,BB,UNNAMED,2005-09-19 12:00:00,TS,18.5,83.5,35,988,newdelhi,main,0,0,_____O_________, , , , , , , , ,-5, , , , , , , , , , , , , , , , , , , , , , , , , , , , , , , , , , , , , , , , , , , , , , , , , ,18.5,83.5,CS,35,988,0.00000,6, , , , , , , , , , , , , , , , , , , , , , , , , , , , , , , , , , , , , , , , , , , , , , , , , , , , , , , , , , , , , , , , , , , , , , , , , , , , , , , , , , , , , , , , , , ,0,0,2005,293.4484864913493,35.0,988.0
2005260N20091,2005,76,NI,BB,UNNAMED,2005-09-19 15:00:00,TS,18.5,83.5,35,988,newdelhi,main,0,0,_____O_________, , , , , , , , ,-5, , , , , , , , , , , , , , , , , , , , , , , , , , , , , , , , , , , , , , , , , , , , , , , , , ,18.5,83.5,CS,35,988,0.00000,6, , , , , , , , , , , , , , , , , , , , , , , , , , , , , , , , , , , , , , , , , , , , , , , , , , , , , , , , , , , , , , , , , , , , , , , , , , , , , , , , , , , , , , , , , , ,5,270,2005,293.4484864913493,35.0,988.0
2005260N20091,2005,76,NI,BB,UNNAMED,2005-09-19 18:00:00,TS,18.5,83.0,35,988,newdelhi,main,0,0,_____O_________, , , , , , , , ,-5, , , , , , , , , , , , , , , , , , , , , , , , , , , , , , , , , , , , , , , , , , , , , , , , , ,18.5,83.0,CS,35,988,0.00000,6, , , , , , , , , , , , , , , , , , , , , , , , , , , , , , , , , , , , , , , , , , , , , , , , , , , , , , , , , , , , , , , , , , , , , , , , , , , , , , , , , , , , , , , , , , ,5,270,2005,337.9507731207827,35.0,988.0
2005260N20091,2005,76,NI,BB,UNNAMED,2005-09-19 21:00:00,TS,18.5,83.0,30,1000,newdelhi,main,0,0,_____O_________, , , , , , , , ,-5, , , , , , , , , , , , , , , , , , , , , , , , , , , , , , , , , , , , , , , , , , , , , , , , , ,18.5,83.0,DD,30,1000,0.00000,5, , , , , , , , , , , , , , , , , , , , , , , , , , , , , , , , , , , , , , , , , , , , , , , , , , , , , , , , , , , , , , , , , , , , , , , , , , , , , , , , , , , , , , , , , , ,7,315,2005,337.9507731207827,30.0,1000.0
2005260N20091,2005,76,NI,BB,UNNAMED,2005-09-20 00:00:00,TS,19.0,82.5,30,1002,newdelhi,main,0,0,_____O_________, , , , , , , , ,-5, , , , , , , , , , , , , , , , , , , , , , , , , , , , , , , , , , , , , , , , , , , , , , , , , ,19.0,82.5,DD,30,1002,0.00000,5, , , , , , , , , , , , , , , , , , , , , , , , , , , , , , , , , , , , , , , , , , , , , , , , , , , , , , , , , , , , , , , , , , , , , , , , , , , , , , , , , , , , , , , , , , ,7,315,2005,363.3186568308479,30.0,1002.0
2005260N20091,2005,76,NI,BB,UNNAMED,2005-09-20 03:00:00,TS,19.0,82.5,30,1002,newdelhi,main,0,0,_____O_________, , , , , , , , ,-5, , , , , , , , , , , , , , , , , , , , , , , , , , , , , , , , , , , , , , , , , , , , , , , , , ,19.0,82.5,DD,30,1002,0.00000,5, , , , , , , , , , , , , , , , , , , , , , , , , , , , , , , , , , , , , , , , , , , , , , , , , , , , , , , , , , , , , , , , , , , , , , , , , , , , , , , , , , , , , , , , , , ,0,0,2005,363.3186568308479,30.0,1002.0
2005260N20091,2005,76,NI,BB,UNNAMED,2005-09-20 06:00:00,TS,19.0,82.5,30,1002,newdelhi,main,0,0,_____O_________, , , , , , , , ,-5, , , , , , , , , , , , , , , , , , , , , , , , , , , , , , , , , , , , , , , , , , , , , , , , , ,19.0,82.5,DD,30,1002,0.00000,5, , , , , , , , , , , , , , , , , , , , , , , , , , , , , , , , , , , , , , , , , , , , , , , , , , , , , , , , , , , , , , , , , , , , , , , , , , , , , , , , , , , , , , , , , , ,9,270,2005,363.3186568308479,30.0,1002.0
2005260N20091,2005,76,NI,BB,UNNAMED,2005-09-20 09:00:00,TS,19.0,81.5,30,1002,newdelhi,main,0,0,_____O_________, , , , , , , , ,-5, , , , , , , , , , , , , , , , , , , , , , , , , , , , , , , , , , , , , , , , , , , , , , , , , ,19.0,81.5,DD,30,1002,0.00000,5, , , , , , , , , , , , , , , , , , , , , , , , , , , , , , , , , , , , , , , , , , , , , , , , , , , , , , , , , , , , , , , , , , , , , , , , , , , , , , , , , , , , , , , , , , ,19,270,2005,464.2075990574213,30.0,1002.0
2005260N20091,2005,76,NI,BB,UNNAMED,2005-09-20 12:00:00,TS,19.0,80.5,25,1004,newdelhi,main,0,0,_____O_________, , , , , , , , ,-5, , , , , , , , , , , , , , , , , , , , , , , , , , , , , , , , , , , , , , , , , , , , , , , , , ,19.0,80.5,D,25,1004,0.00000,4, , , , , , , , , , , , , , , , , , , , , , , , , , , , , , , , , , , , , , , , , , , , , , , , , , , , , , , , , , , , , , , , , , , , , , , , , , , , , , , , , , , , , , , , , , ,14,270,2005,566.5177808497629,25.0,1004.0
2005260N20091,2005,76,NI,BB,UNNAMED,2005-09-20 15:00:00,TS,19.0,80.0, , , ,main,0,0,_____P_________, , , , , , , , ,-5, , , , , , , , , , , , , , , , , , , , , , , , , , , , , , , , , , , , , , , , , , , , , , , , , ,19.0,80.0,D, , , , , , , , , , , , , , , , , , , , , , , , , , , , , , , , , , , , , , , , , , , , , , , , , , , , , , , , , , , , , , , , , , , , , , , , , , , , , , , , , , , , , , , , , , , , , , ,6,270,2005,617.9847880737144,,
2005260N20091,2005,76,NI,BB,UNNAMED,2005-09-20 18:00:00,TS,19.0,79.9, , , ,main,0,0,_____P_________, , , , , , , , ,-5, , , , , , , , , , , , , , , , , , , , , , , , , , , , , , , , , , , , , , , , , , , , , , , , , ,19.0,79.9,D, , , , , , , , , , , , , , , , , , , , , , , , , , , , , , , , , , , , , , , , , , , , , , , , , , , , , , , , , , , , , , , , , , , , , , , , , , , , , , , , , , , , , , , , , , , , , , ,1,310,2005,628.2965630185407,,
2005260N20091,2005,76,NI,BB,UNNAMED,2005-09-20 21:00:00,TS,19.1,79.9, , , ,main,0,0,_____P_________, , , , , , , , ,-5, , , , , , , , , , , , , , , , , , , , , , , , , , , , , , , , , , , , , , , , , , , , , , , , , ,19.1,79.9,D, , , , , , , , , , , , , , , , , , , , , , , , , , , , , , , , , , , , , , , , , , , , , , , , , , , , , , , , , , , , , , , , , , , , , , , , , , , , , , , , , , , , , , , , , , , , , , ,2,0,2005,626.237250357515,,
2005260N20091,2005,76,NI,BB,UNNAMED,2005-09-21 00:00:00,TS,19.2,79.9, , , ,main,0,0,_____P_________, , , , , , , , ,-5, , , , , , , , , , , , , , , , , , , , , , , , , , , , , , , , , , , , , , , , , , , , , , , , , ,19.2,79.9,D, , , , , , , , , , , , , , , , , , , , , , , , , , , , , , , , , , , , , , , , , , , , , , , , , , , , , , , , , , , , , , , , , , , , , , , , , , , , , , , , , , , , , , , , , , , , , , ,6,320,2005,624.3685854855148,,
2005260N20091,2005,76,NI,BB,UNNAMED,2005-09-21 03:00:00,TS,19.5,79.5,25,1004,newdelhi,main,0,0,_____O_________, , , , , , , , ,-5, , , , , , , , , , , , , , , , , , , , , , , , , , , , , , , , , , , , , , , , , , , , , , , , , ,19.5,79.5,D,25,1004,0.00000,4, , , , , , , , , , , , , , , , , , , , , , , , , , , , , , , , , , , , , , , , , , , , , , , , , , , , , , , , , , , , , , , , , , , , , , , , , , , , , , , , , , , , , , , , , , ,13,300,2005,661.619451209958,25.0,1004.0
2005260N20091,2005,76,NI,BB,UNNAMED,2005-09-21 06:00:00,TS,19.9,78.7, , , ,main,0,0,_____P_________, , , , , , , , ,-5, , , , , , , , , , , , , , , , , , , , , , , , , , , , , , , , , , , , , , , , , , , , , , , , , ,19.9,78.7,D,25,1004, ,4, , , , , , , , , , , , , , , , , , , , , , , , , , , , , , , , , , , , , , , , , , , , , , , , , , , , , , , , , , , , , , , , , , , , , , , , , , , , , , , , , , , , , , , , , , ,22,295,2005,742.1354478678087,,
2005260N20091,2005,76,NI,AS,UNNAMED,2005-09-21 09:00:00,TS,20.4,77.4, , , ,main,0,0,_____P_________, , , , , , , , ,-5, , , , , , , , , , , , , , , , , , , , , , , , , , , , , , , , , , , , , , , , , , , , , , , , , ,20.4,77.4,D,25,1004, ,4, , , , , , , , , , , , , , , , , , , , , , , , , , , , , , , , , , , , , , , , , , , , , , , , , , , , , , , , , , , , , , , , , , , , , , , , , , , , , , , , , , , , , , , , , , ,27,295,2005,877.6190888475973,,
2005260N20091,2005,76,NI,AS,UNNAMED,2005-09-21 12:00:00,TS,21.0,76.0,25,1004,newdelhi,main,0, ,_____O_________, , , , , , , , ,-5, , , , , , , , , , , , , , , , , , , , , , , , , , , , , , , , , , , , , , , , , , , , , , , , , ,21.0,76.0,D,25,1004,0.00000,4, , , , , , , , , , , , , , , , , , , , , , , , , , , , , , , , , , , , , , , , , , , , , , , , , , , , , , , , , , , , , , , , , , , , , , , , , , , , , , , , , , , , , , , , , , ,29,295,2005,1026.5698458510717,25.0,1004.0
2005274N17086,2005,87,NI,BB,UNNAMED,2005-10-01 06:00:00,DS,17.4,85.9, , , ,main,207,184,O______________,jtwc_io,IO032005,17.4,85.9, ,DB,15,1006,-3, , , , , , , , , , , , , , , , , , , , , , , , , , , , , , , , , , , , , , , , , , , , , , , , , , , , , , , , , , , , , , , , , , , , , , , , , , , , , , , , , , , , , , , , , , , , , , , , , , , , , , , , , , , , , , , , , , , , , , , , , , , , , , , , , , , , , , , , , , , , , , , , , , ,5,345,2005,289.2985570207082,15.0,1006.0
2005274N17086,2005,87,NI,BB,UNNAMED,2005-10-01 09:00:00,DS,17.7,85.8, , , ,main,176,161,P______________, ,IO032005,17.7,85.8, ,DB,18,1005,-3, , , , , , , , , , , , , , , , , , , , , , , , , , , , , , , , , , , , , , , , , , , , , , , , , , , , , , , , , , , , , , , , , , , , , , , , , , , , , , , , , , , , , , , , , , , , , , , , , , , , , , , , , , , , , , , , , , , , , , , , , , , , , , , , , , , , , , , , , , , , , , , , , , ,5,350,2005,255.74833128248517,18.0,1005.0
2005274N17086,2005,87,NI,BB,UNNAMED,2005-10-01 12:00:00,DS,17.9,85.8, , , ,main,161,148,O______________,jtwc_io,IO032005,17.9,85.8, ,DB,20,1004,-3, , , , , , , , , , , , , , , , , , , , , , , , , , , , , , , , , , , , , , , , , , , , , , , , , , , , , , , , , , , , , , , , , , , , , , , , , , , , , , , , , , , , , , , , , , , , , , , , , , , , , , , , , , , , , , , , , , , , , , , , , , , , , , , , , , , , , , , , , , , , , , , , , , ,5,355,2005,233.5093459535735,20.0,1004.0
2005274N17086,2005,87,NI,BB,UNNAMED,2005-10-01 15:00:00,DS,18.1,85.8, , , ,main,148,133,P______________, ,IO032005,18.1,85.8, ,DB,23,1003,-3, , , , , , , , , , , , , , , , , , , , , , , , , , , , , , , , , , , , , , , , , , , , , , , , , , , , , , , , , , , , , , , , , , , , , , , , , , , , , , , , , , , , , , , , , , , , , , , , , , , , , , , , , , , , , , , , , , , , , , , , , , , , , , , , , , , , , , , , , , , , , , , , , , ,5,360,2005,211.27036062466144,23.0,1003.0
2005274N17086,2005,87,NI,BB,UNNAMED,2005-10-01 18:00:00,DS,18.4,85.8, , , ,main,133,109,O______________,jtwc_io,IO032005,18.4,85.8, ,DB,25,1002,-3, , , , , , , , , , , , , , , , , , , , , , , , , , , , , , , , , , , , , , , , , , , , , , , , , , , , , , , , , , , , , , , , , , , , , , , , , , , , , , , , , , , , , , , , , , , , , , , , , , , , , , , , , , , , , , , , , , , , , , , , , , , , , , , , , , , , , , , , , , , , , , , , , , ,6,5,2005,177.91188263129413,25.0,1002.0
2005274N17086,2005,87,NI,BB,UNNAMED,2005-10-01 21:00:00,DS,18.7,85.9, , , ,main,113,91,P______________, ,IO032005,18.7,85.9, ,DB,28,1001,-3, , , , , , , , , , , , , , , , , , , , , , , , , , , , , , , , , , , , , , , , , , , , , , , , , , , , , , , , , , , , , , , , , , , , , , , , , , , , , , , , , , , , , , , , , , , , , , , , , , , , , , , , , , , , , , , , , , , , , , , , , , , , , , , , , , , , , , , , , , , , , , , , , , ,6,20,2005,144.93360308404598,28.0,1001.0
2005274N17086,2005,87,NI,BB,UNNAMED,2005-10-02 00:00:00,DS,19.0,86.0, , , ,main,91,67,O______________,jtwc_io,IO032005,19.0,86.0, ,DB,30,1000,-3, , , , , , , , , , , , , , , , , , , , , , , , , , , , , , , , , , , , , , , , , , , , , , , , , , , , , , , , , , , , , , , , , , , , , , , , , , , , , , , , , , , , , , , , , , , , , , , , , , , , , , , , , , , , , , , , , , , , , , , , , , , , , , , , , , , , , , , , , , , , , , , , , , ,8,30,2005,113.15370096299306,30.0,1000.0
2005274N17086,2005,87,NI,BB,UNNAMED,2005-10-02 03:00:00,DS,19.4,86.3, , , ,main,59,39,P______________, ,IO032005,19.4,86.3, ,DB,33,999,-3, , , , , , , , , , , , , , , , , , , , , , , , , , , , , , , , , , , , , , , , , , , , , , , , , , , , , , , , , , , , , , , , , , , , , , , , , , , , , , , , , , , , , , , , , , , , , , , , , , , , , , , , , , , , , , , , , , , , , , , , , , , , , , , , , , , , , , , , , , , , , , , , , , ,9,40,2005,84.79943621847953,33.0,999.0
2005274N17086,2005,87,NI,BB,UNNAMED,2005-10-02 06:00:00,DS,19.7,86.6, , , ,main,39,33,O______________,jtwc_io,IO032005,19.7,86.6, ,DB,35,997,-3, , , , , , , , , , , , ,1008,150,40, , , , , , , , , , , , , , , , , , , , , , , , , , , , , , , , , , , , , , , , , , , , , , , , , , , , , , , , , , , , , , , , , , , , , , , , , , , , , , , , , , , , , , , , , , , , , , , , , , , , , , , , , , , , , , , , , , , , , , , , , , , , , , , , , , , ,8,40,2005,90.07509720966422,35.0,997.0
2005274N17086,2005,87,NI,BB,UNNAMED,2005-10-02 09:00:00,DS,20.0,86.9, , , ,main,39,38,P______________, ,IO032005,20.0,86.9, ,DB,38,996,-3, , , , , , , , , , , , ,1008,150,40, , , , , , , , , , , , , , , , , , , , , , , , , , , , , , , , , , , , , , , , , , , , , , , , , , , , , , , , , , , , , , , , , , , , , , , , , , , , , , , , , , , , , , , , , , , , , , , , , , , , , , , , , , , , , , , , , , , , , , , , , , , , , , , , , , , ,7,45,2005,114.9377507453629,38.0,996.0
2005274N17086,2005,87,NI,BB,UNNAMED,2005-10-02 12:00:00,TS,20.2,87.1, , , ,main,43,43,O______________,jtwc_io,IO032005,20.2,87.1, ,TS,40,994,0, , , , , , , , , , , , ,1008,150,40, , , , , , , , , , , , , , , , , , , , , , , , , , , , , , , , , , , , , , , , , , , , , , , , , , , , , , , , , , , , , , , , , , , , , , , , , , , , , , , , , , , , , , , , , , , , , , , , , , , , , , , , , , , , , , , , , , , , , , , , , , , , , , , , , , , ,7,45,2005,137.55841507678258,40.0,994.0
2005274N17086,2005,87,NI,BB,UNNAMED,2005-10-02 15:00:00,TS,20.4,87.4, , , ,main,53,47,P______________, ,IO032005,20.4,87.4, ,TS,40,994,0, , , , , , , , , , , , ,1008,150,40, , , , , , , , , , , , , , , , , , , , , , , , , , , , , , , , , , , , , , , , , , , , , , , , , , , , , , , , , , , , , , , , , , , , , , , , , , , , , , , , , , , , , , , , , , , , , , , , , , , , , , , , , , , , , , , , , , , , , , , , , , , , , , , , , , , ,7,45,2005,172.79057208158386,40.0,994.0
2005274N17086,2005,87,NI,BB,UNNAMED,2005-10-02 18:00:00,TS,20.7,87.6, , , ,main,62,62,O______________,jtwc_io,IO032005,20.7,87.6, ,TS,40,994,0, , , , , , , , , , , , ,1008,150,40, , , , , , , , , , , , , , , , , , , , , , , , , , , , , , , , , , , , , , , , , , , , , , , , , , , , , , , , , , , , , , , , , , , , , , , , , , , , , , , , , , , , , , , , , , , , , , , , , , , , , , , , , , , , , , , , , , , , , , , , , , , , , , , , , , , ,7,35,2005,203.15831160396104,40.0,994.0
2005274N17086,2005,87,NI,BB,UNNAMED,2005-10-02 21:00:00,TS,21.0,87.8, , , ,main,78,35,P______________, ,IO032005,21.0,87.8, ,TS,40,994,0, , , , , , , , , , , , ,1008,150,38, , , , , , , , , , , , , , , , , , , , , , , , , , , , , , , , , , , , , , , , , , , , , , , , , , , , , , , , , , , , , , , , , , , , , , , , , , , , , , , , , , , , , , , , , , , , , , , , , , , , , , , , , , , , , , , , , , , , , , , , , , , , , , , , , , , ,8,20,2005,236.1223416832454,40.0,994.0
2005274N17086,2005,87,NI,BB,UNNAMED,2005-10-03 00:00:00,TS,21.4,87.9, , , ,main,35,10,O______________,jtwc_io,IO032005,21.4,87.9, ,TS,40,994,0,40,40,45,40, , , , , , , , ,1008,150,35, , , , , , , , , , , , , , , , , , , , , , , , , , , , , , , , , , , , , , , , , , , , , , , , , , , , , , , , , , , , , , , , , , , , , , , , , , , , , , , , , , , , , , , , , , , , , , , , , , , , , , , , , , , , , , , , , , , , , , , , , , , , , , , , , , , ,8,15,2005,268.22343001986656,40.0,994.0
2005274N17086,2005,87,NI,BB,UNNAMED,2005-10-03 03:00:00,TS,21.8,88.0, , , ,main,10,0,P______________, ,IO032005,21.8,88.0, ,TS,38,996,0, , , , , , , , , , , , , , , , , , , , , , , , , , , , , , , , , , , , , , , , , , , , , , , , , , , , , , , , , , , , , , , , , , , , , , , , , , , , , , , , , , , , , , , , , , , , , , , , , , , , , , , , , , , , , , , , , , , , , , , , , , , , , , , , , , , , , , , , , , , , , , , , , , ,8,15,2005,303.7776699623044,38.0,996.0
2005274N17086,2005,87,NI,BB,UNNAMED,2005-10-03 06:00:00,TS,22.2,88.1, , , ,main,0, ,O______________,jtwc_io,IO032005,22.2,88.1, ,TS,35,997,0, , , , , , , , , , , , , , , , , , , , , , , , , , , , , , , , , , , , , , , , , , , , , , , , , , , , , , , , , , , , , , , , , , , , , , , , , , , , , , , , , , , , , , , , , , , , , , , , , , , , , , , , , , , , , , , , , , , , , , , , , , , , , , , , , , , , , , , , , , , , , , , , , , ,8,15,2005,341.70563773996304,35.0,997.0
2006182N20088,2006,30,NI,BB,UNNAMED,2006-06-30 18:00:00,DS,20.0,88.3, , , ,main,156,146,O______________,jtwc_io,IO032006,20.0,88.3, ,DB,15,1006,-3, , , , , , , , , , , , , , , , , , , , , , , , , , , , , , , , , , , , , , , , , , , , , , , , , , , , , , , , , , , , , , , , , , , , , , , , , , , , , , , , , , , , , , , , , , , , , , , , , , , , , , , , , , , , , , , , , , , , , , , , , , , , , , , , , , , , , , , , , , , , , , , , , , ,4,350,2006,261.22020566271914,15.0,1006.0
2006182N20088,2006,30,NI,BB,UNNAMED,2006-06-30 21:00:00,DS,20.2,88.3, , , ,main,146,134,P______________, ,IO032006,20.2,88.3, ,DB,15,1006,-3, , , , , , , , , , , , , , , , , , , , , , , , , , , , , , , , , , , , , , , , , , , , , , , , , , , , , , , , , , , , , , , , , , , , , , , , , , , , , , , , , , , , , , , , , , , , , , , , , , , , , , , , , , , , , , , , , , , , , , , , , , , , , , , , , , , , , , , , , , , , , , , , , , ,4,0,2006,261.99920889438005,15.0,1006.0
2006182N20088,2006,30,NI,BB,UNNAMED,2006-07-01 00:00:00,DS,20.4,88.3, , , ,main,134,111,O______________,jtwc_io,IO032006,20.4,88.3, ,DB,15,1006,-3, , , , , , , , , , , , , , , , , , , , , , , , , , , , , , , , , , , , , , , , , , , , , , , , , , , , , , , , , , , , , , , , , , , , , , , , , , , , , , , , , , , , , , , , , , , , , , , , , , , , , , , , , , , , , , , , , , , , , , , , , , , , , , , , , , , , , , , , , , , , , , , , , , ,4,20,2006,264.65027052532105,15.0,1006.0
2006182N20088,2006,30,NI,BB,UNNAMED,2006-07-01 03:00:00,DS,20.6,88.4, , , ,main,111,100,P______________, ,IO032006,20.6,88.4, ,DB,15,1006,-3, , , , , , , , , , , , , , , , , , , , , , , , , , , , , , , , , , , , , , , , , , , , , , , , , , , , , , , , , , , , , , , , , , , , , , , , , , , , , , , , , , , , , , , , , , , , , , , , , , , , , , , , , , , , , , , , , , , , , , , , , , , , , , , , , , , , , , , , , , , , , , , , , , ,4,45,2006,279.23296738219364,15.0,1006.0
2006182N20088,2006,30,NI,BB,UNNAMED,2006-07-01 06:00:00,DS,20.7,88.6, , , ,main,101,101,O______________,jtwc_io,IO032006,20.7,88.6, ,DB,15,1006,-3, , , , , , , , , , , , , , , , , , , , , , , , , , , , , , , , , , , , , , , , , , , , , , , , , , , , , , , , , , , , , , , , , , , , , , , , , , , , , , , , , , , , , , , , , , , , , , , , , , , , , , , , , , , , , , , , , , , , , , , , , , , , , , , , , , , , , , , , , , , , , , , , , , ,4,65,2006,302.106600651935,15.0,1006.0
2006182N20088,2006,30,NI,BB,UNNAMED,2006-07-01 09:00:00,DS,20.7,88.8, , , ,main,101,100,P______________, ,IO032006,20.7,88.8, ,DB,18,1005,-3, , , , , , , , , , , , , , , , , , , , , , , , , , , , , , , , , , , , , , , , , , , , , , , , , , , , , , , , , , , , , , , , , , , , , , , , , , , , , , , , , , , , , , , , , , , , , , , , , , , , , , , , , , , , , , , , , , , , , , , , , , , , , , , , , , , , , , , , , , , , , , , , , , ,3,90,2006,322.2974320970234,18.0,1005.0
2006182N20088,2006,30,NI,BB,UNNAMED,2006-07-01 12:00:00,DS,20.7,88.9, , , ,main,100,100,O______________,jtwc_io,IO032006,20.7,88.9, ,DB,20,1004,-3, , , , , , , , , , , , , , , , , , , , , , , , , , , , , , , , , , , , , , , , , , , , , , , , , , , , , , , , , , , , , , , , , , , , , , , , , , , , , , , , , , , , , , , , , , , , , , , , , , , , , , , , , , , , , , , , , , , , , , , , , , , , , , , , , , , , , , , , , , , , , , , , , , ,2,140,2006,332.4233237848767,20.0,1004.0
2006182N20088,2006,30,NI,BB,UNNAMED,2006-07-01 15:00:00,DS,20.6,88.9, , , ,main,111,111,P______________, ,IO032006,20.6,88.9, ,DB,23,1003,-3, , , , , , , , , , , , , , , , , , , , , , , , , , , , , , , , , , , , , , , , , , , , , , , , , , , , , , , , , , , , , , , , , , , , , , , , , , , , , , , , , , , , , , , , , , , , , , , , , , , , , , , , , , , , , , , , , , , , , , , , , , , , , , , , , , , , , , , , , , , , , , , , , , ,2,205,2006,330.0999158477789,23.0,1003.0
2006182N20088,2006,30,NI,BB,UNNAMED,2006-07-01 18:00:00,DS,20.5,88.8, , , ,main,123,123,O______________,jtwc_io,IO032006,20.5,88.8, ,DB,25,1002,-3, , , , , , , , , , , , , , , , , , , , , , , , , , , , , , , , , , , , , , , , , , , , , , , , , , , , , , , , , , , , , , , , , , , , , , , , , , , , , , , , , , , , , , , , , , , , , , , , , , , , , , , , , , , , , , , , , , , , , , , , , , , , , , , , , , , , , , , , , , , , , , , , , , ,3,250,2006,317.86075180870114,25.0,1002.0
2006182N20088,2006,30,NI,BB,UNNAMED,2006-07-01 21:00:00,DS,20.5,88.6, , , ,main,123,123,P______________, ,IO032006,20.5,88.6, ,DB,25,1002,-3, , , , , , , , , , , , , , , , , , , , , , , , , , , , , , , , , , , , , , , , , , , , , , , , , , , , , , , , , , , , , , , , , , , , , , , , , , , , , , , , , , , , , , , , , , , , , , , , , , , , , , , , , , , , , , , , , , , , , , , , , , , , , , , , , , , , , , , , , , , , , , , , , , ,3,250,2006,297.34124571083277,25.0,1002.0
2006182N20088,2006,30,NI,BB,UNNAMED,2006-07-02 00:00:00,MX,20.4,88.5,25,990,newdelhi,main,134,123,O____O_________,jtwc_io,IO032006,20.5,88.3, ,DB,25,1002,-3, , , , , , , , , , , , , , , , , , , , , , , , , , , , , , , , , , , , , , , , , , , , , , , , , ,20.0,89.5,D,25,990,1.50000, , , , , , , , , , , , , , , , , , , , , , , , , , , , , , , , , , , , , , , , , , , , , , , , , , , , , , , , , , , , , , , , , , , , , , , , , , , , , , , , , , , , , , , , , , , ,3,265,2006,285.245412375781,25.0,1002.0
2006182N20088,2006,30,NI,BB,UNNAMED,2006-07-02 03:00:00,MX,20.5,88.3,30,988,newdelhi,main,123,123,P____O_________, ,IO032006,20.5,88.0, ,DB,28,1001,-3, , , , , , , , , , , , , , , , , , , , , , , , , , , , , , , , , , , , , , , , , , , , , , , , , ,20.5,89.0,DD,30,988,2.00000,5, , , , , , , , , , , , , , , , , , , , , , , , , , , , , , , , , , , , , , , , , , , , , , , , , , , , , , , , , , , , , , , , , , , , , , , , , , , , , , , , , , , , , , , , , , ,3,280,2006,266.6619156924438,28.0,1001.0
2006182N20088,2006,30,NI,BB,UNNAMED,2006-07-02 06:00:00,TS,20.4,88.2,30,988,newdelhi,main,129,99,O____O_________,jtwc_io,IO032006,20.4,87.6, ,TC,30,1000,-1, , , , , , , , , , , , ,999,185,15, , , , , , , , , , , , , , , , , , , , , , , , , , , , , , , , , , ,20.5,89.0,DD,30,988,2.00000,5, , , , , , , , , , , , , , , , , , , , , , , , , , , , , , , , , , , , , , , , , , , , , , , , , , , , , , , , , , , , , , , , , , , , , , , , , , , , , , , , , , , , , , , , , , ,4,265,2006,254.36949314489578,30.0,1000.0
2006182N20088,2006,30,NI,BB,UNNAMED,2006-07-02 09:00:00,TS,20.4,87.9,30,988,newdelhi,main,99,53,P____O_________, ,IO032006,20.3,87.2, ,TC,33,999,-1, , , , , , , , , , , , ,1000,185,15, , , , , , , , , , , , , , , , , , , , , , , , , , , , , , , , , , ,20.5,88.5,DD,30,988,2.00000,5, , , , , , , , , , , , , , , , , , , , , , , , , , , , , , , , , , , , , , , , , , , , , , , , , , , , , , , , , , , , , , , , , , , , , , , , , , , , , , , , , , , , , , , , , , ,8,265,2006,223.61291273181175,33.0,999.0
2006182N20088,2006,30,NI,BB,UNNAMED,2006-07-02 12:00:00,TS,20.4,87.4,30,988,newdelhi,main,53,0,O____O_________,jtwc_io,IO032006,20.3,86.8, ,TS,35,997,0, , , , , , , , , , , , ,1001,185,15, , , , , , , , , , , , , , , , , , , , , , , , , , , , , , , , , , ,20.5,88.0,DD,30,988,2.00000,5, , , , , , , , , , , , , , , , , , , , , , , , , , , , , , , , , , , , , , , , , , , , , , , , , , , , , , , , , , , , , , , , , , , , , , , , , , , , , , , , , , , , , , , , , , ,11,270,2006,172.79057208158386,35.0,997.0
2006182N20088,2006,30,NI,BB,UNNAMED,2006-07-02 15:00:00,TS,20.4,86.7,30,982,newdelhi,main,0,0,P____O_________, ,IO032006,20.3,86.3, ,TS,33,999,-1, , , , , , , , , , , , , , , , , , , , , , , , , , , , , , , , , , , , , , , , , , , , , , , , , ,20.5,87.0,DD,30,982,2.00000,5, , , , , , , , , , , , , , , , , , , , , , , , , , , , , , , , , , , , , , , , , , , , , , , , , , , , , , , , , , , , , , , , , , , , , , , , , , , , , , , , , , , , , , , , , , ,14,270,2006,103.91921095184597,33.0,999.0
2006182N20088,2006,30,NI,BB,UNNAMED,2006-07-02 18:00:00,TS,20.4,86.0,30,982,newdelhi,main,0,0,O____O_________,jtwc_io,IO032006,20.3,85.9, ,TD,30,1000,-1, , , , , , , , , , , , , , , , , , , , , , , , , , , , , , , , , , , , , , , , , , , , , , , , , ,20.5,86.0,DD,30,982,0.00000,5, , , , , , , , , , , , , , , , , , , , , , , , , , , , , , , , , , , , , , , , , , , , , , , , , , , , , , , , , , , , , , , , , , , , , , , , , , , , , , , , , , , , , , , , , , ,9,270,2006,49.1313698961553,30.0,1000.0
2006182N20088,2006,30,NI,BB,UNNAMED,2006-07-02 21:00:00,TS,20.4,85.8,30,982,newdelhi,main,0,0,P____O_________, ,IO032006,20.3,85.5, ,TD,28,1001,-1, , , , , , , , , , , , , , , , , , , , , , , , , , , , , , , , , , , , , , , , , , , , , , , , , ,20.5,86.0,DD,30,982,0.00000,5, , , , , , , , , , , , , , , , , , , , , , , , , , , , , , , , , , , , , , , , , , , , , , , , , , , , , , , , , , , , , , , , , , , , , , , , , , , , , , , , , , , , , , , , , , ,6,270,2006,44.477970657823334,28.0,1001.0
2006182N20088,2006,30,NI,BB,UNNAMED,2006-07-03 00:00:00,MX,20.4,85.4,30,982,newdelhi,main,0,0,O____O_________,jtwc_io,IO032006,20.3,85.2, ,DB,25,1002,-3, , , , , , , , , , , , , , , , , , , , , , , , , , , , , , , , , , , , , , , , , , , , , , , , , ,20.5,85.5,DD,30,982,0.00000,5, , , , , , , , , , , , , , , , , , , , , , , , , , , , , , , , , , , , , , , , , , , , , , , , , , , , , , , , , , , , , , , , , , , , , , , , , , , , , , , , , , , , , , , , , , ,5,270,2006,60.9975063188928,25.0,1002.0
2006182N20088,2006,30,NI,BB,UNNAMED,2006-07-03 03:00:00,MX,20.4,85.2,30,982,newdelhi,main,0,0,P____O_________, ,IO032006,20.3,84.9, ,DB,25,1002,-3, , , , , , , , , , , , , , , , , , , , , , , , , , , , , , , , , , , , , , , , , , , , , , , , , ,20.5,85.5,DD,30,982,0.00000,5, , , , , , , , , , , , , , , , , , , , , , , , , , , , , , , , , , , , , , , , , , , , , , , , , , , , , , , , , , , , , , , , , , , , , , , , , , , , , , , , , , , , , , , , , , ,2,275,2006,76.80299983080549,25.0,1002.0
2006182N20088,2006,30,NI,BB,UNNAMED,2006-07-03 06:00:00,MX,20.4,85.1,30,982,newdelhi,main,0,0,O____O_________,jtwc_io,IO032006,20.3,84.6, ,DB,25,1002,-3, , , , , , , , , , , , , , , , , , , , , , , , , , , , , , , , , , , , , , , , , , , , , , , , , ,20.5,85.5,DD,30,982,0.00000,5, , , , , , , , , , , , , , , , , , , , , , , , , , , , , , , , , , , , , , , , , , , , , , , , , , , , , , , , , , , , , , , , , , , , , , , , , , , , , , , , , , , , , , , , , , ,8,300,2006,85.5242808959931,25.0,1002.0
2006182N20088,2006,30,NI,BB,UNNAMED,2006-07-03 09:00:00,MX,20.8,84.5,30,982,newdelhi,main,0,0,P____O_________, ,IO032006,20.3,84.4, ,DB,25,1002,-3, , , , , , , , , , , , , , , , , , , , , , , , , , , , , , , , , , , , , , , , , , , , , , , , , ,21.0,84.5,DD,30,982,0.00000,5, , , , , , , , , , , , , , , , , , , , , , , , , , , , , , , , , , , , , , , , , , , , , , , , , , , , , , , , , , , , , , , , , , , , , , , , , , , , , , , , , , , , , , , , , , ,11,295,2006,162.07853348559252,25.0,1002.0
2006182N20088,2006,30,NI,BB,UNNAMED,2006-07-03 12:00:00,MX,20.9,84.1,30,982,newdelhi,main,0,0,O____O_________,jtwc_io,IO032006,20.4,84.3, ,DB,25,1002,-3, , , , , , , , , , , , , , , , , , , , , , , , , , , , , , , , , , , , , , , , , , , , , , , , , ,21.0,84.0,DD,30,982,0.00000,5, , , , , , , , , , , , , , , , , , , , , , , , , , , , , , , , , , , , , , , , , , , , , , , , , , , , , , , , , , , , , , , , , , , , , , , , , , , , , , , , , , , , , , , , , , ,9,285,2006,203.43237507461743,25.0,1002.0
2006182N20088,2006,30,NI,BB,UNNAMED,2006-07-03 15:00:00,TS,21.0,83.5,30,982,newdelhi,main,0,0,_____O_________, ,IO032006, , , ,DB, , ,-3, , , , , , , , , , , , , , , , , , , , , , , , , , , , , , , , , , , , , , , , , , , , , , , , , ,21.0,83.5,DD,30,982,0.00000,5, , , , , , , , , , , , , , , , , , , , , , , , , , , , , , , , , , , , , , , , , , , , , , , , , , , , , , , , , , , , , , , , , , , , , , , , , , , , , , , , , , , , , , , , , , ,10,275,2006,264.09586678087607,30.0,982.0
2006182N20088,2006,30,NI,BB,UNNAMED,2006-07-03 18:00:00,TS,21.0,83.0,30,982,newdelhi,main,0,0,_____O_________, , , , , , , , ,-5, , , , , , , , , , , , , , , , , , , , , , , , , , , , , , , , , , , , , , , , , , , , , , , , , ,21.0,83.0,DD,30,982,0.00000,5, , , , , , , , , , , , , , , , , , , , , , , , , , , , , , , , , , , , , , , , , , , , , , , , , , , , , , , , , , , , , , , , , , , , , , , , , , , , , , , , , , , , , , , , , , ,9,270,2006,312.1003263233307,30.0,982.0
2006182N20088,2006,30,NI,BB,UNNAMED,2006-07-03 21:00:00,TS,21.0,82.5,30,982,newdelhi,main,0,0,_____O_________, , , , , , , , ,-5, , , , , , , , , , , , , , , , , , , , , , , , , , , , , , , , , , , , , , , , , , , , , , , , , ,21.0,82.5,DD,30,982,0.00000,5, , , , , , , , , , , , , , , , , , , , , , , , , , , , , , , , , , , , , , , , , , , , , , , , , , , , , , , , , , , , , , , , , , , , , , , , , , , , , , , , , , , , , , , , , , ,9,270,2006,361.23337349048137,30.0,982.0
2006182N20088,2006,30,NI,BB,UNNAMED,2006-07-04 00:00:00,TS,21.0,82.0,30,982,newdelhi,main,0,0,_____O_________, , , , , , , , ,-5, , , , , , , , , , , , , , , , , , , , , , , , , , , , , , , , , , , , , , , , , , , , , , , , , ,21.0,82.0,DD,30,982,0.00000,5, , , , , , , , , , , , , , , , , , , , , , , , , , , , , , , , , , , , , , , , , , , , , , , , , , , , , , , , , , , , , , , , , , , , , , , , , , , , , , , , , , , , , , , , , , ,11,300,2006,411.090168609153,30.0,982.0
2006182N20088,2006,30,NI,BB,UNNAMED,2006-07-04 03:00:00,TS,21.5,81.5,30,984,newdelhi,main,0,0,_____O_________, , , , , , , , ,-5, , , , , , , , , , , , , , , , , , , , , , , , , , , , , , , , , , , , , , , , , , , , , , , , , ,21.5,81.5,DD,30,984,0.00000,5, , , , , , , , , , , , , , , , , , , , , , , , , , , , , , , , , , , , , , , , , , , , , , , , , , , , , , , , , , , , , , , , , , , , , , , , , , , , , , , , , , , , , , , , , , ,11,300,2006,477.1910707144168,30.0,984.0
2006182N20088,2006,30,NI,BB,UNNAMED,2006-07-04 06:00:00,TS,21.5,81.0,30,986,newdelhi,main,0,0,_____O_________, , , , , , , , ,-5, , , , , , , , , , , , , , , , , , , , , , , , , , , , , , , , , , , , , , , , , , , , , , , , , ,21.5,81.0,DD,30,986,0.00000,5, , , , , , , , , , , , , , , , , , , , , , , , , , , , , , , , , , , , , , , , , , , , , , , , , , , , , , , , , , , , , , , , , , , , , , , , , , , , , , , , , , , , , , , , , , ,14,270,2006,526.209866255476,30.0,986.0
2006182N20088,2006,30,NI,BB,UNNAMED,2006-07-04 09:00:00,TS,21.5,80.0,25,988,newdelhi,main,0,0,_____O_________, , , , , , , , ,-5, , , , , , , , , , , , , , , , , , , , , , , , , , , , , , , , , , , , , , , , , , , , , , , , , ,21.5,80.0,D,25,988,0.00000, , , , , , , , , , , , , , , , , , , , , , , , , , , , , , , , , , , , , , , , , , , , , , , , , , , , , , , , , , , , , , , , , , , , , , , , , , , , , , , , , , , , , , , , , , , ,14,270,2006,625.6814618841412,25.0,988.0
2006182N20088,2006,30,NI,BB,UNNAMED,2006-07-04 12:00:00,TS,21.5,79.5,25,990,newdelhi,main,0,0,_____O_________, , , , , , , , ,-5, , , , , , , , , , , , , , , , , , , , , , , , , , , , , , , , , , , , , , , , , , , , , , , , , ,21.5,79.5,D,25,990,0.00000, , , , , , , , , , , , , , , , , , , , , , , , , , , , , , , , , , , , , , , , , , , , , , , , , , , , , , , , , , , , , , , , , , , , , , , , , , , , , , , , , , , , , , , , , , , ,9,270,2006,675.9224475146502,25.0,990.0
2006182N20088,2006,30,NI,BB,UNNAMED,2006-07-04 15:00:00,TS,21.5,79.0,25,990,newdelhi,main,0,0,_____O_________, , , , , , , , ,-5, , , , , , , , , , , , , , , , , , , , , , , , , , , , , , , , , , , , , , , , , , , , , , , , , ,21.5,79.0,D,25,990,0.00000, , , , , , , , , , , , , , , , , , , , , , , , , , , , , , , , , , , , , , , , , , , , , , , , , , , , , , , , , , , , , , , , , , , , , , , , , , , , , , , , , , , , , , , , , , , ,9,270,2006,726.4066474388808,25.0,990.0
2006182N20088,2006,30,NI,BB,UNNAMED,2006-07-04 18:00:00,TS,21.5,78.5,25,990,newdelhi,main,0,0,_____O_________, , , , , , , , ,-5, , , , , , , , , , , , , , , , , , , , , , , , , , , , , , , , , , , , , , , , , , , , , , , , , ,21.5,78.5,D,25,990,0.00000, , , , , , , , , , , , , , , , , , , , , , , , , , , , , , , , , , , , , , , , , , , , , , , , , , , , , , , , , , , , , , , , , , , , , , , , , , , , , , , , , , , , , , , , , , , ,9,270,2006,777.0862230854302,25.0,990.0
2006182N20088,2006,30,NI,AS,UNNAMED,2006-07-04 21:00:00,TS,21.5,78.0,25,990,newdelhi,main,0,0,_____O_________, , , , , , , , ,-5, , , , , , , , , , , , , , , , , , , , , , , , , , , , , , , , , , , , , , , , , , , , , , , , , ,21.5,78.0,D,25,990,0.00000, , , , , , , , , , , , , , , , , , , , , , , , , , , , , , , , , , , , , , , , , , , , , , , , , , , , , , , , , , , , , , , , , , , , , , , , , , , , , , , , , , , , , , , , , , , ,5,270,2006,827.9248538638846,25.0,990.0
2006182N20088,2006,30,NI,AS,UNNAMED,2006-07-05 00:00:00,TS,21.5,78.0,25,990,newdelhi,main,0,0,_____O_________, , , , , , , , ,-5, , , , , , , , , , , , , , , , , , , , , , , , , , , , , , , , , , , , , , , , , , , , , , , , , ,21.5,78.0,D,25,990,0.00000, , , , , , , , , , , , , , , , , , , , , , , , , , , , , , , , , , , , , , , , , , , , , , , , , , , , , , , , , , , , , , , , , , , , , , , , , , , , , , , , , , , , , , , , , , , ,7,315,2006,827.9248538638846,25.0,990.0
2006182N20088,2006,30,NI,AS,UNNAMED,2006-07-05 03:00:00,TS,22.0,77.5,25,990,newdelhi,main,0,0,_____O_________, , , , , , , , ,-5, , , , , , , , , , , , , , , , , , , , , , , , , , , , , , , , , , , , , , , , , , , , , , , , , ,22.0,77.5,D,25,990,0.00000, , , , , , , , , , , , , , , , , , , , , , , , , , , , , , , , , , , , , , , , , , , , , , , , , , , , , , , , , , , , , , , , , , , , , , , , , , , , , , , , , , , , , , , , , , , ,7,315,2006,889.7006125023174,25.0,990.0
2006182N20088,2006,30,NI,AS,UNNAMED,2006-07-05 06:00:00,NR,22.0,77.5,25,990,newdelhi,main,0, ,_____O_________, , , , , , , , ,-5, , , , , , , , , , , , , , , , , , , , , , , , , , , , , , , , , , , , , , , , , , , , , , , , , ,22.0,77.5, ,25,990,0.00000, , , , , , , , , , , , , , , , , , , , , , , , , , , , , , , , , , , , , , , , , , , , , , , , , , , , , , , , , , , , , , , , , , , , , , , , , , , , , , , , , , , , , , , , , , , ,0,0,2006,889.7006125023174,25.0,990.0
2006214N20088,2006,44,NI,BB,UNNAMED,2006-08-02 03:00:00,TS,20.5,87.5,25,990,newdelhi,main,56,53,_____O_________, , , , , , , , ,-5, , , , , , , , , , , , , , , , , , , , , , , , , , , , , , , , , , , , , , , , , , , , , , , , , ,20.5,87.5,D,25,990,1.50000, , , , , , , , , , , , , , , , , , , , , , , , , , , , , , , , , , , , , , , , , , , , , , , , , , , , , , , , , , , , , , , , , , , , , , , , , , , , , , , , , , , , , , , , , , , ,0,0,2006,185.85664121332152,25.0,990.0
2006214N20088,2006,44,NI,BB,UNNAMED,2006-08-02 06:00:00,TS,20.5,87.5,25,990,newdelhi,main,56,45,_____O_________, , , , , , , , ,-5, , , , , , , , , , , , , , , , , , , , , , , , , , , , , , , , , , , , , , , , , , , , , , , , , ,20.5,87.5,D,25,990,1.50000, , , , , , , , , , , , , , , , , , , , , , , , , , , , , , , , , , , , , , , , , , , , , , , , , , , , , , , , , , , , , , , , , , , , , , , , , , , , , , , , , , , , , , , , , , , ,7,225,2006,185.85664121332152,25.0,990.0
2006214N20088,2006,44,NI,BB,UNNAMED,2006-08-02 09:00:00,TS,20.0,87.0,30,988,newdelhi,main,45,10,_____O_________, , , , , , , , ,-5, , , , , , , , , , , , , , , , , , , , , , , , , , , , , , , , , , , , , , , , , , , , , , , , , ,20.0,87.0,DD,30,988,2.00000,5, , , , , , , , , , , , , , , , , , , , , , , , , , , , , , , , , , , , , , , , , , , , , , , , , , , , , , , , , , , , , , , , , , , , , , , , , , , , , , , , , , , , , , , , , , ,11,240,2006,125.38659435572204,30.0,988.0
2006214N20088,2006,44,NI,BB,UNNAMED,2006-08-02 12:00:00,TS,20.0,86.5,30,986,newdelhi,main,10,10,_____O_________, , , , , , , , ,-5, , , , , , , , , , , , , , , , , , , , , , , , , , , , , , , , , , , , , , , , , , , , , , , , , ,20.0,86.5,DD,30,986,2.00000,5, , , , , , , , , , , , , , , , , , , , , , , , , , , , , , , , , , , , , , , , , , , , , , , , , , , , , , , , , , , , , , , , , , , , , , , , , , , , , , , , , , , , , , , , , , ,5,270,2006,73.14228321274786,30.0,986.0
2006214N20088,2006,44,NI,BB,UNNAMED,2006-08-02 15:00:00,TS,20.0,86.5,30,986,newdelhi,main,10,0,_____O_________, , , , , , , , ,-5, , , , , , , , , , , , , , , , , , , , , , , , , , , , , , , , , , , , , , , , , , , , , , , , , ,20.0,86.5,DD,30,986,2.00000,5, , , , , , , , , , , , , , , , , , , , , , , , , , , , , , , , , , , , , , , , , , , , , , , , , , , , , , , , , , , , , , , , , , , , , , , , , , , , , , , , , , , , , , , , , , ,5,270,2006,73.14228321274786,30.0,986.0
2006214N20088,2006,44,NI,BB,UNNAMED,2006-08-02 18:00:00,TS,20.0,86.0,30,986,newdelhi,main,0,0,_____O_________, , , , , , , , ,-5, , , , , , , , , , , , , , , , , , , , , , , , , , , , , , , , , , , , , , , , , , , , , , , , , ,20.0,86.0,DD,30,986,2.00000,5, , , , , , , , , , , , , , , , , , , , , , , , , , , , , , , , , , , , , , , , , , , , , , , , , , , , , , , , , , , , , , , , , , , , , , , , , , , , , , , , , , , , , , , , , , ,9,270,2006,20.89780916624096,30.0,986.0
2006214N20088,2006,44,NI,BB,UNNAMED,2006-08-02 21:00:00,TS,20.0,85.5,30,986,newdelhi,main,0,0,_____O_________, , , , , , , , ,-5, , , , , , , , , , , , , , , , , , , , , , , , , , , , , , , , , , , , , , , , , , , , , , , , , ,20.0,85.5,DD,30,986,2.00000,5, , , , , , , , , , , , , , , , , , , , , , , , , , , , , , , , , , , , , , , , , , , , , , , , , , , , , , , , , , , , , , , , , , , , , , , , , , , , , , , , , , , , , , , , , , ,8,255,2006,31.346711422285573,30.0,986.0
2006214N20088,2006,44,NI,BB,UNNAMED,2006-08-03 00:00:00,TS,19.7,85.2, , , ,main,0,0,_____P_________, , , , , , , , ,-5, , , , , , , , , , , , , , , , , , , , , , , , , , , , , , , , , , , , , , , , , , , , , , , , , ,19.7,85.2,DD,30,986, ,5, , , , , , , , , , , , , , , , , , , , , , , , , , , , , , , , , , , , , , , , , , , , , , , , , , , , , , , , , , , , , , , , , , , , , , , , , , , , , , , , , , , , , , , , , , ,7,225,2006,71.06831055910513,,
2006214N20088,2006,44,NI,BB,UNNAMED,2006-08-03 03:00:00,TS,19.5,85.0,30,986,newdelhi,main,0,0,_____O_________, , , , , , , , ,-5, , , , , , , , , , , , , , , , , , , , , , , , , , , , , , , , , , , , , , , , , , , , , , , , , ,19.5,85.0,DD,30,986,2.00000,5, , , , , , , , , , , , , , , , , , , , , , , , , , , , , , , , , , , , , , , , , , , , , , , , , , , , , , , , , , , , , , , , , , , , , , , , , , , , , , , , , , , , , , , , , , ,3,210,2006,100.50162776590881,30.0,986.0
2006214N20088,2006,44,NI,BB,UNNAMED,2006-08-03 06:00:00,TS,19.5,85.0,30,986,newdelhi,main,0,0,_____O_________, , , , , , , , ,-5, , , , , , , , , , , , , , , , , , , , , , , , , , , , , , , , , , , , , , , , , , , , , , , , , ,19.5,85.0,DD,30,986,0.00000,5, , , , , , , , , , , , , , , , , , , , , , , , , , , , , , , , , , , , , , , , , , , , , , , , , , , , , , , , , , , , , , , , , , , , , , , , , , , , , , , , , , , , , , , , , , ,5,270,2006,100.50162776590881,30.0,986.0
2006214N20088,2006,44,NI,BB,UNNAMED,2006-08-03 09:00:00,TS,19.5,84.5,30,986,newdelhi,main,0,0,_____O_________, , , , , , , , ,-5, , , , , , , , , , , , , , , , , , , , , , , , , , , , , , , , , , , , , , , , , , , , , , , , , ,19.5,84.5,DD,30,986,0.00000,5, , , , , , , , , , , , , , , , , , , , , , , , , , , , , , , , , , , , , , , , , , , , , , , , , , , , , , , , , , , , , , , , , , , , , , , , , , , , , , , , , , , , , , , , , , ,9,270,2006,146.97101945694865,30.0,986.0
2006214N20088,2006,44,NI,BB,UNNAMED,2006-08-03 12:00:00,TS,19.5,84.0,30,986,newdelhi,main,0,0,_____O_________, , , , , , , , ,-5, , , , , , , , , , , , , , , , , , , , , , , , , , , , , , , , , , , , , , , , , , , , , , , , , ,19.5,84.0,DD,30,986,0.00000,5, , , , , , , , , , , , , , , , , , , , , , , , , , , , , , , , , , , , , , , , , , , , , , , , , , , , , , , , , , , , , , , , , , , , , , , , , , , , , , , , , , , , , , , , , , ,5,270,2006,196.40875856227223,30.0,986.0
2006214N20088,2006,44,NI,BB,UNNAMED,2006-08-03 15:00:00,TS,19.5,84.0,30,986,newdelhi,main,0,0,_____O_________, , , , , , , , ,-5, , , , , , , , , , , , , , , , , , , , , , , , , , , , , , , , , , , , , , , , , , , , , , , , , ,19.5,84.0,DD,30,986,0.00000,5, , , , , , , , , , , , , , , , , , , , , , , , , , , , , , , , , , , , , , , , , , , , , , , , , , , , , , , , , , , , , , , , , , , , , , , , , , , , , , , , , , , , , , , , , , ,5,270,2006,196.40875856227223,30.0,986.0
2006214N20088,2006,44,NI,BB,UNNAMED,2006-08-03 18:00:00,TS,19.5,83.5,30,986,newdelhi,main,0,0,_____O_________, , , , , , , , ,-5, , , , , , , , , , , , , , , , , , , , , , , , , , , , , , , , , , , , , , , , , , , , , , , , , ,19.5,83.5,DD,30,986,0.00000,5, , , , , , , , , , , , , , , , , , , , , , , , , , , , , , , , , , , , , , , , , , , , , , , , , , , , , , , , , , , , , , , , , , , , , , , , , , , , , , , , , , , , , , , , , , ,9,270,2006,247.03884137189027,30.0,986.0
2006214N20088,2006,44,NI,BB,UNNAMED,2006-08-03 21:00:00,TS,19.5,83.0,30,986,newdelhi,main,0,0,_____O_________, , , , , , , , ,-5, , , , , , , , , , , , , , , , , , , , , , , , , , , , , , , , , , , , , , , , , , , , , , , , , ,19.5,83.0,DD,30,986,0.00000,5, , , , , , , , , , , , , , , , , , , , , , , , , , , , , , , , , , , , , , , , , , , , , , , , , , , , , , , , , , , , , , , , , , , , , , , , , , , , , , , , , , , , , , , , , , ,5,270,2006,298.25433998502774,30.0,986.0
2006214N20088,2006,44,NI,BB,UNNAMED,2006-08-04 00:00:00,TS,19.5,83.0,30,986,newdelhi,main,0,0,_____O_________, , , , , , , , ,-5, , , , , , , , , , , , , , , , , , , , , , , , , , , , , , , , , , , , , , , , , , , , , , , , , ,19.5,83.0,DD,30,986,0.00000,5, , , , , , , , , , , , , , , , , , , , , , , , , , , , , , , , , , , , , , , , , , , , , , , , , , , , , , , , , , , , , , , , , , , , , , , , , , , , , , , , , , , , , , , , , , ,7,315,2006,298.25433998502774,30.0,986.0
2006214N20088,2006,44,NI,BB,UNNAMED,2006-08-04 03:00:00,TS,20.0,82.5,30,986,newdelhi,main,0,0,_____O_________, , , , , , , , ,-5, , , , , , , , , , , , , , , , , , , , , , , , , , , , , , , , , , , , , , , , , , , , , , , , , ,20.0,82.5,DD,30,986,0.00000,5, , , , , , , , , , , , , , , , , , , , , , , , , , , , , , , , , , , , , , , , , , , , , , , , , , , , , , , , , , , , , , , , , , , , , , , , , , , , , , , , , , , , , , , , , , ,7,315,2006,344.8082949272605,30.0,986.0
2006214N20088,2006,44,NI,BB,UNNAMED,2006-08-04 06:00:00,TS,20.0,82.5,30,986,newdelhi,main,0,0,_____O_________, , , , , , , , ,-5, , , , , , , , , , , , , , , , , , , , , , , , , , , , , , , , , , , , , , , , , , , , , , , , , ,20.0,82.5,DD,30,986,0.00000,5, , , , , , , , , , , , , , , , , , , , , , , , , , , , , , , , , , , , , , , , , , , , , , , , , , , , , , , , , , , , , , , , , , , , , , , , , , , , , , , , , , , , , , , , , , ,7,315,2006,344.8082949272605,30.0,986.0
2006214N20088,2006,44,NI,BB,UNNAMED,2006-08-04 09:00:00,TS,20.5,82.0,25,990,newdelhi,main,0,0,_____O_________, , , , , , , , ,-5, , , , , , , , , , , , , , , , , , , , , , , , , , , , , , , , , , , , , , , , , , , , , , , , , ,20.5,82.0,D,25,990,0.00000, , , , , , , , , , , , , , , , , , , , , , , , , , , , , , , , , , , , , , , , , , , , , , , , , , , , , , , , , , , , , , , , , , , , , , , , , , , , , , , , , , , , , , , , , , , ,17,305,2006,400.29338273339533,25.0,990.0
2006214N20088,2006,44,NI,BB,UNNAMED,2006-08-04 12:00:00,TS,21.0,81.0,25,990,newdelhi,main,0,0,_____O_________, , , , , , , , ,-5, , , , , , , , , , , , , , , , , , , , , , , , , , , , , , , , , , , , , , , , , , , , , , , , , ,21.0,81.0,D,25,990,0.00000, , , , , , , , , , , , , , , , , , , , , , , , , , , , , , , , , , , , , , , , , , , , , , , , , , , , , , , , , , , , , , , , , , , , , , , , , , , , , , , , , , , , , , , , , , , ,11,300,2006,512.125676293815,25.0,990.0
2006214N20088,2006,44,NI,BB,UNNAMED,2006-08-04 15:00:00,TS,21.0,81.0,25,990,newdelhi,main,0,0,_____O_________, , , , , , , , ,-5, , , , , , , , , , , , , , , , , , , , , , , , , , , , , , , , , , , , , , , , , , , , , , , , , ,21.0,81.0,D,25,990,0.00000, , , , , , , , , , , , , , , , , , , , , , , , , , , , , , , , , , , , , , , , , , , , , , , , , , , , , , , , , , , , , , , , , , , , , , , , , , , , , , , , , , , , , , , , , , , ,0,0,2006,512.125676293815,25.0,990.0
2006214N20088,2006,44,NI,BB,UNNAMED,2006-08-04 18:00:00,TS,21.0,81.0,25,990,newdelhi,main,0,0,_____O_________, , , , , , , , ,-5, , , , , , , , , , , , , , , , , , , , , , , , , , , , , , , , , , , , , , , , , , , , , , , , , ,21.0,81.0,D,25,990,0.00000, , , , , , , , , , , , , , , , , , , , , , , , , , , , , , , , , , , , , , , , , , , , , , , , , , , , , , , , , , , , , , , , , , , , , , , , , , , , , , , , , , , , , , , , , , , ,0,0,2006,512.125676293815,25.0,990.0
2006214N20088,2006,44,NI,BB,UNNAMED,2006-08-04 21:00:00,TS,21.0,81.0,25,990,newdelhi,main,0,0,_____O_________, , , , , , , , ,-5, , , , , , , , , , , , , , , , , , , , , , , , , , , , , , , , , , , , , , , , , , , , , , , , , ,21.0,81.0,D,25,990,0.00000, , , , , , , , , , , , , , , , , , , , , , , , , , , , , , , , , , , , , , , , , , , , , , , , , , , , , , , , , , , , , , , , , , , , , , , , , , , , , , , , , , , , , , , , , , , ,5,270,2006,512.125676293815,25.0,990.0
2006214N20088,2006,44,NI,BB,UNNAMED,2006-08-05 00:00:00,TS,21.0,80.5,25,990,newdelhi,main,0,0,_____O_________, , , , , , , , ,-5, , , , , , , , , , , , , , , , , , , , , , , , , , , , , , , , , , , , , , , , , , , , , , , , , ,21.0,80.5,D,25,990,0.00000, , , , , , , , , , , , , , , , , , , , , , , , , , , , , , , , , , , , , , , , , , , , , , , , , , , , , , , , , , , , , , , , , , , , , , , , , , , , , , , , , , , , , , , , , , , ,9,270,2006,563.0664612651001,25.0,990.0
2006214N20088,2006,44,NI,BB,UNNAMED,2006-08-05 03:00:00,TS,21.0,80.0,25,990,newdelhi,main,0,0,_____O_________, , , , , , , , ,-5, , , , , , , , , , , , , , , , , , , , , , , , , , , , , , , , , , , , , , , , , , , , , , , , , ,21.0,80.0,D,25,990,0.00000, , , , , , , , , , , , , , , , , , , , , , , , , , , , , , , , , , , , , , , , , , , , , , , , , , , , , , , , , , , , , , , , , , , , , , , , , , , , , , , , , , , , , , , , , , , ,9,270,2006,614.1952981548878,25.0,990.0
2006214N20088,2006,44,NI,BB,UNNAMED,2006-08-05 06:00:00,TS,21.0,79.5,25,990,newdelhi,main,0,0,_____O_________, , , , , , , , ,-5, , , , , , , , , , , , , , , , , , , , , , , , , , , , , , , , , , , , , , , , , , , , , , , , , ,21.0,79.5,D,25,990,0.00000, , , , , , , , , , , , , , , , , , , , , , , , , , , , , , , , , , , , , , , , , , , , , , , , , , , , , , , , , , , , , , , , , , , , , , , , , , , , , , , , , , , , , , , , , , , ,5,270,2006,665.4684193509332,25.0,990.0
2006214N20088,2006,44,NI,BB,UNNAMED,2006-08-05 09:00:00,TS,21.0,79.5,25,990,newdelhi,main,0, ,_____O_________, , , , , , , , ,-5, , , , , , , , , , , , , , , , , , , , , , , , , , , , , , , , , , , , , , , , , , , , , , , , , ,21.0,79.5,D,25,990,0.00000, , , , , , , , , , , , , , , , , , , , , , , , , , , , , , , , , , , , , , , , , , , , , , , , , , , , , , , , , , , , , , , , , , , , , , , , , , , , , , , , , , , , , , , , , , , ,0,0,2006,665.4684193509332,25.0,990.0
2006224N21088,2006,48,NI,BB,UNNAMED,2006-08-12 03:00:00,TS,21.0,88.0,25,992,newdelhi,main,70,67,_____O_________, , , , , , , , ,-5, , , , , , , , , , , , , , , , , , , , , , , , , , , , , , , , , , , , , , , , , , , , , , , , , ,21.0,88.0,D,25,992,1.50000, , , , , , , , , , , , , , , , , , , , , , , , , , , , , , , , , , , , , , , , , , , , , , , , , , , , , , , , , , , , , , , , , , , , , , , , , , , , , , , , , , , , , , , , , , , ,0,0,2006,254.68688047199953,25.0,992.0
2006224N21088,2006,48,NI,BB,UNNAMED,2006-08-12 06:00:00,TS,21.0,88.0,25,992,newdelhi,main,70,56,_____O_________, , , , , , , , ,-5, , , , , , , , , , , , , , , , , , , , , , , , , , , , , , , , , , , , , , , , , , , , , , , , , ,21.0,88.0,D,25,992,1.50000, , , , , , , , , , , , , , , , , , , , , , , , , , , , , , , , , , , , , , , , , , , , , , , , , , , , , , , , , , , , , , , , , , , , , , , , , , , , , , , , , , , , , , , , , , , ,5,270,2006,254.68688047199953,25.0,992.0
2006224N21088,2006,48,NI,BB,UNNAMED,2006-08-12 09:00:00,TS,21.0,87.5,25,992,newdelhi,main,56,53,_____O_________, , , , , , , , ,-5, , , , , , , , , , , , , , , , , , , , , , , , , , , , , , , , , , , , , , , , , , , , , , , , , ,21.0,87.5,D,25,992,1.50000, , , , , , , , , , , , , , , , , , , , , , , , , , , , , , , , , , , , , , , , , , , , , , , , , , , , , , , , , , , , , , , , , , , , , , , , , , , , , , , , , , , , , , , , , , , ,5,270,2006,209.07725041809124,25.0,992.0
2006224N21088,2006,48,NI,BB,UNNAMED,2006-08-12 12:00:00,TS,21.0,87.5,25,992,newdelhi,main,56,0,_____O_________, , , , , , , , ,-5, , , , , , , , , , , , , , , , , , , , , , , , , , , , , , , , , , , , , , , , , , , , , , , , , ,21.0,87.5,D,25,992,1.50000, , , , , , , , , , , , , , , , , , , , , , , , , , , , , , , , , , , , , , , , , , , , , , , , , , , , , , , , , , , , , , , , , , , , , , , , , , , , , , , , , , , , , , , , , , , ,14,315,2006,209.07725041809124,25.0,992.0
2006224N21088,2006,48,NI,BB,UNNAMED,2006-08-12 15:00:00,TS,22.0,86.5,25,992,newdelhi,main,0,0,_____O_________, , , , , , , , ,-5, , , , , , , , , , , , , , , , , , , , , , , , , , , , , , , , , , , , , , , , , , , , , , , , , ,22.0,86.5,D,25,992,0.00000, , , , , , , , , , , , , , , , , , , , , , , , , , , , , , , , , , , , , , , , , , , , , , , , , , , , , , , , , , , , , , , , , , , , , , , , , , , , , , , , , , , , , , , , , , , ,25,295,2006,233.95917966819837,25.0,992.0
2006224N21088,2006,48,NI,BB,UNNAMED,2006-08-12 18:00:00,TS,22.0,85.0,25,992,newdelhi,main,0,0,_____O_________, , , , , , , , ,-5, , , , , , , , , , , , , , , , , , , , , , , , , , , , , , , , , , , , , , , , , , , , , , , , , ,22.0,85.0,D,25,992,0.00000, , , , , , , , , , , , , , , , , , , , , , , , , , , , , , , , , , , , , , , , , , , , , , , , , , , , , , , , , , , , , , , , , , , , , , , , , , , , , , , , , , , , , , , , , , , ,28,270,2006,237.3881084680654,25.0,992.0
2006224N21088,2006,48,NI,BB,UNNAMED,2006-08-12 21:00:00,TS,22.0,83.5,25,992,newdelhi,main,0,0,_____O_________, , , , , , , , ,-5, , , , , , , , , , , , , , , , , , , , , , , , , , , , , , , , , , , , , , , , , , , , , , , , , ,22.0,83.5,D,25,992,0.00000, , , , , , , , , , , , , , , , , , , , , , , , , , , , , , , , , , , , , , , , , , , , , , , , , , , , , , , , , , , , , , , , , , , , , , , , , , , , , , , , , , , , , , , , , , , ,23,270,2006,326.2744773258207,25.0,992.0
2006224N21088,2006,48,NI,BB,UNNAMED,2006-08-13 00:00:00,TS,22.0,82.5,25,992,newdelhi,main,0, ,_____O_________, , , , , , , , ,-5, , , , , , , , , , , , , , , , , , , , , , , , , , , , , , , , , , , , , , , , , , , , , , , , , ,22.0,82.5,D,25,992,0.00000, , , , , , , , , , , , , , , , , , , , , , , , , , , , , , , , , , , , , , , , , , , , , , , , , , , , , , , , , , , , , , , , , , , , , , , , , , , , , , , , , , , , , , , , , , , ,19,270,2006,408.40031006206056,25.0,992.0
2006228N21088,2006,53,NI,BB,UNNAMED,2006-08-16 03:00:00,TS,20.5,88.0,25,990,newdelhi,main,106,56,_____O_________, , , , , , , , ,-5, , , , , , , , , , , , , , , , , , , , , , , , , , , , , , , , , , , , , , , , , , , , , , , , , ,20.5,88.0,D,25,990,1.50000, , , , , , , , , , , , , , , , , , , , , , , , , , , , , , , , , , , , , , , , , , , , , , , , , , , , , , , , , , , , , , , , , , , , , , , , , , , , , , , , , , , , , , , , , , , ,9,270,2006,236.14414105356624,25.0,990.0
2006228N21088,2006,53,NI,BB,UNNAMED,2006-08-16 06:00:00,TS,20.5,87.5,25,990,newdelhi,main,56,56,_____O_________, , , , , , , , ,-5, , , , , , , , , , , , , , , , , , , , , , , , , , , , , , , , , , , , , , , , , , , , , , , , , ,20.5,87.5,D,25,990,1.50000, , , , , , , , , , , , , , , , , , , , , , , , , , , , , , , , , , , , , , , , , , , , , , , , , , , , , , , , , , , , , , , , , , , , , , , , , , , , , , , , , , , , , , , , , , , ,5,270,2006,185.85664121332152,25.0,990.0
2006228N21088,2006,53,NI,BB,UNNAMED,2006-08-16 09:00:00,TS,20.5,87.5,25,990,newdelhi,main,56,15,_____O_________, , , , , , , , ,-5, , , , , , , , , , , , , , , , , , , , , , , , , , , , , , , , , , , , , , , , , , , , , , , , , ,20.5,87.5,D,25,990,1.50000, , , , , , , , , , , , , , , , , , , , , , , , , , , , , , , , , , , , , , , , , , , , , , , , , , , , , , , , , , , , , , , , , , , , , , , , , , , , , , , , , , , , , , , , , , , ,5,270,2006,185.85664121332152,25.0,990.0
2006228N21088,2006,53,NI,BB,UNNAMED,2006-08-16 12:00:00,TS,20.5,87.0,25,990,newdelhi,main,15,0,_____O_________, , , , , , , , ,-5, , , , , , , , , , , , , , , , , , , , , , , , , , , , , , , , , , , , , , , , , , , , , , , , , ,20.5,87.0,D,25,990,1.50000, , , , , , , , , , , , , , , , , , , , , , , , , , , , , , , , , , , , , , , , , , , , , , , , , , , , , , , , , , , , , , , , , , , , , , , , , , , , , , , , , , , , , , , , , , , ,9,270,2006,136.97641790756737,25.0,990.0
2006228N21088,2006,53,NI,BB,UNNAMED,2006-08-16 15:00:00,TS,20.5,86.5,25,988,newdelhi,main,0,0,_____O_________, , , , , , , , ,-5, , , , , , , , , , , , , , , , , , , , , , , , , , , , , , , , , , , , , , , , , , , , , , , , , ,20.5,86.5,D,25,988,0.00000, , , , , , , , , , , , , , , , , , , , , , , , , , , , , , , , , , , , , , , , , , , , , , , , , , , , , , , , , , , , , , , , , , , , , , , , , , , , , , , , , , , , , , , , , , , ,9,270,2006,91.7809528416767,25.0,988.0
2006228N21088,2006,53,NI,BB,UNNAMED,2006-08-16 18:00:00,TS,20.5,86.0,25,988,newdelhi,main,0,0,_____O_________, , , , , , , , ,-5, , , , , , , , , , , , , , , , , , , , , , , , , , , , , , , , , , , , , , , , , , , , , , , , , ,20.5,86.0,D,25,988,0.00000, , , , , , , , , , , , , , , , , , , , , , , , , , , , , , , , , , , , , , , , , , , , , , , , , , , , , , , , , , , , , , , , , , , , , , , , , , , , , , , , , , , , , , , , , , , ,15,290,2006,59.38348378294608,25.0,988.0
2006228N21088,2006,53,NI,BB,UNNAMED,2006-08-16 21:00:00,TS,21.0,85.0,25,988,newdelhi,main,0,0,_____O_________, , , , , , , , ,-5, , , , , , , , , , , , , , , , , , , , , , , , , , , , , , , , , , , , , , , , , , , , , , , , , ,21.0,85.0,D,25,988,0.00000, , , , , , , , , , , , , , , , , , , , , , , , , , , , , , , , , , , , , , , , , , , , , , , , , , , , , , , , , , , , , , , , , , , , , , , , , , , , , , , , , , , , , , , , , , , ,17,305,2006,138.9485376529916,25.0,988.0
2006228N21088,2006,53,NI,BB,UNNAMED,2006-08-17 00:00:00,TS,21.5,84.5,25,988,newdelhi,main,0,0,_____O_________, , , , , , , , ,-5, , , , , , , , , , , , , , , , , , , , , , , , , , , , , , , , , , , , , , , , , , , , , , , , , ,21.5,84.5,D,25,988,0.00000, , , , , , , , , , , , , , , , , , , , , , , , , , , , , , , , , , , , , , , , , , , , , , , , , , , , , , , , , , , , , , , , , , , , , , , , , , , , , , , , , , , , , , , , , , , ,17,305,2006,214.6879719136237,25.0,988.0
2006228N21088,2006,53,NI,BB,UNNAMED,2006-08-17 03:00:00,TS,22.0,83.5,25,988,newdelhi,main,0,0,_____O_________, , , , , , , , ,-5, , , , , , , , , , , , , , , , , , , , , , , , , , , , , , , , , , , , , , , , , , , , , , , , , ,22.0,83.5,D,25,988,0.00000, , , , , , , , , , , , , , , , , , , , , , , , , , , , , , , , , , , , , , , , , , , , , , , , , , , , , , , , , , , , , , , , , , , , , , , , , , , , , , , , , , , , , , , , , , , ,11,300,2006,326.2744773258207,25.0,988.0
2006228N21088,2006,53,NI,BB,UNNAMED,2006-08-17 06:00:00,TS,22.0,83.5,25,988,newdelhi,main,0,0,_____O_________, , , , , , , , ,-5, , , , , , , , , , , , , , , , , , , , , , , , , , , , , , , , , , , , , , , , , , , , , , , , , ,22.0,83.5,D,25,988,0.00000, , , , , , , , , , , , , , , , , , , , , , , , , , , , , , , , , , , , , , , , , , , , , , , , , , , , , , , , , , , , , , , , , , , , , , , , , , , , , , , , , , , , , , , , , , , ,7,315,2006,326.2744773258207,25.0,988.0
2006228N21088,2006,53,NI,BB,UNNAMED,2006-08-17 09:00:00,TS,22.5,83.0,25,988,newdelhi,main,0,0,_____O_________, , , , , , , , ,-5, , , , , , , , , , , , , , , , , , , , , , , , , , , , , , , , , , , , , , , , , , , , , , , , , ,22.5,83.0,D,25,988,0.00000, , , , , , , , , , , , , , , , , , , , , , , , , , , , , , , , , , , , , , , , , , , , , , , , , , , , , , , , , , , , , , , , , , , , , , , , , , , , , , , , , , , , , , , , , , , ,24,280,2006,401.8181916520379,25.0,988.0
2006228N21088,2006,53,NI,BB,UNNAMED,2006-08-17 12:00:00,TS,22.5,81.0,25,988,newdelhi,main,0,0,_____O_________, , , , , , , , ,-5, , , , , , , , , , , , , , , , , , , , , , , , , , , , , , , , , , , , , , , , , , , , , , , , , ,22.5,81.0,D,25,988,0.00000, , , , , , , , , , , , , , , , , , , , , , , , , , , , , , , , , , , , , , , , , , , , , , , , , , , , , , , , , , , , , , , , , , , , , , , , , , , , , , , , , , , , , , , , , , , ,18,270,2006,569.7834588614293,25.0,988.0
2006228N21088,2006,53,NI,BB,UNNAMED,2006-08-17 15:00:00,TS,22.5,81.0,25,988,newdelhi,main,0,0,_____O_________, , , , , , , , ,-5, , , , , , , , , , , , , , , , , , , , , , , , , , , , , , , , , , , , , , , , , , , , , , , , , ,22.5,81.0,D,25,988,0.00000, , , , , , , , , , , , , , , , , , , , , , , , , , , , , , , , , , , , , , , , , , , , , , , , , , , , , , , , , , , , , , , , , , , , , , , , , , , , , , , , , , , , , , , , , , , ,5,270,2006,569.7834588614293,25.0,988.0
2006228N21088,2006,53,NI,BB,UNNAMED,2006-08-17 18:00:00,TS,22.5,80.5,25,988,newdelhi,main,0,0,_____O_________, , , , , , , , ,-5, , , , , , , , , , , , , , , , , , , , , , , , , , , , , , , , , , , , , , , , , , , , , , , , , ,22.5,80.5,D,25,988,0.00000, , , , , , , , , , , , , , , , , , , , , , , , , , , , , , , , , , , , , , , , , , , , , , , , , , , , , , , , , , , , , , , , , , , , , , , , , , , , , , , , , , , , , , , , , , , ,9,270,2006,615.5233723051263,25.0,988.0
2006228N21088,2006,53,NI,BB,UNNAMED,2006-08-17 21:00:00,TS,22.5,80.0,25,988,newdelhi,main,0,0,_____O_________, , , , , , , , ,-5, , , , , , , , , , , , , , , , , , , , , , , , , , , , , , , , , , , , , , , , , , , , , , , , , ,22.5,80.0,D,25,988,0.00000, , , , , , , , , , , , , , , , , , , , , , , , , , , , , , , , , , , , , , , , , , , , , , , , , , , , , , , , , , , , , , , , , , , , , , , , , , , , , , , , , , , , , , , , , , , ,14,270,2006,662.1560582540511,25.0,988.0
2006228N21088,2006,53,NI,BB,UNNAMED,2006-08-18 00:00:00,TS,22.5,79.0,25,990,newdelhi,main,0,0,_____O_________, , , , , , , , ,-5, , , , , , , , , , , , , , , , , , , , , , , , , , , , , , , , , , , , , , , , , , , , , , , , , ,22.5,79.0,D,25,990,0.00000, , , , , , , , , , , , , , , , , , , , , , , , , , , , , , , , , , , , , , , , , , , , , , , , , , , , , , , , , , , , , , , , , , , , , , , , , , , , , , , , , , , , , , , , , , , ,19,285,2006,757.4356857316516,25.0,990.0
2006228N21088,2006,53,NI,AS,UNNAMED,2006-08-18 03:00:00,TS,23.0,78.0,25,992,newdelhi,main,0,0,_____O_________, , , , , , , , ,-5, , , , , , , , , , , , , , , , , , , , , , , , , , , , , , , , , , , , , , , , , , , , , , , , , ,23.0,78.0,D,25,992,0.00000, , , , , , , , , , , , , , , , , , , , , , , , , , , , , , , , , , , , , , , , , , , , , , , , , , , , , , , , , , , , , , , , , , , , , , , , , , , , , , , , , , , , , , , , , , , ,15,290,2006,872.998403534742,25.0,992.0
2006228N21088,2006,53,NI,AS,UNNAMED,2006-08-18 06:00:00,TS,23.0,77.5,25,994,newdelhi,main,0,0,_____O_________, , , , , , , , ,-5, , , , , , , , , , , , , , , , , , , , , , , , , , , , , , , , , , , , , , , , , , , , , , , , , ,23.0,77.5,D,25,994,0.00000, , , , , , , , , , , , , , , , , , , , , , , , , , , , , , , , , , , , , , , , , , , , , , , , , , , , , , , , , , , , , , , , , , , , , , , , , , , , , , , , , , , , , , , , , , , ,10,300,2006,920.989843401775,25.0,994.0
2006228N21088,2006,53,NI,AS,UNNAMED,2006-08-18 09:00:00,TS,23.5,77.0,25,994,newdelhi,main,0, ,_____O_________, , , , , , , , ,-5, , , , , , , , , , , , , , , , , , , , , , , , , , , , , , , , , , , , , , , , , , , , , , , , , ,23.5,77.0,D,25,994,0.00000, , , , , , , , , , , , , , , , , , , , , , , , , , , , , , , , , , , , , , , , , , , , , , , , , , , , , , , , , , , , , , , , , , , , , , , , , , , , , , , , , , , , , , , , , , , ,14,315,2006,988.3703748770893,25.0,994.0
2006241N20088,2006,59,NI,BB,UNNAMED,2006-08-29 03:00:00,TS,20.5,87.5,25,992,newdelhi,main,56,0,_____O_________, , , , , , , , ,-5, , , , , , , , , , , , , , , , , , , , , , , , , , , , , , , , , , , , , , , , , , , , , , , , , ,20.5,87.5,D,25,992,1.50000, , , , , , , , , , , , , , , , , , , , , , , , , , , , , , , , , , , , , , , , , , , , , , , , , , , , , , , , , , , , , , , , , , , , , , , , , , , , , , , , , , , , , , , , , , , ,19,270,2006,185.85664121332152,25.0,992.0
2006241N20088,2006,59,NI,BB,UNNAMED,2006-08-29 06:00:00,TS,20.5,86.5,25,992,newdelhi,main,0,0,_____O_________, , , , , , , , ,-5, , , , , , , , , , , , , , , , , , , , , , , , , , , , , , , , , , , , , , , , , , , , , , , , , ,20.5,86.5,D,25,992,1.50000, , , , , , , , , , , , , , , , , , , , , , , , , , , , , , , , , , , , , , , , , , , , , , , , , , , , , , , , , , , , , , , , , , , , , , , , , , , , , , , , , , , , , , , , , , , ,24,280,2006,91.7809528416767,25.0,992.0
2006241N20088,2006,59,NI,BB,UNNAMED,2006-08-29 09:00:00,TS,21.0,85.0,25,990,newdelhi,main,0,0,_____O_________, , , , , , , , ,-5, , , , , , , , , , , , , , , , , , , , , , , , , , , , , , , , , , , , , , , , , , , , , , , , , ,21.0,85.0,D,25,990,1.50000, , , , , , , , , , , , , , , , , , , , , , , , , , , , , , , , , , , , , , , , , , , , , , , , , , , , , , , , , , , , , , , , , , , , , , , , , , , , , , , , , , , , , , , , , , , ,19,285,2006,138.9485376529916,25.0,990.0
2006241N20088,2006,59,NI,BB,UNNAMED,2006-08-29 12:00:00,TS,21.0,84.5,25,990,newdelhi,main,0,0,_____O_________, , , , , , , , ,-5, , , , , , , , , , , , , , , , , , , , , , , , , , , , , , , , , , , , , , , , , , , , , , , , , ,21.0,84.5,D,25,990,0.00000, , , , , , , , , , , , , , , , , , , , , , , , , , , , , , , , , , , , , , , , , , , , , , , , , , , , , , , , , , , , , , , , , , , , , , , , , , , , , , , , , , , , , , , , , , , ,5,270,2006,175.2041254968675,25.0,990.0
2006241N20088,2006,59,NI,BB,UNNAMED,2006-08-29 15:00:00,TS,21.0,84.5,25,990,newdelhi,main,0,0,_____O_________, , , , , , , , ,-5, , , , , , , , , , , , , , , , , , , , , , , , , , , , , , , , , , , , , , , , , , , , , , , , , ,21.0,84.5,D,25,990,0.00000, , , , , , , , , , , , , , , , , , , , , , , , , , , , , , , , , , , , , , , , , , , , , , , , , , , , , , , , , , , , , , , , , , , , , , , , , , , , , , , , , , , , , , , , , , , ,5,270,2006,175.2041254968675,25.0,990.0
2006241N20088,2006,59,NI,BB,UNNAMED,2006-08-29 18:00:00,TS,21.0,84.0,25,990,newdelhi,main,0,0,_____O_________, , , , , , , , ,-5, , , , , , , , , , , , , , , , , , , , , , , , , , , , , , , , , , , , , , , , , , , , , , , , , ,21.0,84.0,D,25,990,0.00000, , , , , , , , , , , , , , , , , , , , , , , , , , , , , , , , , , , , , , , , , , , , , , , , , , , , , , , , , , , , , , , , , , , , , , , , , , , , , , , , , , , , , , , , , , , ,9,270,2006,217.96753933889528,25.0,990.0
2006241N20088,2006,59,NI,BB,UNNAMED,2006-08-29 21:00:00,TS,21.0,83.5,25,990,newdelhi,main,0,0,_____O_________, , , , , , , , ,-5, , , , , , , , , , , , , , , , , , , , , , , , , , , , , , , , , , , , , , , , , , , , , , , , , ,21.0,83.5,D,25,990,0.00000, , , , , , , , , , , , , , , , , , , , , , , , , , , , , , , , , , , , , , , , , , , , , , , , , , , , , , , , , , , , , , , , , , , , , , , , , , , , , , , , , , , , , , , , , , , ,9,270,2006,264.09586678087607,25.0,990.0
2006241N20088,2006,59,NI,BB,UNNAMED,2006-08-30 00:00:00,TS,21.0,83.0,25,992,newdelhi,main,0,0,_____O_________, , , , , , , , ,-5, , , , , , , , , , , , , , , , , , , , , , , , , , , , , , , , , , , , , , , , , , , , , , , , , ,21.0,83.0,D,25,992,0.00000, , , , , , , , , , , , , , , , , , , , , , , , , , , , , , , , , , , , , , , , , , , , , , , , , , , , , , , , , , , , , , , , , , , , , , , , , , , , , , , , , , , , , , , , , , , ,11,335,2006,312.1003263233307,25.0,992.0
2006241N20088,2006,59,NI,BB,UNNAMED,2006-08-30 03:00:00,TS,22.0,83.0,25,992,newdelhi,main,0,0,_____O_________, , , , , , , , ,-5, , , , , , , , , , , , , , , , , , , , , , , , , , , , , , , , , , , , , , , , , , , , , , , , , ,22.0,83.0,D,25,992,0.00000, , , , , , , , , , , , , , , , , , , , , , , , , , , , , , , , , , , , , , , , , , , , , , , , , , , , , , , , , , , , , , , , , , , , , , , , , , , , , , , , , , , , , , , , , , , ,16,345,2006,365.96398162178366,25.0,992.0
2006241N20088,2006,59,NI,BB,UNNAMED,2006-08-30 06:00:00,TS,22.5,82.5,25,992,newdelhi,main,0,0,_____O_________, , , , , , , , ,-5, , , , , , , , , , , , , , , , , , , , , , , , , , , , , , , , , , , , , , , , , , , , , , , , , ,22.5,82.5,D,25,992,0.00000, , , , , , , , , , , , , , , , , , , , , , , , , , , , , , , , , , , , , , , , , , , , , , , , , , , , , , , , , , , , , , , , , , , , , , , , , , , , , , , , , , , , , , , , , , , ,15,290,2006,440.68766698065565,25.0,992.0
2006241N20088,2006,59,NI,BB,UNNAMED,2006-08-30 09:00:00,TS,22.5,81.5,25,992,newdelhi,main,0,0,_____O_________, , , , , , , , ,-5, , , , , , , , , , , , , , , , , , , , , , , , , , , , , , , , , , , , , , , , , , , , , , , , , ,22.5,81.5,D,25,992,0.00000, , , , , , , , , , , , , , , , , , , , , , , , , , , , , , , , , , , , , , , , , , , , , , , , , , , , , , , , , , , , , , , , , , , , , , , , , , , , , , , , , , , , , , , , , , , ,14,270,2006,525.1701576416082,25.0,992.0
2006241N20088,2006,59,NI,BB,UNNAMED,2006-08-30 12:00:00,TS,22.5,81.0,25,992,newdelhi,main,0,0,_____O_________, , , , , , , , ,-5, , , , , , , , , , , , , , , , , , , , , , , , , , , , , , , , , , , , , , , , , , , , , , , , , ,22.5,81.0,D,25,992,0.00000, , , , , , , , , , , , , , , , , , , , , , , , , , , , , , , , , , , , , , , , , , , , , , , , , , , , , , , , , , , , , , , , , , , , , , , , , , , , , , , , , , , , , , , , , , , ,5,270,2006,569.7834588614293,25.0,992.0
2006241N20088,2006,59,NI,BB,UNNAMED,2006-08-30 15:00:00,TS,22.5,81.0,25,992,newdelhi,main,0,0,_____O_________, , , , , , , , ,-5, , , , , , , , , , , , , , , , , , , , , , , , , , , , , , , , , , , , , , , , , , , , , , , , , ,22.5,81.0,D,25,992,0.00000, , , , , , , , , , , , , , , , , , , , , , , , , , , , , , , , , , , , , , , , , , , , , , , , , , , , , , , , , , , , , , , , , , , , , , , , , , , , , , , , , , , , , , , , , , , ,0,0,2006,569.7834588614293,25.0,992.0
2006241N20088,2006,59,NI,BB,UNNAMED,2006-08-30 18:00:00,TS,22.5,81.0,25,992,newdelhi,main,0,0,_____O_________, , , , , , , , ,-5, , , , , , , , , , , , , , , , , , , , , , , , , , , , , , , , , , , , , , , , , , , , , , , , , ,22.5,81.0,D,25,992,0.00000, , , , , , , , , , , , , , , , , , , , , , , , , , , , , , , , , , , , , , , , , , , , , , , , , , , , , , , , , , , , , , , , , , , , , , , , , , , , , , , , , , , , , , , , , , , ,5,270,2006,569.7834588614293,25.0,992.0
2006241N20088,2006,59,NI,BB,UNNAMED,2006-08-30 21:00:00,TS,22.5,80.5,25,992,newdelhi,main,0,0,_____O_________, , , , , , , , ,-5, , , , , , , , , , , , , , , , , , , , , , , , , , , , , , , , , , , , , , , , , , , , , , , , , ,22.5,80.5,D,25,992,0.00000, , , , , , , , , , , , , , , , , , , , , , , , , , , , , , , , , , , , , , , , , , , , , , , , , , , , , , , , , , , , , , , , , , , , , , , , , , , , , , , , , , , , , , , , , , , ,11,300,2006,615.5233723051263,25.0,992.0
2006241N20088,2006,59,NI,BB,UNNAMED,2006-08-31 00:00:00,TS,23.0,80.0,25,994,newdelhi,main,0,0,_____O_________, , , , , , , , ,-5, , , , , , , , , , , , , , , , , , , , , , , , , , , , , , , , , , , , , , , , , , , , , , , , , ,23.0,80.0,D,25,994,0.00000, , , , , , , , , , , , , , , , , , , , , , , , , , , , , , , , , , , , , , , , , , , , , , , , , , , , , , , , , , , , , , , , , , , , , , , , , , , , , , , , , , , , , , , , , , , ,17,305,2006,686.4273909928655,25.0,994.0
2006241N20088,2006,59,NI,BB,UNNAMED,2006-08-31 03:00:00,TS,23.5,79.0,25,994,newdelhi,main,0,0,_____O_________, , , , , , , , ,-5, , , , , , , , , , , , , , , , , , , , , , , , , , , , , , , , , , , , , , , , , , , , , , , , , ,23.5,79.0,D,25,994,0.00000, , , , , , , , , , , , , , , , , , , , , , , , , , , , , , , , , , , , , , , , , , , , , , , , , , , , , , , , , , , , , , , , , , , , , , , , , , , , , , , , , , , , , , , , , , , ,21,300,2006,802.7309749577861,25.0,994.0
2006241N20088,2006,59,NI,AS,UNNAMED,2006-08-31 06:00:00,TS,24.0,78.0,25,994,newdelhi,main,0,0,_____O_________, , , , , , , , ,-5, , , , , , , , , , , , , , , , , , , , , , , , , , , , , , , , , , , , , , , , , , , , , , , , , ,24.0,78.0,D,25,994,0.00000, , , , , , , , , , , , , , , , , , , , , , , , , , , , , , , , , , , , , , , , , , , , , , , , , , , , , , , , , , , , , , , , , , , , , , , , , , , , , , , , , , , , , , , , , , , ,10,300,2006,918.6834390424773,25.0,994.0
2006241N20088,2006,59,NI,AS,UNNAMED,2006-08-31 09:00:00,TS,24.0,78.0,25,994,newdelhi,main,0,0,_____O_________, , , , , , , , ,-5, , , , , , , , , , , , , , , , , , , , , , , , , , , , , , , , , , , , , , , , , , , , , , , , , ,24.0,78.0,D,25,994,0.00000, , , , , , , , , , , , , , , , , , , , , , , , , , , , , , , , , , , , , , , , , , , , , , , , , , , , , , , , , , , , , , , , , , , , , , , , , , , , , , , , , , , , , , , , , , , ,0,0,2006,918.6834390424773,25.0,994.0
2006241N20088,2006,59,NI,AS,UNNAMED,2006-08-31 12:00:00,TS,24.0,78.0,25,994,newdelhi,main,0,0,_____O_________, , , , , , , , ,-5, , , , , , , , , , , , , , , , , , , , , , , , , , , , , , , , , , , , , , , , , , , , , , , , , ,24.0,78.0,D,25,994,0.00000, , , , , , , , , , , , , , , , , , , , , , , , , , , , , , , , , , , , , , , , , , , , , , , , , , , , , , , , , , , , , , , , , , , , , , , , , , , , , , , , , , , , , , , , , , , ,0,0,2006,918.6834390424773,25.0,994.0
2006241N20088,2006,59,NI,AS,UNNAMED,2006-08-31 15:00:00,TS,24.0,78.0,25,994,newdelhi,main,0,0,_____O_________, , , , , , , , ,-5, , , , , , , , , , , , , , , , , , , , , , , , , , , , , , , , , , , , , , , , , , , , , , , , , ,24.0,78.0,D,25,994,0.00000, , , , , , , , , , , , , , , , , , , , , , , , , , , , , , , , , , , , , , , , , , , , , , , , , , , , , , , , , , , , , , , , , , , , , , , , , , , , , , , , , , , , , , , , , , , ,7,320,2006,918.6834390424773,25.0,994.0
2006241N20088,2006,59,NI,AS,UNNAMED,2006-08-31 18:00:00,TS,24.5,77.5,25,994,newdelhi,main,0,0,_____O_________, , , , , , , , ,-5, , , , , , , , , , , , , , , , , , , , , , , , , , , , , , , , , , , , , , , , , , , , , , , , , ,24.5,77.5,D,25,994,0.00000, , , , , , , , , , , , , , , , , , , , , , , , , , , , , , , , , , , , , , , , , , , , , , , , , , , , , , , , , , , , , , , , , , , , , , , , , , , , , , , , , , , , , , , , , , , ,14,320,2006,989.5879450724694,25.0,994.0
2006241N20088,2006,59,NI,AS,UNNAMED,2006-08-31 21:00:00,TS,25.0,77.0,25,994,newdelhi,main,0,0,_____O_________, , , , , , , , ,-5, , , , , , , , , , , , , , , , , , , , , , , , , , , , , , , , , , , , , , , , , , , , , , , , , ,25.0,77.0,D,25,994,0.00000, , , , , , , , , , , , , , , , , , , , , , , , , , , , , , , , , , , , , , , , , , , , , , , , , , , , , , , , , , , , , , , , , , , , , , , , , , , , , , , , , , , , , , , , , , , ,11,335,2006,1060.8282682475594,25.0,994.0
2006241N20088,2006,59,NI,AS,UNNAMED,2006-09-01 00:00:00,TS,25.5,77.0,25,994,newdelhi,main,0,0,_____O_________, , , , , , , , ,-5, , , , , , , , , , , , , , , , , , , , , , , , , , , , , , , , , , , , , , , , , , , , , , , , , ,25.5,77.0,D,25,994,0.00000, , , , , , , , , , , , , , , , , , , , , , , , , , , , , , , , , , , , , , , , , , , , , , , , , , , , , , , , , , , , , , , , , , , , , , , , , , , , , , , , , , , , , , , , , , , ,11,335,2006,1089.5542059027728,25.0,994.0
2006241N20088,2006,59,NI,AS,UNNAMED,2006-09-01 03:00:00,TS,26.0,76.5,25,994,newdelhi,main,0,0,_____O_________, , , , , , , , ,-5, , , , , , , , , , , , , , , , , , , , , , , , , , , , , , , , , , , , , , , , , , , , , , , , , ,26.0,76.5,D,25,994,0.00000, , , , , , , , , , , , , , , , , , , , , , , , , , , , , , , , , , , , , , , , , , , , , , , , , , , , , , , , , , , , , , , , , , , , , , , , , , , , , , , , , , , , , , , , , , , ,7,320,2006,1161.7481223957795,25.0,994.0
2006241N20088,2006,59,NI,AS,UNNAMED,2006-09-01 06:00:00,TS,26.0,76.5,25,994,newdelhi,main,0, ,_____O_________, , , , , , , , ,-5, , , , , , , , , , , , , , , , , , , , , , , , , , , , , , , , , , , , , , , , , , , , , , , , , ,26.0,76.5,D,25,994,0.00000, , , , , , , , , , , , , , , , , , , , , , , , , , , , , , , , , , , , , , , , , , , , , , , , , , , , , , , , , , , , , , , , , , , , , , , , , , , , , , , , , , , , , , , , , , , ,0,0,2006,1161.7481223957795,25.0,994.0
2006247N21089,2006,62,NI,BB,UNNAMED,2006-09-03 12:00:00,TS,20.5,88.5,25,992,newdelhi,main,123,106,_____O_________, , , , , , , , ,-5, , , , , , , , , , , , , , , , , , , , , , , , , , , , , , , , , , , , , , , , , , , , , , , , , ,20.5,88.5,D,25,992,1.50000, , , , , , , , , , , , , , , , , , , , , , , , , , , , , , , , , , , , , , , , , , , , , , , , , , , , , , , , , , , , , , , , , , , , , , , , , , , , , , , , , , , , , , , , , , , ,9,270,2006,287.10004904642835,25.0,992.0
2006247N21089,2006,62,NI,BB,UNNAMED,2006-09-03 15:00:00,TS,20.5,88.0,25,992,newdelhi,main,106,56,_____O_________, , , , , , , , ,-5, , , , , , , , , , , , , , , , , , , , , , , , , , , , , , , , , , , , , , , , , , , , , , , , , ,20.5,88.0,D,25,992,1.50000, , , , , , , , , , , , , , , , , , , , , , , , , , , , , , , , , , , , , , , , , , , , , , , , , , , , , , , , , , , , , , , , , , , , , , , , , , , , , , , , , , , , , , , , , , , ,9,270,2006,236.14414105356624,25.0,992.0
2006247N21089,2006,62,NI,BB,UNNAMED,2006-09-03 18:00:00,TS,20.5,87.5,25,992,newdelhi,main,56,56,_____O_________, , , , , , , , ,-5, , , , , , , , , , , , , , , , , , , , , , , , , , , , , , , , , , , , , , , , , , , , , , , , , ,20.5,87.5,D,25,992,1.50000, , , , , , , , , , , , , , , , , , , , , , , , , , , , , , , , , , , , , , , , , , , , , , , , , , , , , , , , , , , , , , , , , , , , , , , , , , , , , , , , , , , , , , , , , , , ,5,270,2006,185.85664121332152,25.0,992.0
2006247N21089,2006,62,NI,BB,UNNAMED,2006-09-03 21:00:00,TS,20.5,87.5,25,992,newdelhi,main,56,15,_____O_________, , , , , , , , ,-5, , , , , , , , , , , , , , , , , , , , , , , , , , , , , , , , , , , , , , , , , , , , , , , , , ,20.5,87.5,D,25,992,1.50000, , , , , , , , , , , , , , , , , , , , , , , , , , , , , , , , , , , , , , , , , , , , , , , , , , , , , , , , , , , , , , , , , , , , , , , , , , , , , , , , , , , , , , , , , , , ,7,315,2006,185.85664121332152,25.0,992.0
2006247N21089,2006,62,NI,BB,UNNAMED,2006-09-04 00:00:00,TS,21.0,87.0,25,992,newdelhi,main,15,0,_____O_________, , , , , , , , ,-5, , , , , , , , , , , , , , , , , , , , , , , , , , , , , , , , , , , , , , , , , , , , , , , , , ,21.0,87.0,D,25,992,1.50000, , , , , , , , , , , , , , , , , , , , , , , , , , , , , , , , , , , , , , , , , , , , , , , , , , , , , , , , , , , , , , , , , , , , , , , , , , , , , , , , , , , , , , , , , , , ,11,300,2006,167.2860953872896,25.0,992.0
2006247N21089,2006,62,NI,BB,UNNAMED,2006-09-04 03:00:00,TS,21.0,86.5,25,992,newdelhi,main,0,0,_____O_________, , , , , , , , ,-5, , , , , , , , , , , , , , , , , , , , , , , , , , , , , , , , , , , , , , , , , , , , , , , , , ,21.0,86.5,D,25,992,0.00000, , , , , , , , , , , , , , , , , , , , , , , , , , , , , , , , , , , , , , , , , , , , , , , , , , , , , , , , , , , , , , , , , , , , , , , , , , , , , , , , , , , , , , , , , , , ,15,290,2006,132.96457142297174,25.0,992.0
2006247N21089,2006,62,NI,BB,UNNAMED,2006-09-04 06:00:00,TS,21.5,85.5,25,992,newdelhi,main,0,0,_____O_________, , , , , , , , ,-5, , , , , , , , , , , , , , , , , , , , , , , , , , , , , , , , , , , , , , , , , , , , , , , , , ,21.5,85.5,D,25,992,0.00000, , , , , , , , , , , , , , , , , , , , , , , , , , , , , , , , , , , , , , , , , , , , , , , , , , , , , , , , , , , , , , , , , , , , , , , , , , , , , , , , , , , , , , , , , , , ,15,290,2006,169.68420690433797,25.0,992.0
2006247N21089,2006,62,NI,BB,UNNAMED,2006-09-04 09:00:00,TS,21.5,85.0,25,992,newdelhi,main,0,0,_____O_________, , , , , , , , ,-5, , , , , , , , , , , , , , , , , , , , , , , , , , , , , , , , , , , , , , , , , , , , , , , , , ,21.5,85.0,D,25,992,0.00000, , , , , , , , , , , , , , , , , , , , , , , , , , , , , , , , , , , , , , , , , , , , , , , , , , , , , , , , , , , , , , , , , , , , , , , , , , , , , , , , , , , , , , , , , , , ,11,300,2006,186.38402446906608,25.0,992.0
2006247N21089,2006,62,NI,BB,UNNAMED,2006-09-04 12:00:00,TS,22.0,84.5,25,992,newdelhi,main,0,0,_____O_________, , , , , , , , ,-5, , , , , , , , , , , , , , , , , , , , , , , , , , , , , , , , , , , , , , , , , , , , , , , , , ,22.0,84.5,D,25,992,0.00000, , , , , , , , , , , , , , , , , , , , , , , , , , , , , , , , , , , , , , , , , , , , , , , , , , , , , , , , , , , , , , , , , , , , , , , , , , , , , , , , , , , , , , , , , , , ,7,315,2006,260.12801424767554,25.0,992.0
2006247N21089,2006,62,NI,BB,UNNAMED,2006-09-04 15:00:00,TS,22.0,84.5,25,992,newdelhi,main,0,0,_____O_________, , , , , , , , ,-5, , , , , , , , , , , , , , , , , , , , , , , , , , , , , , , , , , , , , , , , , , , , , , , , , ,22.0,84.5,D,25,992,0.00000, , , , , , , , , , , , , , , , , , , , , , , , , , , , , , , , , , , , , , , , , , , , , , , , , , , , , , , , , , , , , , , , , , , , , , , , , , , , , , , , , , , , , , , , , , , ,0,0,2006,260.12801424767554,25.0,992.0
2006247N21089,2006,62,NI,BB,UNNAMED,2006-09-04 18:00:00,TS,22.0,84.5,25,992,newdelhi,main,0,0,_____O_________, , , , , , , , ,-5, , , , , , , , , , , , , , , , , , , , , , , , , , , , , , , , , , , , , , , , , , , , , , , , , ,22.0,84.5,D,25,992,0.00000, , , , , , , , , , , , , , , , , , , , , , , , , , , , , , , , , , , , , , , , , , , , , , , , , , , , , , , , , , , , , , , , , , , , , , , , , , , , , , , , , , , , , , , , , , , ,0,0,2006,260.12801424767554,25.0,992.0
2006247N21089,2006,62,NI,BB,UNNAMED,2006-09-04 21:00:00,TS,22.0,84.5,25,994,newdelhi,main,0, ,_____O_________, , , , , , , , ,-5, , , , , , , , , , , , , , , , , , , , , , , , , , , , , , , , , , , , , , , , , , , , , , , , , ,22.0,84.5,D,25,994,0.00000, , , , , , , , , , , , , , , , , , , , , , , , , , , , , , , , , , , , , , , , , , , , , , , , , , , , , , , , , , , , , , , , , , , , , , , , , , , , , , , , , , , , , , , , , , , ,0,0,2006,260.12801424767554,25.0,994.0
2006271N18089,2006,76,NI,BB,UNNAMED,2006-09-28 00:00:00,DS,17.7,89.4, , , ,main,406,367,O______________,jtwc_io,IO052006,17.7,89.4, ,DB,20,1004,-3, , , , , , , , , , , , , , , , , , , , , , , , , , , , , , , , , , , , , , , , , , , , , , , , , , , , , , , , , , , , , , , , , , , , , , , , , , , , , , , , , , , , , , , , , , , , , , , , , , , , , , , , , , , , , , , , , , , , , , , , , , , , , , , , , , , , , , , , , , , , , , , , , , ,9,290,2006,457.04531416513413,20.0,1004.0
2006271N18089,2006,76,NI,BB,UNNAMED,2006-09-28 03:00:00,DS,17.8,89.0, , , ,main,367,314,P______________, ,IO052006,17.8,89.0, ,DB,25,1002,-3, , , , , , , , , , , , , , , , , , , , , , , , , , , , , , , , , , , , , , , , , , , , , , , , , , , , , , , , , , , , , , , , , , , , , , , , , , , , , , , , , , , , , , , , , , , , , , , , , , , , , , , , , , , , , , , , , , , , , , , , , , , , , , , , , , , , , , , , , , , , , , , , , , ,9,290,2006,416.1100959461161,25.0,1002.0
2006271N18089,2006,76,NI,BB,UNNAMED,2006-09-28 06:00:00,DS,18.0,88.5, , , ,main,314,284,O______________,jtwc_io,IO052006,18.0,88.5, ,DB,30,1000,-3, , , , , , , , , , , , ,1005,180,40, , , , , , , , , , , , , , , , , , , , , , , , , , , , , , , , , , , , , , , , , , , , , , , , , , , , , , , , , , , , , , , , , , , , , , , , , , , , , , , , , , , , , , , , , , , , , , , , , , , , , , , , , , , , , , , , , , , , , , , , , , , , , , , , , , , ,7,290,2006,360.5918623965612,30.0,1000.0
2006271N18089,2006,76,NI,BB,UNNAMED,2006-09-28 09:00:00,MX,18.1,88.2,25,1002,newdelhi,main,284,238,P____O_________, ,IO052006,18.2,88.0, ,DB,30,1000,-3, , , , , , , , , , , , ,1005,180,40, , , , , , , , , , , , , , , , , , , , , , , , , , , , , , , , , , ,18.0,89.0,D,25,1002,1.50000, , , , , , , , , , , , , , , , , , , , , , , , , , , , , , , , , , , , , , , , , , , , , , , , , , , , , , , , , , , , , , , , , , , , , , , , , , , , , , , , , , , , , , , , , , , ,7,305,2006,329.02524931229715,30.0,1000.0
2006271N18089,2006,76,NI,BB,UNNAMED,2006-09-28 12:00:00,TS,18.4,87.9,25,1002,newdelhi,main,238,218,O____O_________,jtwc_io,IO052006,18.3,87.6, ,TD,30,1000,-1, , , , , , , , , , , , ,1005,180,40, , , , , , , , , , , , , , , , , , , , , , , , , , , , , , , , , , ,18.5,88.5,D,25,1002,1.50000, , , , , , , , , , , , , , , , , , , , , , , , , , , , , , , , , , , , , , , , , , , , , , , , , , , , , , , , , , , , , , , , , , , , , , , , , , , , , , , , , , , , , , , , , , , ,7,295,2006,283.3321759273179,30.0,1000.0
2006271N18089,2006,76,NI,BB,UNNAMED,2006-09-28 15:00:00,TS,18.4,87.5,25,1002,newdelhi,main,213,187,P____O_________, ,IO052006,18.4,87.2, ,TD,33,999,-1, , , , , , , , , , , , ,1005,180,40, , , , , , , , , , , , , , , , , , , , , , , , , , , , , , , , , , ,18.5,88.0,D,25,1002,1.50000, , , , , , , , , , , , , , , , , , , , , , , , , , , , , , , , , , , , , , , , , , , , , , , , , , , , , , , , , , , , , , , , , , , , , , , , , , , , , , , , , , , , , , , , , , , ,7,280,2006,252.02737082089953,33.0,999.0
2006271N18089,2006,76,NI,BB,UNNAMED,2006-09-28 18:00:00,TS,18.5,87.2,25,1002,newdelhi,main,187,137,O____O_________,jtwc_io,IO052006,18.5,86.8, ,TS,35,997,0, , , , , , , , , , , , ,1005,180,40, , , , , , , , , , , , , , , , , , , , , , , , , , , , , , , , , , ,18.5,87.5,D,25,1002,1.50000, , , , , , , , , , , , , , , , , , , , , , , , , , , , , , , , , , , , , , , , , , , , , , , , , , , , , , , , , , , , , , , , , , , , , , , , , , , , , , , , , , , , , , , , , , , ,8,295,2006,222.30116480405925,35.0,997.0
2006271N18089,2006,76,NI,BB,UNNAMED,2006-09-28 21:00:00,TS,18.8,86.7,25,1002,newdelhi,main,137,123,P____O_________, ,IO052006,18.6,86.4, ,TS,35,997,0, , , , , , , , , , , , ,1005,180,35, , , , , , , , , , , , , , , , , , , , , , , , , , , , , , , , , , ,19.0,87.0,D,25,1002,1.50000, , , , , , , , , , , , , , , , , , , , , , , , , , , , , , , , , , , , , , , , , , , , , , , , , , , , , , , , , , , , , , , , , , , , , , , , , , , , , , , , , , , , , , , , , , , ,9,295,2006,163.44497210916015,35.0,997.0
2006271N18089,2006,76,NI,BB,UNNAMED,2006-09-29 00:00:00,TS,18.9,86.3,25,1002,newdelhi,main,113,94,O____O_________,jtwc_io,IO052006,18.7,86.1, ,TC,35,997,0, , , , , , , , , , , , ,1004,180,30, , , , , , , , , , , , , , , , , , , , , , , , , , , , , , , , , , ,19.0,86.5,D,25,1002,1.50000, , , , , , , , , , , , , , , , , , , , , , , , , , , , , , , , , , , , , , , , , , , , , , , , , , , , , , , , , , , , , , , , , , , , , , , , , , , , , , , , , , , , , , , , , , , ,8,275,2006,133.0753294562578,35.0,997.0
2006271N18089,2006,76,NI,BB,UNNAMED,2006-09-29 03:00:00,TS,18.9,85.9,25,1002,newdelhi,main,94,74,P____O_________, ,IO052006,18.8,85.8, ,TC,33,999,-1, , , , , , , , , , , , ,1004,180,30, , , , , , , , , , , , , , , , , , , , , , , , , , , , , , , , , , ,19.0,86.0,D,25,1002,1.50000, , , , , , , , , , , , , , , , , , , , , , , , , , , , , , , , , , , , , , , , , , , , , , , , , , , , , , , , , , , , , , , , , , , , , , , , , , , , , , , , , , , , , , , , , , , ,8,275,2006,122.76296791268256,33.0,999.0
2006271N18089,2006,76,NI,BB,UNNAMED,2006-09-29 06:00:00,TS,19.0,85.5,25,1002,newdelhi,main,64,30,O____O_________,jtwc_io,IO052006,18.9,85.4, ,TD,30,1000,-1, , , , , , , , , , , , ,1004,180,30, , , , , , , , , , , , , , , , , , , , , , , , , , , , , , , , , , ,19.0,85.5,D,25,1002,1.50000, , , , , , , , , , , , , , , , , , , , , , , , , , , , , , , , , , , , , , , , , , , , , , , , , , , , , , , , , , , , , , , , , , , , , , , , , , , , , , , , , , , , , , , , , , , ,9,280,2006,115.55548586906183,30.0,1000.0
2006271N18089,2006,76,NI,BB,UNNAMED,2006-09-29 09:00:00,TS,19.0,85.0,25,1002,newdelhi,main,30,0,P____O_________, ,IO052006,19.0,85.0, ,TD,30,1000,-1, , , , , , , , , , , , , , , , , , , , , , , , , , , , , , , , , , , , , , , , , , , , , , , , , ,19.0,85.0,D,25,1002,1.50000, , , , , , , , , , , , , , , , , , , , , , , , , , , , , , , , , , , , , , , , , , , , , , , , , , , , , , , , , , , , , , , , , , , , , , , , , , , , , , , , , , , , , , , , , , , ,9,280,2006,139.26763105332222,30.0,1000.0
2006271N18089,2006,76,NI,BB,UNNAMED,2006-09-29 12:00:00,TS,19.1,84.5,25,1002,newdelhi,main,0,0,O____O_________,jtwc_io,IO052006,19.2,84.5, ,TD,30,1000,-1, , , , , , , , , , , , , , , , , , , , , , , , , , , , , , , , , , , , , , , , , , , , , , , , , ,19.0,84.5,D,25,1002,0.00000, , , , , , , , , , , , , , , , , , , , , , , , , , , , , , , , , , , , , , , , , , , , , , , , , , , , , , , , , , , , , , , , , , , , , , , , , , , , , , , , , , , , , , , , , , , ,7,280,2006,169.0276077628871,30.0,1000.0
2006271N18089,2006,76,NI,BB,UNNAMED,2006-09-29 15:00:00,TS,19.2,84.2,25,1002,newdelhi,main,0,0,P____O_________, ,IO052006,19.3,84.0, ,TD,28,1001,-1, , , , , , , , , , , , , , , , , , , , , , , , , , , , , , , , , , , , , , , , , , , , , , , , , ,19.0,84.5,D,25,1002,0.00000, , , , , , , , , , , , , , , , , , , , , , , , , , , , , , , , , , , , , , , , , , , , , , , , , , , , , , , , , , , , , , , , , , , , , , , , , , , , , , , , , , , , , , , , , , , ,5,280,2006,189.74499136781705,28.0,1001.0
2006271N18089,2006,76,NI,BB,UNNAMED,2006-09-29 18:00:00,MX,19.2,84.0,25,1002,newdelhi,main,0,0,O____O_________,jtwc_io,IO052006,19.4,83.4, ,DB,25,1002,-3, , , , , , , , , , , , , , , , , , , , , , , , , , , , , , , , , , , , , , , , , , , , , , , , , ,19.0,84.5,D,25,1002,0.00000, , , , , , , , , , , , , , , , , , , , , , , , , , , , , , , , , , , , , , , , , , , , , , , , , , , , , , , , , , , , , , , , , , , , , , , , , , , , , , , , , , , , , , , , , , , ,8,270,2006,208.48141290349105,25.0,1002.0
2006271N18089,2006,76,NI,BB,UNNAMED,2006-09-29 21:00:00,MX,19.2,83.4,25,1002,newdelhi,main,0,0,P____O_________, ,IO052006,19.3,82.8, ,DB,25,1002,-3, , , , , , , , , , , , , , , , , , , , , , , , , , , , , , , , , , , , , , , , , , , , , , , , , ,19.0,84.0,D,25,1002,0.00000, , , , , , , , , , , , , , , , , , , , , , , , , , , , , , , , , , , , , , , , , , , , , , , , , , , , , , , , , , , , , , , , , , , , , , , , , , , , , , , , , , , , , , , , , , , ,11,280,2006,266.67412074433594,25.0,1002.0
2006271N18089,2006,76,NI,BB,UNNAMED,2006-09-30 00:00:00,MX,19.4,82.8,25,1002,newdelhi,main,0, ,O____O_________,jtwc_io,IO052006,19.2,82.1, ,DB,25,1002,-3, , , , , , , , , , , , , , , , , , , , , , , , , , , , , , , , , , , , , , , , , , , , , , , , , ,19.5,83.5,D,25,1002,0.00000, , , , , , , , , , , , , , , , , , , , , , , , , , , , , , , , , , , , , , , , , , , , , , , , , , , , , , , , , , , , , , , , , , , , , , , , , , , , , , , , , , , , , , , , , , , ,12,290,2006,321.06257964929637,25.0,1002.0
2007178N18089,2007,29,NI,BB,UNNAMED,2007-06-27 00:00:00,TS,18.1,89.3, , , ,main,367,360,O______________,jtwc_io,IO042007,18.1,89.3, ,TD,25,1004,-1, , , , , , , , , , , , ,1008,150,45, , , , , , , , , , , , , , , , , , , , , , , , , , , , , , , , , , , , , , , , , , , , , , , , , , , , , , , , , , , , , , , , , , , , , , , , , , , , , , , , , , , , , , , , , , , , , , , , , , , , , , , , , , , , , , , , , , , , , , , , , , , , , , , , , , , ,7,225,2007,424.19447067407054,25.0,1004.0
2007178N18089,2007,29,NI,BB,UNNAMED,2007-06-27 03:00:00,TS,17.8,89.0, , , ,main,367,360,P______________, ,IO042007,17.8,89.0, ,TD,25,1003,-1, , , , , , , , , , , , ,1007,150,45, , , , , , , , , , , , , , , , , , , , , , , , , , , , , , , , , , , , , , , , , , , , , , , , , , , , , , , , , , , , , , , , , , , , , , , , , , , , , , , , , , , , , , , , , , , , , , , , , , , , , , , , , , , , , , , , , , , , , , , , , , , , , , , , , , , ,8,230,2007,416.1100959461161,25.0,1003.0
2007178N18089,2007,29,NI,BB,UNNAMED,2007-06-27 06:00:00,TS,17.6,88.7, , , ,main,361,354,O______________,jtwc_io,IO042007,17.6,88.7, ,TD,25,1002,-1, , , , , , , , , , , , ,1006,150,45, , , , , , , , , , , , , , , , , , , , , , , , , , , , , , , , , , , , , , , , , , , , , , , , , , , , , , , , , , , , , , , , , , , , , , , , , , , , , , , , , , , , , , , , , , , , , , , , , , , , , , , , , , , , , , , , , , , , , , , , , , , , , , , , , , , ,8,235,2007,405.44124562224806,25.0,1002.0
2007178N18089,2007,29,NI,BB,UNNAMED,2007-06-27 09:00:00,TS,17.4,88.3, , , ,main,353,351,P______________, ,IO042007,17.4,88.3, ,TD,25,1002,-1, , , , , , , , , , , , ,1006,160,45, , , , , , , , , , , , , , , , , , , , , , , , , , , , , , , , , , , , , , , , , , , , , , , , , , , , , , , , , , , , , , , , , , , , , , , , , , , , , , , , , , , , , , , , , , , , , , , , , , , , , , , , , , , , , , , , , , , , , , , , , , , , , , , , , , , ,8,240,2007,391.0231070918782,25.0,1002.0
2007178N18089,2007,29,NI,BB,UNNAMED,2007-06-27 12:00:00,TS,17.2,88.0, , , ,main,355,350,O______________,jtwc_io,IO042007,17.2,88.0, ,TD,25,1002,-1, , , , , , , , , , , , ,1006,170,45, , , , , , , , , , , , , , , , , , , , , , , , , , , , , , , , , , , , , , , , , , , , , , , , , , , , , , , , , , , , , , , , , , , , , , , , , , , , , , , , , , , , , , , , , , , , , , , , , , , , , , , , , , , , , , , , , , , , , , , , , , , , , , , , , , , ,7,240,2007,388.1704630805924,25.0,1002.0
2007178N18089,2007,29,NI,BB,UNNAMED,2007-06-27 15:00:00,TS,17.1,87.7, , , ,main,352,352,P______________, ,IO042007,17.1,87.7, ,TD,25,1001,-1, , , , , , , , , , , , ,1004,170,45, , , , , , , , , , , , , , , , , , , , , , , , , , , , , , , , , , , , , , , , , , , , , , , , , , , , , , , , , , , , , , , , , , , , , , , , , , , , , , , , , , , , , , , , , , , , , , , , , , , , , , , , , , , , , , , , , , , , , , , , , , , , , , , , , , , ,5,245,2007,379.5915676136466,25.0,1001.0
2007178N18089,2007,29,NI,BB,UNNAMED,2007-06-27 18:00:00,TS,17.0,87.5, , , ,main,355,340,O______________,jtwc_io,IO042007,17.0,87.5, ,TD,25,1000,-1, , , , , , , , , , , , ,1002,170,45, , , , , , , , , , , , , , , , , , , , , , , , , , , , , , , , , , , , , , , , , , , , , , , , , , , , , , , , , , , , , , , , , , , , , , , , , , , , , , , , , , , , , , , , , , , , , , , , , , , , , , , , , , , , , , , , , , , , , , , , , , , , , , , , , , , ,5,265,2007,378.6871474335899,25.0,1000.0
2007178N18089,2007,29,NI,BB,UNNAMED,2007-06-27 21:00:00,TS,17.0,87.2, , , ,main,340,308,P______________, ,IO042007,17.0,87.2, ,TD,28,1000,-1, , , , , , , , , , , , ,1002,170,45, , , , , , , , , , , , , , , , , , , , , , , , , , , , , , , , , , , , , , , , , , , , , , , , , , , , , , , , , , , , , , , , , , , , , , , , , , , , , , , , , , , , , , , , , , , , , , , , , , , , , , , , , , , , , , , , , , , , , , , , , , , , , , , , , , , ,6,280,2007,364.7823410880256,28.0,1000.0
2007178N18089,2007,29,NI,BB,UNNAMED,2007-06-28 00:00:00,TS,17.1,86.9, , , ,main,308,278,O______________,jtwc_io,IO042007,17.1,86.9, ,TD,30,999,-1, , , , , , , , , , , , ,1002,170,45, , , , , , , , , , , , , , , , , , , , , , , , , , , , , , , , , , , , , , , , , , , , , , , , , , , , , , , , , , , , , , , , , , , , , , , , , , , , , , , , , , , , , , , , , , , , , , , , , , , , , , , , , , , , , , , , , , , , , , , , , , , , , , , , , , , ,5,305,2007,342.67570844388683,30.0,999.0
2007178N18089,2007,29,NI,BB,UNNAMED,2007-06-28 03:00:00,TS,17.3,86.7, , , ,main,278,250,P______________, ,IO042007,17.3,86.7, ,TD,30,997,-1, , , , , , , , , , , , ,999,203,43, , , , , , , , , , , , , , , , , , , , , , , , , , , , , , , , , , , , , , , , , , , , , , , , , , , , , , , , , , , , , , , , , , , , , , , , , , , , , , , , , , , , , , , , , , , , , , , , , , , , , , , , , , , , , , , , , , , , , , , , , , , , , , , , , , , ,6,330,2007,314.8404316068139,30.0,997.0
2007178N18089,2007,29,NI,BB,UNNAMED,2007-06-28 06:00:00,TS,17.6,86.6, , , ,main,250,222,O______________,jtwc_io,IO042007,17.6,86.6, ,TD,30,995,-1, , , , , , , , , , , , ,996,235,40, , , , , , , , , , , , , , , , , , , , , , , , , , , , , , , , , , , , , , , , , , , , , , , , , , , , , , , , , , , , , , , , , , , , , , , , , , , , , , , , , , , , , , , , , , , , , , , , , , , , , , , , , , , , , , , , , , , , , , , , , , , , , , , , , , , ,7,340,2007,279.8363145622216,30.0,995.0
2007178N18089,2007,29,NI,BB,UNNAMED,2007-06-28 09:00:00,TS,17.9,86.5, , , ,main,222,179,P______________, ,IO042007,17.9,86.5, ,TD,33,992,-1, , , , , , , , , , , , ,996,235,40, , , , , , , , , , , , , , , , , , , , , , , , , , , , , , , , , , , , , , , , , , , , , , , , , , , , , , , , , , , , , , , , , , , , , , , , , , , , , , , , , , , , , , , , , , , , , , , , , , , , , , , , , , , , , , , , , , , , , , , , , , , , , , , , , , , ,7,345,2007,244.83745746069297,33.0,992.0
2007178N18089,2007,29,NI,BB,UNNAMED,2007-06-28 12:00:00,TS,18.3,86.4, , , ,main,179,144,O______________,jtwc_io,IO042007,18.3,86.4, ,TS,35,988,0, , , , , , , , , , , , ,996,235,40, , , , , , , , , , , , , , , , , , , , , , , , , , , , , , , , , , , , , , , , , , , , , , , , , , , , , , , , , , , , , , , , , , , , , , , , , , , , , , , , , , , , , , , , , , , , , , , , , , , , , , , , , , , , , , , , , , , , , , , , , , , , , , , , , , , ,7,350,2007,199.26017100657188,35.0,988.0
2007178N18089,2007,29,NI,BB,UNNAMED,2007-06-28 15:00:00,TS,18.6,86.3, , , ,main,144,98,P______________, ,IO042007,18.6,86.3, ,TS,40,989,0, , , , , , , , , , , , ,996,235,40, , , , , , , , , , , , , , , , , , , , , , , , , , , , , , , , , , , , , , , , , , , , , , , , , , , , , , , , , , , , , , , , , , , , , , , , , , , , , , , , , , , , , , , , , , , , , , , , , , , , , , , , , , , , , , , , , , , , , , , , , , , , , , , , , , , ,7,345,2007,164.27802942507097,40.0,989.0
2007178N18089,2007,29,NI,BB,UNNAMED,2007-06-28 18:00:00,TS,19.0,86.2, , , ,main,98,59,O______________,jtwc_io,IO042007,19.0,86.2, ,TS,45,989,0,65,75,40,40, , , , , , , , ,996,235,40, , , , , , , , , , , , , , , , , , , , , , , , , , , , , , , , , , , , , , , , , , , , , , , , , , , , , , , , , , , , , , , , , , , , , , , , , , , , , , , , , , , , , , , , , , , , , , , , , , , , , , , , , , , , , , , , , , , , , , , , , , , , , , , , , , , ,8,335,2007,118.83646088347508,45.0,989.0
2007178N18089,2007,29,NI,BB,UNNAMED,2007-06-28 21:00:00,TS,19.3,86.0, , , ,main,59,10,P______________, ,IO042007,19.3,86.0, ,TS,45,989,0,88,143,115,100, , , , , , , , ,996,235,43, , , , , , , , , , , , , , , , , , , , , , , , , , , , , , , , , , , , , , , , , , , , , , , , , , , , , , , , , , , , , , , , , , , , , , , , , , , , , , , , , , , , , , , , , , , , , , , , , , , , , , , , , , , , , , , , , , , , , , , , , , , , , , , , , , , ,9,320,2007,80.60490934656627,45.0,989.0
2007178N18089,2007,29,NI,BB,UNNAMED,2007-06-29 00:00:00,TS,19.7,85.6, , , ,main,10,0,O______________,jtwc_io,IO042007,19.7,85.6, ,TS,45,989,0,110,210,190,160, , , , , , , , ,996,235,45, , , , , , , , , , , , , , , , , , , , , , , , , , , , , , , , , , , , , , , , , , , , , , , , , , , , , , , , , , , , , , , , , , , , , , , , , , , , , , , , , , , , , , , , , , , , , , , , , , , , , , , , , , , , , , , , , , , , , , , , , , , , , , , , , , , ,10,315,2007,39.3742906621481,45.0,989.0
2007178N18089,2007,29,NI,BB,UNNAMED,2007-06-29 03:00:00,TS,20.0,85.2, , , ,main,0,0,P______________, ,IO042007,20.0,85.2, ,TS,43,991,0,110,210,190,160, , , , , , , , ,996,230,43, , , , , , , , , , , , , , , , , , , , , , , , , , , , , , , , , , , , , , , , , , , , , , , , , , , , , , , , , , , , , , , , , , , , , , , , , , , , , , , , , , , , , , , , , , , , , , , , , , , , , , , , , , , , , , , , , , , , , , , , , , , , , , , , , , , ,11,310,2007,62.69339771194701,43.0,991.0
2007178N18089,2007,29,NI,BB,UNNAMED,2007-06-29 06:00:00,TS,20.4,84.7, , , ,main,0,0,O______________,jtwc_io,IO042007,20.4,84.7, ,TS,40,993,0,110,210,190,160, , , , , , , , ,996,225,40, , , , , , , , , , , , , , , , , , , , , , , , , , , , , , , , , , , , , , , , , , , , , , , , , , , , , , , , , , , , , , , , , , , , , , , , , , , , , , , , , , , , , , , , , , , , , , , , , , , , , , , , , , , , , , , , , , , , , , , , , , , , , , , , , , , ,12,310,2007,123.10642809817038,40.0,993.0
2007178N18089,2007,29,NI,BB,UNNAMED,2007-06-29 09:00:00,TS,20.8,84.2, , , ,main,0,0,P______________, ,IO042007,20.8,84.2, ,TS,38,995,0,110,210,190,160, , , , , , , , , , , , , , , , , , , , , , , , , , , , , , , , , , , , , , , , , , , , , , , , , , , , , , , , , , , , , , , , , , , , , , , , , , , , , , , , , , , , , , , , , , , , , , , , , , , , , , , , , , , , , , , , , , , , , , , , , , , , , , , , , , , , , , , , , , , , , , ,12,310,2007,188.99488068312334,38.0,995.0
2007178N18089,2007,29,NI,BB,UNNAMED,2007-06-29 12:00:00,TS,21.2,83.7, , , ,main,0,0,O______________,jtwc_io,IO042007,21.2,83.7, ,TS,35,996,0,110,210,190,160, , , , , , , , , , , , , , , , , , , , , , , , , , , , , , , , , , , , , , , , , , , , , , , , , , , , , , , , , , , , , , , , , , , , , , , , , , , , , , , , , , , , , , , , , , , , , , , , , , , , , , , , , , , , , , , , , , , , , , , , , , , , , , , , , , , , , , , , , , , , , , ,13,305,2007,256.0821863197372,35.0,996.0
2007178N18089,2007,29,NI,BB,UNNAMED,2007-06-29 15:00:00,TS,21.5,83.1, , , ,main,0,0,P______________, ,IO042007,21.5,83.1, ,TS,33,998,-1, , , , , , , , , , , , , , , , , , , , , , , , , , , , , , , , , , , , , , , , , , , , , , , , , , , , , , , , , , , , , , , , , , , , , , , , , , , , , , , , , , , , , , , , , , , , , , , , , , , , , , , , , , , , , , , , , , , , , , , , , , , , , , , , , , , , , , , , , , , , , , , , , , ,13,300,2007,326.547422087029,33.0,998.0
2007178N18089,2007,29,NI,BB,UNNAMED,2007-06-29 18:00:00,TS,21.8,82.5, , , ,main,0,0,O______________,jtwc_io,IO042007,21.8,82.5, ,TD,30,1000,-1, , , , , , , , , , , , ,1001,225,40, , , , , , , , , , , , , , , , , , , , , , , , , , , , , , , , , , , , , , , , , , , , , , , , , , , , , , , , , , , , , , , , , , , , , , , , , , , , , , , , , , , , , , , , , , , , , , , , , , , , , , , , , , , , , , , , , , , , , , , , , , , , , , , , , , , ,12,300,2007,396.9309802734086,30.0,1000.0
2007178N18089,2007,29,NI,BB,UNNAMED,2007-06-29 21:00:00,TS,22.1,82.0, , , ,main,0,0,P______________, ,IO042007,22.1,82.0, ,TD,25,1004,-1, , , , , , , , , , , , , , , , , , , , , , , , , , , , , , , , , , , , , , , , , , , , , , , , , , , , , , , , , , , , , , , , , , , , , , , , , , , , , , , , , , , , , , , , , , , , , , , , , , , , , , , , , , , , , , , , , , , , , , , , , , , , , , , , , , , , , , , , , , , , , , , , , , ,11,305,2007,458.2585179789252,25.0,1004.0
2007178N18089,2007,29,NI,BB,UNNAMED,2007-06-30 00:00:00,DS,22.4,81.5, , , ,main,0,0,O______________,jtwc_io,IO042007,22.4,81.5, ,DB,20,1007,-3, , , , , , , , , , , , , , , , , , , , , , , , , , , , , , , , , , , , , , , , , , , , , , , , , , , , , , , , , , , , , , , , , , , , , , , , , , , , , , , , , , , , , , , , , , , , , , , , , , , , , , , , , , , , , , , , , , , , , , , , , , , , , , , , , , , , , , , , , , , , , , , , , , ,11,300,2007,519.5031422278905,20.0,1007.0
2007178N18089,2007,29,NI,BB,UNNAMED,2007-06-30 03:00:00,DS,22.7,81.0, , , ,main,0,0,P______________, ,IO042007,22.7,81.0, ,DB,20,1007,-3, , , , , , , , , , , , , , , , , , , , , , , , , , , , , , , , , , , , , , , , , , , , , , , , , , , , , , , , , , , , , , , , , , , , , , , , , , , , , , , , , , , , , , , , , , , , , , , , , , , , , , , , , , , , , , , , , , , , , , , , , , , , , , , , , , , , , , , , , , , , , , , , , , ,11,295,2007,580.6597657870193,20.0,1007.0
2007178N18089,2007,29,NI,BB,UNNAMED,2007-06-30 06:00:00,DS,22.9,80.4, , , ,main,0, ,O______________,jtwc_io,IO042007,22.9,80.4, ,DB,20,1007,-3, , , , , , , , , , , , , , , , , , , , , , , , , , , , , , , , , , , , , , , , , , , , , , , , , , , , , , , , , , , , , , , , , , , , , , , , , , , , , , , , , , , , , , , , , , , , , , , , , , , , , , , , , , , , , , , , , , , , , , , , , , , , , , , , , , , , , , , , , , , , , , , , , , ,11,295,2007,645.1230340380403,20.0,1007.0
2008223N20086,2008,48,NI,BB,UNNAMED,2008-08-09 12:00:00,TS,20.0,86.0,25,988,newdelhi,main,0,0,_____O_________, , , , , , , , ,-5, , , , , , , , , , , , , , , , , , , , , , , , , , , , , , , , , , , , , , , , , , , , , , , , , ,20.0,86.0,D,25,988,0.00000, , , , , , , , , , , , , , , , , , , , , , , , , , , , , , , , , , , , , , , , , , , , , , , , , , , , , , , , , , , , , , , , , , , , , , , , , , , , , , , , , , , , , , , , , , , ,6,340,2008,20.89780916624096,25.0,988.0
2008223N20086,2008,48,NI,BB,UNNAMED,2008-08-09 15:00:00,TS,20.3,85.9, , , ,main,0,0,_____P_________, , , , , , , , ,-5, , , , , , , , , , , , , , , , , , , , , , , , , , , , , , , , , , , , , , , , , , , , , , , , , ,20.3,85.9,D, , , , , , , , , , , , , , , , , , , , , , , , , , , , , , , , , , , , , , , , , , , , , , , , , , , , , , , , , , , , , , , , , , , , , , , , , , , , , , , , , , , , , , , , , , , , , , ,6,345,2008,34.9536636791154,,
2008223N20086,2008,48,NI,BB,UNNAMED,2008-08-09 18:00:00,TS,20.6,85.8, , , ,main,0,0,_____P_________, , , , , , , , ,-5, , , , , , , , , , , , , , , , , , , , , , , , , , , , , , , , , , , , , , , , , , , , , , , , , ,20.6,85.8,D, , , , , , , , , , , , , , , , , , , , , , , , , , , , , , , , , , , , , , , , , , , , , , , , , , , , , , , , , , , , , , , , , , , , , , , , , , , , , , , , , , , , , , , , , , , , , , ,6,345,2008,66.7169559867354,,
2008223N20086,2008,48,NI,BB,UNNAMED,2008-08-09 21:00:00,TS,20.9,85.7, , , ,main,0,0,_____P_________, , , , , , , , ,-5, , , , , , , , , , , , , , , , , , , , , , , , , , , , , , , , , , , , , , , , , , , , , , , , , ,20.9,85.7,D, , , , , , , , , , , , , , , , , , , , , , , , , , , , , , , , , , , , , , , , , , , , , , , , , , , , , , , , , , , , , , , , , , , , , , , , , , , , , , , , , , , , , , , , , , , , , , ,6,345,2008,100.61629548920129,,
2008223N20086,2008,48,NI,BB,UNNAMED,2008-08-10 00:00:00,TS,21.2,85.6, , , ,main,0,0,_____P_________, , , , , , , , ,-5, , , , , , , , , , , , , , , , , , , , , , , , , , , , , , , , , , , , , , , , , , , , , , , , , ,21.2,85.6,D, , , , , , , , , , , , , , , , , , , , , , , , , , , , , , , , , , , , , , , , , , , , , , , , , , , , , , , , , , , , , , , , , , , , , , , , , , , , , , , , , , , , , , , , , , , , , , ,6,345,2008,135.0478964615314,,
2008223N20086,2008,48,NI,BB,UNNAMED,2008-08-10 03:00:00,TS,21.5,85.5,25,990,newdelhi,main,0,0,_____O_________, , , , , , , , ,-5, , , , , , , , , , , , , , , , , , , , , , , , , , , , , , , , , , , , , , , , , , , , , , , , , ,21.5,85.5,D,25,990,0.00000, , , , , , , , , , , , , , , , , , , , , , , , , , , , , , , , , , , , , , , , , , , , , , , , , , , , , , , , , , , , , , , , , , , , , , , , , , , , , , , , , , , , , , , , , , , ,8,345,2008,169.68420690433797,25.0,990.0
2008223N20086,2008,48,NI,BB,UNNAMED,2008-08-10 06:00:00,TS,22.0,85.4, , , ,main,0,0,_____P_________, , , , , , , , ,-5, , , , , , , , , , , , , , , , , , , , , , , , , , , , , , , , , , , , , , , , , , , , , , , , , ,22.0,85.4,D,25,990, , , , , , , , , , , , , , , , , , , , , , , , , , , , , , , , , , , , , , , , , , , , , , , , , , , , , , , , , , , , , , , , , , , , , , , , , , , , , , , , , , , , , , , , , , , , ,10,345,2008,226.2326597641977,,
2008223N20086,2008,48,NI,BB,UNNAMED,2008-08-10 09:00:00,TS,22.5,85.2,25,990,newdelhi,main,0, ,_____O_________, , , , , , , , ,-5, , , , , , , , , , , , , , , , , , , , , , , , , , , , , , , , , , , , , , , , , , , , , , , , , ,22.5,85.2,D,25,990,0.00000, , , , , , , , , , , , , , , , , , , , , , , , , , , , , , , , , , , , , , , , , , , , , , , , , , , , , , , , , , , , , , , , , , , , , , , , , , , , , , , , , , , , , , , , , , , ,10,345,2008,284.8552170705671,25.0,990.0
2008259N20089,2008,66,NI,BB,UNNAMED,2008-09-15 06:00:00,DS,19.7,88.8, , , ,main,212,209,O______________,jtwc_io,IO022008,19.7,88.8, ,DB,20,1007,-3, , , , , , , , , , , , , , , , , , , , , , , , , , , , , , , , , , , , , , , , , , , , , , , , , , , , , , , , , , , , , , , , , , , , , , , , , , , , , , , , , , , , , , , , , , , , , , , , , , , , , , , , , , , , , , , , , , , , , , , , , , , , , , , , , , , , , , , , , , , , , , , , , , ,3,240,2008,315.5284704262492,20.0,1007.0
2008259N20089,2008,66,NI,BB,UNNAMED,2008-09-15 09:00:00,DS,19.6,88.7, , , ,main,215,199,P______________, ,IO022008,19.6,88.7, ,DB,23,1006,-3, , , , , , , , , , , , , , , , , , , , , , , , , , , , , , , , , , , , , , , , , , , , , , , , , , , , , , , , , , , , , , , , , , , , , , , , , , , , , , , , , , , , , , , , , , , , , , , , , , , , , , , , , , , , , , , , , , , , , , , , , , , , , , , , , , , , , , , , , , , , , , , , , , ,3,245,2008,306.63971868553705,23.0,1006.0
2008259N20089,2008,66,NI,BB,UNNAMED,2008-09-15 12:00:00,TS,19.6,88.5,25,996,newdelhi,main,199,191,O____O_________,jtwc_io,IO022008,19.6,88.5, ,TD,25,1004,-1, , , , , , , , , , , , ,1008,150,45, , , , , , , , , , , , , , , , , , , , , , , , , , , , , , , , , , ,19.5,88.5,D,25,996,1.50000,4, , , , , , , , , , , , , , , , , , , , , , , , , , , , , , , , , , , , , , , , , , , , , , , , , , , , , , , , , , , , , , , , , , , , , , , , , , , , , , , , , , , , , , , , , , ,3,270,2008,285.9536457941142,25.0,1004.0
2008259N20089,2008,66,NI,BB,UNNAMED,2008-09-15 15:00:00,TS,19.6,88.4,25,996,newdelhi,main,191,160,P____O_________, ,IO022008,19.7,88.3, ,TD,28,1002,-1, , , , , , , , , , , , ,1005,178,43, , , , , , , , , , , , , , , , , , , , , , , , , , , , , , , , , , ,19.5,88.5,D,25,996,1.50000,4, , , , , , , , , , , , , , , , , , , , , , , , , , , , , , , , , , , , , , , , , , , , , , , , , , , , , , , , , , , , , , , , , , , , , , , , , , , , , , , , , , , , , , , , , , ,4,285,2008,275.6240114190159,28.0,1002.0
2008259N20089,2008,66,NI,BB,UNNAMED,2008-09-15 18:00:00,TS,19.7,88.1,25,986,newdelhi,main,160,151,O____O_________,jtwc_io,IO022008,19.8,88.1, ,TD,30,1000,-1, , , , , , , , , , , , ,1001,205,40, , , , , , , , , , , , , , , , , , , , , , , , , , , , , , , , , , ,19.5,88.0,D,25,986,1.50000,4, , , , , , , , , , , , , , , , , , , , , , , , , , , , , , , , , , , , , , , , , , , , , , , , , , , , , , , , , , , , , , , , , , , , , , , , , , , , , , , , , , , , , , , , , , ,4,280,2008,242.85273583154625,30.0,1000.0
2008259N20089,2008,66,NI,BB,UNNAMED,2008-09-15 21:00:00,TS,19.7,88.0, , , ,main,151,137,P____P_________, ,IO022008,19.9,87.9, ,TD,30,998,-1, , , , , , , , , , , , ,1000,205,38, , , , , , , , , , , , , , , , , , , , , , , , , , , , , , , , , , ,19.4,88.0,D,25,990, ,4, , , , , , , , , , , , , , , , , , , , , , , , , , , , , , , , , , , , , , , , , , , , , , , , , , , , , , , , , , , , , , , , , , , , , , , , , , , , , , , , , , , , , , , , , , ,2,310,2008,232.4977337522963,30.0,998.0
2008259N20089,2008,66,NI,BB,UNNAMED,2008-09-16 00:00:00,TS,19.8,87.9,25,994,newdelhi,main,137,91,O____O_________,jtwc_io,IO022008,20.1,87.8, ,TD,30,996,-1, , , , , , , , , , , , ,999,205,35, , , , , , , , , , , , , , , , , , , , , , , , , , , , , , , , , , ,19.5,88.0,D,25,994,1.50000,4, , , , , , , , , , , , , , , , , , , , , , , , , , , , , , , , , , , , , , , , , , , , , , , , , , , , , , , , , , , , , , , , , , , , , , , , , , , , , , , , , , , , , , , , , , ,6,325,2008,220.68787023105284,30.0,996.0
2008259N20089,2008,66,NI,BB,UNNAMED,2008-09-16 03:00:00,TS,20.1,87.6,30,994,newdelhi,main,91,53,P____O_________, ,IO022008,20.3,87.7, ,TD,33,996,-1, , , , , , , , , , , , ,1001,205,33, , , , , , , , , , , , , , , , , , , , , , , , , , , , , , , , , , ,20.0,87.5,DD,30,994,2.00000,5, , , , , , , , , , , , , , , , , , , , , , , , , , , , , , , , , , , , , , , , , , , , , , , , , , , , , , , , , , , , , , , , , , , , , , , , , , , , , , , , , , , , , , , , , , ,8,320,2008,188.34805785679998,33.0,996.0
2008259N20089,2008,66,NI,BB,UNNAMED,2008-09-16 06:00:00,TS,20.4,87.4, , , ,main,53,23,O____P_________,jtwc_io,IO022008,20.5,87.6, ,TS,35,996,0, , , , , , , , , , , , ,1002,205,30, , , , , , , , , , , , , , , , , , , , , , , , , , , , , , , , , , ,20.3,87.2,DD,30,992, ,5, , , , , , , , , , , , , , , , , , , , , , , , , , , , , , , , , , , , , , , , , , , , , , , , , , , , , , , , , , , , , , , , , , , , , , , , , , , , , , , , , , , , , , , , , , ,6,325,2008,172.79057208158386,35.0,996.0
2008259N20089,2008,66,NI,BB,UNNAMED,2008-09-16 09:00:00,TS,20.6,87.2,30,990,newdelhi,main,23,20,P____O_________, ,IO022008,20.8,87.5, ,TS,38,995,0, , , , , , , , , , , , ,1002,203,28, , , , , , , , , , , , , , , , , , , , , , , , , , , , , , , , , , ,20.5,87.0,DD,30,990,2.00000,5, , , , , , , , , , , , , , , , , , , , , , , , , , , , , , , , , , , , , , , , , , , , , , , , , , , , , , , , , , , , , , , , , , , , , , , , , , , , , , , , , , , , , , , , , , ,4,325,2008,160.52378335012457,38.0,995.0
2008259N20089,2008,66,NI,BB,UNNAMED,2008-09-16 12:00:00,TS,20.8,87.2,30,986,newdelhi,main,20,10,O____O_________,jtwc_io,IO022008,21.0,87.3, ,TS,40,993,0, , , , , , , , , , , , ,1002,200,25, , , , , , , , , , , , , , , , , , , , , , , , , , , , , , , , , , ,20.5,87.0,DD,30,986,2.00000,5, , , , , , , , , , , , , , , , , , , , , , , , , , , , , , , , , , , , , , , , , , , , , , , , , , , , , , , , , , , , , , , , , , , , , , , , , , , , , , , , , , , , , , , , , , ,5,335,2008,170.88620554093401,40.0,993.0
2008259N20089,2008,66,NI,BB,UNNAMED,2008-09-16 15:00:00,TS,21.1,87.0,30,986,newdelhi,main,20,0,P____O_________, ,IO022008,21.1,87.0, ,TS,43,991,0, , , , , , , , , , , , , , , , , , , , , , , , , , , , , , , , , , , , , , , , , , , , , , , , , ,21.0,87.0,DD,30,986,2.00000,5, , , , , , , , , , , , , , , , , , , , , , , , , , , , , , , , , , , , , , , , , , , , , , , , , , , , , , , , , , , , , , , , , , , , , , , , , , , , , , , , , , , , , , , , , , ,6,305,2008,174.84513247225738,43.0,991.0
2008259N20089,2008,66,NI,BB,UNNAMED,2008-09-16 18:00:00,TS,21.1,86.6,30,988,newdelhi,main,0,0,O____O_________,jtwc_io,IO022008,21.2,86.7, ,TS,45,989,0,35,35,35,35, , , , , , , , , , , , , , , , , , , , , , , , , , , , , , , , , , , , , , , , , , , , , ,21.0,86.5,DD,30,988,0.00000,5, , , , , , , , , , , , , , , , , , , , , , , , , , , , , , , , , , , , , , , , , , , , , , , , , , , , , , , , , , , , , , , , , , , , , , , , , , , , , , , , , , , , , , , , , , ,6,270,2008,147.9818020062224,45.0,989.0
2008259N20089,2008,66,NI,BB,UNNAMED,2008-09-16 21:00:00,TS,21.1,86.3, , , ,main,0,0,P____P_________, ,IO022008,21.2,86.4, ,TS,45,989,0,35,35,35,35, , , , , , , , , , , , , , , , , , , , , , , , , , , , , , , , , , , , , , , , , , , , , ,20.9,86.2,DD,30,990, ,5, , , , , , , , , , , , , , , , , , , , , , , , , , , , , , , , , , , , , , , , , , , , , , , , , , , , , , , , , , , , , , , , , , , , , , , , , , , , , , , , , , , , , , , , , , ,5,275,2008,132.9319271519073,45.0,989.0
2008259N20089,2008,66,NI,BB,UNNAMED,2008-09-17 00:00:00,TS,21.1,86.1,30,992,newdelhi,main,0,0,O____O_________,jtwc_io,IO022008,21.3,86.1, ,TS,45,989,0,35,35,35,35, , , , , , , , , , , , , , , , , , , , , , , , , , , , , , , , , , , , , , , , , , , , , ,21.0,86.0,DD,30,992,0.00000,5, , , , , , , , , , , , , , , , , , , , , , , , , , , , , , , , , , , , , , , , , , , , , , , , , , , , , , , , , , , , , , , , , , , , , , , , , , , , , , , , , , , , , , , , , , ,8,300,2008,126.23963913916073,45.0,989.0
2008259N20089,2008,66,NI,BB,UNNAMED,2008-09-17 03:00:00,TS,21.5,85.6,30,992,newdelhi,main,0,0,P____O_________, ,IO022008,21.4,85.8, ,TS,43,991,0,35,35,35,35, , , , , , , , , , , , , , , , , , , , , , , , , , , , , , , , , , , , , , , , , , , , , ,21.5,85.5,DD,30,992,0.00000,5, , , , , , , , , , , , , , , , , , , , , , , , , , , , , , , , , , , , , , , , , , , , , , , , , , , , , , , , , , , , , , , , , , , , , , , , , , , , , , , , , , , , , , , , , , ,10,305,2008,168.08378455252813,43.0,991.0
2008259N20089,2008,66,NI,BB,UNNAMED,2008-09-17 06:00:00,TS,21.7,85.2, , , ,main,0,0,O____P_________,jtwc_io,IO022008,21.6,85.4, ,TS,40,993,0,35,35,35,35, , , , , , , , , , , , , , , , , , , , , , , , , , , , , , , , , , , , , , , , , , , , , ,21.8,84.9,DD,30,992, ,5, , , , , , , , , , , , , , , , , , , , , , , , , , , , , , , , , , , , , , , , , , , , , , , , , , , , , , , , , , , , , , , , , , , , , , , , , , , , , , , , , , , , , , , , , , ,9,300,2008,199.04703780738447,40.0,993.0
2008259N20089,2008,66,NI,BB,UNNAMED,2008-09-17 09:00:00,TS,21.9,84.8,30,992,newdelhi,main,0,0,P____O_________, ,IO022008,21.8,85.1, ,TS,35,997,0,17,17,17,17, , , , , , , , , , , , , , , , , , , , , , , , , , , , , , , , , , , , , , , , , , , , , ,22.0,84.5,DD,30,992,0.00000,5, , , , , , , , , , , , , , , , , , , , , , , , , , , , , , , , , , , , , , , , , , , , , , , , , , , , , , , , , , , , , , , , , , , , , , , , , , , , , , , , , , , , , , , , , , ,6,295,2008,235.40882160852235,35.0,997.0
2008259N20089,2008,66,NI,BB,UNNAMED,2008-09-17 12:00:00,TS,22.0,84.6,30,992,newdelhi,main,0,0,O____O_________,jtwc_io,IO022008,21.9,84.7, ,TD,30,1000,-1, , , , , , , , , , , , , , , , , , , , , , , , , , , , , , , , , , , , , , , , , , , , , , , , , ,22.0,84.5,DD,30,992,0.00000,5, , , , , , , , , , , , , , , , , , , , , , , , , , , , , , , , , , , , , , , , , , , , , , , , , , , , , , , , , , , , , , , , , , , , , , , , , , , , , , , , , , , , , , , , , , ,5,285,2008,254.89783747762638,30.0,1000.0
2008259N20089,2008,66,NI,BB,UNNAMED,2008-09-17 15:00:00,TS,22.0,84.3, , , ,main,0,0,P____P_________, ,IO022008,22.0,84.3, ,TD,30,1000,-1, , , , , , , , , , , , , , , , , , , , , , , , , , , , , , , , , , , , , , , , , , , , , , , , , ,22.0,84.3,DD, , , , , , , , , , , , , , , , , , , , , , , , , , , , , , , , , , , , , , , , , , , , , , , , , , , , , , , , , , , , , , , , , , , , , , , , , , , , , , , , , , , , , , , , , , , , , , ,7,280,2008,271.47818078787276,30.0,1000.0
2008259N20089,2008,66,NI,BB,UNNAMED,2008-09-17 18:00:00,TS,22.0,83.9, , , ,main,0,0,O____P_________,jtwc_io,IO022008,22.0,83.9, ,TD,30,1000,-1, , , , , , , , , , , , , , , , , , , , , , , , , , , , , , , , , , , , , , , , , , , , , , , , , ,22.1,83.9,DD, , , , , , , , , , , , , , , , , , , , , , , , , , , , , , , , , , , , , , , , , , , , , , , , , , , , , , , , , , , , , , , , , , , , , , , , , , , , , , , , , , , , , , , , , , , , , , ,7,280,2008,297.2437903811864,30.0,1000.0
2008259N20089,2008,66,NI,BB,UNNAMED,2008-09-17 21:00:00,TS,22.1,83.5, , , ,main,0,0,P____P_________, ,IO022008,22.0,83.6, ,TD,30,1000,-1, , , , , , , , , , , , , , , , , , , , , , , , , , , , , , , , , , , , , , , , , , , , , , , , , ,22.2,83.4,DD, , , , , , , , , , , , , , , , , , , , , , , , , , , , , , , , , , , , , , , , , , , , , , , , , , , , , , , , , , , , , , , , , , , , , , , , , , , , , , , , , , , , , , , , , , , , , , ,8,285,2008,333.89415129582994,30.0,1000.0
2008259N20089,2008,66,NI,BB,UNNAMED,2008-09-18 00:00:00,TS,22.2,83.1, , , ,main,0,0,O____P_________,jtwc_io,IO022008,22.1,83.3, ,TD,30,1000,-1, , , , , , , , , , , , , , , , , , , , , , , , , , , , , , , , , , , , , , , , , , , , , , , , , ,22.3,82.9,DD, , , , , , , , , , , , , , , , , , , , , , , , , , , , , , , , , , , , , , , , , , , , , , , , , , , , , , , , , , , , , , , , , , , , , , , , , , , , , , , , , , , , , , , , , , , , , , ,7,290,2008,371.86271161405796,30.0,1000.0
2008259N20089,2008,66,NI,BB,UNNAMED,2008-09-18 03:00:00,TS,22.4,82.7,30,996,newdelhi,main,0,0,P____O_________, ,IO022008,22.2,83.0, ,TD,28,1002,-1, , , , , , , , , , , , , , , , , , , , , , , , , , , , , , , , , , , , , , , , , , , , , , , , , ,22.5,82.5,DD,30,996,0.00000,5, , , , , , , , , , , , , , , , , , , , , , , , , , , , , , , , , , , , , , , , , , , , , , , , , , , , , , , , , , , , , , , , , , , , , , , , , , , , , , , , , , , , , , , , , , ,8,305,2008,417.70294627065965,28.0,1002.0
2008259N20089,2008,66,NI,BB,UNNAMED,2008-09-18 06:00:00,TS,22.6,82.4, , , ,main,0,0,O____P_________,jtwc_io,IO022008,22.4,82.7, ,TD,25,1004,-1, , , , , , , , , , , , , , , , , , , , , , , , , , , , , , , , , , , , , , , , , , , , , , , , , ,22.8,82.2,DD,28,996, ,5, , , , , , , , , , , , , , , , , , , , , , , , , , , , , , , , , , , , , , , , , , , , , , , , , , , , , , , , , , , , , , , , , , , , , , , , , , , , , , , , , , , , , , , , , , ,7,310,2008,455.65158632699064,25.0,1004.0
2008259N20089,2008,66,NI,BB,UNNAMED,2008-09-18 09:00:00,TS,22.9,82.1,25,996,newdelhi,main,0,0,P____O_________, ,IO022008,22.6,82.4, ,TD,25,1004,-1, , , , , , , , , , , , , , , , , , , , , , , , , , , , , , , , , , , , , , , , , , , , , , , , , ,23.0,82.0,D,25,996,0.00000,4, , , , , , , , , , , , , , , , , , , , , , , , , , , , , , , , , , , , , , , , , , , , , , , , , , , , , , , , , , , , , , , , , , , , , , , , , , , , , , , , , , , , , , , , , , ,5,315,2008,500.5624583153668,25.0,1004.0
2008259N20089,2008,66,NI,BB,UNNAMED,2008-09-18 12:00:00,TS,23.0,82.0,25,996,newdelhi,main,0,0,O____O_________,jtwc_io,IO022008,22.8,82.2, ,TD,25,1004,-1, , , , , , , , , , , , , , , , , , , , , , , , , , , , , , , , , , , , , , , , , , , , , , , , , ,23.0,82.0,D,25,996,0.00000,4, , , , , , , , , , , , , , , , , , , , , , , , , , , , , , , , , , , , , , , , , , , , , , , , , , , , , , , , , , , , , , , , , , , , , , , , , , , , , , , , , , , , , , , , , , ,3,305,2008,515.5365667131452,25.0,1004.0
2008259N20089,2008,66,NI,BB,UNNAMED,2008-09-18 15:00:00,TS,23.1,81.9, , , ,main,0,0,_____P_________, ,IO022008, , , ,TD, , ,-5, , , , , , , , , , , , , , , , , , , , , , , , , , , , , , , , , , , , , , , , , , , , , , , , , ,23.1,81.9,D, , , , , , , , , , , , , , , , , , , , , , , , , , , , , , , , , , , , , , , , , , , , , , , , , , , , , , , , , , , , , , , , , , , , , , , , , , , , , , , , , , , , , , , , , , , , , , ,5,305,2008,530.5115167126185,,
2008259N20089,2008,66,NI,BB,UNNAMED,2008-09-18 18:00:00,TS,23.2,81.6, , , ,main,0,0,_____P_________, , , , , , , , ,-5, , , , , , , , , , , , , , , , , , , , , , , , , , , , , , , , , , , , , , , , , , , , , , , , , ,23.2,81.6,D, , , , , , , , , , , , , , , , , , , , , , , , , , , , , , , , , , , , , , , , , , , , , , , , , , , , , , , , , , , , , , , , , , , , , , , , , , , , , , , , , , , , , , , , , , , , , , ,7,310,2008,561.3168801098171,,
2008259N20089,2008,66,NI,BB,UNNAMED,2008-09-18 21:00:00,TS,23.5,81.2, , , ,main,0,0,_____P_________, , , , , , , , ,-5, , , , , , , , , , , , , , , , , , , , , , , , , , , , , , , , , , , , , , , , , , , , , , , , , ,23.5,81.2,D, , , , , , , , , , , , , , , , , , , , , , , , , , , , , , , , , , , , , , , , , , , , , , , , , , , , , , , , , , , , , , , , , , , , , , , , , , , , , , , , , , , , , , , , , , , , , , ,10,315,2008,614.0409413325619,,
2008259N20089,2008,66,NI,BB,UNNAMED,2008-09-19 00:00:00,TS,23.9,80.8, , , ,main,0,0,_____P_________, , , , , , , , ,-5, , , , , , , , , , , , , , , , , , , , , , , , , , , , , , , , , , , , , , , , , , , , , , , , , ,23.9,80.8,D, , , , , , , , , , , , , , , , , , , , , , , , , , , , , , , , , , , , , , , , , , , , , , , , , , , , , , , , , , , , , , , , , , , , , , , , , , , , , , , , , , , , , , , , , , , , , , ,12,325,2008,673.6488063533973,,
2008259N20089,2008,66,NI,BB,UNNAMED,2008-09-19 03:00:00,TS,24.5,80.5,25,996,newdelhi,main,0,0,_____O_________, , , , , , , , ,-5, , , , , , , , , , , , , , , , , , , , , , , , , , , , , , , , , , , , , , , , , , , , , , , , , ,24.5,80.5,D,25,996,0.00000,4, , , , , , , , , , , , , , , , , , , , , , , , , , , , , , , , , , , , , , , , , , , , , , , , , , , , , , , , , , , , , , , , , , , , , , , , , , , , , , , , , , , , , , , , , , ,14,335,2008,740.0233561460645,25.0,996.0
2008259N20089,2008,66,NI,BB,UNNAMED,2008-09-19 06:00:00,TS,25.2,80.2, , , ,main,0,0,_____P_________, , , , , , , , ,-5, , , , , , , , , , , , , , , , , , , , , , , , , , , , , , , , , , , , , , , , , , , , , , , , , ,25.2,80.2,D,25,996, ,4, , , , , , , , , , , , , , , , , , , , , , , , , , , , , , , , , , , , , , , , , , , , , , , , , , , , , , , , , , , , , , , , , , , , , , , , , , , , , , , , , , , , , , , , , , ,16,345,2008,815.1249599209514,,
2008259N20089,2008,66,NI,BB,UNNAMED,2008-09-19 09:00:00,TS,26.0,80.0,25,996,newdelhi,main,0, ,_____O_________, , , , , , , , ,-5, , , , , , , , , , , , , , , , , , , , , , , , , , , , , , , , , , , , , , , , , , , , , , , , , ,26.0,80.0,D,25,996,0.00000,4, , , , , , , , , , , , , , , , , , , , , , , , , , , , , , , , , , , , , , , , , , , , , , , , , , , , , , , , , , , , , , , , , , , , , , , , , , , , , , , , , , , , , , , , , , ,16,345,2008,892.7524785466009,25.0,996.0
2008298N16085,2008,85,NI,BB,RASHMI,2008-10-24 06:00:00,TS,16.0,85.0, , , ,main,262,262,O______________,jtwc_io,IO042008,16.0,85.0, ,TD,15,1010,-1, , , , , , , , , , , , ,1008,180,40, , , , , , , , , , , , , , , , , , , , , , , , , , , , , , , , , , , , , , , , , , , , , , , , , , , , , , , , , , , , , , , , , , , , , , , , , , , , , , , , , , , , , , , , , , , , , , , , , , , , , , , , , , , , , , , , , , , , , , , , , , , , , , , , , , , ,5,90,2008,452.75011635425034,15.0,1010.0
2008298N16085,2008,85,NI,BB,RASHMI,2008-10-24 09:00:00,TS,16.0,85.2, , , ,main,285,285,P______________, ,IO042008,16.0,85.2, ,TD,18,1009,-1, , , , , , , , , , , , ,1008,180,40, , , , , , , , , , , , , , , , , , , , , , , , , , , , , , , , , , , , , , , , , , , , , , , , , , , , , , , , , , , , , , , , , , , , , , , , , , , , , , , , , , , , , , , , , , , , , , , , , , , , , , , , , , , , , , , , , , , , , , , , , , , , , , , , , , , ,5,90,2008,449.2804640618883,18.0,1009.0
2008298N16085,2008,85,NI,BB,RASHMI,2008-10-24 12:00:00,DS,16.0,85.5, , , ,main,297,297,O______________,jtwc_io,IO042008,16.0,85.5, ,DB,20,1007,-3, , , , , , , , , , , , ,1008,180,40, , , , , , , , , , , , , , , , , , , , , , , , , , , , , , , , , , , , , , , , , , , , , , , , , , , , , , , , , , , , , , , , , , , , , , , , , , , , , , , , , , , , , , , , , , , , , , , , , , , , , , , , , , , , , , , , , , , , , , , , , , , , , , , , , , , ,5,85,2008,445.9091555961897,20.0,1007.0
2008298N16085,2008,85,NI,BB,RASHMI,2008-10-24 15:00:00,DS,16.0,85.8, , , ,main,314,311,P______________, ,IO042008,16.0,85.8, ,DB,23,1006,-3, , , , , , , , , , , , ,1008,180,45, , , , , , , , , , , , , , , , , , , , , , , , , , , , , , , , , , , , , , , , , , , , , , , , , , , , , , , , , , , , , , , , , , , , , , , , , , , , , , , , , , , , , , , , , , , , , , , , , , , , , , , , , , , , , , , , , , , , , , , , , , , , , , , , , , , ,5,80,2008,444.77970657823494,23.0,1006.0
2008298N16085,2008,85,NI,BB,RASHMI,2008-10-24 18:00:00,TS,16.1,86.0, , , ,main,318,316,O______________,jtwc_io,IO042008,16.1,86.0, ,TD,25,1004,-1, , , , , , , , , , , , ,1008,180,50, , , , , , , , , , , , , , , , , , , , , , , , , , , , , , , , , , , , , , , , , , , , , , , , , , , , , , , , , , , , , , , , , , , , , , , , , , , , , , , , , , , , , , , , , , , , , , , , , , , , , , , , , , , , , , , , , , , , , , , , , , , , , , , , , , , ,5,65,2008,434.1751310730569,25.0,1004.0
2008298N16085,2008,85,NI,BB,RASHMI,2008-10-24 21:00:00,TS,16.2,86.2, , , ,main,323,323,P______________, ,IO042008,16.2,86.2, ,TD,25,1004,-1, , , , , , , , , , , , ,1007,175,50, , , , , , , , , , , , , , , , , , , , , , , , , , , , , , , , , , , , , , , , , , , , , , , , , , , , , , , , , , , , , , , , , , , , , , , , , , , , , , , , , , , , , , , , , , , , , , , , , , , , , , , , , , , , , , , , , , , , , , , , , , , , , , , , , , , ,6,60,2008,424.6494328184279,25.0,1004.0
2008298N16085,2008,85,NI,BB,RASHMI,2008-10-25 00:00:00,TS,16.4,86.5, , , ,main,331,331,O______________,jtwc_io,IO042008,16.4,86.5, ,TD,25,1004,-1, , , , , , , , , , , , ,1005,170,50, , , , , , , , , , , , , , , , , , , , , , , , , , , , , , , , , , , , , , , , , , , , , , , , , , , , , , , , , , , , , , , , , , , , , , , , , , , , , , , , , , , , , , , , , , , , , , , , , , , , , , , , , , , , , , , , , , , , , , , , , , , , , , , , , , , ,6,60,2008,407.07072703550267,25.0,1004.0
2008298N16085,2008,85,NI,BB,RASHMI,2008-10-25 03:00:00,TS,16.5,86.7,25,1004,newdelhi,main,338,338,P____O_________, ,IO042008,16.5,86.8, ,TD,28,1002,-1, , , , , , , , , , , , ,1005,170,50, , , , , , , , , , , , , , , , , , , , , , , , , , , , , , , , , , ,16.5,86.5,D,25,1004,1.50000,3, , , , , , , , , , , , , , , , , , , , , , , , , , , , , , , , , , , , , , , , , , , , , , , , , , , , , , , , , , , , , , , , , , , , , , , , , , , , , , , , , , , , , , , , , , ,6,60,2008,400.61449204014,28.0,1002.0
2008298N16085,2008,85,NI,BB,RASHMI,2008-10-25 06:00:00,TS,16.7,87.0, , , ,main,346,339,O____P_________,jtwc_io,IO042008,16.7,87.1, ,TD,30,1000,-1, , , , , , , , , , , , ,1005,170,50, , , , , , , , , , , , , , , , , , , , , , , , , , , , , , , , , , ,16.7,86.8,D,25,1003, ,3, , , , , , , , , , , , , , , , , , , , , , , , , , , , , , , , , , , , , , , , , , , , , , , , , , , , , , , , , , , , , , , , , , , , , , , , , , , , , , , , , , , , , , , , , , ,6,45,2008,388.1769615360458,30.0,1000.0
2008298N16085,2008,85,NI,BB,RASHMI,2008-10-25 09:00:00,TS,17.0,87.2,25,1002,newdelhi,main,340,313,P____O_________, ,IO042008,16.9,87.3, ,TD,30,1000,-1, , , , , , , , , , , , ,1005,170,50, , , , , , , , , , , , , , , , , , , , , , , , , , , , , , , , , , ,17.0,87.0,D,25,1002,1.50000,3, , , , , , , , , , , , , , , , , , , , , , , , , , , , , , , , , , , , , , , , , , , , , , , , , , , , , , , , , , , , , , , , , , , , , , , , , , , , , , , , , , , , , , , , , , ,7,20,2008,364.7823410880256,30.0,1000.0
2008298N16085,2008,85,NI,BB,RASHMI,2008-10-25 12:00:00,TS,17.4,87.3,25,1002,newdelhi,main,305,284,O____O_________,jtwc_io,IO042008,17.2,87.5, ,TD,30,1000,-1, , , , , , , , , , , , ,1005,170,50, , , , , , , , , , , , , , , , , , , , , , , , , , , , , , , , , , ,17.5,87.0,D,25,1002,1.50000,3, , , , , , , , , , , , , , , , , , , , , , , , , , , , , , , , , , , , , , , , , , , , , , , , , , , , , , , , , , , , , , , , , , , , , , , , , , , , , , , , , , , , , , , , , , ,7,10,2008,329.449365183128,30.0,1000.0
2008298N16085,2008,85,NI,BB,RASHMI,2008-10-25 15:00:00,TS,17.6,87.3, , , ,main,284,267,P____P_________, ,IO042008,17.4,87.7, ,TD,30,1000,-1, , , , , , , , , , , , ,1005,160,50, , , , , , , , , , , , , , , , , , , , , , , , , , , , , , , , , , ,17.8,87.0,D,25,1002, ,3, , , , , , , , , , , , , , , , , , , , , , , , , , , , , , , , , , , , , , , , , , , , , , , , , , , , , , , , , , , , , , , , , , , , , , , , , , , , , , , , , , , , , , , , , , ,5,15,2008,310.07072727171436,30.0,1000.0
2008298N16085,2008,85,NI,BB,RASHMI,2008-10-25 18:00:00,TS,17.9,87.4,25,1002,newdelhi,main,257,257,O____O_________,jtwc_io,IO042008,17.7,87.8, ,TD,30,1000,-1, , , , , , , , , , , , ,1004,150,50, , , , , , , , , , , , , , , , , , , , , , , , , , , , , , , , , , ,18.0,87.0,D,25,1002,1.50000,3, , , , , , , , , , , , , , , , , , , , , , , , , , , , , , , , , , , , , , , , , , , , , , , , , , , , , , , , , , , , , , , , , , , , , , , , , , , , , , , , , , , , , , , , , , ,3,15,2008,287.813733116702,30.0,1000.0
2008298N16085,2008,85,NI,BB,RASHMI,2008-10-25 21:00:00,TS,17.9,87.4, , , ,main,257,241,P____P_________, ,IO042008,17.9,88.0, ,TD,33,998,-1, , , , , , , , , , , , ,1004,150,50, , , , , , , , , , , , , , , , , , , , , , , , , , , , , , , , , , ,17.9,86.9,D,28,1001, ,4, , , , , , , , , , , , , , , , , , , , , , , , , , , , , , , , , , , , , , , , , , , , , , , , , , , , , , , , , , , , , , , , , , , , , , , , , , , , , , , , , , , , , , , , , , ,3,30,2008,287.813733116702,33.0,998.0
2008298N16085,2008,85,NI,BB,RASHMI,2008-10-26 00:00:00,TS,18.1,87.6,30,1000,newdelhi,main,247,231,O____O_________,jtwc_io,IO042008,18.2,88.1, ,TS,35,996,0, , , , , , , , , , , , ,1004,150,50, , , , , , , , , , , , , , , , , , , , , , , , , , , , , , , , , , ,18.0,87.0,DD,30,1000,2.00000,5, , , , , , , , , , , , , , , , , , , , , , , , , , , , , , , , , , , , , , , , , , , , , , , , , , , , , , , , , , , , , , , , , , , , , , , , , , , , , , , , , , , , , , , , , , ,7,40,2008,283.58955749921876,35.0,996.0
2008298N16085,2008,85,NI,BB,RASHMI,2008-10-26 03:00:00,TS,18.5,87.9,30,1000,newdelhi,main,230,230,P____O_________, ,IO042008,18.4,88.2, ,TS,35,996,0, , , , , , , , , , , , ,1004,150,50, , , , , , , , , , , , , , , , , , , , , , , , , , , , , , , , , , ,18.5,87.5,DD,30,1000,2.00000,5, , , , , , , , , , , , , , , , , , , , , , , , , , , , , , , , , , , , , , , , , , , , , , , , , , , , , , , , , , , , , , , , , , , , , , , , , , , , , , , , , , , , , , , , , , ,6,40,2008,276.43283518972515,35.0,996.0
2008298N16085,2008,85,NI,BB,RASHMI,2008-10-26 06:00:00,TS,18.6,88.0, , , ,main,229,214,O____P_________,jtwc_io,IO042008,18.7,88.4, ,TS,35,996,0, , , , , , , , , , , , ,1004,150,50, , , , , , , , , , , , , , , , , , , , , , , , , , , , , , , , , , ,18.4,87.5,DD,30,1000, ,5, , , , , , , , , , , , , , , , , , , , , , , , , , , , , , , , , , , , , , , , , , , , , , , , , , , , , , , , , , , , , , , , , , , , , , , , , , , , , , , , , , , , , , , , , , ,4,20,2008,278.4523503441372,35.0,996.0
2008298N16085,2008,85,NI,BB,RASHMI,2008-10-26 09:00:00,TS,18.8,88.0,30,1000,newdelhi,main,214,189,P____O_________, ,IO042008,19.2,88.6, ,TS,35,996,0, , , , , , , , , , , , ,1004,150,35, , , , , , , , , , , , , , , , , , , , , , , , , , , , , , , , , , ,18.5,87.5,DD,30,1000,2.00000,5, , , , , , , , , , , , , , , , , , , , , , , , , , , , , , , , , , , , , , , , , , , , , , , , , , , , , , , , , , , , , , , , , , , , , , , , , , , , , , , , , , , , , , , , , , ,12,20,2008,266.5368955339155,35.0,996.0
2008298N16085,2008,85,NI,BB,RASHMI,2008-10-26 12:00:00,TS,19.7,88.4,35,996,newdelhi,main,183,134,O____O_________,jtwc_io,IO042008,19.8,88.8, ,TS,35,996,0,20,20,20,20, , , , , , , , ,1004,150,20, , , , , , , , , , , , , , , , , , , , , , , , , , , , , , , , , , ,19.5,88.0,CS,35,996,2.50000,6, , , , , , , , , , , , , , , , , , , , , , , , , , , , , , , , , , , , , , , , , , , , , , , , , , , , , , , , , , , , , , , , , , , , , , , , , , , , , , , , , , , , , , , , , , ,17,25,2008,273.9648290591035,35.0,996.0
2008298N16085,2008,85,NI,BB,RASHMI,2008-10-26 15:00:00,TS,20.4,88.8,40,996,newdelhi,main,134,70,P____O_________, ,IO042008,20.3,89.2, ,TS,40,993,0,30,30,28,28, , , , , , , , ,1003,158,20, , , , , , , , , , , , , , , , , , , , , , , , , , , , , , , , , , ,20.5,88.5,CS,40,996,2.50000,8, , , , , , , , , , , , , , , , , , , , , , , , , , , , , , , , , , , , , , , , , , , , , , , , , , , , , , , , , , , , , , , , , , , , , , , , , , , , , , , , , , , , , , , , , , ,16,30,2008,316.20562763146177,40.0,993.0
2008298N16085,2008,85,NI,BB,RASHMI,2008-10-26 18:00:00,TS,21.0,89.3,40,994,newdelhi,main,70,0,O____O_________,jtwc_io,IO042008,21.0,89.6, ,TS,45,989,0,40,40,35,35, , , , , , , , ,1002,165,20, , , , , , , , , , , , , , , , , , , , , , , , , , , , , , , , , , ,21.0,89.0,CS,40,994,2.50000,10, , , , , , , , , , , , , , , , , , , , , , , , , , , , , , , , , , , , , , , , , , , , , , , , , , , , , , , , , , , , , , , , , , , , , , , , , , , , , , , , , , , , , , , , , , ,17,30,2008,381.105081284031,45.0,989.0
2008298N16085,2008,85,NI,BB,RASHMI,2008-10-26 21:00:00,TS,21.9,89.8,45,984,newdelhi,main,0,0,P____O_________, ,IO042008,22.2,90.0, ,TS,40,993,0,40,40,35,35, , , , , , , , , , , , , , , , , , , , , , , , , , , , , , , , , , , , , , , , , , , , , ,21.5,89.5,CS,45,984,3.00000,14, , , , , , , , , , , , , , , , , , , , , , , , , , , , , , , , , , , , , , , , , , , , , , , , , , , , , , , , , , , , , , , , , , , , , , , , , , , , , , , , , , , , , , , , , , ,22,25,2008,465.98404326324203,40.0,993.0
2008298N16085,2008,85,NI,BB,RASHMI,2008-10-27 00:00:00,TS,23.0,90.2,35,992,newdelhi,main,0,0,O____O_________,jtwc_io,IO042008,23.4,90.4, ,TS,35,996,0,40,40,35,35, , , , , , , , , , , , , , , , , , , , , , , , , , , , , , , , , , , , , , , , , , , , , ,22.5,90.0,CS,35,992,0.00000,6, , , , , , , , , , , , , , , , , , , , , , , , , , , , , , , , , , , , , , , , , , , , , , , , , , , , , , , , , , , , , , , , , , , , , , , , , , , , , , , , , , , , , , , , , , ,22,25,2008,564.2831323418127,35.0,996.0
2008298N16085,2008,85,NI,BB,RASHMI,2008-10-27 03:00:00,TS,23.9,90.7,30,1002,newdelhi,main,0,0,P____O_________, ,IO042008,24.3,90.6, ,TS,30,1000,-1, , , , , , , , , , , , , , , , , , , , , , , , , , , , , , , , , , , , , , , , , , , , , , , , , ,23.0,91.0,DD,30,1002,0.00000,5, , , , , , , , , , , , , , , , , , , , , , , , , , , , , , , , , , , , , , , , , , , , , , , , , , , , , , , , , , , , , , , , , , , , , , , , , , , , , , , , , , , , , , , , , , ,20,10,2008,665.7929470923074,30.0,1000.0
2008298N16085,2008,85,NI,BB,RASHMI,2008-10-27 06:00:00,TS,25.0,90.6, , , ,main,0, ,O______________,jtwc_io,IO042008,25.0,90.6, ,TD,25,1004,-1, , , , , , , , , , , , , , , , , , , , , , , , , , , , , , , , , , , , , , , , , , , , , , , , , , , , , , , , , , , , , , , , , , , , , , , , , , , , , , , , , , , , , , , , , , , , , , , , , , , , , , , , , , , , , , , , , , , , , , , , , , , , , , , , , , , , , , , , , , , , , , , , , , ,23,355,2008,742.9724490081919,25.0,1004.0
2009104N13088,2009,22,NI,BB,BIJLI,2009-04-14 00:00:00,DS,12.6,87.7, , , ,main,733,733,O______________,jtwc_io,IO012009,12.6,87.7, ,DB,25,1004,-3, , , , , , , , , , , , , , , , , , , , , , , , , , , , , , , , , , , , , , , , , , , , , , , , , , , , , , , , , , , , , , , , , , , , , , , , , , , , , , , , , , , , , , , , , , , , , , , , , , , , , , , , , , , , , , , , , , , , , , , , , , , , , , , , , , , , , , , , , , , , , , , , , , ,5,65,2009,847.4176283560092,25.0,1004.0
2009104N13088,2009,22,NI,BB,BIJLI,2009-04-14 03:00:00,DS,12.7,87.9, , , ,main,744,744,P______________, ,IO012009,12.7,87.9, ,DB,28,1002,-3, , , , , , , , , , , , , , , , , , , , , , , , , , , , , , , , , , , , , , , , , , , , , , , , , , , , , , , , , , , , , , , , , , , , , , , , , , , , , , , , , , , , , , , , , , , , , , , , , , , , , , , , , , , , , , , , , , , , , , , , , , , , , , , , , , , , , , , , , , , , , , , , , , ,4,75,2009,842.029633656413,28.0,1002.0
2009104N13088,2009,22,NI,BB,BIJLI,2009-04-14 06:00:00,TS,12.7,88.1, , , ,main,754,754,O______________,jtwc_io,IO012009,12.7,88.1, ,TD,30,1000,-1, , , , , , , , , , , , , , , , , , , , , , , , , , , , , , , , , , , , , , , , , , , , , , , , , , , , , , , , , , , , , , , , , , , , , , , , , , , , , , , , , , , , , , , , , , , , , , , , , , , , , , , , , , , , , , , , , , , , , , , , , , , , , , , , , , , , , , , , , , , , , , , , , , ,2,155,2009,847.9475297824456,30.0,1000.0
2009104N13088,2009,22,NI,BB,BIJLI,2009-04-14 09:00:00,TS,12.5,88.1,25,1004,newdelhi,main,765,764,P____O_________, ,IO012009,12.5,88.1, ,TD,30,1000,-1, , , , , , , , , , , , , , , , , , , , , , , , , , , , , , , , , , , , , , , , , , , , , , , , , ,12.5,88.0,D,25,1004,1.50000,3, , , , , , , , , , , , , , , , , , , , , , , , , , , , , , , , , , , , , , , , , , , , , , , , , , , , , , , , , , , , , , , , , , , , , , , , , , , , , , , , , , , , , , , , , , ,4,205,2009,869.2924501370371,30.0,1000.0
2009104N13088,2009,22,NI,BB,BIJLI,2009-04-14 12:00:00,TS,12.4,87.9,25,1002,newdelhi,main,764,756,O____O_________,jtwc_io,IO012009,12.3,87.9, ,TD,30,1000,-1, , , , , , , , , , , , ,1004,250,35, , , , , , , , , , , , , , , , , , , , , , , , , , , , , , , , , , ,12.5,88.0,D,25,1002,1.50000,3, , , , , , , , , , , , , , , , , , , , , , , , , , , , , , , , , , , , , , , , , , , , , , , , , , , , , , , , , , , , , , , , , , , , , , , , , , , , , , , , , , , , , , , , , , ,3,245,2009,874.2724058322916,30.0,1000.0
2009104N13088,2009,22,NI,BB,BIJLI,2009-04-14 15:00:00,TS,12.4,87.8, , , ,main,756,740,P____P_________, ,IO012009,12.3,87.6, ,TD,30,1000,-1, , , , , , , , , , , , ,1004,250,35, , , , , , , , , , , , , , , , , , , , , , , , , , , , , , , , , , ,12.5,88.0,D,25,1002, ,4, , , , , , , , , , , , , , , , , , , , , , , , , , , , , , , , , , , , , , , , , , , , , , , , , , , , , , , , , , , , , , , , , , , , , , , , , , , , , , , , , , , , , , , , , , ,3,295,2009,871.5997498516288,30.0,1000.0
2009104N13088,2009,22,NI,BB,BIJLI,2009-04-14 18:00:00,TS,12.5,87.7,25,1002,newdelhi,main,740,720,O____O_________,jtwc_io,IO012009,12.5,87.3, ,TD,30,1000,-1, , , , , , , , , , , , ,1004,250,35, , , , , , , , , , , , , , , , , , , , , , , , , , , , , , , , , , ,12.5,88.0,D,25,1002,1.50000,4, , , , , , , , , , , , , , , , , , , , , , , , , , , , , , , , , , , , , , , , , , , , , , , , , , , , , , , , , , , , , , , , , , , , , , , , , , , , , , , , , , , , , , , , , , ,4,355,2009,858.229878242605,30.0,1000.0
2009104N13088,2009,22,NI,BB,BIJLI,2009-04-14 21:00:00,TS,12.8,87.7, , , ,main,720,688,P____P_________, ,IO012009,12.9,87.4, ,TD,30,1000,-1, , , , , , , , , , , , ,1004,250,35, , , , , , , , , , , , , , , , , , , , , , , , , , , , , , , , , , ,12.7,88.1,D,25,1001, ,4, , , , , , , , , , , , , , , , , , , , , , , , , , , , , , , , , , , , , , , , , , , , , , , , , , , , , , , , , , , , , , , , , , , , , , , , , , , , , , , , , , , , , , , , , , ,8,5,2009,825.8174614921371,30.0,1000.0
2009104N13088,2009,22,NI,BB,BIJLI,2009-04-15 00:00:00,TS,13.3,87.7,25,1000,newdelhi,main,679,608,O____O_________,jtwc_io,IO012009,13.5,87.4, ,TD,30,1000,-1, , , , , , , , , , , , ,1003,250,35, , , , , , , , , , , , , , , , , , , , , , , , , , , , , , , , , , ,13.0,88.0,D,25,1000,1.50000,4, , , , , , , , , , , , , , , , , , , , , , , , , , , , , , , , , , , , , , , , , , , , , , , , , , , , , , , , , , , , , , , , , , , , , , , , , , , , , , , , , , , , , , , , , , ,12,340,2009,771.9748613376728,30.0,1000.0
2009104N13088,2009,22,NI,BB,BIJLI,2009-04-15 03:00:00,TS,13.9,87.3,25,1000,newdelhi,main,599,541,P____O_________, ,IO012009,14.2,87.1, ,TD,33,998,-1, , , , , , , , , , , , ,1004,220,35, , , , , , , , , , , , , , , , , , , , , , , , , , , , , , , , , , ,13.5,87.5,D,25,1000,1.50000,4, , , , , , , , , , , , , , , , , , , , , , , , , , , , , , , , , , , , , , , , , , , , , , , , , , , , , , , , , , , , , , , , , , , , , , , , , , , , , , , , , , , , , , , , , , ,13,335,2009,696.7785566657942,33.0,998.0
2009104N13088,2009,22,NI,BB,BIJLI,2009-04-15 06:00:00,TS,14.5,87.1,30,1000,newdelhi,main,532,470,O____O_________,jtwc_io,IO012009,14.9,86.7, ,TS,35,996,0, , , , , , , , , , , , ,1004,190,35, , , , , , , , , , , , , , , , , , , , , , , , , , , , , , , , , , ,14.0,87.5,DD,30,1000,2.00000,6, , , , , , , , , , , , , , , , , , , , , , , , , , , , , , , , , , , , , , , , , , , , , , , , , , , , , , , , , , , , , , , , , , , , , , , , , , , , , , , , , , , , , , , , , , ,13,330,2009,626.9447095506384,35.0,996.0
2009104N13088,2009,22,NI,BB,BIJLI,2009-04-15 09:00:00,TS,15.0,86.7, , , ,main,461,400,P____P_________, ,IO012009,15.4,86.4, ,TS,38,995,0, , , , , , , , , , , , ,1004,190,35, , , , , , , , , , , , , , , , , , , , , , , , , , , , , , , , , , ,14.5,87.0,DD,33,998, ,7, , , , , , , , , , , , , , , , , , , , , , , , , , , , , , , , , , , , , , , , , , , , , , , , , , , , , , , , , , , , , , , , , , , , , , , , , , , , , , , , , , , , , , , , , , ,12,320,2009,564.1008391796219,38.0,995.0
2009104N13088,2009,22,NI,BB,BIJLI,2009-04-15 12:00:00,TS,15.4,86.3,35,996,newdelhi,main,400,357,O____O_________,jtwc_io,IO012009,15.8,86.1, ,TS,40,993,0, , , , , , , , , , , , ,1004,190,35, , , , , , , , , , , , , , , , , , , , , , , , , , , , , , , , , , ,15.0,86.5,CS,35,996,2.50000,8, , , , , , , , , , , , , , , , , , , , , , , , , , , , , , , , , , , , , , , , , , , , , , , , , , , , , , , , , , , , , , , , , , , , , , , , , , , , , , , , , , , , , , , , , , ,9,330,2009,514.2297319190262,40.0,993.0
2009104N13088,2009,22,NI,BB,BIJLI,2009-04-15 15:00:00,TS,15.8,86.2,40,996,newdelhi,main,357,332,P____O_________, ,IO012009,16.1,86.0, ,TS,40,993,0, , , , , , , , , , , , ,1004,190,30, , , , , , , , , , , , , , , , , , , , , , , , , , , , , , , , , , ,15.5,86.5,CS,40,996,2.50000,8, , , , , , , , , , , , , , , , , , , , , , , , , , , , , , , , , , , , , , , , , , , , , , , , , , , , , , , , , , , , , , , , , , , , , , , , , , , , , , , , , , , , , , , , , , ,8,355,2009,468.9315612126882,40.0,993.0
2009104N13088,2009,22,NI,BB,BIJLI,2009-04-15 18:00:00,TS,16.2,86.2,40,996,newdelhi,main,323,315,O____O_________,jtwc_io,IO012009,16.3,85.9, ,TS,40,993,0,30,40,25,25, , , , , , , , ,1004,190,25, , , , , , , , , , , , , , , , , , , , , , , , , , , , , , , , , , ,16.0,86.5,CS,40,996,2.50000,8, , , , , , , , , , , , , , , , , , , , , , , , , , , , , , , , , , , , , , , , , , , , , , , , , , , , , , , , , , , , , , , , , , , , , , , , , , , , , , , , , , , , , , , , , , ,5,355,2009,424.6494328184279,40.0,993.0
2009104N13088,2009,22,NI,BB,BIJLI,2009-04-15 21:00:00,TS,16.3,86.2,40,996,newdelhi,main,315,277,P____O_________, ,IO012009,16.5,85.9, ,TS,43,991,0,43,35,35,38, , , , , , , , ,1004,136,25, , , , , , , , , , , , , , , , , , , , , , , , , , , , , , , , , , ,16.0,86.5,CS,40,996,2.50000,8, , , , , , , , , , , , , , , , , , , , , , , , , , , , , , , , , , , , , , , , , , , , , , , , , , , , , , , , , , , , , , , , , , , , , , , , , , , , , , , , , , , , , , , , , , ,6,335,2009,413.585457210737,43.0,991.0
2009104N13088,2009,22,NI,BB,BIJLI,2009-04-16 00:00:00,TS,16.7,86.0,40,996,newdelhi,main,269,238,O____O_________,jtwc_io,IO012009,16.8,85.9, ,TS,45,989,0,55,30,45,50, , , , , , , , ,1004,82,25, , , , , , , , , , , , , , , , , , , , , , , , , , , , , , , , , , ,16.5,86.0,CS,40,996,2.50000,8, , , , , , , , , , , , , , , , , , , , , , , , , , , , , , , , , , , , , , , , , , , , , , , , , , , , , , , , , , , , , , , , , , , , , , , , , , , , , , , , , , , , , , , , , , ,8,350,2009,367.5496496641197,45.0,989.0
2009104N13088,2009,22,NI,BB,BIJLI,2009-04-16 03:00:00,TS,17.1,86.0,40,996,newdelhi,main,238,215,P____O_________, ,IO012009,17.2,86.0, ,TS,45,989,0,55,30,45,50, , , , , , , , ,1004,82,25, , , , , , , , , , , , , , , , , , , , , , , , , , , , , , , , , , ,17.0,86.0,CS,40,996,2.50000,8, , , , , , , , , , , , , , , , , , , , , , , , , , , , , , , , , , , , , , , , , , , , , , , , , , , , , , , , , , , , , , , , , , , , , , , , , , , , , , , , , , , , , , , , , , ,9,10,2009,323.15360471639127,45.0,989.0
2009104N13088,2009,22,NI,BB,BIJLI,2009-04-16 06:00:00,TS,17.6,86.1,40,996,newdelhi,main,207,187,O____O_________,jtwc_io,IO012009,17.6,86.2, ,TS,45,989,0,55,30,45,50, , , , , , , , ,1004,82,25, , , , , , , , , , , , , , , , , , , , , , , , , , , , , , , , , , ,17.5,86.0,CS,40,996,2.50000,8, , , , , , , , , , , , , , , , , , , , , , , , , , , , , , , , , , , , , , , , , , , , , , , , , , , , , , , , , , , , , , , , , , , , , , , , , , , , , , , , , , , , , , , , , , ,9,10,2009,268.7293395930127,45.0,989.0
2009104N13088,2009,22,NI,BB,BIJLI,2009-04-16 09:00:00,TS,18.0,86.2,40,996,newdelhi,main,191,172,P____O_________, ,IO012009,18.0,86.4, ,TS,48,987,0,50,40,43,45, , , , , , , , ,1004,82,25, , , , , , , , , , , , , , , , , , , , , , , , , , , , , , , , , , ,18.0,86.0,CS,40,996,2.50000,8, , , , , , , , , , , , , , , , , , , , , , , , , , , , , , , , , , , , , , , , , , , , , , , , , , , , , , , , , , , , , , , , , , , , , , , , , , , , , , , , , , , , , , , , , , ,10,25,2009,226.33074117606887,48.0,987.0
2009104N13088,2009,22,NI,BB,BIJLI,2009-04-16 12:00:00,TS,18.5,86.6,40,996,newdelhi,main,165,154,O____O_________,jtwc_io,IO012009,18.4,86.6, ,TS,50,985,0,45,50,40,40, , , , , , , , ,1004,82,25, , , , , , , , , , , , , , , , , , , , , , , , , , , , , , , , , , ,18.5,86.5,CS,40,996,2.50000,8, , , , , , , , , , , , , , , , , , , , , , , , , , , , , , , , , , , , , , , , , , , , , , , , , , , , , , , , , , , , , , , , , , , , , , , , , , , , , , , , , , , , , , , , , , ,8,35,2009,186.74091675861126,50.0,985.0
2009104N13088,2009,22,NI,BB,BIJLI,2009-04-16 15:00:00,TS,18.6,86.7,40,996,newdelhi,main,158,107,P____O_________, ,IO012009,18.7,86.9, ,TS,50,985,0,50,55,45,45, , , , , , , , ,1002,126,25, , , , , , , , , , , , , , , , , , , , , , , , , , , , , , , , , , ,18.5,86.5,CS,40,996,2.50000,8, , , , , , , , , , , , , , , , , , , , , , , , , , , , , , , , , , , , , , , , , , , , , , , , , , , , , , , , , , , , , , , , , , , , , , , , , , , , , , , , , , , , , , , , , , ,10,30,2009,182.0836892463922,50.0,985.0
2009104N13088,2009,22,NI,BB,BIJLI,2009-04-16 18:00:00,TS,19.3,87.1,40,996,newdelhi,main,107,99,O____O_________,jtwc_io,IO012009,19.1,87.2, ,TS,50,985,0,55,60,50,50, , , , , , , , ,1000,170,25, , , , , , , , , , , , , , , , , , , , , , , , , , , , , , , , , , ,19.5,87.0,CS,40,996,2.50000,8, , , , , , , , , , , , , , , , , , , , , , , , , , , , , , , , , , , , , , , , , , , , , , , , , , , , , , , , , , , , , , , , , , , , , , , , , , , , , , , , , , , , , , , , , , ,14,35,2009,156.81488721235675,50.0,985.0
2009104N13088,2009,22,NI,BB,BIJLI,2009-04-16 21:00:00,TS,19.8,87.6,40,996,newdelhi,main,109,104,P____O_________, ,IO012009,19.5,87.6, ,TS,50,985,0,58,63,53,53, , , , , , , , ,1001,175,25, , , , , , , , , , , , , , , , , , , , , , , , , , , , , , , , , , ,20.0,87.5,CS,40,996,2.50000,8, , , , , , , , , , , , , , , , , , , , , , , , , , , , , , , , , , , , , , , , , , , , , , , , , , , , , , , , , , , , , , , , , , , , , , , , , , , , , , , , , , , , , , , , , , ,13,45,2009,189.50786498642674,50.0,985.0
2009104N13088,2009,22,NI,BB,BIJLI,2009-04-17 00:00:00,TS,20.3,88.1,40,996,newdelhi,main,122,122,O____O_________,jtwc_io,IO012009,20.0,88.1, ,TS,50,985,0,60,65,55,55, , , , , , , , ,1002,180,25, , , , , , , , , , , , , , , , , , , , , , , , , , , , , , , , , , ,20.5,88.0,CS,40,996,2.50000,8, , , , , , , , , , , , , , , , , , , , , , , , , , , , , , , , , , , , , , , , , , , , , , , , , , , , , , , , , , , , , , , , , , , , , , , , , , , , , , , , , , , , , , , , , , ,12,55,2009,242.39903530398453,50.0,985.0
2009104N13088,2009,22,NI,BB,BIJLI,2009-04-17 03:00:00,TS,20.5,88.6,35,996,newdelhi,main,123,78,P____O_________, ,IO012009,20.4,88.7, ,TS,50,985,0,60,65,55,55, , , , , , , , ,1002,180,25, , , , , , , , , , , , , , , , , , , , , , , , , , , , , , , , , , ,20.5,88.5,CS,35,996,2.50000,6, , , , , , , , , , , , , , , , , , , , , , , , , , , , , , , , , , , , , , , , , , , , , , , , , , , , , , , , , , , , , , , , , , , , , , , , , , , , , , , , , , , , , , , , , , ,12,60,2009,297.34124571083277,50.0,985.0
2009104N13088,2009,22,NI,BB,BIJLI,2009-04-17 06:00:00,TS,20.9,89.2,35,996,newdelhi,main,78,54,O____O_________,jtwc_io,IO012009,20.8,89.3, ,TS,50,985,0,60,65,55,55, , , , , , , , ,1002,180,25, , , , , , , , , , , , , , , , , , , , , , , , , , , , , , , , , , ,21.0,89.0,CS,35,996,2.50000,6, , , , , , , , , , , , , , , , , , , , , , , , , , , , , , , , , , , , , , , , , , , , , , , , , , , , , , , , , , , , , , , , , , , , , , , , , , , , , , , , , , , , , , , , , , ,14,55,2009,368.09003611732203,50.0,985.0
2009104N13088,2009,22,NI,BB,BIJLI,2009-04-17 09:00:00,TS,21.3,89.8,30,996,newdelhi,main,55,44,P____O_________, ,IO012009,21.1,90.0, ,TS,48,987,0,60,65,55,55, , , , , , , , ,1002,180,25, , , , , , , , , , , , , , , , , , , , , , , , , , , , , , , , , , ,21.5,89.5,DD,30,996,2.00000,5, , , , , , , , , , , , , , , , , , , , , , , , , , , , , , , , , , , , , , , , , , , , , , , , , , , , , , , , , , , , , , , , , , , , , , , , , , , , , , , , , , , , , , , , , , ,13,65,2009,440.56978898890327,48.0,987.0
2009104N13088,2009,22,NI,BB,BIJLI,2009-04-17 12:00:00,TS,21.4,90.4,25,996,newdelhi,main,49,45,O____O_________,jtwc_io,IO012009,21.4,90.6, ,TS,45,989,0,60,65,55,55, , , , , , , , ,1002,180,25, , , , , , , , , , , , , , , , , , , , , , , , , , , , , , , , , , ,21.5,90.0,D,25,996,1.50000,4, , , , , , , , , , , , , , , , , , , , , , , , , , , , , , , , , , , , , , , , , , , , , , , , , , , , , , , , , , , , , , , , , , , , , , , , , , , , , , , , , , , , , , , , , , ,15,70,2009,503.1323544891308,45.0,989.0
2009104N13088,2009,22,NI,BB,BIJLI,2009-04-17 15:00:00,TS,21.7,91.3,25,996,newdelhi,main,62,10,P____O_________, ,IO012009,21.7,91.2, ,TS,45,989,0,60,65,55,55, , , , , , , , ,1002,180,25, , , , , , , , , , , , , , , , , , , , , , , , , , , , , , , , , , ,22.0,91.5,D,25,996,1.50000,4, , , , , , , , , , , , , , , , , , , , , , , , , , , , , , , , , , , , , , , , , , , , , , , , , , , , , , , , , , , , , , , , , , , , , , , , , , , , , , , , , , , , , , , , , , ,14,70,2009,601.9184700103525,45.0,989.0
2009104N13088,2009,22,NI,BB,BIJLI,2009-04-17 18:00:00,TS,21.9,91.8, , , ,main,10,0,O______________,jtwc_io,IO012009,21.9,91.8, ,TS,45,989,0,60,65,55,55, , , , , , , , ,1002,180,25, , , , , , , , , , , , , , , , , , , , , , , , , , , , , , , , , , , , , , , , , , , , , , , , , , , , , , , , , , , , , , , , , , , , , , , , , , , , , , , , , , , , , , , , , , , , , , , , , , , , , , , , , , , , , , , , , , , , , , , , , , , , , , , , , , , ,12,70,2009,657.8361085167655,45.0,989.0
2009104N13088,2009,22,NI,BB,BIJLI,2009-04-17 21:00:00,TS,22.1,92.4, , , ,main,0,0,P______________, ,IO012009,22.1,92.4, ,TS,43,991,0,48,58,53,45, , , , , , , , , , , , , , , , , , , , , , , , , , , , , , , , , , , , , , , , , , , , , , , , , , , , , , , , , , , , , , , , , , , , , , , , , , , , , , , , , , , , , , , , , , , , , , , , , , , , , , , , , , , , , , , , , , , , , , , , , , , , , , , , , , , , , , , , , , , , , , ,13,65,2009,723.5251352475573,43.0,991.0
2009104N13088,2009,22,NI,BB,BIJLI,2009-04-18 00:00:00,TS,22.4,93.1, , , ,main,0, ,O______________,jtwc_io,IO012009,22.4,93.1, ,TS,40,993,0,35,50,50,35, , , , , , , , , , , , , , , , , , , , , , , , , , , , , , , , , , , , , , , , , , , , , , , , , , , , , , , , , , , , , , , , , , , , , , , , , , , , , , , , , , , , , , , , , , , , , , , , , , , , , , , , , , , , , , , , , , , , , , , , , , , , , , , , , , , , , , , , , , , , , , ,13,70,2009,802.3243970686282,40.0,993.0
2009143N17089,2009,26,NI,BB,AILA,2009-05-22 18:00:00,DS,16.9,88.8, , , ,main,429,429,O______________,jtwc_io,IO022009,16.9,88.8, ,DB,25,1004,-3, , , , , , , , , , , , , , , , , , , , , , , , , , , , , , , , , , , , , , , , , , , , , , , , , , , , , , , , , , , , , , , , , , , , , , , , , , , , , , , , , , , , , , , , , , , , , , , , , , , , , , , , , , , , , , , , , , , , , , , , , , , , , , , , , , , , , , , , , , , , , , , , , , ,3,195,2009,467.88837774401895,25.0,1004.0
2009143N17089,2009,26,NI,BB,AILA,2009-05-22 21:00:00,DS,16.7,88.8, , , ,main,447,447,P______________, ,IO022009,16.7,88.8, ,DB,25,1004,-3, , , , , , , , , , , , , , , , , , , , , , , , , , , , , , , , , , , , , , , , , , , , , , , , , , , , , , , , , , , , , , , , , , , , , , , , , , , , , , , , , , , , , , , , , , , , , , , , , , , , , , , , , , , , , , , , , , , , , , , , , , , , , , , , , , , , , , , , , , , , , , , , , , ,2,170,2009,484.621438526449,25.0,1004.0
2009143N17089,2009,26,NI,BB,AILA,2009-05-23 00:00:00,DS,16.7,88.8, , , ,main,447,444,O______________,jtwc_io,IO022009,16.7,88.8, ,DB,25,1004,-3, , , , , , , , , , , , ,1011,175,60, , , , , , , , , , , , , , , , , , , , , , , , , , , , , , , , , , , , , , , , , , , , , , , , , , , , , , , , , , , , , , , , , , , , , , , , , , , , , , , , , , , , , , , , , , , , , , , , , , , , , , , , , , , , , , , , , , , , , , , , , , , , , , , , , , , ,2,60,2009,484.621438526449,25.0,1004.0
2009143N17089,2009,26,NI,BB,AILA,2009-05-23 03:00:00,DS,16.8,88.9, , , ,main,444,429,P______________, ,IO022009,16.8,88.9, ,DB,28,1001,-3, , , , , , , , , , , , ,1007,175,53, , , , , , , , , , , , , , , , , , , , , , , , , , , , , , , , , , , , , , , , , , , , , , , , , , , , , , , , , , , , , , , , , , , , , , , , , , , , , , , , , , , , , , , , , , , , , , , , , , , , , , , , , , , , , , , , , , , , , , , , , , , , , , , , , , , ,2,10,2009,483.2735114556232,28.0,1001.0
2009143N17089,2009,26,NI,BB,AILA,2009-05-23 06:00:00,TS,16.9,88.8,25,998,newdelhi,main,429,417,O____O_________,jtwc_io,IO022009,17.0,89.0, ,TD,30,998,-1, , , , , , , , , , , , ,1002,175,45, , , , , , , , , , , , , , , , , , , , , , , , , , , , , , , , , , ,16.5,88.0,D,25,998,1.50000,3, , , , , , , , , , , , , , , , , , , , , , , , , , , , , , , , , , , , , , , , , , , , , , , , , , , , , , , , , , , , , , , , , , , , , , , , , , , , , , , , , , , , , , , , , , ,3,280,2009,467.88837774401895,30.0,998.0
2009143N17089,2009,26,NI,BB,AILA,2009-05-23 09:00:00,TS,16.9,88.6, , , ,main,417,411,P____P_________, ,IO022009,17.1,88.9, ,TD,30,998,-1, , , , , , , , , , , , ,1002,175,45, , , , , , , , , , , , , , , , , , , , , , , , , , , , , , , , , , ,16.4,87.9,D,25,996, ,3, , , , , , , , , , , , , , , , , , , , , , , , , , , , , , , , , , , , , , , , , , , , , , , , , , , , , , , , , , , , , , , , , , , , , , , , , , , , , , , , , , , , , , , , , , ,3,270,2009,453.892286086252,30.0,998.0
2009143N17089,2009,26,NI,BB,AILA,2009-05-23 12:00:00,TS,16.9,88.5,25,994,newdelhi,main,411,402,O____O_________,jtwc_io,IO022009,17.2,88.8, ,TD,30,998,-1, , , , , , , , , , , , ,1002,175,45, , , , , , , , , , , , , , , , , , , , , , , , , , , , , , , , , , ,16.5,88.0,D,25,994,1.50000,3, , , , , , , , , , , , , , , , , , , , , , , , , , , , , , , , , , , , , , , , , , , , , , , , , , , , , , , , , , , , , , , , , , , , , , , , , , , , , , , , , , , , , , , , , , ,2,330,2009,447.10308922547017,30.0,998.0
2009143N17089,2009,26,NI,BB,AILA,2009-05-23 15:00:00,TS,17.1,88.5, , , ,main,392,383,P____P_________, ,IO022009,17.3,88.7, ,TD,30,997,-1, , , , , , , , , , , , ,1002,175,45, , , , , , , , , , , , , , , , , , , , , , , , , , , , , , , , , , ,16.8,88.2,D,25,995, ,4, , , , , , , , , , , , , , , , , , , , , , , , , , , , , , , , , , , , , , , , , , , , , , , , , , , , , , , , , , , , , , , , , , , , , , , , , , , , , , , , , , , , , , , , , , ,4,20,2009,430.0843694689601,30.0,997.0
2009143N17089,2009,26,NI,BB,AILA,2009-05-23 18:00:00,TS,17.3,88.6,25,996,newdelhi,main,380,380,O____O_________,jtwc_io,IO022009,17.5,88.7, ,TD,30,996,-1, , , , , , , , , , , , ,1002,175,45, , , , , , , , , , , , , , , , , , , , , , , , , , , , , , , , , , ,17.0,88.5,D,25,996,1.50000,4, , , , , , , , , , , , , , , , , , , , , , , , , , , , , , , , , , , , , , , , , , , , , , , , , , , , , , , , , , , , , , , , , , , , , , , , , , , , , , , , , , , , , , , , , , ,2,20,2009,420.8748535781691,30.0,996.0
2009143N17089,2009,26,NI,BB,AILA,2009-05-23 21:00:00,TS,17.2,88.6, , , ,main,389,374,P____P_________, ,IO022009,17.6,88.6, ,TD,33,995,-1, , , , , , , , , , , , ,1002,175,98, , , , , , , , , , , , , , , , , , , , , , , , , , , , , , , , , , ,16.8,88.5,D,25,996, ,4, , , , , , , , , , , , , , , , , , , , , , , , , , , , , , , , , , , , , , , , , , , , , , , , , , , , , , , , , , , , , , , , , , , , , , , , , , , , , , , , , , , , , , , , , , ,1,315,2009,428.9354442013353,33.0,995.0
2009143N17089,2009,26,NI,BB,AILA,2009-05-24 00:00:00,TS,17.4,88.5,25,996,newdelhi,main,365,322,O____O_________,jtwc_io,IO022009,17.7,88.5, ,TS,35,994,0, , , , , , , , , , , , ,1002,175,150, , , , , , , , , , , , , , , , , , , , , , , , , , , , , , , , , , ,17.0,88.5,D,25,996,1.50000,4, , , , , , , , , , , , , , , , , , , , , , , , , , , , , , , , , , , , , , , , , , , , , , , , , , , , , , , , , , , , , , , , , , , , , , , , , , , , , , , , , , , , , , , , , , ,7,350,2009,405.50349786043586,35.0,994.0
2009143N17089,2009,26,NI,BB,AILA,2009-05-24 03:00:00,TS,17.9,88.4,30,992,newdelhi,main,315,307,P____O_________, ,IO022009,17.8,88.4, ,TS,35,993,0, , , , , , , , , , , , ,999,170,98, , , , , , , , , , , , , , , , , , , , , , , , , , , , , , , , , , ,18.0,88.5,DD,30,992,2.00000,5, , , , , , , , , , , , , , , , , , , , , , , , , , , , , , , , , , , , , , , , , , , , , , , , , , , , , , , , , , , , , , , , , , , , , , , , , , , , , , , , , , , , , , , , , , ,7,350,2009,359.55835597783073,35.0,993.0
2009143N17089,2009,26,NI,BB,AILA,2009-05-24 06:00:00,TS,18.0,88.4,30,988,newdelhi,main,307,291,O____O_________,jtwc_io,IO022009,18.0,88.3, ,TS,35,992,0, , , , , , , , , , , , ,995,165,45, , , , , , , , , , , , , , , , , , , , , , , , , , , , , , , , , , ,18.0,88.5,DD,30,988,2.00000,5, , , , , , , , , , , , , , , , , , , , , , , , , , , , , , , , , , , , , , , , , , , , , , , , , , , , , , , , , , , , , , , , , , , , , , , , , , , , , , , , , , , , , , , , , , ,2,330,2009,352.3762561665295,35.0,992.0
2009143N17089,2009,26,NI,BB,AILA,2009-05-24 09:00:00,TS,18.1,88.3,30,986,newdelhi,main,291,260,P____O_________, ,IO022009,18.2,88.2, ,TS,40,991,0, , , , , , , , , , , , ,995,165,45, , , , , , , , , , , , , , , , , , , , , , , , , , , , , , , , , , ,18.0,88.5,DD,30,986,2.00000,5, , , , , , , , , , , , , , , , , , , , , , , , , , , , , , , , , , , , , , , , , , , , , , , , , , , , , , , , , , , , , , , , , , , , , , , , , , , , , , , , , , , , , , , , , , ,5,350,2009,337.1495952277697,40.0,991.0
2009143N17089,2009,26,NI,BB,AILA,2009-05-24 12:00:00,TS,18.5,88.3,35,986,newdelhi,main,260,229,O____O_________,jtwc_io,IO022009,18.5,88.1, ,TS,45,989,0,55,55,45,45, , , , , , , , ,995,165,45, , , , , , , , , , , , , , , , , , , , , , , , , , , , , , , , , , ,18.5,88.5,CS,35,986,2.50000,6, , , , , , , , , , , , , , , , , , , , , , , , , , , , , , , , , , , , , , , , , , , , , , , , , , , , , , , , , , , , , , , , , , , , , , , , , , , , , , , , , , , , , , , , , , ,8,355,2009,310.9507981414222,45.0,989.0
2009143N17089,2009,26,NI,BB,AILA,2009-05-24 15:00:00,TS,18.9,88.3,35,986,newdelhi,main,229,221,P____O_________, ,IO022009,18.8,88.1, ,TS,48,987,0,55,55,45,45, , , , , , , , ,995,165,45, , , , , , , , , , , , , , , , , , , , , , , , , , , , , , , , , , ,19.0,88.5,CS,35,986,2.50000,8, , , , , , , , , , , , , , , , , , , , , , , , , , , , , , , , , , , , , , , , , , , , , , , , , , , , , , , , , , , , , , , , , , , , , , , , , , , , , , , , , , , , , , , , , , ,6,0,2009,289.2495635278283,48.0,987.0
2009143N17089,2009,26,NI,BB,AILA,2009-05-24 18:00:00,TS,19.1,88.3,35,986,newdelhi,main,214,160,O____O_________,jtwc_io,IO022009,19.1,88.1, ,TS,50,985,0,55,55,45,45, , , , , , , , ,995,165,45, , , , , , , , , , , , , , , , , , , , , , , , , , , , , , , , , , ,19.0,88.5,CS,35,986,2.50000,8, , , , , , , , , , , , , , , , , , , , , , , , , , , , , , , , , , , , , , , , , , , , , , , , , , , , , , , , , , , , , , , , , , , , , , , , , , , , , , , , , , , , , , , , , , ,9,345,2009,280.42049024484754,50.0,985.0
2009143N17089,2009,26,NI,BB,AILA,2009-05-24 21:00:00,TS,19.7,88.0,40,984,newdelhi,main,151,130,P____O_________, ,IO022009,19.5,88.1, ,TS,53,984,0,60,58,50,50, , , , , , , , ,995,165,45, , , , , , , , , , , , , , , , , , , , , , , , , , , , , , , , , , ,20.0,88.0,CS,40,984,2.50000,8, , , , , , , , , , , , , , , , , , , , , , , , , , , , , , , , , , , , , , , , , , , , , , , , , , , , , , , , , , , , , , , , , , , , , , , , , , , , , , , , , , , , , , , , , , ,10,345,2009,232.4977337522963,53.0,984.0
2009143N17089,2009,26,NI,BB,AILA,2009-05-25 00:00:00,TS,20.0,88.1,40,980,newdelhi,main,138,112,O____O_________,jtwc_io,IO022009,20.0,88.1, ,TS,55,982,0,65,60,55,55,25,25,25,25, , , , ,995,165,45, , , , , , , , , , , , , , , , , , , , , , , , , , , , , , , , , , ,20.0,88.0,CS,40,980,2.50000,10, , , , , , , , , , , , , , , , , , , , , , , , , , , , , , , , , , , , , , , , , , , , , , , , , , , , , , , , , , , , , , , , , , , , , , , , , , , , , , , , , , , , , , , , , , ,9,5,2009,240.32293185857276,55.0,982.0
2009143N17089,2009,26,NI,BB,AILA,2009-05-25 03:00:00,TS,20.6,88.1,50,978,newdelhi,main,112,15,P____O_________, ,IO022009,20.8,88.2, ,TS,60,978,0,73,70,65,65,33,33,28,28, , , , ,995,143,38, , , , , , , , , , , , , , , , , , , , , , , , , , , , , , , , , , ,20.5,88.0,CS,50,978,3.00000,12, , , , , , , , , , , , , , , , , , , , , , , , , , , , , , , , , , , , , , , , , , , , , , , , , , , , , , , , , , , , , , , , , , , , , , , , , , , , , , , , , , , , , , , , , , ,16,5,2009,248.9658480756873,60.0,978.0
2009143N17089,2009,26,NI,BB,AILA,2009-05-25 06:00:00,TS,21.6,88.2,55,974,newdelhi,main,0,0,O____O_________,jtwc_io,IO022009,21.6,88.3, ,TY,65,974,1,80,80,75,75,40,40,30,30, , , , ,995,120,30, , , , , , , , , , , , , , , , , , , , , , , , , , , , , , , , , , ,21.5,88.0,SCS,55,974,3.50000,15, , , , , , , , , , , , , , , , , , , , , , , , , , , , , , , , , , , , , , , , , , , , , , , , , , , , , , , , , , , , , , , , , , , , , , , , , , , , , , , , , , , , , , , , , , ,15,5,2009,306.4040098956402,65.0,974.0
2009143N17089,2009,26,NI,BB,AILA,2009-05-25 09:00:00,TS,22.1,88.2,60,968,newdelhi,main,0,0,P____O_________, ,IO022009,22.3,88.4, ,TY,60,978,0,80,80,75,75,40,40,30,30, , , , ,994,135,28, , , , , , , , , , , , , , , , , , , , , , , , , , , , , , , , , , ,22.0,88.0,SCS,60,968,0.00000,20, , , , , , , , , , , , , , , , , , , , , , , , , , , , , , , , , , , , , , , , , , , , , , , , , , , , , , , , , , , , , , , , , , , , , , , , , , , , , , , , , , , , , , , , , , ,12,0,2009,341.38806459322825,60.0,978.0
2009143N17089,2009,26,NI,BB,AILA,2009-05-25 12:00:00,TS,22.7,88.2,50,970,newdelhi,main,0,0,O____O_________,jtwc_io,IO022009,22.9,88.4, ,TS,55,982,0,80,80,75,75,40,40,30,30, , , , ,992,150,25, , , , , , , , , , , , , , , , , , , , , , , , , , , , , , , , , , ,22.5,88.0,SCS,50,970,0.00000,16, , , , , , , , , , , , , , , , , , , , , , , , , , , , , , , , , , , , , , , , , , , , , , , , , , , , , , , , , , , , , , , , , , , , , , , , , , , , , , , , , , , , , , , , , , ,11,0,2009,389.7395431389084,55.0,982.0
2009143N17089,2009,26,NI,BB,AILA,2009-05-25 15:00:00,TS,23.3,88.2,45,978,newdelhi,main,0,0,P____O_________, ,IO022009,23.5,88.4, ,TS,48,988,0,63,60,55,53, , , , , , , , , , , , , , , , , , , , , , , , , , , , , , , , , , , , , , , , , , , , , ,23.0,88.0,CS,45,978,0.00000,14, , , , , , , , , , , , , , , , , , , , , , , , , , , , , , , , , , , , , , , , , , , , , , , , , , , , , , , , , , , , , , , , , , , , , , , , , , , , , , , , , , , , , , , , , , ,12,0,2009,442.8834100983265,48.0,988.0
2009143N17089,2009,26,NI,BB,AILA,2009-05-25 18:00:00,TS,23.9,88.3,40,980,newdelhi,main,0,0,O____O_________,jtwc_io,IO022009,24.2,88.5, ,TS,40,993,0,45,40,35,30, , , , , , , , , , , , , , , , , , , , , , , , , , , , , , , , , , , , , , , , , , , , , ,23.5,88.0,CS,40,980,0.00000,12, , , , , , , , , , , , , , , , , , , , , , , , , , , , , , , , , , , , , , , , , , , , , , , , , , , , , , , , , , , , , , , , , , , , , , , , , , , , , , , , , , , , , , , , , , ,12,5,2009,504.48091507983594,40.0,993.0
2009143N17089,2009,26,NI,BB,AILA,2009-05-25 21:00:00,TS,24.5,88.3,35,981,newdelhi,main,0,0,P____O_________, ,IO022009,25.0,88.6, ,TS,35,997,0,22,20,17,15, , , , , , , , , , , , , , , , , , , , , , , , , , , , , , , , , , , , , , , , , , , , , ,24.0,88.0,CS,35,981,0.00000,10, , , , , , , , , , , , , , , , , , , , , , , , , , , , , , , , , , , , , , , , , , , , , , , , , , , , , , , , , , , , , , , , , , , , , , , , , , , , , , , , , , , , , , , , , , ,15,5,2009,562.6029332918926,35.0,997.0
2009143N17089,2009,26,NI,BB,AILA,2009-05-26 00:00:00,TS,25.4,88.4,30,982,newdelhi,main,0,0,O____O_________,jtwc_io,IO022009,25.7,88.7, ,TD,30,1000,-1, , , , , , , , , , , , , , , , , , , , , , , , , , , , , , , , , , , , , , , , , , , , , , , , , ,25.0,88.0,CS,30,982,0.00000,8, , , , , , , , , , , , , , , , , , , , , , , , , , , , , , , , , , , , , , , , , , , , , , , , , , , , , , , , , , , , , , , , , , , , , , , , , , , , , , , , , , , , , , , , , , ,14,5,2009,656.9600416436565,30.0,1000.0
2009143N17089,2009,26,NI,BB,AILA,2009-05-26 03:00:00,TS,25.9,88.4,25,988,newdelhi,main,0,0,P____O_________, ,IO022009,26.3,88.8, ,TD,23,1005,-1, , , , , , , , , , , , , , , , , , , , , , , , , , , , , , , , , , , , , , , , , , , , , , , , , ,25.5,88.0,DD,25,988,0.00000,6, , , , , , , , , , , , , , , , , , , , , , , , , , , , , , , , , , , , , , , , , , , , , , , , , , , , , , , , , , , , , , , , , , , , , , , , , , , , , , , , , , , , , , , , , , ,16,15,2009,707.9392663523656,23.0,1005.0
2009143N17089,2009,26,NI,BB,AILA,2009-05-26 06:00:00,MX,26.9,88.8,20,992,newdelhi,main,0, ,O____O_________,jtwc_io,IO022009,26.8,89.0, ,DB,15,1010,-3, , , , , , , , , , , , , , , , , , , , , , , , , , , , , , , , , , , , , , , , , , , , , , , , , ,27.0,88.5,D,20,992,0.00000,4, , , , , , , , , , , , , , , , , , , , , , , , , , , , , , , , , , , , , , , , , , , , , , , , , , , , , , , , , , , , , , , , , , , , , , , , , , , , , , , , , , , , , , , , , , ,21,15,2009,825.9180586832977,15.0,1010.0
2009201N21089,2009,40,NI,BB,UNNAMED,2009-07-20 03:00:00,TS,21.0,88.5,25,992,newdelhi,main,67,67,_____O_________, , , , , , , , ,-5, , , , , , , , , , , , , , , , , , , , , , , , , , , , , , , , , , , , , , , , , , , , , , , , , ,21.0,88.5,D,25,992,1.50000,3, , , , , , , , , , , , , , , , , , , , , , , , , , , , , , , , , , , , , , , , , , , , , , , , , , , , , , , , , , , , , , , , , , , , , , , , , , , , , , , , , , , , , , , , , , ,0,0,2009,302.3917514565863,25.0,992.0
2009201N21089,2009,40,NI,BB,UNNAMED,2009-07-20 06:00:00,TS,21.0,88.5,25,992,newdelhi,main,67,67,_____O_________, , , , , , , , ,-5, , , , , , , , , , , , , , , , , , , , , , , , , , , , , , , , , , , , , , , , , , , , , , , , , ,21.0,88.5,D,25,992,1.50000,3, , , , , , , , , , , , , , , , , , , , , , , , , , , , , , , , , , , , , , , , , , , , , , , , , , , , , , , , , , , , , , , , , , , , , , , , , , , , , , , , , , , , , , , , , , ,2,260,2009,302.3917514565863,25.0,992.0
2009201N21089,2009,40,NI,BB,UNNAMED,2009-07-20 09:00:00,TS,21.0,88.3, , , ,main,67,67,_____P_________, , , , , , , , ,-5, , , , , , , , , , , , , , , , , , , , , , , , , , , , , , , , , , , , , , , , , , , , , , , , , ,21.0,88.3,D,28,990, ,4, , , , , , , , , , , , , , , , , , , , , , , , , , , , , , , , , , , , , , , , , , , , , , , , , , , , , , , , , , , , , , , , , , , , , , , , , , , , , , , , , , , , , , , , , , ,5,270,2009,283.125148914033,,
2009201N21089,2009,40,NI,BB,UNNAMED,2009-07-20 12:00:00,TS,21.0,88.0,30,988,newdelhi,main,70,49,_____O_________, , , , , , , , ,-5, , , , , , , , , , , , , , , , , , , , , , , , , , , , , , , , , , , , , , , , , , , , , , , , , ,21.0,88.0,DD,30,988,2.00000,4, , , , , , , , , , , , , , , , , , , , , , , , , , , , , , , , , , , , , , , , , , , , , , , , , , , , , , , , , , , , , , , , , , , , , , , , , , , , , , , , , , , , , , , , , , ,7,290,2009,254.68688047199953,30.0,988.0
2009201N21089,2009,40,NI,BB,UNNAMED,2009-07-20 15:00:00,TS,21.2,87.6, , , ,main,49,0,_____P_________, , , , , , , , ,-5, , , , , , , , , , , , , , , , , , , , , , , , , , , , , , , , , , , , , , , , , , , , , , , , , ,21.2,87.6,DD,30,990, ,4, , , , , , , , , , , , , , , , , , , , , , , , , , , , , , , , , , , , , , , , , , , , , , , , , , , , , , , , , , , , , , , , , , , , , , , , , , , , , , , , , , , , , , , , , , ,11,300,2009,230.00786775718603,,
2009201N21089,2009,40,NI,BB,UNNAMED,2009-07-20 18:00:00,TS,21.5,87.0,30,992,newdelhi,main,0,0,_____O_________, , , , , , , , ,-5, , , , , , , , , , , , , , , , , , , , , , , , , , , , , , , , , , , , , , , , , , , , , , , , , ,21.5,87.0,DD,30,992,0.00000,4, , , , , , , , , , , , , , , , , , , , , , , , , , , , , , , , , , , , , , , , , , , , , , , , , , , , , , , , , , , , , , , , , , , , , , , , , , , , , , , , , , , , , , , , , , ,16,290,2009,208.29808907665338,30.0,992.0
2009201N21089,2009,40,NI,BB,UNNAMED,2009-07-20 21:00:00,TS,21.8,86.0, , , ,main,0,0,_____P_________, , , , , , , , ,-5, , , , , , , , , , , , , , , , , , , , , , , , , , , , , , , , , , , , , , , , , , , , , , , , , ,21.8,86.0,DD,30,992, ,4, , , , , , , , , , , , , , , , , , , , , , , , , , , , , , , , , , , , , , , , , , , , , , , , , , , , , , , , , , , , , , , , , , , , , , , , , , , , , , , , , , , , , , , , , , ,19,285,2009,201.2261191899715,,
2009201N21089,2009,40,NI,BB,UNNAMED,2009-07-21 00:00:00,TS,22.0,85.0,30,992,newdelhi,main,0,0,_____O_________, , , , , , , , ,-5, , , , , , , , , , , , , , , , , , , , , , , , , , , , , , , , , , , , , , , , , , , , , , , , , ,22.0,85.0,DD,30,992,0.00000,4, , , , , , , , , , , , , , , , , , , , , , , , , , , , , , , , , , , , , , , , , , , , , , , , , , , , , , , , , , , , , , , , , , , , , , , , , , , , , , , , , , , , , , , , , , ,14,280,2009,237.3881084680654,30.0,992.0
2009201N21089,2009,40,NI,BB,UNNAMED,2009-07-21 03:00:00,TS,22.0,84.5,30,992,newdelhi,main,0,0,_____O_________, , , , , , , , ,-5, , , , , , , , , , , , , , , , , , , , , , , , , , , , , , , , , , , , , , , , , , , , , , , , , ,22.0,84.5,DD,30,992,0.00000,4, , , , , , , , , , , , , , , , , , , , , , , , , , , , , , , , , , , , , , , , , , , , , , , , , , , , , , , , , , , , , , , , , , , , , , , , , , , , , , , , , , , , , , , , , , ,9,270,2009,260.12801424767554,30.0,992.0
2009201N21089,2009,40,NI,BB,UNNAMED,2009-07-21 06:00:00,TS,22.0,84.0,25,994,newdelhi,main,0, ,_____O_________, , , , , , , , ,-5, , , , , , , , , , , , , , , , , , , , , , , , , , , , , , , , , , , , , , , , , , , , , , , , , ,22.0,84.0,D,25,994,0.00000,3, , , , , , , , , , , , , , , , , , , , , , , , , , , , , , , , , , , , , , , , , , , , , , , , , , , , , , , , , , , , , , , , , , , , , , , , , , , , , , , , , , , , , , , , , , ,9,270,2009,290.46045936752205,25.0,994.0
2009247N19089,2009,64,NI,BB,UNNAMED,2009-09-03 18:00:00,DS,19.4,88.8, , , ,main,237,214,O______________,jtwc_io,IO032009,19.4,88.8, ,DB,15,1010,-3, , , , , , , , , , , , , , , , , , , , , , , , , , , , , , , , , , , , , , , , , , , , , , , , , , , , , , , , , , , , , , , , , , , , , , , , , , , , , , , , , , , , , , , , , , , , , , , , , , , , , , , , , , , , , , , , , , , , , , , , , , , , , , , , , , , , , , , , , , , , , , , , , , ,4,285,2009,321.06257964929637,15.0,1010.0
2009247N19089,2009,64,NI,BB,UNNAMED,2009-09-03 21:00:00,DS,19.5,88.6, , , ,main,214,198,P______________, ,IO032009,19.5,88.6, ,DB,18,1009,-3, , , , , , , , , , , , , , , , , , , , , , , , , , , , , , , , , , , , , , , , , , , , , , , , , , , , , , , , , , , , , , , , , , , , , , , , , , , , , , , , , , , , , , , , , , , , , , , , , , , , , , , , , , , , , , , , , , , , , , , , , , , , , , , , , , , , , , , , , , , , , , , , , , ,4,285,2009,298.25433998502774,18.0,1009.0
2009247N19089,2009,64,NI,BB,UNNAMED,2009-09-04 00:00:00,DS,19.5,88.4, , , ,main,198,180,O______________,jtwc_io,IO032009,19.5,88.4, ,DB,20,1007,-3, , , , , , , , , , , , , , , , , , , , , , , , , , , , , , , , , , , , , , , , , , , , , , , , , , , , , , , , , , , , , , , , , , , , , , , , , , , , , , , , , , , , , , , , , , , , , , , , , , , , , , , , , , , , , , , , , , , , , , , , , , , , , , , , , , , , , , , , , , , , , , , , , , ,4,280,2009,277.7185627971613,20.0,1007.0
2009247N19089,2009,64,NI,BB,UNNAMED,2009-09-04 03:00:00,DS,19.5,88.2, , , ,main,180,156,P______________, ,IO032009,19.5,88.2, ,DB,20,1007,-3, , , , , , , , , , , , , , , , , , , , , , , , , , , , , , , , , , , , , , , , , , , , , , , , , , , , , , , , , , , , , , , , , , , , , , , , , , , , , , , , , , , , , , , , , , , , , , , , , , , , , , , , , , , , , , , , , , , , , , , , , , , , , , , , , , , , , , , , , , , , , , , , , , ,4,285,2009,257.2462532182379,20.0,1007.0
2009247N19089,2009,64,NI,BB,UNNAMED,2009-09-04 06:00:00,DS,19.6,88.0, , , ,main,156,142,O______________,jtwc_io,IO032009,19.6,88.0, ,DB,20,1007,-3, , , , , , , , , , , , , , , , , , , , , , , , , , , , , , , , , , , , , , , , , , , , , , , , , , , , , , , , , , , , , , , , , , , , , , , , , , , , , , , , , , , , , , , , , , , , , , , , , , , , , , , , , , , , , , , , , , , , , , , , , , , , , , , , , , , , , , , , , , , , , , , , , , ,4,300,2009,234.42246892410748,20.0,1007.0
2009247N19089,2009,64,NI,BB,UNNAMED,2009-09-04 09:00:00,DS,19.7,87.9, , , ,main,142,122,P______________, ,IO032009,19.7,87.9, ,DB,20,1007,-3, , , , , , , , , , , , , , , , , , , , , , , , , , , , , , , , , , , , , , , , , , , , , , , , , , , , , , , , , , , , , , , , , , , , , , , , , , , , , , , , , , , , , , , , , , , , , , , , , , , , , , , , , , , , , , , , , , , , , , , , , , , , , , , , , , , , , , , , , , , , , , , , , , ,4,330,2009,222.15241586096533,20.0,1007.0
2009247N19089,2009,64,NI,BB,UNNAMED,2009-09-04 12:00:00,DS,19.9,87.8, , , ,main,122,107,O______________,jtwc_io,IO032009,19.9,87.8, ,DB,20,1007,-3, , , , , , , , , , , , , , , , , , , , , , , , , , , , , , , , , , , , , , , , , , , , , , , , , , , , , , , , , , , , , , , , , , , , , , , , , , , , , , , , , , , , , , , , , , , , , , , , , , , , , , , , , , , , , , , , , , , , , , , , , , , , , , , , , , , , , , , , , , , , , , , , , , ,4,355,2009,209.33865525020252,20.0,1007.0
2009247N19089,2009,64,NI,BB,UNNAMED,2009-09-04 15:00:00,DS,20.1,87.8, , , ,main,107,94,P______________, ,IO032009,20.1,87.8, ,DB,23,1002,-3, , , , , , , , , , , , , , , , , , , , , , , , , , , , , , , , , , , , , , , , , , , , , , , , , , , , , , , , , , , , , , , , , , , , , , , , , , , , , , , , , , , , , , , , , , , , , , , , , , , , , , , , , , , , , , , , , , , , , , , , , , , , , , , , , , , , , , , , , , , , , , , , , , ,5,10,2009,209.20607870389318,23.0,1002.0
2009247N19089,2009,64,NI,BB,UNNAMED,2009-09-04 18:00:00,TS,20.4,87.9, , , ,main,99,96,O______________,jtwc_io,IO032009,20.4,87.9, ,TD,25,997,-1, , , , , , , , , , , , ,998,200,35, , , , , , , , , , , , , , , , , , , , , , , , , , , , , , , , , , , , , , , , , , , , , , , , , , , , , , , , , , , , , , , , , , , , , , , , , , , , , , , , , , , , , , , , , , , , , , , , , , , , , , , , , , , , , , , , , , , , , , , , , , , , , , , , , , , ,6,25,2009,223.61291273181175,25.0,997.0
2009247N19089,2009,64,NI,BB,UNNAMED,2009-09-04 21:00:00,TS,20.6,88.1, , , ,main,112,89,P______________, ,IO032009,20.6,88.1, ,TD,28,997,-1, , , , , , , , , , , , ,999,205,33, , , , , , , , , , , , , , , , , , , , , , , , , , , , , , , , , , , , , , , , , , , , , , , , , , , , , , , , , , , , , , , , , , , , , , , , , , , , , , , , , , , , , , , , , , , , , , , , , , , , , , , , , , , , , , , , , , , , , , , , , , , , , , , , , , , ,5,30,2009,248.9658480756873,28.0,997.0
2009247N19089,2009,64,NI,BB,UNNAMED,2009-09-05 00:00:00,TS,20.8,88.2,25,990,newdelhi,main,89,59,O____O_________,jtwc_io,IO032009,20.9,88.2, ,TD,30,996,-1, , , , , , , , , , , , ,1000,210,30, , , , , , , , , , , , , , , , , , , , , , , , , , , , , , , , , , ,20.5,88.0,D,25,990,1.50000,3, , , , , , , , , , , , , , , , , , , , , , , , , , , , , , , , , , , , , , , , , , , , , , , , , , , , , , , , , , , , , , , , , , , , , , , , , , , , , , , , , , , , , , , , , , ,5,355,2009,265.47284049910485,30.0,996.0
2009247N19089,2009,64,NI,BB,UNNAMED,2009-09-05 03:00:00,TS,21.2,88.0,30,988,newdelhi,main,49,15,P____O_________, ,IO032009,21.2,88.3, ,TD,33,996,-1, , , , , , , , , , , , ,1000,210,30, , , , , , , , , , , , , , , , , , , , , , , , , , , , , , , , , , ,21.0,87.5,DD,30,988,2.00000,4, , , , , , , , , , , , , , , , , , , , , , , , , , , , , , , , , , , , , , , , , , , , , , , , , , , , , , , , , , , , , , , , , , , , , , , , , , , , , , , , , , , , , , , , , , ,7,355,2009,265.0211314836337,33.0,996.0
2009247N19089,2009,64,NI,BB,UNNAMED,2009-09-05 06:00:00,TS,21.6,88.1,30,988,newdelhi,main,10,0,O____O_________,jtwc_io,IO032009,21.6,88.2, ,TS,35,996,0, , , , , , , , , , , , ,1000,210,30, , , , , , , , , , , , , , , , , , , , , , , , , , , , , , , , , , ,21.5,88.0,DD,30,988,2.00000,4, , , , , , , , , , , , , , , , , , , , , , , , , , , , , , , , , , , , , , , , , , , , , , , , , , , , , , , , , , , , , , , , , , , , , , , , , , , , , , , , , , , , , , , , , , ,9,340,2009,298.0027593645577,35.0,996.0
2009247N19089,2009,64,NI,BB,UNNAMED,2009-09-05 09:00:00,TS,22.0,87.7,30,988,newdelhi,main,0,0,P____O_________, ,IO032009,21.9,87.9, ,TS,38,995,0, , , , , , , , , , , , , , , , , , , , , , , , , , , , , , , , , , , , , , , , , , , , , , , , , ,22.0,87.5,DD,30,988,0.00000,4, , , , , , , , , , , , , , , , , , , , , , , , , , , , , , , , , , , , , , , , , , , , , , , , , , , , , , , , , , , , , , , , , , , , , , , , , , , , , , , , , , , , , , , , , , ,10,325,2009,297.24379038118735,38.0,995.0
2009247N19089,2009,64,NI,BB,UNNAMED,2009-09-05 12:00:00,TS,22.4,87.6,30,988,newdelhi,main,0,0,O____O_________,jtwc_io,IO032009,22.2,87.6, ,TS,40,993,0, , , , , , , , , , , , , , , , , , , , , , , , , , , , , , , , , , , , , , , , , , , , , , , , , ,22.5,87.5,DD,30,988,0.00000,4, , , , , , , , , , , , , , , , , , , , , , , , , , , , , , , , , , , , , , , , , , , , , , , , , , , , , , , , , , , , , , , , , , , , , , , , , , , , , , , , , , , , , , , , , , ,7,335,2009,325.6259400341767,40.0,993.0
2009247N19089,2009,64,NI,BB,UNNAMED,2009-09-05 15:00:00,TS,22.6,87.4, , , ,main,0,0,P____P_________, ,IO032009,22.4,87.4, ,TS,38,995,0, , , , , , , , , , , , , , , , , , , , , , , , , , , , , , , , , , , , , , , , , , , , , , , , , ,22.8,87.3,DD,30,988, ,4, , , , , , , , , , , , , , , , , , , , , , , , , , , , , , , , , , , , , , , , , , , , , , , , , , , , , , , , , , , , , , , , , , , , , , , , , , , , , , , , , , , , , , , , , , ,6,315,2009,333.2441629684716,38.0,995.0
2009247N19089,2009,64,NI,BB,UNNAMED,2009-09-05 18:00:00,TS,22.8,87.1,30,988,newdelhi,main,0,0,O____O_________,jtwc_io,IO032009,22.6,87.2, ,TS,35,996,0, , , , , , , , , , , , , , , , , , , , , , , , , , , , , , , , , , , , , , , , , , , , , , , , , ,23.0,87.0,DD,30,988,0.00000,4, , , , , , , , , , , , , , , , , , , , , , , , , , , , , , , , , , , , , , , , , , , , , , , , , , , , , , , , , , , , , , , , , , , , , , , , , , , , , , , , , , , , , , , , , , ,5,300,2009,339.1822106773979,35.0,996.0
2009247N19089,2009,64,NI,BB,UNNAMED,2009-09-05 21:00:00,TS,22.9,86.9, , , ,main,0,0,P____P_________, ,IO032009,22.9,86.9, ,TS,33,998,-1, , , , , , , , , , , , , , , , , , , , , , , , , , , , , , , , , , , , , , , , , , , , , , , , , ,22.9,86.8,DD,30,988, ,4, , , , , , , , , , , , , , , , , , , , , , , , , , , , , , , , , , , , , , , , , , , , , , , , , , , , , , , , , , , , , , , , , , , , , , , , , , , , , , , , , , , , , , , , , , ,6,295,2009,341.9647473712489,33.0,998.0
2009247N19089,2009,64,NI,BB,UNNAMED,2009-09-06 00:00:00,TS,23.1,86.6,30,988,newdelhi,main,0,0,O____O_________,jtwc_io,IO032009,23.1,86.6, ,TD,30,1000,-1, , , , , , , , , , , , , , , , , , , , , , , , , , , , , , , , , , , , , , , , , , , , , , , , , ,23.0,86.5,DD,30,988,0.00000,4, , , , , , , , , , , , , , , , , , , , , , , , , , , , , , , , , , , , , , , , , , , , , , , , , , , , , , , , , , , , , , , , , , , , , , , , , , , , , , , , , , , , , , , , , , ,8,310,2009,354.4913172305547,30.0,1000.0
2009247N19089,2009,64,NI,BB,UNNAMED,2009-09-06 03:00:00,TS,23.4,86.2,30,988,newdelhi,main,0,0,P____O_________, ,IO032009,23.3,86.3, ,TD,30,1000,-1, , , , , , , , , , , , , , , , , , , , , , , , , , , , , , , , , , , , , , , , , , , , , , , , , ,23.5,86.0,DD,30,988,0.00000,4, , , , , , , , , , , , , , , , , , , , , , , , , , , , , , , , , , , , , , , , , , , , , , , , , , , , , , , , , , , , , , , , , , , , , , , , , , , , , , , , , , , , , , , , , , ,7,305,2009,380.31373321855125,30.0,1000.0
2009247N19089,2009,64,NI,BB,UNNAMED,2009-09-06 06:00:00,TS,23.4,85.9, , , ,main,0,0,O____P_________,jtwc_io,IO032009,23.4,86.1, ,TD,30,1000,-1, , , , , , , , , , , , , , , , , , , , , , , , , , , , , , , , , , , , , , , , , , , , , , , , , ,23.5,85.7,DD,30,988, ,4, , , , , , , , , , , , , , , , , , , , , , , , , , , , , , , , , , , , , , , , , , , , , , , , , , , , , , , , , , , , , , , , , , , , , , , , , , , , , , , , , , , , , , , , , , ,5,285,2009,378.2038295794142,30.0,1000.0
2009247N19089,2009,64,NI,BB,UNNAMED,2009-09-06 09:00:00,TS,23.5,85.7,30,988,newdelhi,main,0,0,P____O_________, ,IO032009,23.6,85.8, ,TD,28,1002,-1, , , , , , , , , , , , , , , , , , , , , , , , , , , , , , , , , , , , , , , , , , , , , , , , , ,23.5,85.5,DD,30,988,0.00000,4, , , , , , , , , , , , , , , , , , , , , , , , , , , , , , , , , , , , , , , , , , , , , , , , , , , , , , , , , , , , , , , , , , , , , , , , , , , , , , , , , , , , , , , , , , ,7,305,2009,389.3191939530856,28.0,1002.0
2009247N19089,2009,64,NI,BB,UNNAMED,2009-09-06 12:00:00,MX,23.8,85.3,30,988,newdelhi,main,0,0,O____O_________,jtwc_io,IO032009,23.7,85.5, ,DB,25,1004,-3, , , , , , , , , , , , , , , , , , , , , , , , , , , , , , , , , , , , , , , , , , , , , , , , , ,24.0,85.0,DD,30,988,0.00000,4, , , , , , , , , , , , , , , , , , , , , , , , , , , , , , , , , , , , , , , , , , , , , , , , , , , , , , , , , , , , , , , , , , , , , , , , , , , , , , , , , , , , , , , , , , ,8,305,2009,425.6762357960437,25.0,1004.0
2009247N19089,2009,64,NI,BB,UNNAMED,2009-09-06 15:00:00,MX,24.0,84.9, , , ,main,0,0,P____P_________, ,IO032009,23.8,85.2, ,DB,25,1004,-3, , , , , , , , , , , , , , , , , , , , , , , , , , , , , , , , , , , , , , , , , , , , , , , , , ,24.2,84.7,DD,30,988, ,4, , , , , , , , , , , , , , , , , , , , , , , , , , , , , , , , , , , , , , , , , , , , , , , , , , , , , , , , , , , , , , , , , , , , , , , , , , , , , , , , , , , , , , , , , , ,6,300,2009,454.349453345522,25.0,1004.0
2009247N19089,2009,64,NI,BB,UNNAMED,2009-09-06 18:00:00,MX,24.1,84.7,30,988,newdelhi,main,0,0,O____O_________,jtwc_io,IO032009,23.9,84.9, ,DB,25,1004,-3, , , , , , , , , , , , , , , , , , , , , , , , , , , , , , , , , , , , , , , , , , , , , , , , , ,24.3,84.5,DD,30,988,0.00000,4, , , , , , , , , , , , , , , , , , , , , , , , , , , , , , , , , , , , , , , , , , , , , , , , , , , , , , , , , , , , , , , , , , , , , , , , , , , , , , , , , , , , , , , , , , ,6,295,2009,469.7745477402693,25.0,1004.0
2009247N19089,2009,64,NI,BB,UNNAMED,2009-09-06 21:00:00,MX,24.3,84.3, , , ,main,0,0,P____P_________, ,IO032009,24.0,84.6, ,DB,20,1007,-3, , , , , , , , , , , , , , , , , , , , , , , , , , , , , , , , , , , , , , , , , , , , , , , , , ,24.4,84.2,DD,30,988, ,4, , , , , , , , , , , , , , , , , , , , , , , , , , , , , , , , , , , , , , , , , , , , , , , , , , , , , , , , , , , , , , , , , , , , , , , , , , , , , , , , , , , , , , , , , , ,6,295,2009,502.45814316770014,20.0,1007.0
2009247N19089,2009,64,NI,BB,UNNAMED,2009-09-07 00:00:00,MX,24.4,84.1,30,988,newdelhi,main,0,0,O____O_________,jtwc_io,IO032009,24.0,84.3, ,DB,15,1010,-3, , , , , , , , , , , , , , , , , , , , , , , , , , , , , , , , , , , , , , , , , , , , , , , , , ,24.5,84.0,DD,30,988,0.00000,4, , , , , , , , , , , , , , , , , , , , , , , , , , , , , , , , , , , , , , , , , , , , , , , , , , , , , , , , , , , , , , , , , , , , , , , , , , , , , , , , , , , , , , , , , , ,4,305,2009,519.597613662663,15.0,1010.0
2009247N19089,2009,64,NI,BB,UNNAMED,2009-09-07 03:00:00,TS,24.5,84.0,30,990,newdelhi,main,0,0,_____O_________, ,IO032009, , , ,DB, , ,-3, , , , , , , , , , , , , , , , , , , , , , , , , , , , , , , , , , , , , , , , , , , , , , , , , ,24.5,84.0,DD,30,990,0.00000,4, , , , , , , , , , , , , , , , , , , , , , , , , , , , , , , , , , , , , , , , , , , , , , , , , , , , , , , , , , , , , , , , , , , , , , , , , , , , , , , , , , , , , , , , , , ,1,335,2009,533.5420567038535,30.0,990.0
2009247N19089,2009,64,NI,BB,UNNAMED,2009-09-07 06:00:00,TS,24.5,84.0, , , ,main,0,0,_____P_________, , , , , , , , ,-5, , , , , , , , , , , , , , , , , , , , , , , , , , , , , , , , , , , , , , , , , , , , , , , , , ,24.5,84.0,DD,28,992, ,4, , , , , , , , , , , , , , , , , , , , , , , , , , , , , , , , , , , , , , , , , , , , , , , , , , , , , , , , , , , , , , , , , , , , , , , , , , , , , , , , , , , , , , , , , , ,0,0,2009,533.5420567038535,,
2009247N19089,2009,64,NI,BB,UNNAMED,2009-09-07 09:00:00,TS,24.5,84.0,25,994,newdelhi,main,0, ,_____O_________, , , , , , , , ,-5, , , , , , , , , , , , , , , , , , , , , , , , , , , , , , , , , , , , , , , , , , , , , , , , , ,24.5,84.0,D,25,994,0.00000,3, , , , , , , , , , , , , , , , , , , , , , , , , , , , , , , , , , , , , , , , , , , , , , , , , , , , , , , , , , , , , , , , , , , , , , , , , , , , , , , , , , , , , , , , , , ,0,0,2009,533.5420567038535,25.0,994.0
2010280N17085,2010,68,NI,BB,UNNAMED,2010-10-07 03:00:00,TS,16.5,84.5,25,998,newdelhi,main,185,99,_____O_________, , , , , , , , ,-5, , , , , , , , , , , , , , , , , , , , , , , , , , , , , , , , , , , , , , , , , , , , , , , , , ,16.5,84.5,D,25,998,1.50000,4, , , , , , , , , , , , , , , , , , , , , , , , , , , , , , , , , , , , , , , , , , , , , , , , , , , , , , , , , , , , , , , , , , , , , , , , , , , , , , , , , , , , , , , , , , ,20,0,2010,412.6758774339463,25.0,998.0
2010280N17085,2010,68,NI,BB,UNNAMED,2010-10-07 06:00:00,TS,17.5,84.5,25,998,newdelhi,main,99,61,_____O_________, , , , , , , , ,-5, , , , , , , , , , , , , , , , , , , , , , , , , , , , , , , , , , , , , , , , , , , , , , , , , ,17.5,84.5,D,25,998,1.50000,4, , , , , , , , , , , , , , , , , , , , , , , , , , , , , , , , , , , , , , , , , , , , , , , , , , , , , , , , , , , , , , , , , , , , , , , , , , , , , , , , , , , , , , , , , , ,17,5,2010,309.85406147634984,25.0,998.0
2010280N17085,2010,68,NI,BB,UNNAMED,2010-10-07 09:00:00,TS,18.1,84.7, , , ,main,61,53,_____P_________, , , , , , , , ,-5, , , , , , , , , , , , , , , , , , , , , , , , , , , , , , , , , , , , , , , , , , , , , , , , , ,18.1,84.7,D,25,997, ,4, , , , , , , , , , , , , , , , , , , , , , , , , , , , , , , , , , , , , , , , , , , , , , , , , , , , , , , , , , , , , , , , , , , , , , , , , , , , , , , , , , , , , , , , , , ,11,25,2010,240.8328516522162,,
2010280N17085,2010,68,NI,BB,UNNAMED,2010-10-07 12:00:00,TS,18.5,85.0,25,996,newdelhi,main,53,53,_____O_________, , , , , , , , ,-5, , , , , , , , , , , , , , , , , , , , , , , , , , , , , , , , , , , , , , , , , , , , , , , , , ,18.5,85.0,D,25,996,1.50000,4, , , , , , , , , , , , , , , , , , , , , , , , , , , , , , , , , , , , , , , , , , , , , , , , , , , , , , , , , , , , , , , , , , , , , , , , , , , , , , , , , , , , , , , , , , ,8,40,2010,186.74091675861126,25.0,996.0
2010280N17085,2010,68,NI,BB,UNNAMED,2010-10-07 15:00:00,TS,18.7,85.2, , , ,main,62,57,_____P_________, , , , , , , , ,-5, , , , , , , , , , , , , , , , , , , , , , , , , , , , , , , , , , , , , , , , , , , , , , , , , ,18.7,85.2,D,25,996, ,4, , , , , , , , , , , , , , , , , , , , , , , , , , , , , , , , , , , , , , , , , , , , , , , , , , , , , , , , , , , , , , , , , , , , , , , , , , , , , , , , , , , , , , , , , , ,7,45,2010,157.66398861217777,,
2010280N17085,2010,68,NI,BB,UNNAMED,2010-10-07 18:00:00,TS,19.0,85.5,25,996,newdelhi,main,64,53,_____O_________, , , , , , , , ,-5, , , , , , , , , , , , , , , , , , , , , , , , , , , , , , , , , , , , , , , , , , , , , , , , , ,19.0,85.5,D,25,996,1.50000,4, , , , , , , , , , , , , , , , , , , , , , , , , , , , , , , , , , , , , , , , , , , , , , , , , , , , , , , , , , , , , , , , , , , , , , , , , , , , , , , , , , , , , , , , , , ,9,45,2010,115.55548586906183,25.0,996.0
2010280N17085,2010,68,NI,BB,UNNAMED,2010-10-07 21:00:00,TS,19.4,85.9, , , ,main,45,10,_____P_________, , , , , , , , ,-5, , , , , , , , , , , , , , , , , , , , , , , , , , , , , , , , , , , , , , , , , , , , , , , , , ,19.4,85.9,D,25,997, ,4, , , , , , , , , , , , , , , , , , , , , , , , , , , , , , , , , , , , , , , , , , , , , , , , , , , , , , , , , , , , , , , , , , , , , , , , , , , , , , , , , , , , , , , , , , ,14,45,2010,67.53328052658738,,
2010280N17085,2010,68,NI,BB,UNNAMED,2010-10-08 00:00:00,TS,20.0,86.5,25,998,newdelhi,main,10,0,_____O_________, , , , , , , , ,-5, , , , , , , , , , , , , , , , , , , , , , , , , , , , , , , , , , , , , , , , , , , , , , , , , ,20.0,86.5,D,25,998,1.50000,4, , , , , , , , , , , , , , , , , , , , , , , , , , , , , , , , , , , , , , , , , , , , , , , , , , , , , , , , , , , , , , , , , , , , , , , , , , , , , , , , , , , , , , , , , , ,23,45,2010,73.14228321274786,25.0,998.0
2010280N17085,2010,68,NI,BB,UNNAMED,2010-10-08 03:00:00,TS,21.0,87.5,25,998,newdelhi,main,56,0,_____O_________, , , , , , , , ,-5, , , , , , , , , , , , , , , , , , , , , , , , , , , , , , , , , , , , , , , , , , , , , , , , , ,21.0,87.5,D,25,998,1.50000,4, , , , , , , , , , , , , , , , , , , , , , , , , , , , , , , , , , , , , , , , , , , , , , , , , , , , , , , , , , , , , , , , , , , , , , , , , , , , , , , , , , , , , , , , , , ,31,50,2010,209.07725041809124,25.0,998.0
2010280N17085,2010,68,NI,BB,UNNAMED,2010-10-08 06:00:00,TS,22.0,89.0,25,998,newdelhi,main,0,0,_____O_________, , , , , , , , ,-5, , , , , , , , , , , , , , , , , , , , , , , , , , , , , , , , , , , , , , , , , , , , , , , , , ,22.0,89.0,D,25,998,1.50000,4, , , , , , , , , , , , , , , , , , , , , , , , , , , , , , , , , , , , , , , , , , , , , , , , , , , , , , , , , , , , , , , , , , , , , , , , , , , , , , , , , , , , , , , , , , ,29,50,2010,399.7344948553962,25.0,998.0
2010280N17085,2010,68,NI,BB,UNNAMED,2010-10-08 09:00:00,TS,22.8,90.0, , , ,main,0,0,_____P_________, , , , , , , , ,-5, , , , , , , , , , , , , , , , , , , , , , , , , , , , , , , , , , , , , , , , , , , , , , , , , ,22.8,90.0,D,25,999, ,4, , , , , , , , , , , , , , , , , , , , , , , , , , , , , , , , , , , , , , , , , , , , , , , , , , , , , , , , , , , , , , , , , , , , , , , , , , , , , , , , , , , , , , , , , , ,20,45,2010,534.732448627491,,
2010280N17085,2010,68,NI,BB,UNNAMED,2010-10-08 12:00:00,TS,23.5,90.5,25,1000,newdelhi,main,0,0,_____O_________, , , , , , , , ,-5, , , , , , , , , , , , , , , , , , , , , , , , , , , , , , , , , , , , , , , , , , , , , , , , , ,23.5,90.5,D,25,1000,0.00000,3, , , , , , , , , , , , , , , , , , , , , , , , , , , , , , , , , , , , , , , , , , , , , , , , , , , , , , , , , , , , , , , , , , , , , , , , , , , , , , , , , , , , , , , , , , ,14,30,2010,622.0611684257444,25.0,1000.0
2010280N17085,2010,68,NI,BB,UNNAMED,2010-10-08 15:00:00,TS,24.0,90.8, , , ,main,0,0,_____P_________, , , , , , , , ,-5, , , , , , , , , , , , , , , , , , , , , , , , , , , , , , , , , , , , , , , , , , , , , , , , , ,24.0,90.8,D,25,1001, ,3, , , , , , , , , , , , , , , , , , , , , , , , , , , , , , , , , , , , , , , , , , , , , , , , , , , , , , , , , , , , , , , , , , , , , , , , , , , , , , , , , , , , , , , , , , ,11,25,2010,680.7166331254076,,
2010280N17085,2010,68,NI,BB,UNNAMED,2010-10-08 18:00:00,TS,24.5,91.0,25,1002,newdelhi,main,0, ,_____O_________, , , , , , , , ,-5, , , , , , , , , , , , , , , , , , , , , , , , , , , , , , , , , , , , , , , , , , , , , , , , , ,24.5,91.0,D,25,1002,0.00000,3, , , , , , , , , , , , , , , , , , , , , , , , , , , , , , , , , , , , , , , , , , , , , , , , , , , , , , , , , , , , , , , , , , , , , , , , , , , , , , , , , , , , , , , , , , ,10,20,2010,732.47814530443,25.0,1002.0
2010286N18090,2010,71,NI,BB,UNNAMED,2010-10-13 06:00:00,TS,17.5,90.0,25,1002,newdelhi,main,421,421,_____O_________, , , , , , , , ,-5, , , , , , , , , , , , , , , , , , , , , , , , , , , , , , , , , , , , , , , , , , , , , , , , , ,17.5,90.0,D,25,1002,1.50000,4, , , , , , , , , , , , , , , , , , , , , , , , , , , , , , , , , , , , , , , , , , , , , , , , , , , , , , , , , , , , , , , , , , , , , , , , , , , , , , , , , , , , , , , , , , ,10,265,2010,522.2998244501432,25.0,1002.0
2010286N18090,2010,71,NI,BB,UNNAMED,2010-10-13 09:00:00,TS,17.4,89.5, , , ,main,437,391,_____P_________, , , , , , , , ,-5, , , , , , , , , , , , , , , , , , , , , , , , , , , , , , , , , , , , , , , , , , , , , , , , , ,17.4,89.5,D,25,1000, ,4, , , , , , , , , , , , , , , , , , , , , , , , , , , , , , , , , , , , , , , , , , , , , , , , , , , , , , , , , , , , , , , , , , , , , , , , , , , , , , , , , , , , , , , , , , ,10,270,2010,485.1909621180684,,
2010286N18090,2010,71,NI,BB,UNNAMED,2010-10-13 12:00:00,TS,17.5,89.0,25,998,newdelhi,main,391,353,_____O_________, , , , , , , , ,-5, , , , , , , , , , , , , , , , , , , , , , , , , , , , , , , , , , , , , , , , , , , , , , , , , ,17.5,89.0,D,25,998,1.50000,4, , , , , , , , , , , , , , , , , , , , , , , , , , , , , , , , , , , , , , , , , , , , , , , , , , , , , , , , , , , , , , , , , , , , , , , , , , , , , , , , , , , , , , , , , , ,8,295,2010,436.781850315248,25.0,998.0
2010286N18090,2010,71,NI,BB,UNNAMED,2010-10-13 15:00:00,TS,17.7,88.7, , , ,main,353,314,_____P_________, , , , , , , , ,-5, , , , , , , , , , , , , , , , , , , , , , , , , , , , , , , , , , , , , , , , , , , , , , , , , ,17.7,88.7,D,25,998, ,4, , , , , , , , , , , , , , , , , , , , , , , , , , , , , , , , , , , , , , , , , , , , , , , , , , , , , , , , , , , , , , , , , , , , , , , , , , , , , , , , , , , , , , , , , , ,7,315,2010,398.1424648379257,,
2010286N18090,2010,71,NI,BB,UNNAMED,2010-10-13 18:00:00,TS,18.0,88.5,25,998,newdelhi,main,314,314,_____O_________, , , , , , , , ,-5, , , , , , , , , , , , , , , , , , , , , , , , , , , , , , , , , , , , , , , , , , , , , , , , , ,18.0,88.5,D,25,998,1.50000,4, , , , , , , , , , , , , , , , , , , , , , , , , , , , , , , , , , , , , , , , , , , , , , , , , , , , , , , , , , , , , , , , , , , , , , , , , , , , , , , , , , , , , , , , , , ,3,325,2010,360.5918623965612,25.0,998.0
2010286N18090,2010,71,NI,BB,UNNAMED,2010-10-13 21:00:00,TS,18.0,88.5, , , ,main,314,314,_____P_________, , , , , , , , ,-5, , , , , , , , , , , , , , , , , , , , , , , , , , , , , , , , , , , , , , , , , , , , , , , , , ,18.0,88.5,D,25,998, ,4, , , , , , , , , , , , , , , , , , , , , , , , , , , , , , , , , , , , , , , , , , , , , , , , , , , , , , , , , , , , , , , , , , , , , , , , , , , , , , , , , , , , , , , , , , ,0,0,2010,360.5918623965612,,
2010286N18090,2010,71,NI,BB,UNNAMED,2010-10-14 00:00:00,TS,18.0,88.5,25,998,newdelhi,main,314,314,_____O_________, , , , , , , , ,-5, , , , , , , , , , , , , , , , , , , , , , , , , , , , , , , , , , , , , , , , , , , , , , , , , ,18.0,88.5,D,25,998,1.50000,4, , , , , , , , , , , , , , , , , , , , , , , , , , , , , , , , , , , , , , , , , , , , , , , , , , , , , , , , , , , , , , , , , , , , , , , , , , , , , , , , , , , , , , , , , , ,0,125,2010,360.5918623965612,25.0,998.0
2010286N18090,2010,71,NI,BB,UNNAMED,2010-10-14 03:00:00,TS,18.0,88.5,25,998,newdelhi,main,314,314,_____O_________, , , , , , , , ,-5, , , , , , , , , , , , , , , , , , , , , , , , , , , , , , , , , , , , , , , , , , , , , , , , , ,18.0,88.5,D,25,998,1.50000,4, , , , , , , , , , , , , , , , , , , , , , , , , , , , , , , , , , , , , , , , , , , , , , , , , , , , , , , , , , , , , , , , , , , , , , , , , , , , , , , , , , , , , , , , , , ,0,0,2010,360.5918623965612,25.0,998.0
2010286N18090,2010,71,NI,BB,UNNAMED,2010-10-14 06:00:00,TS,18.0,88.5,25,998,newdelhi,main,314,299,_____O_________, , , , , , , , ,-5, , , , , , , , , , , , , , , , , , , , , , , , , , , , , , , , , , , , , , , , , , , , , , , , , ,18.0,88.5,D,25,998,1.50000,4, , , , , , , , , , , , , , , , , , , , , , , , , , , , , , , , , , , , , , , , , , , , , , , , , , , , , , , , , , , , , , , , , , , , , , , , , , , , , , , , , , , , , , , , , , ,2,270,2010,360.5918623965612,25.0,998.0
2010286N18090,2010,71,NI,BB,UNNAMED,2010-10-14 09:00:00,TS,18.0,88.3, , , ,main,299,279,_____P_________, , , , , , , , ,-5, , , , , , , , , , , , , , , , , , , , , , , , , , , , , , , , , , , , , , , , , , , , , , , , , ,18.0,88.3,D,25,997, ,4, , , , , , , , , , , , , , , , , , , , , , , , , , , , , , , , , , , , , , , , , , , , , , , , , , , , , , , , , , , , , , , , , , , , , , , , , , , , , , , , , , , , , , , , , , ,5,270,2010,344.28560996871545,,
2010286N18090,2010,71,NI,BB,UNNAMED,2010-10-14 12:00:00,TS,18.0,88.0,25,996,newdelhi,main,279,279,_____O_________, , , , , , , , ,-5, , , , , , , , , , , , , , , , , , , , , , , , , , , , , , , , , , , , , , , , , , , , , , , , , ,18.0,88.0,D,25,996,1.50000,4, , , , , , , , , , , , , , , , , , , , , , , , , , , , , , , , , , , , , , , , , , , , , , , , , , , , , , , , , , , , , , , , , , , , , , , , , , , , , , , , , , , , , , , , , , ,3,260,2010,320.85727183859314,25.0,996.0
2010286N18090,2010,71,NI,BB,UNNAMED,2010-10-14 15:00:00,TS,18.0,88.0, , , ,main,279,279,_____P_________, , , , , , , , ,-5, , , , , , , , , , , , , , , , , , , , , , , , , , , , , , , , , , , , , , , , , , , , , , , , , ,18.0,88.0,D,25,996, ,4, , , , , , , , , , , , , , , , , , , , , , , , , , , , , , , , , , , , , , , , , , , , , , , , , , , , , , , , , , , , , , , , , , , , , , , , , , , , , , , , , , , , , , , , , , ,0,0,2010,320.85727183859314,,
2010286N18090,2010,71,NI,BB,UNNAMED,2010-10-14 18:00:00,TS,18.0,88.0,25,996,newdelhi,main,279,249,_____O_________, , , , , , , , ,-5, , , , , , , , , , , , , , , , , , , , , , , , , , , , , , , , , , , , , , , , , , , , , , , , , ,18.0,88.0,D,25,996,1.50000,4, , , , , , , , , , , , , , , , , , , , , , , , , , , , , , , , , , , , , , , , , , , , , , , , , , , , , , , , , , , , , , , , , , , , , , , , , , , , , , , , , , , , , , , , , , ,3,320,2010,320.85727183859314,25.0,996.0
2010286N18090,2010,71,NI,BB,UNNAMED,2010-10-14 21:00:00,TS,18.2,87.8, , , ,main,249,203,_____P_________, , , , , , , , ,-5, , , , , , , , , , , , , , , , , , , , , , , , , , , , , , , , , , , , , , , , , , , , , , , , , ,18.2,87.8,D,25,996, ,4, , , , , , , , , , , , , , , , , , , , , , , , , , , , , , , , , , , , , , , , , , , , , , , , , , , , , , , , , , , , , , , , , , , , , , , , , , , , , , , , , , , , , , , , , , ,7,315,2010,290.20119452987024,,
2010286N18090,2010,71,NI,BB,UNNAMED,2010-10-15 00:00:00,TS,18.5,87.5,25,996,newdelhi,main,203,128,_____O_________, , , , , , , , ,-5, , , , , , , , , , , , , , , , , , , , , , , , , , , , , , , , , , , , , , , , , , , , , , , , , ,18.5,87.5,D,25,996,1.50000,4, , , , , , , , , , , , , , , , , , , , , , , , , , , , , , , , , , , , , , , , , , , , , , , , , , , , , , , , , , , , , , , , , , , , , , , , , , , , , , , , , , , , , , , , , , ,12,315,2010,244.26585368625916,25.0,996.0
2010286N18090,2010,71,NI,BB,UNNAMED,2010-10-15 03:00:00,TS,19.0,87.0,30,996,newdelhi,main,128,39,_____O_________, , , , , , , , ,-5, , , , , , , , , , , , , , , , , , , , , , , , , , , , , , , , , , , , , , , , , , , , , , , , , ,19.0,87.0,DD,30,996,2.00000,5, , , , , , , , , , , , , , , , , , , , , , , , , , , , , , , , , , , , , , , , , , , , , , , , , , , , , , , , , , , , , , , , , , , , , , , , , , , , , , , , , , , , , , , , , , ,17,305,2010,167.88206854599036,30.0,996.0
2010286N18090,2010,71,NI,BB,UNNAMED,2010-10-15 06:00:00,TS,19.5,86.0,30,996,newdelhi,main,39,15,_____O_________, , , , , , , , ,-5, , , , , , , , , , , , , , , , , , , , , , , , , , , , , , , , , , , , , , , , , , , , , , , , , ,19.5,86.0,DD,30,996,2.00000,5, , , , , , , , , , , , , , , , , , , , , , , , , , , , , , , , , , , , , , , , , , , , , , , , , , , , , , , , , , , , , , , , , , , , , , , , , , , , , , , , , , , , , , , , , , ,14,295,2010,59.406837933986004,30.0,996.0
2010286N18090,2010,71,NI,BB,UNNAMED,2010-10-15 09:00:00,TS,19.6,85.6, , , ,main,15,15,_____P_________, , , , , , , , ,-5, , , , , , , , , , , , , , , , , , , , , , , , , , , , , , , , , , , , , , , , , , , , , , , , , ,19.6,85.6,DD,30,996, ,5, , , , , , , , , , , , , , , , , , , , , , , , , , , , , , , , , , , , , , , , , , , , , , , , , , , , , , , , , , , , , , , , , , , , , , , , , , , , , , , , , , , , , , , , , , ,5,270,2010,49.15395106769375,,
2010286N18090,2010,71,NI,BB,UNNAMED,2010-10-15 12:00:00,TS,19.5,85.5,30,995,newdelhi,main,15,10,_____O_________, , , , , , , , ,-5, , , , , , , , , , , , , , , , , , , , , , , , , , , , , , , , , , , , , , , , , , , , , , , , , ,19.5,85.5,DD,30,995,2.00000,5, , , , , , , , , , , , , , , , , , , , , , , , , , , , , , , , , , , , , , , , , , , , , , , , , , , , , , , , , , , , , , , , , , , , , , , , , , , , , , , , , , , , , , , , , , ,7,235,2010,63.84974809858483,30.0,995.0
2010286N18090,2010,71,NI,BB,UNNAMED,2010-10-15 15:00:00,TS,19.3,85.0, , , ,main,10,0,_____P_________, , , , , , , , ,-5, , , , , , , , , , , , , , , , , , , , , , , , , , , , , , , , , , , , , , , , , , , , , , , , , ,19.3,85.0,DD,30,996, ,5, , , , , , , , , , , , , , , , , , , , , , , , , , , , , , , , , , , , , , , , , , , , , , , , , , , , , , , , , , , , , , , , , , , , , , , , , , , , , , , , , , , , , , , , , , ,11,240,2010,114.35348444377055,,
2010286N18090,2010,71,NI,BB,UNNAMED,2010-10-15 18:00:00,TS,19.0,84.5,30,996,newdelhi,main,0,0,_____O_________, , , , , , , , ,-5, , , , , , , , , , , , , , , , , , , , , , , , , , , , , , , , , , , , , , , , , , , , , , , , , ,19.0,84.5,DD,30,996,0.00000,5, , , , , , , , , , , , , , , , , , , , , , , , , , , , , , , , , , , , , , , , , , , , , , , , , , , , , , , , , , , , , , , , , , , , , , , , , , , , , , , , , , , , , , , , , , ,8,250,2010,175.8718766399382,30.0,996.0
2010286N18090,2010,71,NI,BB,UNNAMED,2010-10-15 21:00:00,TS,18.9,84.2, , , ,main,0,0,_____P_________, , , , , , , , ,-5, , , , , , , , , , , , , , , , , , , , , , , , , , , , , , , , , , , , , , , , , , , , , , , , , ,18.9,84.2,DD,28,997, ,5, , , , , , , , , , , , , , , , , , , , , , , , , , , , , , , , , , , , , , , , , , , , , , , , , , , , , , , , , , , , , , , , , , , , , , , , , , , , , , , , , , , , , , , , , , ,5,270,2010,207.61134319366585,,
2010286N18090,2010,71,NI,BB,UNNAMED,2010-10-16 00:00:00,TS,19.0,84.0,25,998,newdelhi,main,0, ,_____O_________, , , , , , , , ,-5, , , , , , , , , , , , , , , , , , , , , , , , , , , , , , , , , , , , , , , , , , , , , , , , , ,19.0,84.0,D,25,998,0.00000,4, , , , , , , , , , , , , , , , , , , , , , , , , , , , , , , , , , , , , , , , , , , , , , , , , , , , , , , , , , , , , , , , , , , , , , , , , , , , , , , , , , , , , , , , , , ,4,290,2010,218.9961282789495,25.0,998.0
2011265N21088,2011,70,NI,BB,UNNAMED,2011-09-22 03:00:00,TS,21.5,87.5,4,998,newdelhi,main,15,0,_____O_________, , , , , , , , ,-5, , , , , , , , , , , , , , , , , , , , , , , , , , , , , , , , , , , , , , , , , , , , , , , , , ,21.5,87.5,D,4,998,1.50000,25, , , , , , , , , , , , , , , , , , , , , , , , , , , , , , , , , , , , , , , , , , , , , , , , , , , , , , , , , , , , , , , , , , , , , , , , , , , , , , , , , , , , , , , , , , ,4,300,2011,243.03180018586133,4.0,998.0
2011265N21088,2011,70,NI,BB,UNNAMED,2011-09-22 06:00:00,TS,21.6,87.3,4,998,newdelhi,main,0,0,_____O_________, , , , , , , , ,-5, , , , , , , , , , , , , , , , , , , , , , , , , , , , , , , , , , , , , , , , , , , , , , , , , ,21.6,87.3,D,4,998,1.50000,25, , , , , , , , , , , , , , , , , , , , , , , , , , , , , , , , , , , , , , , , , , , , , , , , , , , , , , , , , , , , , , , , , , , , , , , , , , , , , , , , , , , , , , , , , , ,3,300,2011,236.56248521285872,4.0,998.0
2011265N21088,2011,70,NI,BB,UNNAMED,2011-09-22 09:00:00,TS,21.7,87.2, , , ,main,0,0,_____P_________, , , , , , , , ,-5, , , , , , , , , , , , , , , , , , , , , , , , , , , , , , , , , , , , , , , , , , , , , , , , , ,21.7,87.2,D,4,997, ,25, , , , , , , , , , , , , , , , , , , , , , , , , , , , , , , , , , , , , , , , , , , , , , , , , , , , , , , , , , , , , , , , , , , , , , , , , , , , , , , , , , , , , , , , , , ,1,315,2011,238.52580237140026,,
2011265N21088,2011,70,NI,BB,UNNAMED,2011-09-22 12:00:00,TS,21.7,87.2,4,995,newdelhi,main,0,0,_____O_________, , , , , , , , ,-5, , , , , , , , , , , , , , , , , , , , , , , , , , , , , , , , , , , , , , , , , , , , , , , , , ,21.7,87.2,D,4,995,1.50000,25, , , , , , , , , , , , , , , , , , , , , , , , , , , , , , , , , , , , , , , , , , , , , , , , , , , , , , , , , , , , , , , , , , , , , , , , , , , , , , , , , , , , , , , , , , ,1,300,2011,238.52580237140026,4.0,995.0
2011265N21088,2011,70,NI,BB,UNNAMED,2011-09-22 15:00:00,TS,21.7,87.1, , , ,main,0,0,_____P_________, , , , , , , , ,-5, , , , , , , , , , , , , , , , , , , , , , , , , , , , , , , , , , , , , , , , , , , , , , , , , ,21.7,87.1,D,4,997, ,25, , , , , , , , , , , , , , , , , , , , , , , , , , , , , , , , , , , , , , , , , , , , , , , , , , , , , , , , , , , , , , , , , , , , , , , , , , , , , , , , , , , , , , , , , , ,2,300,2011,232.334763737223,,
2011265N21088,2011,70,NI,BB,UNNAMED,2011-09-22 18:00:00,TS,21.8,87.0,4,998,newdelhi,main,0,0,_____O_________, , , , , , , , ,-5, , , , , , , , , , , , , , , , , , , , , , , , , , , , , , , , , , , , , , , , , , , , , , , , , ,21.8,87.0,D,4,998,0.00000,25, , , , , , , , , , , , , , , , , , , , , , , , , , , , , , , , , , , , , , , , , , , , , , , , , , , , , , , , , , , , , , , , , , , , , , , , , , , , , , , , , , , , , , , , , , ,6,320,2011,235.7906257960028,4.0,998.0
2011265N21088,2011,70,NI,BB,UNNAMED,2011-09-22 21:00:00,TS,22.2,86.7, , , ,main,0,0,_____P_________, , , , , , , , ,-5, , , , , , , , , , , , , , , , , , , , , , , , , , , , , , , , , , , , , , , , , , , , , , , , , ,22.2,86.7,D,4,999, ,25, , , , , , , , , , , , , , , , , , , , , , , , , , , , , , , , , , , , , , , , , , , , , , , , , , , , , , , , , , , , , , , , , , , , , , , , , , , , , , , , , , , , , , , , , , ,8,325,2011,261.8374600106698,,
2011265N21088,2011,70,NI,BB,UNNAMED,2011-09-23 00:00:00,TS,22.5,86.5,4,1000,newdelhi,main,0,0,_____O_________, , , , , , , , ,-5, , , , , , , , , , , , , , , , , , , , , , , , , , , , , , , , , , , , , , , , , , , , , , , , , ,22.5,86.5,D,4,1000,0.00000,25, , , , , , , , , , , , , , , , , , , , , , , , , , , , , , , , , , , , , , , , , , , , , , , , , , , , , , , , , , , , , , , , , , , , , , , , , , , , , , , , , , , , , , , , , , ,4,330,2011,287.29494287220314,4.0,1000.0
2011265N21088,2011,70,NI,BB,UNNAMED,2011-09-23 03:00:00,TS,22.5,86.5,4,1002,newdelhi,main,0,0,_____O_________, , , , , , , , ,-5, , , , , , , , , , , , , , , , , , , , , , , , , , , , , , , , , , , , , , , , , , , , , , , , , ,22.5,86.5,D,4,1002,0.00000,25, , , , , , , , , , , , , , , , , , , , , , , , , , , , , , , , , , , , , , , , , , , , , , , , , , , , , , , , , , , , , , , , , , , , , , , , , , , , , , , , , , , , , , , , , , ,0,0,2011,287.29494287220314,4.0,1002.0
2011265N21088,2011,70,NI,BB,UNNAMED,2011-09-23 06:00:00,TS,22.5,86.5,4,1004,newdelhi,main,0, ,_____O_________, , , , , , , , ,-5, , , , , , , , , , , , , , , , , , , , , , , , , , , , , , , , , , , , , , , , , , , , , , , , , ,22.5,86.5,D,4,1004,0.00000,25, , , , , , , , , , , , , , , , , , , , , , , , , , , , , , , , , , , , , , , , , , , , , , , , , , , , , , , , , , , , , , , , , , , , , , , , , , , , , , , , , , , , , , , , , , ,0,0,2011,287.29494287220314,4.0,1004.0
2013211N21088,2013,40,NI,BB,UNNAMED,2013-07-30 03:00:00,TS,21.0,88.0,25,990,newdelhi,main,70,15,_____O_________, , , , , , , , ,-5, , , , , , , , , , , , , , , , , , , , , , , , , , , , , , , , , , , , , , , , , , , , , , , , , ,21.0,88.0,D,25,990,1.50000,3, , , , , , , , , , , , , , , , , , , , , , , , , , , , , , , , , , , , , , , , , , , , , , , , , , , , , , , , , , , , , , , , , , , , , , , , , , , , , , , , , , , , , , , , , , ,14,315,2013,254.68688047199953,25.0,990.0
2013211N21088,2013,40,NI,BB,UNNAMED,2013-07-30 06:00:00,TS,21.5,87.5,25,990,newdelhi,main,15,0,_____O_________, , , , , , , , ,-5, , , , , , , , , , , , , , , , , , , , , , , , , , , , , , , , , , , , , , , , , , , , , , , , , ,21.5,87.5,D,25,990,1.50000,3, , , , , , , , , , , , , , , , , , , , , , , , , , , , , , , , , , , , , , , , , , , , , , , , , , , , , , , , , , , , , , , , , , , , , , , , , , , , , , , , , , , , , , , , , , ,10,315,2013,243.03180018586133,25.0,990.0
2013211N21088,2013,40,NI,BB,UNNAMED,2013-07-30 09:00:00,TS,21.7,87.3, , , ,main,0,0,_____P_________, , , , , , , , ,-5, , , , , , , , , , , , , , , , , , , , , , , , , , , , , , , , , , , , , , , , , , , , , , , , , ,21.7,87.3,D,25,990, ,3, , , , , , , , , , , , , , , , , , , , , , , , , , , , , , , , , , , , , , , , , , , , , , , , , , , , , , , , , , , , , , , , , , , , , , , , , , , , , , , , , , , , , , , , , , ,5,295,2013,245.00123107255075,,
2013211N21088,2013,40,NI,BB,UNNAMED,2013-07-30 12:00:00,TS,21.7,87.0,25,990,newdelhi,main,0,0,_____O_________, , , , , , , , ,-5, , , , , , , , , , , , , , , , , , , , , , , , , , , , , , , , , , , , , , , , , , , , , , , , , ,21.7,87.0,D,25,990,0.00000,3, , , , , , , , , , , , , , , , , , , , , , , , , , , , , , , , , , , , , , , , , , , , , , , , , , , , , , , , , , , , , , , , , , , , , , , , , , , , , , , , , , , , , , , , , , ,9,270,2013,226.45144398823027,25.0,990.0
2013211N21088,2013,40,NI,BB,UNNAMED,2013-07-30 15:00:00,TS,21.7,86.3, , , ,main,0,0,_____P_________, , , , , , , , ,-5, , , , , , , , , , , , , , , , , , , , , , , , , , , , , , , , , , , , , , , , , , , , , , , , , ,21.7,86.3,D,23,991, ,3, , , , , , , , , , , , , , , , , , , , , , , , , , , , , , , , , , , , , , , , , , , , , , , , , , , , , , , , , , , , , , , , , , , , , , , , , , , , , , , , , , , , , , , , , , ,14,270,2013,196.04099523017356,,
2013211N21088,2013,40,NI,BB,UNNAMED,2013-07-30 18:00:00,TS,21.7,85.5,20,992,newdelhi,main,0,0,_____O_________, , , , , , , , ,-5, , , , , , , , , , , , , , , , , , , , , , , , , , , , , , , , , , , , , , , , , , , , , , , , , ,21.7,85.5,D,20,992,0.00000,3, , , , , , , , , , , , , , , , , , , , , , , , , , , , , , , , , , , , , , , , , , , , , , , , , , , , , , , , , , , , , , , , , , , , , , , , , , , , , , , , , , , , , , , , , , ,14,270,2013,191.58438687326876,20.0,992.0
2013211N21088,2013,40,NI,BB,UNNAMED,2013-07-30 21:00:00,TS,21.8,84.8, , , ,main,0,0,_____P_________, , , , , , , , ,-5, , , , , , , , , , , , , , , , , , , , , , , , , , , , , , , , , , , , , , , , , , , , , , , , , ,21.8,84.8,D,20,992, ,3, , , , , , , , , , , , , , , , , , , , , , , , , , , , , , , , , , , , , , , , , , , , , , , , , , , , , , , , , , , , , , , , , , , , , , , , , , , , , , , , , , , , , , , , , , ,14,275,2013,225.49914400412055,,
2013211N21088,2013,40,NI,BB,UNNAMED,2013-07-31 00:00:00,TS,21.8,84.0,20,992,newdelhi,main,0,0,_____O_________, , , , , , , , ,-5, , , , , , , , , , , , , , , , , , , , , , , , , , , , , , , , , , , , , , , , , , , , , , , , , ,21.8,84.0,D,20,992,0.00000,3, , , , , , , , , , , , , , , , , , , , , , , , , , , , , , , , , , , , , , , , , , , , , , , , , , , , , , , , , , , , , , , , , , , , , , , , , , , , , , , , , , , , , , , , , , ,17,270,2013,273.8942814706009,20.0,992.0
2013211N21088,2013,40,NI,BB,UNNAMED,2013-07-31 03:00:00,TS,21.8,83.0,20,992,newdelhi,main,0,0,_____O_________, , , , , , , , ,-5, , , , , , , , , , , , , , , , , , , , , , , , , , , , , , , , , , , , , , , , , , , , , , , , , ,21.8,83.0,D,20,992,0.00000,3, , , , , , , , , , , , , , , , , , , , , , , , , , , , , , , , , , , , , , , , , , , , , , , , , , , , , , , , , , , , , , , , , , , , , , , , , , , , , , , , , , , , , , , , , , ,14,270,2013,353.055424351482,20.0,992.0
2013211N21088,2013,40,NI,BB,UNNAMED,2013-07-31 06:00:00,TS,21.8,82.5,20,992,newdelhi,main,0,0,_____O_________, , , , , , , , ,-5, , , , , , , , , , , , , , , , , , , , , , , , , , , , , , , , , , , , , , , , , , , , , , , , , ,21.8,82.5,D,20,992,0.00000,3, , , , , , , , , , , , , , , , , , , , , , , , , , , , , , , , , , , , , , , , , , , , , , , , , , , , , , , , , , , , , , , , , , , , , , , , , , , , , , , , , , , , , , , , , , ,14,275,2013,396.9309802734086,20.0,992.0
2013211N21088,2013,40,NI,BB,UNNAMED,2013-07-31 09:00:00,TS,21.9,81.5, , , ,main,0,0,_____P_________, , , , , , , , ,-5, , , , , , , , , , , , , , , , , , , , , , , , , , , , , , , , , , , , , , , , , , , , , , , , , ,21.9,81.5,D,20,992, ,3, , , , , , , , , , , , , , , , , , , , , , , , , , , , , , , , , , , , , , , , , , , , , , , , , , , , , , , , , , , , , , , , , , , , , , , , , , , , , , , , , , , , , , , , , , ,19,275,2013,493.9491431888275,,
2013211N21088,2013,40,NI,BB,UNNAMED,2013-07-31 12:00:00,TS,22.0,80.5,20,992,newdelhi,main,0,0,_____O_________, , , , , , , , ,-5, , , , , , , , , , , , , , , , , , , , , , , , , , , , , , , , , , , , , , , , , , , , , , , , , ,22.0,80.5,D,20,992,0.00000,3, , , , , , , , , , , , , , , , , , , , , , , , , , , , , , , , , , , , , , , , , , , , , , , , , , , , , , , , , , , , , , , , , , , , , , , , , , , , , , , , , , , , , , , , , , ,15,280,2013,593.3751350720514,20.0,992.0
2013211N21088,2013,40,NI,BB,UNNAMED,2013-07-31 15:00:00,TS,22.1,79.9, , , ,main,0,0,_____P_________, , , , , , , , ,-5, , , , , , , , , , , , , , , , , , , , , , , , , , , , , , , , , , , , , , , , , , , , , , , , , ,22.1,79.9,D,20,992, ,3, , , , , , , , , , , , , , , , , , , , , , , , , , , , , , , , , , , , , , , , , , , , , , , , , , , , , , , , , , , , , , , , , , , , , , , , , , , , , , , , , , , , , , , , , , ,8,290,2013,655.2082748234209,,
2013211N21088,2013,40,NI,BB,UNNAMED,2013-07-31 18:00:00,TS,22.2,79.7, , , ,main,0,0,_____P_________, , , , , , , , ,-5, , , , , , , , , , , , , , , , , , , , , , , , , , , , , , , , , , , , , , , , , , , , , , , , , ,22.2,79.7,D,20,992, ,3, , , , , , , , , , , , , , , , , , , , , , , , , , , , , , , , , , , , , , , , , , , , , , , , , , , , , , , , , , , , , , , , , , , , , , , , , , , , , , , , , , , , , , , , , , ,3,335,2013,678.3614410607627,,
2013211N21088,2013,40,NI,BB,UNNAMED,2013-07-31 21:00:00,TS,22.4,79.8, , , ,main,0,0,_____P_________, , , , , , , , ,-5, , , , , , , , , , , , , , , , , , , , , , , , , , , , , , , , , , , , , , , , , , , , , , , , , ,22.4,79.8,D,20,992, ,3, , , , , , , , , , , , , , , , , , , , , , , , , , , , , , , , , , , , , , , , , , , , , , , , , , , , , , , , , , , , , , , , , , , , , , , , , , , , , , , , , , , , , , , , , , ,4,50,2013,676.7543813427117,,
2013211N21088,2013,40,NI,BB,UNNAMED,2013-08-01 00:00:00,TS,22.5,80.0,20,992,newdelhi,main,0, ,_____O_________, , , , , , , , ,-5, , , , , , , , , , , , , , , , , , , , , , , , , , , , , , , , , , , , , , , , , , , , , , , , , ,22.5,80.0,D,20,992,0.00000,3, , , , , , , , , , , , , , , , , , , , , , , , , , , , , , , , , , , , , , , , , , , , , , , , , , , , , , , , , , , , , , , , , , , , , , , , , , , , , , , , , , , , , , , , , , ,5,60,2013,662.1560582540511,20.0,992.0
2013232N22088,2013,51,NI,BB,UNNAMED,2013-08-20 00:00:00,TS,22.0,87.5,25,990,newdelhi,main,0,0,_____O_________, , , , , , , , ,-5, , , , , , , , , , , , , , , , , , , , , , , , , , , , , , , , , , , , , , , , , , , , , , , , , ,22.0,87.5,D,25,990,0.00000,3, , , , , , , , , , , , , , , , , , , , , , , , , , , , , , , , , , , , , , , , , , , , , , , , , , , , , , , , , , , , , , , , , , , , , , , , , , , , , , , , , , , , , , , , , , ,0,0,2013,283.8946435180654,25.0,990.0
2013232N22088,2013,51,NI,BB,UNNAMED,2013-08-20 03:00:00,TS,22.0,87.5,25,990,newdelhi,main,0,0,_____O_________, , , , , , , , ,-5, , , , , , , , , , , , , , , , , , , , , , , , , , , , , , , , , , , , , , , , , , , , , , , , , ,22.0,87.5,D,25,990,0.00000,3, , , , , , , , , , , , , , , , , , , , , , , , , , , , , , , , , , , , , , , , , , , , , , , , , , , , , , , , , , , , , , , , , , , , , , , , , , , , , , , , , , , , , , , , , , ,0,0,2013,283.8946435180654,25.0,990.0
2013232N22088,2013,51,NI,BB,UNNAMED,2013-08-20 06:00:00,TS,22.0,87.5,25,990,newdelhi,main,0,0,_____O_________, , , , , , , , ,-5, , , , , , , , , , , , , , , , , , , , , , , , , , , , , , , , , , , , , , , , , , , , , , , , , ,22.0,87.5,D,25,990,0.00000,3, , , , , , , , , , , , , , , , , , , , , , , , , , , , , , , , , , , , , , , , , , , , , , , , , , , , , , , , , , , , , , , , , , , , , , , , , , , , , , , , , , , , , , , , , , ,1,0,2013,283.8946435180654,25.0,990.0
2013232N22088,2013,51,NI,BB,UNNAMED,2013-08-20 09:00:00,TS,22.1,87.5, , , ,main,0,0,_____P_________, , , , , , , , ,-5, , , , , , , , , , , , , , , , , , , , , , , , , , , , , , , , , , , , , , , , , , , , , , , , , ,22.1,87.5,D,25,990, ,3, , , , , , , , , , , , , , , , , , , , , , , , , , , , , , , , , , , , , , , , , , , , , , , , , , , , , , , , , , , , , , , , , , , , , , , , , , , , , , , , , , , , , , , , , , ,3,0,2013,292.650264903813,,
2013232N22088,2013,51,NI,BB,UNNAMED,2013-08-20 12:00:00,TS,22.3,87.5,25,990,newdelhi,main,0,0,_____O_________, , , , , , , , ,-5, , , , , , , , , , , , , , , , , , , , , , , , , , , , , , , , , , , , , , , , , , , , , , , , , ,22.3,87.5,D,25,990,0.00000,3, , , , , , , , , , , , , , , , , , , , , , , , , , , , , , , , , , , , , , , , , , , , , , , , , , , , , , , , , , , , , , , , , , , , , , , , , , , , , , , , , , , , , , , , , , ,2,10,2013,310.6152954547237,25.0,990.0
2013232N22088,2013,51,NI,BB,UNNAMED,2013-08-20 15:00:00,TS,22.4,87.5, , , ,main,0,0,_____P_________, , , , , , , , ,-5, , , , , , , , , , , , , , , , , , , , , , , , , , , , , , , , , , , , , , , , , , , , , , , , , ,22.4,87.5,D,25,990, ,3, , , , , , , , , , , , , , , , , , , , , , , , , , , , , , , , , , , , , , , , , , , , , , , , , , , , , , , , , , , , , , , , , , , , , , , , , , , , , , , , , , , , , , , , , , ,2,10,2013,319.7992136571119,,
2013232N22088,2013,51,NI,BB,UNNAMED,2013-08-20 18:00:00,TS,22.5,87.5,25,990,newdelhi,main,0,0,_____O_________, , , , , , , , ,-5, , , , , , , , , , , , , , , , , , , , , , , , , , , , , , , , , , , , , , , , , , , , , , , , , ,22.5,87.5,D,25,990,0.00000,3, , , , , , , , , , , , , , , , , , , , , , , , , , , , , , , , , , , , , , , , , , , , , , , , , , , , , , , , , , , , , , , , , , , , , , , , , , , , , , , , , , , , , , , , , , ,6,350,2013,329.1024680130785,25.0,990.0
2013232N22088,2013,51,NI,BB,UNNAMED,2013-08-20 21:00:00,TS,22.9,87.4, , , ,main,0,0,_____P_________, , , , , , , , ,-5, , , , , , , , , , , , , , , , , , , , , , , , , , , , , , , , , , , , , , , , , , , , , , , , , ,22.9,87.4,D,23,990, ,3, , , , , , , , , , , , , , , , , , , , , , , , , , , , , , , , , , , , , , , , , , , , , , , , , , , , , , , , , , , , , , , , , , , , , , , , , , , , , , , , , , , , , , , , , , ,9,330,2013,362.48425357390073,,
2013232N22088,2013,51,NI,BB,UNNAMED,2013-08-21 00:00:00,TS,23.3,87.0,20,990,newdelhi,main,0,0,_____O_________, , , , , , , , ,-5, , , , , , , , , , , , , , , , , , , , , , , , , , , , , , , , , , , , , , , , , , , , , , , , , ,23.3,87.0,D,20,990,0.00000,3, , , , , , , , , , , , , , , , , , , , , , , , , , , , , , , , , , , , , , , , , , , , , , , , , , , , , , , , , , , , , , , , , , , , , , , , , , , , , , , , , , , , , , , , , , ,14,285,2013,387.32696064783613,20.0,990.0
2013232N22088,2013,51,NI,BB,UNNAMED,2013-08-21 03:00:00,TS,23.3,86.0,20,992,newdelhi,main,0,0,_____O_________, , , , , , , , ,-5, , , , , , , , , , , , , , , , , , , , , , , , , , , , , , , , , , , , , , , , , , , , , , , , , ,23.3,86.0,D,20,992,0.00000,3, , , , , , , , , , , , , , , , , , , , , , , , , , , , , , , , , , , , , , , , , , , , , , , , , , , , , , , , , , , , , , , , , , , , , , , , , , , , , , , , , , , , , , , , , , ,12,265,2013,367.5247405784861,20.0,992.0
2013232N22088,2013,51,NI,BB,UNNAMED,2013-08-21 06:00:00,TS,23.2,85.7,20,992,newdelhi,main,0,0,_____O_________, , , , , , , , ,-5, , , , , , , , , , , , , , , , , , , , , , , , , , , , , , , , , , , , , , , , , , , , , , , , , ,23.2,85.7,D,20,992,0.00000,3, , , , , , , , , , , , , , , , , , , , , , , , , , , , , , , , , , , , , , , , , , , , , , , , , , , , , , , , , , , , , , , , , , , , , , , , , , , , , , , , , , , , , , , , , , ,10,265,2013,355.97387348182264,20.0,992.0
2013232N22088,2013,51,NI,BB,UNNAMED,2013-08-21 09:00:00,TS,23.2,85.0, , , ,main,0,0,_____P_________, , , , , , , , ,-5, , , , , , , , , , , , , , , , , , , , , , , , , , , , , , , , , , , , , , , , , , , , , , , , , ,23.2,85.0,D,20,992, ,3, , , , , , , , , , , , , , , , , , , , , , , , , , , , , , , , , , , , , , , , , , , , , , , , , , , , , , , , , , , , , , , , , , , , , , , , , , , , , , , , , , , , , , , , , , ,16,270,2013,365.3063431608144,,
2013232N22088,2013,51,NI,BB,UNNAMED,2013-08-21 12:00:00,TS,23.2,84.0,20,991,newdelhi,main,0,0,_____O_________, , , , , , , , ,-5, , , , , , , , , , , , , , , , , , , , , , , , , , , , , , , , , , , , , , , , , , , , , , , , , ,23.2,84.0,D,20,991,0.00000,3, , , , , , , , , , , , , , , , , , , , , , , , , , , , , , , , , , , , , , , , , , , , , , , , , , , , , , , , , , , , , , , , , , , , , , , , , , , , , , , , , , , , , , , , , , ,18,270,2013,401.53267592805287,20.0,991.0
2013232N22088,2013,51,NI,BB,UNNAMED,2013-08-21 15:00:00,TS,23.2,83.0, , , ,main,0,0,_____P_________, , , , , , , , ,-5, , , , , , , , , , , , , , , , , , , , , , , , , , , , , , , , , , , , , , , , , , , , , , , , , ,23.2,83.0,D,20,993, ,3, , , , , , , , , , , , , , , , , , , , , , , , , , , , , , , , , , , , , , , , , , , , , , , , , , , , , , , , , , , , , , , , , , , , , , , , , , , , , , , , , , , , , , , , , , ,17,270,2013,458.6677301031946,,
2013232N22088,2013,51,NI,BB,UNNAMED,2013-08-21 18:00:00,TS,23.2,82.2,20,994,newdelhi,main,0,0,_____O_________, , , , , , , , ,-5, , , , , , , , , , , , , , , , , , , , , , , , , , , , , , , , , , , , , , , , , , , , , , , , , ,23.2,82.2,D,20,994,0.00000,3, , , , , , , , , , , , , , , , , , , , , , , , , , , , , , , , , , , , , , , , , , , , , , , , , , , , , , , , , , , , , , , , , , , , , , , , , , , , , , , , , , , , , , , , , , ,7,270,2013,514.8569377990633,20.0,994.0
2013232N22088,2013,51,NI,BB,UNNAMED,2013-08-21 21:00:00,TS,23.2,82.2, , , ,main,0,0,_____P_________, , , , , , , , ,-5, , , , , , , , , , , , , , , , , , , , , , , , , , , , , , , , , , , , , , , , , , , , , , , , , ,23.2,82.2,D,20,994, ,3, , , , , , , , , , , , , , , , , , , , , , , , , , , , , , , , , , , , , , , , , , , , , , , , , , , , , , , , , , , , , , , , , , , , , , , , , , , , , , , , , , , , , , , , , , ,2,270,2013,514.8569377990633,,
2013232N22088,2013,51,NI,BB,UNNAMED,2013-08-22 00:00:00,TS,23.2,82.0,20,994,newdelhi,main,0,0,_____O_________, , , , , , , , ,-5, , , , , , , , , , , , , , , , , , , , , , , , , , , , , , , , , , , , , , , , , , , , , , , , , ,23.2,82.0,D,20,994,0.00000,3, , , , , , , , , , , , , , , , , , , , , , , , , , , , , , , , , , , , , , , , , , , , , , , , , , , , , , , , , , , , , , , , , , , , , , , , , , , , , , , , , , , , , , , , , , ,14,270,2013,529.9900773177039,20.0,994.0
2013232N22088,2013,51,NI,BB,UNNAMED,2013-08-22 03:00:00,TS,23.2,80.7,20,994,newdelhi,main,0,0,_____O_________, , , , , , , , ,-5, , , , , , , , , , , , , , , , , , , , , , , , , , , , , , , , , , , , , , , , , , , , , , , , , ,23.2,80.7,D,20,994,0.00000,3, , , , , , , , , , , , , , , , , , , , , , , , , , , , , , , , , , , , , , , , , , , , , , , , , , , , , , , , , , , , , , , , , , , , , , , , , , , , , , , , , , , , , , , , , , ,16,270,2013,635.9983145009343,20.0,994.0
2013232N22088,2013,51,NI,BB,UNNAMED,2013-08-22 06:00:00,TS,23.2,80.3,20,996,newdelhi,main,0,0,_____O_________, , , , , , , , ,-5, , , , , , , , , , , , , , , , , , , , , , , , , , , , , , , , , , , , , , , , , , , , , , , , , ,23.2,80.3,D,20,996,0.00000,3, , , , , , , , , , , , , , , , , , , , , , , , , , , , , , , , , , , , , , , , , , , , , , , , , , , , , , , , , , , , , , , , , , , , , , , , , , , , , , , , , , , , , , , , , , ,5,260,2013,670.6624049711634,20.0,996.0
2013232N22088,2013,51,NI,BB,UNNAMED,2013-08-22 09:00:00,TS,23.1,80.1, , , ,main,0,0,_____P_________, , , , , , , , ,-5, , , , , , , , , , , , , , , , , , , , , , , , , , , , , , , , , , , , , , , , , , , , , , , , , ,23.1,80.1,D,20,997, ,3, , , , , , , , , , , , , , , , , , , , , , , , , , , , , , , , , , , , , , , , , , , , , , , , , , , , , , , , , , , , , , , , , , , , , , , , , , , , , , , , , , , , , , , , , , ,3,225,2013,682.7702460230993,,
2013232N22088,2013,51,NI,BB,UNNAMED,2013-08-22 12:00:00,TS,23.0,80.1,20,998,newdelhi,main,0,0,_____O_________, , , , , , , , ,-5, , , , , , , , , , , , , , , , , , , , , , , , , , , , , , , , , , , , , , , , , , , , , , , , , ,23.0,80.1,D,20,998,0.00000,3, , , , , , , , , , , , , , , , , , , , , , , , , , , , , , , , , , , , , , , , , , , , , , , , , , , , , , , , , , , , , , , , , , , , , , , , , , , , , , , , , , , , , , , , , , ,2,200,2013,677.4071466416242,20.0,998.0
2013232N22088,2013,51,NI,BB,UNNAMED,2013-08-22 15:00:00,TS,22.9,80.1, , , ,main,0,0,_____P_________, , , , , , , , ,-5, , , , , , , , , , , , , , , , , , , , , , , , , , , , , , , , , , , , , , , , , , , , , , , , , ,22.9,80.1,D,20,998, ,3, , , , , , , , , , , , , , , , , , , , , , , , , , , , , , , , , , , , , , , , , , , , , , , , , , , , , , , , , , , , , , , , , , , , , , , , , , , , , , , , , , , , , , , , , , ,2,215,2013,672.1846775783271,,
2013232N22088,2013,51,NI,BB,UNNAMED,2013-08-22 18:00:00,TS,22.9,80.0, , , ,main,0,0,_____P_________, , , , , , , , ,-5, , , , , , , , , , , , , , , , , , , , , , , , , , , , , , , , , , , , , , , , , , , , , , , , , ,22.9,80.0,D,20,998, ,3, , , , , , , , , , , , , , , , , , , , , , , , , , , , , , , , , , , , , , , , , , , , , , , , , , , , , , , , , , , , , , , , , , , , , , , , , , , , , , , , , , , , , , , , , , ,2,240,2013,681.2804859065953,,
2013232N22088,2013,51,NI,BB,UNNAMED,2013-08-22 21:00:00,TS,22.8,79.9, , , ,main,0,0,_____P_________, , , , , , , , ,-5, , , , , , , , , , , , , , , , , , , , , , , , , , , , , , , , , , , , , , , , , , , , , , , , , ,22.8,79.9,D,20,998, ,3, , , , , , , , , , , , , , , , , , , , , , , , , , , , , , , , , , , , , , , , , , , , , , , , , , , , , , , , , , , , , , , , , , , , , , , , , , , , , , , , , , , , , , , , , , ,2,250,2013,685.4807840231878,,
2013232N22088,2013,51,NI,BB,UNNAMED,2013-08-23 00:00:00,TS,22.8,79.8,20,998,newdelhi,main,0, ,_____O_________, , , , , , , , ,-5, , , , , , , , , , , , , , , , , , , , , , , , , , , , , , , , , , , , , , , , , , , , , , , , , ,22.8,79.8,D,20,998,0.00000,3, , , , , , , , , , , , , , , , , , , , , , , , , , , , , , , , , , , , , , , , , , , , , , , , , , , , , , , , , , , , , , , , , , , , , , , , , , , , , , , , , , , , , , , , , , ,2,255,2013,694.71705239187,20.0,998.0
2013281N12098,2013,75,NI,BB,PHAILIN,2013-10-07 12:00:00,DS,11.8,97.6, , , ,main,98,98,O______________,jtwc_io,IO022013,11.8,97.6, ,DB,20,1007,-3, , , , , , , , , , , , ,1011,150, , , , , , , , , , , , , , , , , , , , , , , , , , , , , , , , , , , , , , , , , , , , , , , , , , , , , , , , , , , , , , , , , , , , , , , , , , , , , , , , , , , , , , , , , , , , , , , , , , , , , , , , , , , , , , , , , , , , , , , , , , , , , , , , , , , , ,13,285,2013,1555.6225056119945,20.0,1007.0
2013281N12098,2013,75,NI,BB,PHAILIN,2013-10-07 15:00:00,DS,12.0,97.0, , , ,main,163,163,P______________, ,IO022013,12.0,97.0, ,DB,23,1006,-3, , , , , , , , , , , , ,1009,155, , , , , , , , , , , , , , , , , , , , , , , , , , , , , , , , , , , , , , , , , , , , , , , , , , , , , , , , , , , , , , , , , , , , , , , , , , , , , , , , , , , , , , , , , , , , , , , , , , , , , , , , , , , , , , , , , , , , , , , , , , , , , , , , , , , , ,12,285,2013,1490.3702483387324,23.0,1006.0
2013281N12098,2013,75,NI,BB,PHAILIN,2013-10-07 18:00:00,TS,12.1,96.4, , , ,main,229,229,O______________,jtwc_io,IO022013,12.1,96.4, ,TD,25,1004,-1, , , , , , , , , , , , ,1006,160,45, , , , , , , , , , , , , , , , , , , , , , , , , , , , , , , , , , , , , , , , , , , , , , , , , , , , , , , , , , , , , , , , , , , , , , , , , , , , , , , , , , , , , , , , , , , , , , , , , , , , , , , , , , , , , , , , , , , , , , , , , , , , , , , , , , , ,10,285,2013,1432.4441340614956,25.0,1004.0
2013281N12098,2013,75,NI,BB,PHAILIN,2013-10-07 21:00:00,TS,12.2,95.9, , , ,main,284,284,P______________, ,IO022013,12.2,95.9, ,TD,25,1004,-1, , , , , , , , , , , , ,1006,160,45, , , , , , , , , , , , , , , , , , , , , , , , , , , , , , , , , , , , , , , , , , , , , , , , , , , , , , , , , , , , , , , , , , , , , , , , , , , , , , , , , , , , , , , , , , , , , , , , , , , , , , , , , , , , , , , , , , , , , , , , , , , , , , , , , , , ,8,285,2013,1383.4913682091144,25.0,1004.0
2013281N12098,2013,75,NI,BB,PHAILIN,2013-10-08 00:00:00,TS,12.3,95.6, , , ,main,307,307,O______________,jtwc_io,IO022013,12.3,95.6, ,TD,25,1004,-1, , , , , , , , , , , , ,1006,160,45, , , , , , , , , , , , , , , , , , , , , , , , , , , , , , , , , , , , , , , , , , , , , , , , , , , , , , , , , , , , , , , , , , , , , , , , , , , , , , , , , , , , , , , , , , , , , , , , , , , , , , , , , , , , , , , , , , , , , , , , , , , , , , , , , , , ,5,290,2013,1351.4443446089358,25.0,1004.0
2013281N12098,2013,75,NI,BB,PHAILIN,2013-10-08 03:00:00,TS,12.4,95.5,25,1004,newdelhi,main,312,312,P____O_________, ,IO022013,12.5,95.3, ,TD,25,1004,-1, , , , , , , , , , , , ,1006,160,45, , , , , , , , , , , , , , , , , , , , , , , , , , , , , , , , , , ,12.0,96.0,D,25,1004,1.50000,3, , , , , , , , , , , , , , , , , , , , , , , , , , , , , , , , , , , , , , , , , , , , , , , , , , , , , , , , , , , , , , , , , , , , , , , , , , , , , , , , , , , , , , , , , , ,4,285,2013,1335.9625968414343,25.0,1004.0
2013281N12098,2013,75,NI,BB,PHAILIN,2013-10-08 06:00:00,TS,12.4,95.2,25,1004,newdelhi,main,341,341,O____O_________,jtwc_io,IO022013,12.6,95.1, ,TD,25,1004,-1, , , , , , , , , , , , ,1006,160,45, , , , , , , , , , , , , , , , , , , , , , , , , , , , , , , , , , ,12.0,95.5,D,25,1004,1.50000,3, , , , , , , , , , , , , , , , , , , , , , , , , , , , , , , , , , , , , , , , , , , , , , , , , , , , , , , , , , , , , , , , , , , , , , , , , , , , , , , , , , , , , , , , , , ,6,270,2013,1311.3378432163806,25.0,1004.0
2013281N12098,2013,75,NI,BB,PHAILIN,2013-10-08 09:00:00,TS,12.4,94.9, , , ,main,369,369,P____P_________, ,IO022013,12.7,94.8, ,TD,28,1002,-1, , , , , , , , , , , , ,1006,160,45, , , , , , , , , , , , , , , , , , , , , , , , , , , , , , , , , , ,12.0,95.0,D,25,1004, ,4, , , , , , , , , , , , , , , , , , , , , , , , , , , , , , , , , , , , , , , , , , , , , , , , , , , , , , , , , , , , , , , , , , , , , , , , , , , , , , , , , , , , , , , , , , ,7,265,2013,1287.0369903646656,28.0,1002.0
2013281N12098,2013,75,NI,BB,PHAILIN,2013-10-08 12:00:00,TS,12.4,94.5,25,1003,newdelhi,main,373,366,O____O_________,jtwc_io,IO022013,12.7,94.5, ,TD,30,1000,-1, , , , , , , , , , , , ,1006,160,45, , , , , , , , , , , , , , , , , , , , , , , , , , , , , , , , , , ,12.0,94.5,D,25,1003,1.50000,4, , , , , , , , , , , , , , , , , , , , , , , , , , , , , , , , , , , , , , , , , , , , , , , , , , , , , , , , , , , , , , , , , , , , , , , , , , , , , , , , , , , , , , , , , , ,7,280,2013,1255.1722733513711,30.0,1000.0
2013281N12098,2013,75,NI,BB,PHAILIN,2013-10-08 15:00:00,TS,12.5,94.2, , , ,main,368,349,P____P_________, ,IO022013,12.8,94.2, ,TD,30,1000,-1, , , , , , , , , , , , ,1007,173,45, , , , , , , , , , , , , , , , , , , , , , , , , , , , , , , , , , ,12.2,94.2,D,25,1003, ,4, , , , , , , , , , , , , , , , , , , , , , , , , , , , , , , , , , , , , , , , , , , , , , , , , , , , , , , , , , , , , , , , , , , , , , , , , , , , , , , , , , , , , , , , , , ,6,305,2013,1223.947901209812,30.0,1000.0
2013281N12098,2013,75,NI,BB,PHAILIN,2013-10-08 18:00:00,TS,12.7,94.0,25,1003,newdelhi,main,349,331,O____O_________,jtwc_io,IO022013,12.9,93.9, ,TD,30,1000,-1, , , , , , , , , , , , ,1007,185,45, , , , , , , , , , , , , , , , , , , , , , , , , , , , , , , , , , ,12.5,94.0,D,25,1003,1.50000,4, , , , , , , , , , , , , , , , , , , , , , , , , , , , , , , , , , , , , , , , , , , , , , , , , , , , , , , , , , , , , , , , , , , , , , , , , , , , , , , , , , , , , , , , , , ,7,310,2013,1192.8874894502444,30.0,1000.0
2013281N12098,2013,75,NI,BB,PHAILIN,2013-10-08 21:00:00,TS,12.9,93.7, , , ,main,333,317,P____P_________, ,IO022013,13.0,93.7, ,TD,33,998,-1, , , , , , , , , , , , ,1007,193,45, , , , , , , , , , , , , , , , , , , , , , , , , , , , , , , , , , ,12.8,93.7,D,28,1003, ,5, , , , , , , , , , , , , , , , , , , , , , , , , , , , , , , , , , , , , , , , , , , , , , , , , , , , , , , , , , , , , , , , , , , , , , , , , , , , , , , , , , , , , , , , , , ,6,310,2013,1154.0473568684693,33.0,998.0
2013281N12098,2013,75,NI,BB,PHAILIN,2013-10-09 00:00:00,TS,13.1,93.5,30,1002,newdelhi,main,317,317,O____O_________,jtwc_io,IO022013,13.2,93.4, ,TS,35,996,0, , , , , , , , , , , , ,1006,200,45, , , , , , , , , , , , , , , , , , , , , , , , , , , , , , , , , , ,13.0,93.5,DD,30,1002,2.00000,5, , , , , , , , , , , , , , , , , , , , , , , , , , , , , , , , , , , , , , , , , , , , , , , , , , , , , , , , , , , , , , , , , , , , , , , , , , , , , , , , , , , , , , , , , , ,4,300,2013,1123.0090523531535,35.0,996.0
2013281N12098,2013,75,NI,BB,PHAILIN,2013-10-09 03:00:00,TS,13.2,93.3,30,1001,newdelhi,main,314,314,P____O_________, ,IO022013,13.3,93.1, ,TS,38,995,0, , , , , , , , , , , , ,1007,200,45, , , , , , , , , , , , , , , , , , , , , , , , , , , , , , , , , , ,13.0,93.5,DD,30,1001,2.00000,5, , , , , , , , , , , , , , , , , , , , , , , , , , , , , , , , , , , , , , , , , , , , , , , , , , , , , , , , , , , , , , , , , , , , , , , , , , , , , , , , , , , , , , , , , , ,5,280,2013,1099.7403200745498,38.0,995.0
2013281N12098,2013,75,NI,BB,PHAILIN,2013-10-09 06:00:00,TS,13.2,92.9,30,1000,newdelhi,main,332,322,O____O_________,jtwc_io,IO022013,13.4,92.8, ,TS,40,993,0,55,50,50,55, , , , , , , , ,1007,200,45, , , , , , , , , , , , , , , , , , , , , , , , , , , , , , , , , , ,13.0,93.0,DD,30,1000,2.00000,6, , , , , , , , , , , , , , , , , , , , , , , , , , , , , , , , , , , , , , , , , , , , , , , , , , , , , , , , , , , , , , , , , , , , , , , , , , , , , , , , , , , , , , , , , , ,8,295,2013,1069.2184097366976,40.0,993.0
2013281N12098,2013,75,NI,BB,PHAILIN,2013-10-09 09:00:00,TS,13.5,92.5,30,1000,newdelhi,main,328,320,P____O_________, ,IO022013,13.5,92.5, ,TS,43,991,0,55,50,50,55, , , , , , , , ,1007,200,45, , , , , , , , , , , , , , , , , , , , , , , , , , , , , , , , , , ,13.5,92.5,DD,30,1000,2.00000,6, , , , , , , , , , , , , , , , , , , , , , , , , , , , , , , , , , , , , , , , , , , , , , , , , , , , , , , , , , , , , , , , , , , , , , , , , , , , , , , , , , , , , , , , , , ,6,310,2013,1015.1767084457404,43.0,991.0
2013281N12098,2013,75,NI,BB,PHAILIN,2013-10-09 12:00:00,TS,13.6,92.4,35,999,newdelhi,main,327,326,O____O_________,jtwc_io,IO022013,13.7,92.3, ,TS,45,989,0,55,50,50,55, , , , , , , , ,1007,200,45, , , , , , , , , , , , , , , , , , , , , , , , , , , , , , , , , , ,13.5,92.5,CS,35,999,2.50000,7, , , , , , , , , , , , , , , , , , , , , , , , , , , , , , , , , , , , , , , , , , , , , , , , , , , , , , , , , , , , , , , , , , , , , , , , , , , , , , , , , , , , , , , , , , ,3,310,2013,999.6692166263715,45.0,989.0
2013281N12098,2013,75,NI,BB,PHAILIN,2013-10-09 15:00:00,TS,13.7,92.3,35,999,newdelhi,main,326,325,P____O_________, ,IO022013,13.8,92.0, ,TS,50,986,0,55,53,55,60, , , , , , , , ,1007,205,45, , , , , , , , , , , , , , , , , , , , , , , , , , , , , , , , , , ,13.6,92.5,CS,35,999,2.50000,7, , , , , , , , , , , , , , , , , , , , , , , , , , , , , , , , , , , , , , , , , , , , , , , , , , , , , , , , , , , , , , , , , , , , , , , , , , , , , , , , , , , , , , , , , , ,6,310,2013,984.1648430591661,50.0,986.0
2013281N12098,2013,75,NI,BB,PHAILIN,2013-10-09 18:00:00,TS,14.0,91.9,40,998,newdelhi,main,333,333,O____O_________,jtwc_io,IO022013,14.0,91.8, ,TS,55,982,0,55,55,60,65, , , , , , , , ,1007,210,45, , , , , , , , , , , , , , , , , , , , , , , , , , , , , , , , , , ,14.0,92.0,CS,40,998,2.50000,8, , , , , , , , , , , , , , , , , , , , , , , , , , , , , , , , , , , , , , , , , , , , , , , , , , , , , , , , , , , , , , , , , , , , , , , , , , , , , , , , , , , , , , , , , , ,6,310,2013,930.2348013553365,55.0,982.0
2013281N12098,2013,75,NI,BB,PHAILIN,2013-10-09 21:00:00,TS,14.1,91.8,45,996,newdelhi,main,334,331,P____O_________, ,IO022013,14.2,91.6, ,TS,60,978,0,60,60,65,70, , , , , , , , ,1007,210,33, , , , , , , , , , , , , , , , , , , , , , , , , , , , , , , , , , ,14.0,92.0,CS,45,996,3.00000,10, , , , , , , , , , , , , , , , , , , , , , , , , , , , , , , , , , , , , , , , , , , , , , , , , , , , , , , , , , , , , , , , , , , , , , , , , , , , , , , , , , , , , , , , , , ,7,315,2013,914.7443485369953,60.0,978.0
2013281N12098,2013,75,NI,BB,PHAILIN,2013-10-10 00:00:00,TS,14.5,91.4,45,996,newdelhi,main,344,344,O____O_________,jtwc_io,IO022013,14.5,91.3, ,TY,65,974,1,65,65,70,75,20,20,20,20, , , , ,1007,210,20, , , , , , , , , , , , , , , , , , , , , , , , , , , , , , , , , , ,14.5,91.5,CS,45,996,3.00000,10, , , , , , , , , , , , , , , , , , , , , , , , , , , , , , , , , , , , , , , , , , , , , , , , , , , , , , , , , , , , , , , , , , , , , , , , , , , , , , , , , , , , , , , , , , ,9,305,2013,852.8148115772143,65.0,974.0
2013281N12098,2013,75,NI,BB,PHAILIN,2013-10-10 03:00:00,TS,14.6,91.0,55,990,newdelhi,main,377,372,P____O_________, ,IO022013,14.8,91.1, ,TY,78,965,1,68,68,73,78,23,23,23,23, , , , ,1007,205,18, , , , , , , , , , , , , , , , , , , , , , , , , , , , , , , , , , ,14.5,91.0,SCS,55,990,3.50000,15, , , , , , , , , , , , , , , , , , , , , , , , , , , , , , , , , , , , , , , , , , , , , , , , , , , , , , , , , , , , , , , , , , , , , , , , , , , , , , , , , , , , , , , , , , ,9,305,2013,815.4746635176656,78.0,965.0
2013281N12098,2013,75,NI,BB,PHAILIN,2013-10-10 06:00:00,TS,15.0,90.7,65,984,newdelhi,main,391,391,O____O_________,jtwc_io,IO022013,15.0,90.8, ,TY,90,956,2,70,70,75,80,25,25,25,25,10,10,10,10,1006,200,15,20, , , , , , , , , , , , , , , , , , , , , , , , , , , , , , , , , ,15.0,90.5,VSCS,65,984,4.00000,22, , , , , , , , , , , , , , , , , , , , , , , , , , , , , , , , , , , , , , , , , , , , , , , , , , , , , , , , , , , , , , , , , , , , , , , , , , , , , , , , , , , , , , , , , , ,7,315,2013,760.8505511481983,90.0,956.0
2013281N12098,2013,75,NI,BB,PHAILIN,2013-10-10 09:00:00,TS,15.1,90.5,70,982,newdelhi,main,409,406,P____O_________, ,IO022013,15.2,90.5, ,TY,100,949,3,70,70,75,80,25,25,25,25,13,13,13,13,1006,200,14, , , , , , , , , , , , , , , , , , , , , , , , , , , , , , , , , , ,15.0,90.5,VSCS,70,982,4.00000,24, , , , , , , , , , , , , , , , , , , , , , , , , , , , , , , , , , , , , , , , , , , , , , , , , , , , , , , , , , , , , , , , , , , , , , , , , , , , , , , , , , , , , , , , , , ,7,310,2013,738.2080451209637,100.0,949.0
2013281N12098,2013,75,NI,BB,PHAILIN,2013-10-10 12:00:00,TS,15.4,90.1,75,976,newdelhi,main,442,442,O____O_________,jtwc_io,IO022013,15.4,90.2, ,TY,110,941,3,70,70,75,80,25,25,25,25,15,15,15,15,1005,200,12,15, , , , , , , , , , , , , , , , , , , , , , , , , , , , , , , , , ,15.5,90.0,VSCS,75,976,4.50000,30, , , , , , , , , , , , , , , , , , , , , , , , , , , , , , , , , , , , , , , , , , , , , , , , , , , , , , , , , , , , , , , , , , , , , , , , , , , , , , , , , , , , , , , , , , ,7,305,2013,684.8050964643332,110.0,941.0
2013281N12098,2013,75,NI,BB,PHAILIN,2013-10-10 15:00:00,TS,15.5,89.9,90,966,newdelhi,main,463,463,P____O_________, ,IO022013,15.5,89.8, ,TY,120,934,4,78,75,78,83,30,30,30,30,18,18,18,18,1005,200,12, , , , , , , , , , , , , , , , , , , , , , , , , , , , , , , , , , ,15.5,90.0,VSCS,90,966,5.00000,40, , , , , , , , , , , , , , , , , , , , , , , , , , , , , , , , , , , , , , , , , , , , , , , , , , , , , , , , , , , , , , , , , , , , , , , , , , , , , , , , , , , , , , , , , , ,6,280,2013,662.3969182379782,120.0,934.0
2013281N12098,2013,75,NI,BB,PHAILIN,2013-10-10 18:00:00,TS,15.6,89.5,95,960,newdelhi,main,505,505,O____O_________,jtwc_io,IO022013,15.6,89.4, ,ST,130,926,4,85,80,80,85,35,35,35,35,20,20,20,20,1004,200,12,15, , , , , , , , , , , , , , , , , , , , , , , , , , , , , , , , , ,15.5,89.5,VSCS,95,960,5.00000,46, , , , , , , , , , , , , , , , , , , , , , , , , , , , , , , , , , , , , , , , , , , , , , , , , , , , , , , , , , , , , , , , , , , , , , , , , , , , , , , , , , , , , , , , , , ,9,275,2013,626.6727843234976,130.0,926.0
2013281N12098,2013,75,NI,BB,PHAILIN,2013-10-10 21:00:00,TS,15.6,89.0,100,954,newdelhi,main,558,524,P____O_________, ,IO022013,15.6,89.0, ,ST,133,924,4,88,83,80,90,40,40,45,45,25,25,25,25,1004,210,12, , , , , , , , , , , , , , , , , , , , , , , , , , , , , , , , , , ,15.5,89.0,VSCS,100,954,5.50000,52, , , , , , , , , , , , , , , , , , , , , , , , , , , , , , , , , , , , , , , , , , , , , , , , , , , , , , , , , , , , , , , , , , , , , , , , , , , , , , , , , , , , , , , , , , ,9,290,2013,595.0422327158392,133.0,924.0
2013281N12098,2013,75,NI,BB,PHAILIN,2013-10-11 00:00:00,TS,15.9,88.6,110,946,newdelhi,main,514,509,O____O_________,jtwc_io,IO022013,15.7,88.7, ,ST,135,922,4,90,85,80,95,45,45,55,55,30,30,30,30,1004,220,12,15, , , , , , , , , , , , , , , , , , , , , , , , , , , , , , , , , ,16.0,88.5,VSCS,110,946,5.50000,60, , , , , , , , , , , , , , , , , , , , , , , , , , , , , , , , , , , , , , , , , , , , , , , , , , , , , , , , , , , , , , , , , , , , , , , , , , , , , , , , , , , , , , , , , , ,6,305,2013,543.6197854922365,135.0,922.0
2013281N12098,2013,75,NI,BB,PHAILIN,2013-10-11 03:00:00,TS,15.9,88.5,115,940,newdelhi,main,509,480,P____O_________, ,IO022013,15.9,88.5, ,ST,135,922,4,90,85,80,95,45,45,55,55,30,30,30,30,1005,220,12, , , , , , , , , , , , , , , , , , , , , , , , , , , , , , , , , , ,16.0,88.5,VSCS,115,940,6.00000,66, , , , , , , , , , , , , , , , , , , , , , , , , , , , , , , , , , , , , , , , , , , , , , , , , , , , , , , , , , , , , , , , , , , , , , , , , , , , , , , , , , , , , , , , , , ,4,315,2013,537.9327764766281,135.0,922.0
2013281N12098,2013,75,NI,BB,PHAILIN,2013-10-11 06:00:00,TS,16.2,88.3,115,940,newdelhi,main,470,436,O____O_________,jtwc_io,IO022013,16.1,88.3, ,ST,135,922,4,90,85,80,95,45,45,55,55,30,30,30,30,1005,220,12,15, , , , , , , , , , , , , , , , , , , , , , , , , , , , , , , , , ,16.2,88.3,VSCS,115,940,6.00000,66, , , , , , , , , , , , , , , , , , , , , , , , , , , , , , , , , , , , , , , , , , , , , , , , , , , , , , , , , , , , , , , , , , , , , , , , , , , , , , , , , , , , , , , , , , ,7,320,2013,498.32116176807455,135.0,922.0
2013281N12098,2013,75,NI,BB,PHAILIN,2013-10-11 09:00:00,TS,16.5,88.0,115,940,newdelhi,main,426,393,P____O_________, ,IO022013,16.4,88.0, ,ST,138,920,5,90,85,80,95,45,45,55,55,30,30,30,30,1004,215,11, , , , , , , , , , , , , , , , , , , , , , , , , , , , , , , , , , ,16.5,88.0,VSCS,115,940,6.00000,66, , , , , , , , , , , , , , , , , , , , , , , , , , , , , , , , , , , , , , , , , , , , , , , , , , , , , , , , , , , , , , , , , , , , , , , , , , , , , , , , , , , , , , , , , , ,8,315,2013,453.2264895583329,138.0,920.0
2013281N12098,2013,75,NI,BB,PHAILIN,2013-10-11 12:00:00,TS,16.8,87.7,115,940,newdelhi,main,383,363,O____O_________,jtwc_io,IO022013,16.7,87.7, ,ST,140,918,5,90,85,80,95,45,45,55,55,30,30,30,30,1002,210,10,10, , , , , , , , , , , , , , , , , , , , , , , , , , , , , , , , , ,16.8,87.7,VSCS,115,940,6.00000,66, , , , , , , , , , , , , , , , , , , , , , , , , , , , , , , , , , , , , , , , , , , , , , , , , , , , , , , , , , , , , , , , , , , , , , , , , , , , , , , , , , , , , , , , , , ,8,295,2013,408.3922622695744,140.0,918.0
2013281N12098,2013,75,NI,BB,PHAILIN,2013-10-11 15:00:00,TS,16.8,87.3,115,940,newdelhi,main,363,331,P____O_________, ,IO022013,16.8,87.3, ,ST,140,918,5,95,88,85,98,45,45,55,55,30,30,30,30,1003,215,10, , , , , , , , , , , , , , , , , , , , , , , , , , , , , , , , , , ,16.9,87.2,VSCS,115,940,6.00000,66, , , , , , , , , , , , , , , , , , , , , , , , , , , , , , , , , , , , , , , , , , , , , , , , , , , , , , , , , , , , , , , , , , , , , , , , , , , , , , , , , , , , , , , , , , ,7,285,2013,389.42218781535615,140.0,918.0
2013281N12098,2013,75,NI,BB,PHAILIN,2013-10-11 18:00:00,TS,16.9,87.0,115,940,newdelhi,main,331,300,O____O_________,jtwc_io,IO022013,16.8,87.0, ,ST,140,918,5,100,90,90,100,45,45,55,55,30,30,30,30,1003,220,10,10, , , , , , , , , , , , , , , , , , , , , , , , , , , , , , , , , ,17.0,87.0,VSCS,115,940,6.00000,66, , , , , , , , , , , , , , , , , , , , , , , , , , , , , , , , , , , , , , , , , , , , , , , , , , , , , , , , , , , , , , , , , , , , , , , , , , , , , , , , , , , , , , , , , , ,6,295,2013,367.2017205815001,140.0,918.0
2013281N12098,2013,75,NI,BB,PHAILIN,2013-10-11 21:00:00,TS,17.1,86.7,115,940,newdelhi,main,292,254,P____O_________, ,IO022013,17.1,86.7, ,ST,140,918,5,110,100,100,110,53,50,55,58,30,30,30,30,1004,215,10, , , , , , , , , , , , , , , , , , , , , , , , , , , , , , , , , , ,17.1,86.8,VSCS,115,940,6.00000,66, , , , , , , , , , , , , , , , , , , , , , , , , , , , , , , , , , , , , , , , , , , , , , , , , , , , , , , , , , , , , , , , , , , , , , , , , , , , , , , , , , , , , , , , , , ,8,315,2013,336.1290768610753,140.0,918.0
2013281N12098,2013,75,NI,BB,PHAILIN,2013-10-12 00:00:00,TS,17.5,86.5,115,940,newdelhi,main,247,200,O____O_________,jtwc_io,IO022013,17.4,86.4, ,ST,140,918,5,120,110,110,120,60,55,55,60,30,30,30,30,1004,210,10,10, , , , , , , , , , , , , , , , , , , , , , , , , , , , , , , , , ,17.5,86.5,VSCS,115,940,6.00000,66, , , , , , , , , , , , , , , , , , , , , , , , , , , , , , , , , , , , , , , , , , , , , , , , , , , , , , , , , , , , , , , , , , , , , , , , , , , , , , , , , , , , , , , , , , ,9,315,2013,287.5905219592988,140.0,918.0
2013281N12098,2013,75,NI,BB,PHAILIN,2013-10-12 03:00:00,TS,17.7,86.0,115,940,newdelhi,main,192,155,P____O_________, ,IO022013,17.7,86.1, ,ST,138,920,5,120,110,110,120,60,55,55,60,30,30,30,30,1004,210,13, , , , , , , , , , , , , , , , , , , , , , , , , , , , , , , , , , ,17.8,86.0,VSCS,115,940,6.00000,66, , , , , , , , , , , , , , , , , , , , , , , , , , , , , , , , , , , , , , , , , , , , , , , , , , , , , , , , , , , , , , , , , , , , , , , , , , , , , , , , , , , , , , , , , , ,9,310,2013,256.61269170671295,138.0,920.0
2013281N12098,2013,75,NI,BB,PHAILIN,2013-10-12 06:00:00,TS,18.1,85.8,115,940,newdelhi,main,148,104,O____O_________,jtwc_io,IO022013,18.0,85.8, ,ST,135,922,4,120,110,110,120,60,55,55,60,30,30,30,30,1004,210,15,20, , , , , , , , , , , , , , , , , , , , , , , , , , , , , , , , , ,18.1,85.7,VSCS,115,940,6.00000,66, , , , , , , , , , , , , , , , , , , , , , , , , , , , , , , , , , , , , , , , , , , , , , , , , , , , , , , , , , , , , , , , , , , , , , , , , , , , , , , , , , , , , , , , , , ,9,320,2013,211.27036062466144,135.0,922.0
2013281N12098,2013,75,NI,BB,PHAILIN,2013-10-12 09:00:00,TS,18.5,85.4,115,940,newdelhi,main,90,62,P____O_________, ,IO022013,18.3,85.5, ,ST,130,926,4,120,110,110,113,58,53,53,53,28,28,28,28,1004,210,13, , , , , , , , , , , , , , , , , , , , , , , , , , , , , , , , , , ,18.6,85.4,VSCS,115,940,6.00000,66, , , , , , , , , , , , , , , , , , , , , , , , , , , , , , , , , , , , , , , , , , , , , , , , , , , , , , , , , , , , , , , , , , , , , , , , , , , , , , , , , , , , , , , , , , ,8,320,2013,171.9965721951758,130.0,926.0
2013281N12098,2013,75,NI,BB,PHAILIN,2013-10-12 12:00:00,TS,18.7,85.2,115,940,newdelhi,main,62,30,O____O_________,jtwc_io,IO022013,18.7,85.2, ,TY,125,929,4,120,110,110,105,55,50,50,45,25,25,25,25,1004,210,10,10, , , , , , , , , , , , , , , , , , , , , , , , , , , , , , , , , ,18.7,85.2,VSCS,115,940,6.00000,66, , , , , , , , , , , , , , , , , , , , , , , , , , , , , , , , , , , , , , , , , , , , , , , , , , , , , , , , , , , , , , , , , , , , , , , , , , , , , , , , , , , , , , , , , , ,7,335,2013,157.66398861217777,125.0,929.0
2013281N12098,2013,75,NI,BB,PHAILIN,2013-10-12 15:00:00,TS,19.1,85.1,115,940,newdelhi,main,30,0,P____O_________, ,IO022013,19.1,85.0, ,TY,113,939,4,120,110,110,105,55,50,50,45,25,25,25,25,1003,215,10, , , , , , , , , , , , , , , , , , , , , , , , , , , , , , , , , , ,19.1,85.2,VSCS,115,940,6.00000,66, , , , , , , , , , , , , , , , , , , , , , , , , , , , , , , , , , , , , , , , , , , , , , , , , , , , , , , , , , , , , , , , , , , , , , , , , , , , , , , , , , , , , , , , , , ,9,335,2013,124.07671985455258,113.0,939.0
2013281N12098,2013,75,NI,BB,PHAILIN,2013-10-12 18:00:00,TS,19.5,84.9,100,956,newdelhi,main,0,0,O____O_________,jtwc_io,IO022013,19.5,84.9, ,TY,100,948,3,120,110,110,105,55,50,50,45,25,25,25,25,1002,220,10,10, , , , , , , , , , , , , , , , , , , , , , , , , , , , , , , , , ,19.5,84.8,VSCS,100,956,0.00000,50, , , , , , , , , , , , , , , , , , , , , , , , , , , , , , , , , , , , , , , , , , , , , , , , , , , , , , , , , , , , , , , , , , , , , , , , , , , , , , , , , , , , , , , , , , ,10,330,2013,109.37308193320527,100.0,948.0
2013281N12098,2013,75,NI,BB,PHAILIN,2013-10-12 21:00:00,TS,19.9,84.6,90,966,newdelhi,main,0,0,P____O_________, ,IO022013,19.9,84.7, ,TY,88,958,2,120,110,110,105,55,50,50,45,25,25,25,25,1002,193,10, , , , , , , , , , , , , , , , , , , , , , , , , , , , , , , , , , ,20.0,84.5,VSCS,90,966,0.00000,40, , , , , , , , , , , , , , , , , , , , , , , , , , , , , , , , , , , , , , , , , , , , , , , , , , , , , , , , , , , , , , , , , , , , , , , , , , , , , , , , , , , , , , , , , , ,10,340,2013,125.91827809643722,88.0,958.0
2013281N12098,2013,75,NI,BB,PHAILIN,2013-10-13 00:00:00,TS,20.4,84.5,75,976,newdelhi,main,0,0,O____O_________,jtwc_io,IO022013,20.3,84.5, ,TY,75,967,1,120,110,110,105,55,50,50,45,25,25,25,25,1001,165,10, , , , , , , , , , , , , , , , , , , , , , , , , , , , , , , , , , ,20.5,84.5,VSCS,75,976,0.00000,30, , , , , , , , , , , , , , , , , , , , , , , , , , , , , , , , , , , , , , , , , , , , , , , , , , , , , , , , , , , , , , , , , , , , , , , , , , , , , , , , , , , , , , , , , , ,11,335,2013,142.76682736598593,75.0,967.0
2013281N12098,2013,75,NI,BB,PHAILIN,2013-10-13 03:00:00,TS,20.9,84.1,55,990,newdelhi,main,0,0,P____O_________, ,IO022013,20.8,84.3, ,TY,63,976,0,120,110,110,105, , , , , , , , ,1001,165,10, , , , , , , , , , , , , , , , , , , , , , , , , , , , , , , , , , ,21.0,84.0,SCS,55,990,0.00000,15, , , , , , , , , , , , , , , , , , , , , , , , , , , , , , , , , , , , , , , , , , , , , , , , , , , , , , , , , , , , , , , , , , , , , , , , , , , , , , , , , , , , , , , , , , ,12,340,2013,203.43237507461743,63.0,976.0
2013281N12098,2013,75,NI,BB,PHAILIN,2013-10-13 06:00:00,TS,21.5,84.0,40,992,newdelhi,main,0,0,O____O_________,jtwc_io,IO022013,21.5,84.1, ,TS,50,985,0,120,110,110,105, , , , , , , , ,1001,165,10, , , , , , , , , , , , , , , , , , , , , , , , , , , , , , , , , , ,21.5,84.0,CS,40,992,0.00000,13, , , , , , , , , , , , , , , , , , , , , , , , , , , , , , , , , , , , , , , , , , , , , , , , , , , , , , , , , , , , , , , , , , , , , , , , , , , , , , , , , , , , , , , , , , ,11,350,2013,250.69579899670208,50.0,985.0
2013281N12098,2013,75,NI,BB,PHAILIN,2013-10-13 09:00:00,TS,22.0,83.9,35,993,newdelhi,main,0,0,P____O_________, ,IO022013,22.3,84.1, ,TS,45,989,0,120,110,110,105, , , , , , , , ,1001,165,10, , , , , , , , , , , , , , , , , , , , , , , , , , , , , , , , , , ,21.8,83.8,CS,35,993,0.00000,12, , , , , , , , , , , , , , , , , , , , , , , , , , , , , , , , , , , , , , , , , , , , , , , , , , , , , , , , , , , , , , , , , , , , , , , , , , , , , , , , , , , , , , , , , , ,11,350,2013,297.2437903811864,45.0,989.0
2013281N12098,2013,75,NI,BB,PHAILIN,2013-10-13 12:00:00,TS,22.6,83.9,35,994,newdelhi,main,0,0,O____O_________,jtwc_io,IO022013,23.1,84.1, ,TS,40,993,0,120,110,110,105, , , , , , , , ,1001,165,10, , , , , , , , , , , , , , , , , , , , , , , , , , , , , , , , , , ,22.5,83.8,CS,35,994,0.00000,10, , , , , , , , , , , , , , , , , , , , , , , , , , , , , , , , , , , , , , , , , , , , , , , , , , , , , , , , , , , , , , , , , , , , , , , , , , , , , , , , , , , , , , , , , , ,9,345,2013,349.74002781746077,40.0,993.0
2013281N12098,2013,75,NI,BB,PHAILIN,2013-10-13 15:00:00,TS,22.8,83.6, , , ,main,0,0,_____P_________, ,IO022013, , , ,TS, , ,-5, , , , , , , , , , , , , , , , , , , , , , , , , , , , , , , , , , , , , , , , , , , , , , , , , ,22.8,83.6,CS,33,995, ,8, , , , , , , , , , , , , , , , , , , , , , , , , , , , , , , , , , , , , , , , , , , , , , , , , , , , , , , , , , , , , , , , , , , , , , , , , , , , , , , , , , , , , , , , , , ,5,320,2013,385.741238839897,,
2013281N12098,2013,75,NI,BB,PHAILIN,2013-10-13 18:00:00,TS,23.0,83.5,30,996,newdelhi,main,0,0,_____O_________, , , , , , , , ,-5, , , , , , , , , , , , , , , , , , , , , , , , , , , , , , , , , , , , , , , , , , , , , , , , , ,23.0,83.5,DD,30,996,0.00000,6, , , , , , , , , , , , , , , , , , , , , , , , , , , , , , , , , , , , , , , , , , , , , , , , , , , , , , , , , , , , , , , , , , , , , , , , , , , , , , , , , , , , , , , , , , ,4,10,2013,409.7320227199605,30.0,996.0
2013281N12098,2013,75,NI,BB,PHAILIN,2013-10-13 21:00:00,TS,23.2,83.7, , , ,main,0,0,_____P_________, , , , , , , , ,-5, , , , , , , , , , , , , , , , , , , , , , , , , , , , , , , , , , , , , , , , , , , , , , , , , ,23.2,83.7,DD,30,998, ,6, , , , , , , , , , , , , , , , , , , , , , , , , , , , , , , , , , , , , , , , , , , , , , , , , , , , , , , , , , , , , , , , , , , , , , , , , , , , , , , , , , , , , , , , , , ,7,45,2013,416.8083755955607,,
2013281N12098,2013,75,NI,BB,PHAILIN,2013-10-14 00:00:00,TS,23.5,84.0,30,1000,newdelhi,main,0,0,_____O_________, , , , , , , , ,-5, , , , , , , , , , , , , , , , , , , , , , , , , , , , , , , , , , , , , , , , , , , , , , , , , ,23.5,84.0,DD,30,1000,0.00000,5, , , , , , , , , , , , , , , , , , , , , , , , , , , , , , , , , , , , , , , , , , , , , , , , , , , , , , , , , , , , , , , , , , , , , , , , , , , , , , , , , , , , , , , , , , ,8,30,2013,431.2842623085956,30.0,1000.0
2013281N12098,2013,75,NI,BB,PHAILIN,2013-10-14 03:00:00,TS,23.9,84.2, , , ,main,0,0,_____P_________, , , , , , , , ,-5, , , , , , , , , , , , , , , , , , , , , , , , , , , , , , , , , , , , , , , , , , , , , , , , , ,23.9,84.2,DD,28,1002, ,4, , , , , , , , , , , , , , , , , , , , , , , , , , , , , , , , , , , , , , , , , , , , , , , , , , , , , , , , , , , , , , , , , , , , , , , , , , , , , , , , , , , , , , , , , , ,10,10,2013,463.97767747176033,,
2013281N12098,2013,75,NI,BB,PHAILIN,2013-10-14 06:00:00,TS,24.5,84.2,25,1004,newdelhi,main,0, ,_____O_________, , , , , , , , ,-5, , , , , , , , , , , , , , , , , , , , , , , , , , , , , , , , , , , , , , , , , , , , , , , , , ,24.5,84.2,D,25,1004,0.00000,3, , , , , , , , , , , , , , , , , , , , , , , , , , , , , , , , , , , , , , , , , , , , , , , , , , , , , , , , , , , , , , , , , , , , , , , , , , , , , , , , , , , , , , , , , , ,11,5,2013,526.7547492199948,25.0,1004.0
2014202N22087,2014,44,NI,BB,UNNAMED,2014-07-21 03:00:00,TS,22.0,87.0,25,988,newdelhi,main,0,0,_____O_________, , , , , , , , ,-5, , , , , , , , , , , , , , , , , , , , , , , , , , , , , , , , , , , , , , , , , , , , , , , , , ,22.0,87.0,D,25,988,0.00000,4, , , , , , , , , , , , , , , , , , , , , , , , , , , , , , , , , , , , , , , , , , , , , , , , , , , , , , , , , , , , , , , , , , , , , , , , , , , , , , , , , , , , , , , , , , ,12,290,2014,254.89783747762638,25.0,988.0
2014202N22087,2014,44,NI,BB,UNNAMED,2014-07-21 06:00:00,TS,22.2,86.4,20,988,newdelhi,main,0,0,_____O_________, , , , , , , , ,-5, , , , , , , , , , , , , , , , , , , , , , , , , , , , , , , , , , , , , , , , , , , , , , , , , ,22.2,86.4,D,20,988,0.00000,4, , , , , , , , , , , , , , , , , , , , , , , , , , , , , , , , , , , , , , , , , , , , , , , , , , , , , , , , , , , , , , , , , , , , , , , , , , , , , , , , , , , , , , , , , , ,13,285,2014,252.42200487748283,20.0,988.0
2014202N22087,2014,44,NI,BB,UNNAMED,2014-07-21 09:00:00,TS,22.4,85.7, , , ,main,0,0,_____P_________, , , , , , , , ,-5, , , , , , , , , , , , , , , , , , , , , , , , , , , , , , , , , , , , , , , , , , , , , , , , , ,22.4,85.7,D,20,988, ,4, , , , , , , , , , , , , , , , , , , , , , , , , , , , , , , , , , , , , , , , , , , , , , , , , , , , , , , , , , , , , , , , , , , , , , , , , , , , , , , , , , , , , , , , , , ,13,285,2014,267.0690672180684,,
2014202N22087,2014,44,NI,BB,UNNAMED,2014-07-21 12:00:00,TS,22.5,85.0,20,988,newdelhi,main,0,0,_____O_________, , , , , , , , ,-5, , , , , , , , , , , , , , , , , , , , , , , , , , , , , , , , , , , , , , , , , , , , , , , , , ,22.5,85.0,D,20,988,0.00000,4, , , , , , , , , , , , , , , , , , , , , , , , , , , , , , , , , , , , , , , , , , , , , , , , , , , , , , , , , , , , , , , , , , , , , , , , , , , , , , , , , , , , , , , , , , ,11,275,2014,290.0845125727795,20.0,988.0
2014202N22087,2014,44,NI,BB,UNNAMED,2014-07-21 15:00:00,TS,22.5,84.5, , , ,main,0,0,_____P_________, , , , , , , , ,-5, , , , , , , , , , , , , , , , , , , , , , , , , , , , , , , , , , , , , , , , , , , , , , , , , ,22.5,84.5,D,20,989, ,4, , , , , , , , , , , , , , , , , , , , , , , , , , , , , , , , , , , , , , , , , , , , , , , , , , , , , , , , , , , , , , , , , , , , , , , , , , , , , , , , , , , , , , , , , , ,9,270,2014,308.90688067442596,,
2014202N22087,2014,44,NI,BB,UNNAMED,2014-07-21 18:00:00,TS,22.5,84.0,20,990,newdelhi,main,0,0,_____O_________, , , , , , , , ,-5, , , , , , , , , , , , , , , , , , , , , , , , , , , , , , , , , , , , , , , , , , , , , , , , , ,22.5,84.0,D,20,990,0.00000,4, , , , , , , , , , , , , , , , , , , , , , , , , , , , , , , , , , , , , , , , , , , , , , , , , , , , , , , , , , , , , , , , , , , , , , , , , , , , , , , , , , , , , , , , , , ,9,270,2014,334.76339747436964,20.0,990.0
2014202N22087,2014,44,NI,BB,UNNAMED,2014-07-21 21:00:00,TS,22.5,83.5, , , ,main,0,0,_____P_________, , , , , , , , ,-5, , , , , , , , , , , , , , , , , , , , , , , , , , , , , , , , , , , , , , , , , , , , , , , , , ,22.5,83.5,D,20,990, ,4, , , , , , , , , , , , , , , , , , , , , , , , , , , , , , , , , , , , , , , , , , , , , , , , , , , , , , , , , , , , , , , , , , , , , , , , , , , , , , , , , , , , , , , , , , ,9,270,2014,366.16672685029107,,
2014202N22087,2014,44,NI,BB,UNNAMED,2014-07-22 00:00:00,TS,22.5,83.0,20,990,newdelhi,main,0,0,_____O_________, , , , , , , , ,-5, , , , , , , , , , , , , , , , , , , , , , , , , , , , , , , , , , , , , , , , , , , , , , , , , ,22.5,83.0,D,20,990,0.00000,4, , , , , , , , , , , , , , , , , , , , , , , , , , , , , , , , , , , , , , , , , , , , , , , , , , , , , , , , , , , , , , , , , , , , , , , , , , , , , , , , , , , , , , , , , , ,9,270,2014,401.8181916520379,20.0,990.0
2014202N22087,2014,44,NI,BB,UNNAMED,2014-07-22 03:00:00,TS,22.5,82.5,20,990,newdelhi,main,0,0,_____O_________, , , , , , , , ,-5, , , , , , , , , , , , , , , , , , , , , , , , , , , , , , , , , , , , , , , , , , , , , , , , , ,22.5,82.5,D,20,990,0.00000,4, , , , , , , , , , , , , , , , , , , , , , , , , , , , , , , , , , , , , , , , , , , , , , , , , , , , , , , , , , , , , , , , , , , , , , , , , , , , , , , , , , , , , , , , , , ,9,270,2014,440.68766698065565,20.0,990.0
2014202N22087,2014,44,NI,BB,UNNAMED,2014-07-22 06:00:00,TS,22.5,82.0,20,990,newdelhi,main,0,0,_____O_________, , , , , , , , ,-5, , , , , , , , , , , , , , , , , , , , , , , , , , , , , , , , , , , , , , , , , , , , , , , , , ,22.5,82.0,D,20,990,0.00000,4, , , , , , , , , , , , , , , , , , , , , , , , , , , , , , , , , , , , , , , , , , , , , , , , , , , , , , , , , , , , , , , , , , , , , , , , , , , , , , , , , , , , , , , , , , ,9,270,2014,481.9969145908082,20.0,990.0
2014202N22087,2014,44,NI,BB,UNNAMED,2014-07-22 09:00:00,TS,22.5,81.5, , , ,main,0,0,_____P_________, , , , , , , , ,-5, , , , , , , , , , , , , , , , , , , , , , , , , , , , , , , , , , , , , , , , , , , , , , , , , ,22.5,81.5,D,20,990, ,4, , , , , , , , , , , , , , , , , , , , , , , , , , , , , , , , , , , , , , , , , , , , , , , , , , , , , , , , , , , , , , , , , , , , , , , , , , , , , , , , , , , , , , , , , , ,9,270,2014,525.1701576416082,,
2014202N22087,2014,44,NI,BB,UNNAMED,2014-07-22 12:00:00,TS,22.5,81.0,20,990,newdelhi,main,0,0,_____O_________, , , , , , , , ,-5, , , , , , , , , , , , , , , , , , , , , , , , , , , , , , , , , , , , , , , , , , , , , , , , , ,22.5,81.0,D,20,990,0.00000,4, , , , , , , , , , , , , , , , , , , , , , , , , , , , , , , , , , , , , , , , , , , , , , , , , , , , , , , , , , , , , , , , , , , , , , , , , , , , , , , , , , , , , , , , , , ,11,270,2014,569.7834588614293,20.0,990.0
2014202N22087,2014,44,NI,BB,UNNAMED,2014-07-22 15:00:00,TS,22.5,80.3, , , ,main,0,0,_____P_________, , , , , , , , ,-5, , , , , , , , , , , , , , , , , , , , , , , , , , , , , , , , , , , , , , , , , , , , , , , , , ,22.5,80.3,D,20,991, ,4, , , , , , , , , , , , , , , , , , , , , , , , , , , , , , , , , , , , , , , , , , , , , , , , , , , , , , , , , , , , , , , , , , , , , , , , , , , , , , , , , , , , , , , , , , ,13,270,2014,634.0802856213867,,
2014202N22087,2014,44,NI,BB,UNNAMED,2014-07-22 18:00:00,TS,22.5,79.6,20,992,newdelhi,main,0,0,_____O_________, , , , , , , , ,-5, , , , , , , , , , , , , , , , , , , , , , , , , , , , , , , , , , , , , , , , , , , , , , , , , ,22.5,79.6,D,20,992,0.00000,3, , , , , , , , , , , , , , , , , , , , , , , , , , , , , , , , , , , , , , , , , , , , , , , , , , , , , , , , , , , , , , , , , , , , , , , , , , , , , , , , , , , , , , , , , , ,13,270,2014,699.9849382853819,20.0,992.0
2014202N22087,2014,44,NI,BB,UNNAMED,2014-07-22 21:00:00,TS,22.5,78.9, , , ,main,0,0,_____P_________, , , , , , , , ,-5, , , , , , , , , , , , , , , , , , , , , , , , , , , , , , , , , , , , , , , , , , , , , , , , , ,22.5,78.9,D,20,992, ,3, , , , , , , , , , , , , , , , , , , , , , , , , , , , , , , , , , , , , , , , , , , , , , , , , , , , , , , , , , , , , , , , , , , , , , , , , , , , , , , , , , , , , , , , , , ,13,270,2014,767.0819856055506,,
2014202N22087,2014,44,NI,BB,UNNAMED,2014-07-23 00:00:00,TS,22.5,78.2,20,992,newdelhi,main,0,0,_____O_________, , , , , , , , ,-5, , , , , , , , , , , , , , , , , , , , , , , , , , , , , , , , , , , , , , , , , , , , , , , , , ,22.5,78.2,D,20,992,0.00000,3, , , , , , , , , , , , , , , , , , , , , , , , , , , , , , , , , , , , , , , , , , , , , , , , , , , , , , , , , , , , , , , , , , , , , , , , , , , , , , , , , , , , , , , , , , ,13,270,2014,835.0828956356518,20.0,992.0
2014202N22087,2014,44,NI,AS,UNNAMED,2014-07-23 03:00:00,TS,22.5,77.5,20,992,newdelhi,main,0,0,_____O_________, , , , , , , , ,-5, , , , , , , , , , , , , , , , , , , , , , , , , , , , , , , , , , , , , , , , , , , , , , , , , ,22.5,77.5,D,20,992,0.00000,3, , , , , , , , , , , , , , , , , , , , , , , , , , , , , , , , , , , , , , , , , , , , , , , , , , , , , , , , , , , , , , , , , , , , , , , , , , , , , , , , , , , , , , , , , , ,11,270,2014,903.7824799020003,20.0,992.0
2014202N22087,2014,44,NI,AS,UNNAMED,2014-07-23 06:00:00,TS,22.5,77.0,20,992,newdelhi,main,0, ,_____O_________, , , , , , , , ,-5, , , , , , , , , , , , , , , , , , , , , , , , , , , , , , , , , , , , , , , , , , , , , , , , , ,22.5,77.0,D,20,992,0.00000,3, , , , , , , , , , , , , , , , , , , , , , , , , , , , , , , , , , , , , , , , , , , , , , , , , , , , , , , , , , , , , , , , , , , , , , , , , , , , , , , , , , , , , , , , , , ,9,270,2014,953.1970723554388,20.0,992.0
2014216N21089,2014,52,NI,BB,UNNAMED,2014-08-03 12:00:00,TS,21.5,88.5,25,990,newdelhi,main,11,0,_____O_________, , , , , , , , ,-5, , , , , , , , , , , , , , , , , , , , , , , , , , , , , , , , , , , , , , , , , , , , , , , , , ,21.5,88.5,D,25,990,1.50000,4, , , , , , , , , , , , , , , , , , , , , , , , , , , , , , , , , , , , , , , , , , , , , , , , , , , , , , , , , , , , , , , , , , , , , , , , , , , , , , , , , , , , , , , , , , ,4,345,2014,326.547422087029,25.0,990.0
2014216N21089,2014,52,NI,BB,UNNAMED,2014-08-03 15:00:00,TS,21.7,88.4, , , ,main,0,0,_____P_________, , , , , , , , ,-5, , , , , , , , , , , , , , , , , , , , , , , , , , , , , , , , , , , , , , , , , , , , , , , , , ,21.7,88.4,D,28,990, ,5, , , , , , , , , , , , , , , , , , , , , , , , , , , , , , , , , , , , , , , , , , , , , , , , , , , , , , , , , , , , , , , , , , , , , , , , , , , , , , , , , , , , , , , , , , ,4,335,2014,329.7241219815023,,
2014216N21089,2014,52,NI,BB,UNNAMED,2014-08-03 18:00:00,TS,21.9,88.3,30,990,newdelhi,main,0,0,_____O_________, , , , , , , , ,-5, , , , , , , , , , , , , , , , , , , , , , , , , , , , , , , , , , , , , , , , , , , , , , , , , ,21.9,88.3,DD,30,990,2.00000,6, , , , , , , , , , , , , , , , , , , , , , , , , , , , , , , , , , , , , , , , , , , , , , , , , , , , , , , , , , , , , , , , , , , , , , , , , , , , , , , , , , , , , , , , , , ,6,315,2014,334.69753738635853,30.0,990.0
2014216N21089,2014,52,NI,BB,UNNAMED,2014-08-03 21:00:00,TS,22.1,88.0, , , ,main,0,0,_____P_________, , , , , , , , ,-5, , , , , , , , , , , , , , , , , , , , , , , , , , , , , , , , , , , , , , , , , , , , , , , , , ,22.1,88.0,DD,30,990, ,6, , , , , , , , , , , , , , , , , , , , , , , , , , , , , , , , , , , , , , , , , , , , , , , , , , , , , , , , , , , , , , , , , , , , , , , , , , , , , , , , , , , , , , , , , , ,8,300,2014,326.55799481499184,,
2014216N21089,2014,52,NI,BB,UNNAMED,2014-08-04 00:00:00,TS,22.3,87.6,30,990,newdelhi,main,0,0,_____O_________, , , , , , , , ,-5, , , , , , , , , , , , , , , , , , , , , , , , , , , , , , , , , , , , , , , , , , , , , , , , , ,22.3,87.6,DD,30,990,0.00000,6, , , , , , , , , , , , , , , , , , , , , , , , , , , , , , , , , , , , , , , , , , , , , , , , , , , , , , , , , , , , , , , , , , , , , , , , , , , , , , , , , , , , , , , , , , ,8,300,2014,316.61520447247756,30.0,990.0
2014216N21089,2014,52,NI,BB,UNNAMED,2014-08-04 03:00:00,TS,22.5,87.2,30,990,newdelhi,main,0,0,_____O_________, , , , , , , , ,-5, , , , , , , , , , , , , , , , , , , , , , , , , , , , , , , , , , , , , , , , , , , , , , , , , ,22.5,87.2,DD,30,990,0.00000,6, , , , , , , , , , , , , , , , , , , , , , , , , , , , , , , , , , , , , , , , , , , , , , , , , , , , , , , , , , , , , , , , , , , , , , , , , , , , , , , , , , , , , , , , , , ,10,280,2014,313.5643298740808,30.0,990.0
2014216N21089,2014,52,NI,BB,UNNAMED,2014-08-04 06:00:00,TS,22.5,86.5,30,990,newdelhi,main,0,0,_____O_________, , , , , , , , ,-5, , , , , , , , , , , , , , , , , , , , , , , , , , , , , , , , , , , , , , , , , , , , , , , , , ,22.5,86.5,DD,30,990,0.00000,6, , , , , , , , , , , , , , , , , , , , , , , , , , , , , , , , , , , , , , , , , , , , , , , , , , , , , , , , , , , , , , , , , , , , , , , , , , , , , , , , , , , , , , , , , , ,9,260,2014,287.29494287220314,30.0,990.0
2014216N21089,2014,52,NI,BB,UNNAMED,2014-08-04 09:00:00,TS,22.4,86.2, , , ,main,0,0,_____P_________, , , , , , , , ,-5, , , , , , , , , , , , , , , , , , , , , , , , , , , , , , , , , , , , , , , , , , , , , , , , , ,22.4,86.2,DD,30,990, ,6, , , , , , , , , , , , , , , , , , , , , , , , , , , , , , , , , , , , , , , , , , , , , , , , , , , , , , , , , , , , , , , , , , , , , , , , , , , , , , , , , , , , , , , , , , ,5,230,2014,270.0697204545798,,
2014216N21089,2014,52,NI,BB,UNNAMED,2014-08-04 12:00:00,TS,22.2,86.1,30,990,newdelhi,main,0,0,_____O_________, , , , , , , , ,-5, , , , , , , , , , , , , , , , , , , , , , , , , , , , , , , , , , , , , , , , , , , , , , , , , ,22.2,86.1,DD,30,990,0.00000,6, , , , , , , , , , , , , , , , , , , , , , , , , , , , , , , , , , , , , , , , , , , , , , , , , , , , , , , , , , , , , , , , , , , , , , , , , , , , , , , , , , , , , , , , , , ,6,250,2014,246.60022203953116,30.0,990.0
2014216N21089,2014,52,NI,BB,UNNAMED,2014-08-04 15:00:00,TS,22.2,85.6, , , ,main,0,0,_____P_________, , , , , , , , ,-5, , , , , , , , , , , , , , , , , , , , , , , , , , , , , , , , , , , , , , , , , , , , , , , , , ,22.2,85.6,DD,30,990, ,6, , , , , , , , , , , , , , , , , , , , , , , , , , , , , , , , , , , , , , , , , , , , , , , , , , , , , , , , , , , , , , , , , , , , , , , , , , , , , , , , , , , , , , , , , , ,9,270,2014,245.5069634892317,,
2014216N21089,2014,52,NI,BB,UNNAMED,2014-08-04 18:00:00,TS,22.2,85.1,30,990,newdelhi,main,0,0,_____O_________, , , , , , , , ,-5, , , , , , , , , , , , , , , , , , , , , , , , , , , , , , , , , , , , , , , , , , , , , , , , , ,22.2,85.1,DD,30,990,0.00000,6, , , , , , , , , , , , , , , , , , , , , , , , , , , , , , , , , , , , , , , , , , , , , , , , , , , , , , , , , , , , , , , , , , , , , , , , , , , , , , , , , , , , , , , , , , ,9,270,2014,255.17771501579108,30.0,990.0
2014216N21089,2014,52,NI,BB,UNNAMED,2014-08-04 21:00:00,TS,22.2,84.6, , , ,main,0,0,_____P_________, , , , , , , , ,-5, , , , , , , , , , , , , , , , , , , , , , , , , , , , , , , , , , , , , , , , , , , , , , , , , ,22.2,84.6,DD,30,990, ,6, , , , , , , , , , , , , , , , , , , , , , , , , , , , , , , , , , , , , , , , , , , , , , , , , , , , , , , , , , , , , , , , , , , , , , , , , , , , , , , , , , , , , , , , , , ,9,270,2014,274.4769809131402,,
2014216N21089,2014,52,NI,BB,UNNAMED,2014-08-05 00:00:00,TS,22.2,84.1,30,990,newdelhi,main,0,0,_____O_________, , , , , , , , ,-5, , , , , , , , , , , , , , , , , , , , , , , , , , , , , , , , , , , , , , , , , , , , , , , , , ,22.2,84.1,DD,30,990,0.00000,6, , , , , , , , , , , , , , , , , , , , , , , , , , , , , , , , , , , , , , , , , , , , , , , , , , , , , , , , , , , , , , , , , , , , , , , , , , , , , , , , , , , , , , , , , , ,10,270,2014,301.5616165895662,30.0,990.0
2014216N21089,2014,52,NI,BB,UNNAMED,2014-08-05 03:00:00,TS,22.2,83.5,30,994,newdelhi,main,0,0,_____O_________, , , , , , , , ,-5, , , , , , , , , , , , , , , , , , , , , , , , , , , , , , , , , , , , , , , , , , , , , , , , , ,22.2,83.5,DD,30,994,0.00000,6, , , , , , , , , , , , , , , , , , , , , , , , , , , , , , , , , , , , , , , , , , , , , , , , , , , , , , , , , , , , , , , , , , , , , , , , , , , , , , , , , , , , , , , , , , ,12,305,2014,341.70563773996304,30.0,994.0
2014216N21089,2014,52,NI,BB,UNNAMED,2014-08-05 06:00:00,TS,22.9,83.0,30,992,newdelhi,main,0,0,_____O_________, , , , , , , , ,-5, , , , , , , , , , , , , , , , , , , , , , , , , , , , , , , , , , , , , , , , , , , , , , , , , ,22.9,83.0,DD,30,992,0.00000,5, , , , , , , , , , , , , , , , , , , , , , , , , , , , , , , , , , , , , , , , , , , , , , , , , , , , , , , , , , , , , , , , , , , , , , , , , , , , , , , , , , , , , , , , , , ,16,325,2014,433.50716100606843,30.0,992.0
2014216N21089,2014,52,NI,BB,UNNAMED,2014-08-05 09:00:00,TS,23.5,82.5,25,992,newdelhi,main,0,0,_____O_________, , , , , , , , ,-5, , , , , , , , , , , , , , , , , , , , , , , , , , , , , , , , , , , , , , , , , , , , , , , , , ,23.5,82.5,D,25,992,0.00000,4, , , , , , , , , , , , , , , , , , , , , , , , , , , , , , , , , , , , , , , , , , , , , , , , , , , , , , , , , , , , , , , , , , , , , , , , , , , , , , , , , , , , , , , , , , ,14,320,2014,517.2654780775945,25.0,992.0
2014216N21089,2014,52,NI,BB,UNNAMED,2014-08-05 12:00:00,TS,24.0,82.0,25,992,newdelhi,main,0,0,_____O_________, , , , , , , , ,-5, , , , , , , , , , , , , , , , , , , , , , , , , , , , , , , , , , , , , , , , , , , , , , , , , ,24.0,82.0,D,25,992,0.00000,4, , , , , , , , , , , , , , , , , , , , , , , , , , , , , , , , , , , , , , , , , , , , , , , , , , , , , , , , , , , , , , , , , , , , , , , , , , , , , , , , , , , , , , , , , , ,11,310,2014,592.6332996216521,25.0,992.0
2014216N21089,2014,52,NI,BB,UNNAMED,2014-08-05 15:00:00,TS,24.2,81.6, , , ,main,0,0,_____P_________, , , , , , , , ,-5, , , , , , , , , , , , , , , , , , , , , , , , , , , , , , , , , , , , , , , , , , , , , , , , , ,24.2,81.6,D,25,992, ,4, , , , , , , , , , , , , , , , , , , , , , , , , , , , , , , , , , , , , , , , , , , , , , , , , , , , , , , , , , , , , , , , , , , , , , , , , , , , , , , , , , , , , , , , , , ,7,285,2014,636.556264879975,,
2014216N21089,2014,52,NI,BB,UNNAMED,2014-08-05 18:00:00,TS,24.2,81.3,25,992,newdelhi,main,0,0,_____O_________, , , , , , , , ,-5, , , , , , , , , , , , , , , , , , , , , , , , , , , , , , , , , , , , , , , , , , , , , , , , , ,24.2,81.3,D,25,992,0.00000,4, , , , , , , , , , , , , , , , , , , , , , , , , , , , , , , , , , , , , , , , , , , , , , , , , , , , , , , , , , , , , , , , , , , , , , , , , , , , , , , , , , , , , , , , , , ,6,280,2014,657.9396931618243,25.0,992.0
2014216N21089,2014,52,NI,BB,UNNAMED,2014-08-05 21:00:00,TS,24.3,81.0, , , ,main,0,0,_____P_________, , , , , , , , ,-5, , , , , , , , , , , , , , , , , , , , , , , , , , , , , , , , , , , , , , , , , , , , , , , , , ,24.3,81.0,D,25,992, ,4, , , , , , , , , , , , , , , , , , , , , , , , , , , , , , , , , , , , , , , , , , , , , , , , , , , , , , , , , , , , , , , , , , , , , , , , , , , , , , , , , , , , , , , , , , ,7,285,2014,687.6059270918947,,
2014216N21089,2014,52,NI,BB,UNNAMED,2014-08-06 00:00:00,TS,24.4,80.6,25,992,newdelhi,main,0,0,_____O_________, , , , , , , , ,-5, , , , , , , , , , , , , , , , , , , , , , , , , , , , , , , , , , , , , , , , , , , , , , , , , ,24.4,80.6,D,25,992,0.00000,4, , , , , , , , , , , , , , , , , , , , , , , , , , , , , , , , , , , , , , , , , , , , , , , , , , , , , , , , , , , , , , , , , , , , , , , , , , , , , , , , , , , , , , , , , , ,7,285,2014,725.0754011759872,25.0,992.0
2014216N21089,2014,52,NI,BB,UNNAMED,2014-08-06 03:00:00,TS,24.5,80.2,25,996,newdelhi,main,0,0,_____O_________, , , , , , , , ,-5, , , , , , , , , , , , , , , , , , , , , , , , , , , , , , , , , , , , , , , , , , , , , , , , , ,24.5,80.2,D,25,996,0.00000,4, , , , , , , , , , , , , , , , , , , , , , , , , , , , , , , , , , , , , , , , , , , , , , , , , , , , , , , , , , , , , , , , , , , , , , , , , , , , , , , , , , , , , , , , , , ,6,290,2014,763.0431026780266,25.0,996.0
2014216N21089,2014,52,NI,BB,UNNAMED,2014-08-06 06:00:00,TS,24.6,80.0,25,994,newdelhi,main,0,0,_____O_________, , , , , , , , ,-5, , , , , , , , , , , , , , , , , , , , , , , , , , , , , , , , , , , , , , , , , , , , , , , , , ,24.6,80.0,D,25,994,0.00000,4, , , , , , , , , , , , , , , , , , , , , , , , , , , , , , , , , , , , , , , , , , , , , , , , , , , , , , , , , , , , , , , , , , , , , , , , , , , , , , , , , , , , , , , , , , ,5,305,2014,785.7119635311547,25.0,994.0
2014216N21089,2014,52,NI,BB,UNNAMED,2014-08-06 09:00:00,TS,24.8,79.8, , , ,main,0,0,_____P_________, , , , , , , , ,-5, , , , , , , , , , , , , , , , , , , , , , , , , , , , , , , , , , , , , , , , , , , , , , , , , ,24.8,79.8,D,25,994, ,4, , , , , , , , , , , , , , , , , , , , , , , , , , , , , , , , , , , , , , , , , , , , , , , , , , , , , , , , , , , , , , , , , , , , , , , , , , , , , , , , , , , , , , , , , , ,6,310,2014,815.4539059151207,,
2014216N21089,2014,52,NI,BB,UNNAMED,2014-08-06 12:00:00,TS,25.0,79.5,25,994,newdelhi,main,0,0,_____O_________, , , , , , , , ,-5, , , , , , , , , , , , , , , , , , , , , , , , , , , , , , , , , , , , , , , , , , , , , , , , , ,25.0,79.5,D,25,994,0.00000,4, , , , , , , , , , , , , , , , , , , , , , , , , , , , , , , , , , , , , , , , , , , , , , , , , , , , , , , , , , , , , , , , , , , , , , , , , , , , , , , , , , , , , , , , , , ,6,310,2014,852.9451599451252,25.0,994.0
2014216N21089,2014,52,NI,BB,UNNAMED,2014-08-06 15:00:00,TS,25.2,79.2, , , ,main,0,0,_____P_________, , , , , , , , ,-5, , , , , , , , , , , , , , , , , , , , , , , , , , , , , , , , , , , , , , , , , , , , , , , , , ,25.2,79.2,D,25,994, ,4, , , , , , , , , , , , , , , , , , , , , , , , , , , , , , , , , , , , , , , , , , , , , , , , , , , , , , , , , , , , , , , , , , , , , , , , , , , , , , , , , , , , , , , , , , ,5,305,2014,890.4076276116965,,
2014216N21089,2014,52,NI,BB,UNNAMED,2014-08-06 18:00:00,TS,25.3,79.0,25,994,newdelhi,main,0,0,_____O_________, , , , , , , , ,-5, , , , , , , , , , , , , , , , , , , , , , , , , , , , , , , , , , , , , , , , , , , , , , , , , ,25.3,79.0,D,25,994,0.00000,4, , , , , , , , , , , , , , , , , , , , , , , , , , , , , , , , , , , , , , , , , , , , , , , , , , , , , , , , , , , , , , , , , , , , , , , , , , , , , , , , , , , , , , , , , , ,5,300,2014,913.0372680412003,25.0,994.0
2014216N21089,2014,52,NI,BB,UNNAMED,2014-08-06 21:00:00,TS,25.4,78.8, , , ,main,0,0,_____P_________, , , , , , , , ,-5, , , , , , , , , , , , , , , , , , , , , , , , , , , , , , , , , , , , , , , , , , , , , , , , , ,25.4,78.8,D,25,994, ,4, , , , , , , , , , , , , , , , , , , , , , , , , , , , , , , , , , , , , , , , , , , , , , , , , , , , , , , , , , , , , , , , , , , , , , , , , , , , , , , , , , , , , , , , , , ,5,295,2014,935.6767988122452,,
2014216N21089,2014,52,NI,BB,UNNAMED,2014-08-07 00:00:00,TS,25.5,78.5,25,994,newdelhi,main,0, ,_____O_________, , , , , , , , ,-5, , , , , , , , , , , , , , , , , , , , , , , , , , , , , , , , , , , , , , , , , , , , , , , , , ,25.5,78.5,D,25,994,0.00000,3, , , , , , , , , , , , , , , , , , , , , , , , , , , , , , , , , , , , , , , , , , , , , , , , , , , , , , , , , , , , , , , , , , , , , , , , , , , , , , , , , , , , , , , , , , ,5,290,2014,966.234323913621,25.0,994.0
2015171N18086,2015,35,NI,BB,UNNAMED,2015-06-20 03:00:00,TS,18.0,86.0,25,990,newdelhi,main,172,138,_____O_________, , , , , , , , ,-5, , , , , , , , , , , , , , , , , , , , , , , , , , , , , , , , , , , , , , , , , , , , , , , , , ,18.0,86.0,D,25,990,1.50000,4, , , , , , , , , , , , , , , , , , , , , , , , , , , , , , , , , , , , , , , , , , , , , , , , , , , , , , , , , , , , , , , , , , , , , , , , , , , , , , , , , , , , , , , , , , ,10,0,2015,223.3815936410234,25.0,990.0
2015171N18086,2015,35,NI,BB,UNNAMED,2015-06-20 06:00:00,TS,18.5,86.0,25,990,newdelhi,main,138,98,_____O_________, , , , , , , , ,-5, , , , , , , , , , , , , , , , , , , , , , , , , , , , , , , , , , , , , , , , , , , , , , , , , ,18.5,86.0,D,25,990,1.50000,4, , , , , , , , , , , , , , , , , , , , , , , , , , , , , , , , , , , , , , , , , , , , , , , , , , , , , , , , , , , , , , , , , , , , , , , , , , , , , , , , , , , , , , , , , , ,9,345,2015,168.1085404458817,25.0,990.0
2015171N18086,2015,35,NI,BB,UNNAMED,2015-06-20 09:00:00,TS,18.8,85.8, , , ,main,98,64,_____P_________, , , , , , , , ,-5, , , , , , , , , , , , , , , , , , , , , , , , , , , , , , , , , , , , , , , , , , , , , , , , , ,18.8,85.8,D,25,990, ,4, , , , , , , , , , , , , , , , , , , , , , , , , , , , , , , , , , , , , , , , , , , , , , , , , , , , , , , , , , , , , , , , , , , , , , , , , , , , , , , , , , , , , , , , , , ,7,315,2015,133.4339119734704,,
2015171N18086,2015,35,NI,BB,UNNAMED,2015-06-20 12:00:00,TS,19.0,85.5,25,990,newdelhi,main,64,49,_____O_________, , , , , , , , ,-5, , , , , , , , , , , , , , , , , , , , , , , , , , , , , , , , , , , , , , , , , , , , , , , , , ,19.0,85.5,D,25,990,1.50000,4, , , , , , , , , , , , , , , , , , , , , , , , , , , , , , , , , , , , , , , , , , , , , , , , , , , , , , , , , , , , , , , , , , , , , , , , , , , , , , , , , , , , , , , , , , ,4,310,2015,115.55548586906183,25.0,990.0
2015171N18086,2015,35,NI,BB,UNNAMED,2015-06-20 15:00:00,TS,19.1,85.4, , , ,main,49,39,_____P_________, , , , , , , , ,-5, , , , , , , , , , , , , , , , , , , , , , , , , , , , , , , , , , , , , , , , , , , , , , , , , ,19.1,85.4,D,25,990, ,4, , , , , , , , , , , , , , , , , , , , , , , , , , , , , , , , , , , , , , , , , , , , , , , , , , , , , , , , , , , , , , , , , , , , , , , , , , , , , , , , , , , , , , , , , , ,2,335,2015,108.49796869719948,,
2015171N18086,2015,35,NI,BB,UNNAMED,2015-06-20 18:00:00,TS,19.2,85.4,25,990,newdelhi,main,39,11,_____O_________, , , , , , , , ,-5, , , , , , , , , , , , , , , , , , , , , , , , , , , , , , , , , , , , , , , , , , , , , , , , , ,19.2,85.4,D,25,990,1.50000,4, , , , , , , , , , , , , , , , , , , , , , , , , , , , , , , , , , , , , , , , , , , , , , , , , , , , , , , , , , , , , , , , , , , , , , , , , , , , , , , , , , , , , , , , , , ,4,320,2015,98.33003952954085,25.0,990.0
2015171N18086,2015,35,NI,BB,UNNAMED,2015-06-20 21:00:00,TS,19.4,85.2, , , ,main,11,0,_____P_________, , , , , , , , ,-5, , , , , , , , , , , , , , , , , , , , , , , , , , , , , , , , , , , , , , , , , , , , , , , , , ,19.4,85.2,D,25,991, ,4, , , , , , , , , , , , , , , , , , , , , , , , , , , , , , , , , , , , , , , , , , , , , , , , , , , , , , , , , , , , , , , , , , , , , , , , , , , , , , , , , , , , , , , , , , ,6,325,2015,91.63215420614647,,
2015171N18086,2015,35,NI,BB,UNNAMED,2015-06-21 00:00:00,TS,19.7,85.0,25,992,newdelhi,main,0,0,_____O_________, , , , , , , , ,-5, , , , , , , , , , , , , , , , , , , , , , , , , , , , , , , , , , , , , , , , , , , , , , , , , ,19.7,85.0,D,25,992,0.00000,3, , , , , , , , , , , , , , , , , , , , , , , , , , , , , , , , , , , , , , , , , , , , , , , , , , , , , , , , , , , , , , , , , , , , , , , , , , , , , , , , , , , , , , , , , , ,6,345,2015,90.07509720966422,25.0,992.0
2015171N18086,2015,35,NI,BB,UNNAMED,2015-06-21 03:00:00,TS,20.0,85.0,25,992,newdelhi,main,0,0,_____O_________, , , , , , , , ,-5, , , , , , , , , , , , , , , , , , , , , , , , , , , , , , , , , , , , , , , , , , , , , , , , , ,20.0,85.0,D,25,992,0.00000,3, , , , , , , , , , , , , , , , , , , , , , , , , , , , , , , , , , , , , , , , , , , , , , , , , , , , , , , , , , , , , , , , , , , , , , , , , , , , , , , , , , , , , , , , , , ,6,305,2015,83.59116219747483,25.0,992.0
2015171N18086,2015,35,NI,BB,UNNAMED,2015-06-21 06:00:00,TS,20.0,84.5,25,992,newdelhi,main,0,0,_____O_________, , , , , , , , ,-5, , , , , , , , , , , , , , , , , , , , , , , , , , , , , , , , , , , , , , , , , , , , , , , , , ,20.0,84.5,D,25,992,0.00000,3, , , , , , , , , , , , , , , , , , , , , , , , , , , , , , , , , , , , , , , , , , , , , , , , , , , , , , , , , , , , , , , , , , , , , , , , , , , , , , , , , , , , , , , , , , ,6,290,2015,135.83542679473564,25.0,992.0
2015171N18086,2015,35,NI,BB,UNNAMED,2015-06-21 09:00:00,TS,20.2,84.4, , , ,main,0,0,_____P_________, , , , , , , , ,-5, , , , , , , , , , , , , , , , , , , , , , , , , , , , , , , , , , , , , , , , , , , , , , , , , ,20.2,84.4,D,25,992, ,3, , , , , , , , , , , , , , , , , , , , , , , , , , , , , , , , , , , , , , , , , , , , , , , , , , , , , , , , , , , , , , , , , , , , , , , , , , , , , , , , , , , , , , , , , , ,5,0,2015,147.87284360211675,,
2015171N18086,2015,35,NI,BB,UNNAMED,2015-06-21 12:00:00,TS,20.5,84.5,25,992,newdelhi,main,0,0,_____O_________, , , , , , , , ,-5, , , , , , , , , , , , , , , , , , , , , , , , , , , , , , , , , , , , , , , , , , , , , , , , , ,20.5,84.5,D,25,992,0.00000,3, , , , , , , , , , , , , , , , , , , , , , , , , , , , , , , , , , , , , , , , , , , , , , , , , , , , , , , , , , , , , , , , , , , , , , , , , , , , , , , , , , , , , , , , , , ,6,10,2015,146.57170551920282,25.0,992.0
2015171N18086,2015,35,NI,BB,UNNAMED,2015-06-21 15:00:00,TS,20.8,84.5, , , ,main,0,0,_____P_________, , , , , , , , ,-5, , , , , , , , , , , , , , , , , , , , , , , , , , , , , , , , , , , , , , , , , , , , , , , , , ,20.8,84.5,D,25,992, ,3, , , , , , , , , , , , , , , , , , , , , , , , , , , , , , , , , , , , , , , , , , , , , , , , , , , , , , , , , , , , , , , , , , , , , , , , , , , , , , , , , , , , , , , , , , ,5,0,2015,162.07853348559252,,
2015171N18086,2015,35,NI,BB,UNNAMED,2015-06-21 18:00:00,TS,21.0,84.5,25,992,newdelhi,main,0, ,_____O_________, , , , , , , , ,-5, , , , , , , , , , , , , , , , , , , , , , , , , , , , , , , , , , , , , , , , , , , , , , , , , ,21.0,84.5,D,25,992,0.00000,3, , , , , , , , , , , , , , , , , , , , , , , , , , , , , , , , , , , , , , , , , , , , , , , , , , , , , , , , , , , , , , , , , , , , , , , , , , , , , , , , , , , , , , , , , , ,5,350,2015,175.2041254968675,25.0,992.0
2015259N20084,2015,79,NI,BB,UNNAMED,2015-09-16 03:00:00,TS,19.6,83.5,25,998,newdelhi,main,0,0,_____O_________, , , , , , , , ,-5, , , , , , , , , , , , , , , , , , , , , , , , , , , , , , , , , , , , , , , , , , , , , , , , , ,19.6,83.5,D,25,998,0.00000,3, , , , , , , , , , , , , , , , , , , , , , , , , , , , , , , , , , , , , , , , , , , , , , , , , , , , , , , , , , , , , , , , , , , , , , , , , , , , , , , , , , , , , , , , , , ,17,325,2015,244.70234113016568,25.0,998.0
2015259N20084,2015,79,NI,BB,UNNAMED,2015-09-16 06:00:00,TS,20.3,83.0,25,998,newdelhi,main,0,0,_____O_________, , , , , , , , ,-5, , , , , , , , , , , , , , , , , , , , , , , , , , , , , , , , , , , , , , , , , , , , , , , , , ,20.3,83.0,D,25,998,0.00000,3, , , , , , , , , , , , , , , , , , , , , , , , , , , , , , , , , , , , , , , , , , , , , , , , , , , , , , , , , , , , , , , , , , , , , , , , , , , , , , , , , , , , , , , , , , ,11,315,2015,294.18307941503,25.0,998.0
2015259N20084,2015,79,NI,BB,UNNAMED,2015-09-16 09:00:00,TS,20.4,82.7,25,998,newdelhi,main,0,0,_____O_________, , , , , , , , ,-5, , , , , , , , , , , , , , , , , , , , , , , , , , , , , , , , , , , , , , , , , , , , , , , , , ,20.4,82.7,D,25,998,0.00000,3, , , , , , , , , , , , , , , , , , , , , , , , , , , , , , , , , , , , , , , , , , , , , , , , , , , , , , , , , , , , , , , , , , , , , , , , , , , , , , , , , , , , , , , , , , ,5,295,2015,326.5402737172285,25.0,998.0
2015259N20084,2015,79,NI,BB,UNNAMED,2015-09-16 12:00:00,TS,20.5,82.5,25,998,newdelhi,main,0,0,_____O_________, , , , , , , , ,-5, , , , , , , , , , , , , , , , , , , , , , , , , , , , , , , , , , , , , , , , , , , , , , , , , ,20.5,82.5,D,25,998,0.00000,4, , , , , , , , , , , , , , , , , , , , , , , , , , , , , , , , , , , , , , , , , , , , , , , , , , , , , , , , , , , , , , , , , , , , , , , , , , , , , , , , , , , , , , , , , , ,7,285,2015,348.7163542461916,25.0,998.0
2015259N20084,2015,79,NI,BB,UNNAMED,2015-09-16 15:00:00,TS,20.6,82.0,25,998,newdelhi,main,0,0,_____O_________, , , , , , , , ,-5, , , , , , , , , , , , , , , , , , , , , , , , , , , , , , , , , , , , , , , , , , , , , , , , , ,20.6,82.0,D,25,998,0.00000,4, , , , , , , , , , , , , , , , , , , , , , , , , , , , , , , , , , , , , , , , , , , , , , , , , , , , , , , , , , , , , , , , , , , , , , , , , , , , , , , , , , , , , , , , , , ,6,300,2015,401.86182588464266,25.0,998.0
2015259N20084,2015,79,NI,BB,UNNAMED,2015-09-16 18:00:00,TS,20.8,81.9,25,998,newdelhi,main,0,0,_____O_________, , , , , , , , ,-5, , , , , , , , , , , , , , , , , , , , , , , , , , , , , , , , , , , , , , , , , , , , , , , , , ,20.8,81.9,D,25,998,0.00000,4, , , , , , , , , , , , , , , , , , , , , , , , , , , , , , , , , , , , , , , , , , , , , , , , , , , , , , , , , , , , , , , , , , , , , , , , , , , , , , , , , , , , , , , , , , ,4,345,2015,416.06837247959345,25.0,998.0
2015259N20084,2015,79,NI,BB,UNNAMED,2015-09-16 21:00:00,TS,21.0,81.9,25,998,newdelhi,main,0,0,_____O_________, , , , , , , , ,-5, , , , , , , , , , , , , , , , , , , , , , , , , , , , , , , , , , , , , , , , , , , , , , , , , ,21.0,81.9,D,25,998,0.00000,4, , , , , , , , , , , , , , , , , , , , , , , , , , , , , , , , , , , , , , , , , , , , , , , , , , , , , , , , , , , , , , , , , , , , , , , , , , , , , , , , , , , , , , , , , , ,5,310,2015,421.1257865039166,25.0,998.0
2015259N20084,2015,79,NI,BB,UNNAMED,2015-09-17 00:00:00,TS,21.1,81.5,25,998,newdelhi,main,0,0,_____O_________, , , , , , , , ,-5, , , , , , , , , , , , , , , , , , , , , , , , , , , , , , , , , , , , , , , , , , , , , , , , , ,21.1,81.5,D,25,998,0.00000,4, , , , , , , , , , , , , , , , , , , , , , , , , , , , , , , , , , , , , , , , , , , , , , , , , , , , , , , , , , , , , , , , , , , , , , , , , , , , , , , , , , , , , , , , , , ,22,270,2015,464.09793991731243,25.0,998.0
2015259N20084,2015,79,NI,BB,UNNAMED,2015-09-17 03:00:00,TS,21.0,79.5,30,998,newdelhi,main,0,0,_____O_________, , , , , , , , ,-5, , , , , , , , , , , , , , , , , , , , , , , , , , , , , , , , , , , , , , , , , , , , , , , , , ,21.0,79.5,DD,30,998,0.00000,4, , , , , , , , , , , , , , , , , , , , , , , , , , , , , , , , , , , , , , , , , , , , , , , , , , , , , , , , , , , , , , , , , , , , , , , , , , , , , , , , , , , , , , , , , , ,20,250,2015,665.4684193509332,30.0,998.0
2015259N20084,2015,79,NI,BB,UNNAMED,2015-09-17 06:00:00,TS,20.5,79.5,30,998,newdelhi,main,0,0,_____O_________, , , , , , , , ,-5, , , , , , , , , , , , , , , , , , , , , , , , , , , , , , , , , , , , , , , , , , , , , , , , , ,20.5,79.5,DD,30,998,0.00000,4, , , , , , , , , , , , , , , , , , , , , , , , , , , , , , , , , , , , , , , , , , , , , , , , , , , , , , , , , , , , , , , , , , , , , , , , , , , , , , , , , , , , , , , , , , ,10,180,2015,659.5342504114495,30.0,998.0
2015259N20084,2015,79,NI,BB,UNNAMED,2015-09-17 09:00:00,TS,20.0,79.5,30,998,newdelhi,main,0,0,_____O_________, , , , , , , , ,-5, , , , , , , , , , , , , , , , , , , , , , , , , , , , , , , , , , , , , , , , , , , , , , , , , ,20.0,79.5,DD,30,998,0.00000,4, , , , , , , , , , , , , , , , , , , , , , , , , , , , , , , , , , , , , , , , , , , , , , , , , , , , , , , , , , , , , , , , , , , , , , , , , , , , , , , , , , , , , , , , , , ,5,270,2015,658.2421953186564,30.0,998.0
2015259N20084,2015,79,NI,BB,UNNAMED,2015-09-17 12:00:00,TS,20.5,79.0,30,996,newdelhi,main,0,0,_____O_________, , , , , , , , ,-5, , , , , , , , , , , , , , , , , , , , , , , , , , , , , , , , , , , , , , , , , , , , , , , , , ,20.5,79.0,DD,30,996,0.00000,5, , , , , , , , , , , , , , , , , , , , , , , , , , , , , , , , , , , , , , , , , , , , , , , , , , , , , , , , , , , , , , , , , , , , , , , , , , , , , , , , , , , , , , , , , , ,19,270,2015,711.5127989231468,30.0,996.0
2015259N20084,2015,79,NI,AS,UNNAMED,2015-09-17 15:00:00,TS,20.0,77.5,30,996,newdelhi,main,0,0,_____O_________, , , , , , , , ,-5, , , , , , , , , , , , , , , , , , , , , , , , , , , , , , , , , , , , , , , , , , , , , , , , , ,20.0,77.5,DD,30,996,0.00000,5, , , , , , , , , , , , , , , , , , , , , , , , , , , , , , , , , , , , , , , , , , , , , , , , , , , , , , , , , , , , , , , , , , , , , , , , , , , , , , , , , , , , , , , , , , ,19,255,2015,867.1702641878738,30.0,996.0
2015259N20084,2015,79,NI,AS,UNNAMED,2015-09-17 18:00:00,TS,20.0,77.0,30,996,newdelhi,main,0,0,_____O_________, , , , , , , , ,-5, , , , , , , , , , , , , , , , , , , , , , , , , , , , , , , , , , , , , , , , , , , , , , , , , ,20.0,77.0,DD,30,996,0.00000,5, , , , , , , , , , , , , , , , , , , , , , , , , , , , , , , , , , , , , , , , , , , , , , , , , , , , , , , , , , , , , , , , , , , , , , , , , , , , , , , , , , , , , , , , , , ,10,270,2015,919.3977188517536,30.0,996.0
2015259N20084,2015,79,NI,AS,UNNAMED,2015-09-17 21:00:00,TS,20.0,76.4,30,996,newdelhi,main,0,0,_____O_________, , , , , , , , ,-5, , , , , , , , , , , , , , , , , , , , , , , , , , , , , , , , , , , , , , , , , , , , , , , , , ,20.0,76.4,DD,30,996,0.00000,5, , , , , , , , , , , , , , , , , , , , , , , , , , , , , , , , , , , , , , , , , , , , , , , , , , , , , , , , , , , , , , , , , , , , , , , , , , , , , , , , , , , , , , , , , , ,9,25,2015,982.0679323051312,30.0,996.0
2015259N20084,2015,79,NI,AS,UNNAMED,2015-09-18 00:00:00,TS,20.8,77.4,25,996,newdelhi,main,0,0,_____O_________, , , , , , , , ,-5, , , , , , , , , , , , , , , , , , , , , , , , , , , , , , , , , , , , , , , , , , , , , , , , , ,20.8,77.4,DD,25,996,0.00000,5, , , , , , , , , , , , , , , , , , , , , , , , , , , , , , , , , , , , , , , , , , , , , , , , , , , , , , , , , , , , , , , , , , , , , , , , , , , , , , , , , , , , , , , , , , ,9,40,2015,879.8592925839432,25.0,996.0
2015259N20084,2015,79,NI,AS,UNNAMED,2015-09-18 03:00:00,TS,20.7,77.0,30,996,newdelhi,main,0,0,_____O_________, , , , , , , , ,-5, , , , , , , , , , , , , , , , , , , , , , , , , , , , , , , , , , , , , , , , , , , , , , , , , ,20.7,77.0,D,30,996,0.00000,4, , , , , , , , , , , , , , , , , , , , , , , , , , , , , , , , , , , , , , , , , , , , , , , , , , , , , , , , , , , , , , , , , , , , , , , , , , , , , , , , , , , , , , , , , , ,9,205,2015,920.6211299043796,30.0,996.0
2015259N20084,2015,79,NI,AS,UNNAMED,2015-09-18 06:00:00,TS,20.0,77.0,30,998,newdelhi,main,0,0,_____O_________, , , , , , , , ,-5, , , , , , , , , , , , , , , , , , , , , , , , , , , , , , , , , , , , , , , , , , , , , , , , , ,20.0,77.0,D,30,998,0.00000,4, , , , , , , , , , , , , , , , , , , , , , , , , , , , , , , , , , , , , , , , , , , , , , , , , , , , , , , , , , , , , , , , , , , , , , , , , , , , , , , , , , , , , , , , , , ,5,270,2015,919.3977188517536,30.0,998.0
2015259N20084,2015,79,NI,AS,UNNAMED,2015-09-18 09:00:00,TS,20.7,76.5,25,998,newdelhi,main,0,0,_____O_________, , , , , , , , ,-5, , , , , , , , , , , , , , , , , , , , , , , , , , , , , , , , , , , , , , , , , , , , , , , , , ,20.7,76.5,D,25,998,0.00000,4, , , , , , , , , , , , , , , , , , , , , , , , , , , , , , , , , , , , , , , , , , , , , , , , , , , , , , , , , , , , , , , , , , , , , , , , , , , , , , , , , , , , , , , , , , ,11,300,2015,972.5517335555558,25.0,998.0
2015259N20084,2015,79,NI,AS,UNNAMED,2015-09-18 12:00:00,TS,20.5,76.0,25,998,newdelhi,main,0,0,_____O_________, , , , , , , , ,-5, , , , , , , , , , , , , , , , , , , , , , , , , , , , , , , , , , , , , , , , , , , , , , , , , ,20.5,76.0,D,25,998,0.00000,4, , , , , , , , , , , , , , , , , , , , , , , , , , , , , , , , , , , , , , , , , , , , , , , , , , , , , , , , , , , , , , , , , , , , , , , , , , , , , , , , , , , , , , , , , , ,7,255,2015,1023.7133517099983,25.0,998.0
2015259N20084,2015,79,NI,AS,UNNAMED,2015-09-18 15:00:00,TS,20.5,75.8,25,998,newdelhi,main,0,0,_____O_________, , , , , , , , ,-5, , , , , , , , , , , , , , , , , , , , , , , , , , , , , , , , , , , , , , , , , , , , , , , , , ,20.5,75.8,D,25,998,0.00000,4, , , , , , , , , , , , , , , , , , , , , , , , , , , , , , , , , , , , , , , , , , , , , , , , , , , , , , , , , , , , , , , , , , , , , , , , , , , , , , , , , , , , , , , , , , ,5,270,2015,1044.538148163887,25.0,998.0
2015259N20084,2015,79,NI,AS,UNNAMED,2015-09-18 18:00:00,TS,20.5,75.5,25,998,newdelhi,main,0,0,_____O_________, , , , , , , , ,-5, , , , , , , , , , , , , , , , , , , , , , , , , , , , , , , , , , , , , , , , , , , , , , , , , ,20.5,75.5,D,25,998,0.00000,4, , , , , , , , , , , , , , , , , , , , , , , , , , , , , , , , , , , , , , , , , , , , , , , , , , , , , , , , , , , , , , , , , , , , , , , , , , , , , , , , , , , , , , , , , , ,8,290,2015,1075.776812558979,25.0,998.0
2015259N20084,2015,79,NI,AS,UNNAMED,2015-09-18 21:00:00,TS,20.8,75.0,25,998,newdelhi,main,0,0,_____O_________, , , , , , , , ,-5, , , , , , , , , , , , , , , , , , , , , , , , , , , , , , , , , , , , , , , , , , , , , , , , , ,20.8,75.0,D,25,998,0.00000,4, , , , , , , , , , , , , , , , , , , , , , , , , , , , , , , , , , , , , , , , , , , , , , , , , , , , , , , , , , , , , , , , , , , , , , , , , , , , , , , , , , , , , , , , , , ,11,300,2015,1128.8811087369347,25.0,998.0
2015259N20084,2015,79,NI,AS,UNNAMED,2015-09-19 00:00:00,TS,21.0,74.5,25,998,newdelhi,main,0, ,_____O_________, , , , , , , , ,-5, , , , , , , , , , , , , , , , , , , , , , , , , , , , , , , , , , , , , , , , , , , , , , , , , ,21.0,74.5,D,25,998,0.00000,4, , , , , , , , , , , , , , , , , , , , , , , , , , , , , , , , , , , , , , , , , , , , , , , , , , , , , , , , , , , , , , , , , , , , , , , , , , , , , , , , , , , , , , , , , , ,10,295,2015,1181.9173984167548,25.0,998.0
2016138N10081,2016,17,NI,BB,ROANU,2016-05-17 00:00:00,DS,10.0,80.8, , , ,main,62,62,O______________,jtwc_io,IO012016,10.0,80.8, ,MD,25,1001,-3, , , , , , , , , , , , ,1004,200,40, , , , , , , , , , , , , , , , , , , , , , , , , , , , , , , , , , , , , , , , , , , , , , , , , , , , , , , , , , , , , , , , , , , , , , , , , , , , , , , , , , , , , , , , , , , , , , , , , , , , , , , , , , , , , , , , , , , , , , , , , , , , , , , , , , , ,11,20,2016,1234.4754736585755,25.0,1001.0
2016138N10081,2016,17,NI,BB,ROANU,2016-05-17 03:00:00,MX,10.5,81.0,25,1000,newdelhi,main,117,117,P____O_________, ,IO012016,10.2,81.0, ,MD,25,1001,-3, , , , , , , , , , , , ,1004,200,45, , , , , , , , , , , , , , , , , , , , , , , , , , , , , , , , , , ,11.0,81.0,D,25,1000,1.50000,3, , , , , , , , , , , , , , , , , , , , , , , , , , , , , , , , , , , , , , , , , , , , , , , , , , , , , , , , , , , , , , , , , , , , , , , , , , , , , , , , , , , , , , , , , , ,9,20,2016,1174.8571755661317,25.0,1001.0
2016138N10081,2016,17,NI,BB,ROANU,2016-05-17 06:00:00,MX,10.8,81.1,25,999,newdelhi,main,131,130,O____O_________,jtwc_io,IO012016,10.5,81.2, ,MD,25,1000,-3, , , , , , , , , , , , ,1004,200,50, , , , , , , , , , , , , , , , , , , , , , , , , , , , , , , , , , ,11.3,80.9,D,25,999,1.50000,3, , , , , , , , , , , , , , , , , , , , , , , , , , , , , , , , , , , , , , , , , , , , , , , , , , , , , , , , , , , , , , , , , , , , , , , , , , , , , , , , , , , , , , , , , , ,7,10,2016,1140.0446354451947,25.0,1000.0
2016138N10081,2016,17,NI,BB,ROANU,2016-05-17 09:00:00,MX,11.2,81.1, , , ,main,130,130,P____P_________, ,IO012016,10.9,81.4, ,MD,28,1000,-3, , , , , , , , , , , , ,1003,188,50, , , , , , , , , , , , , , , , , , , , , , , , , , , , , , , , , , ,11.7,80.8,D,25,999, ,3, , , , , , , , , , , , , , , , , , , , , , , , , , , , , , , , , , , , , , , , , , , , , , , , , , , , , , , , , , , , , , , , , , , , , , , , , , , , , , , , , , , , , , , , , , ,8,0,2016,1100.1102537106724,28.0,1000.0
2016138N10081,2016,17,NI,BB,ROANU,2016-05-17 12:00:00,MX,11.7,81.1,25,998,newdelhi,main,132,112,O____O_________,jtwc_io,IO012016,11.3,81.5, ,MD,30,1000,-3, , , , , , , , , , , , ,1002,175,50, , , , , , , , , , , , , , , , , , , , , , , , , , , , , , , , , , ,12.0,80.7,D,25,998,1.50000,3, , , , , , , , , , , , , , , , , , , , , , , , , , , , , , , , , , , , , , , , , , , , , , , , , , , , , , , , , , , , , , , , , , , , , , , , , , , , , , , , , , , , , , , , , , ,9,0,2016,1050.7004251029953,30.0,1000.0
2016138N10081,2016,17,NI,BB,ROANU,2016-05-17 15:00:00,MX,12.1,81.1, , , ,main,107,98,P____P_________, ,IO012016,11.8,81.6, ,MD,33,998,-3, , , , , , , , , , , , ,1002,175,50, , , , , , , , , , , , , , , , , , , , , , , , , , , , , , , , , , ,12.3,80.7,D,25,998, ,4, , , , , , , , , , , , , , , , , , , , , , , , , , , , , , , , , , , , , , , , , , , , , , , , , , , , , , , , , , , , , , , , , , , , , , , , , , , , , , , , , , , , , , , , , , ,8,5,2016,1011.6307096368764,33.0,998.0
2016138N10081,2016,17,NI,BB,ROANU,2016-05-17 18:00:00,TS,12.5,81.1,25,998,newdelhi,main,108,108,O____O_________,jtwc_io,IO012016,12.4,81.6, ,TS,35,996,0, , , , , , , , , , , , ,1002,175,50, , , , , , , , , , , , , , , , , , , , , , , , , , , , , , , , , , ,12.5,80.7,D,25,998,1.50000,4, , , , , , , , , , , , , , , , , , , , , , , , , , , , , , , , , , , , , , , , , , , , , , , , , , , , , , , , , , , , , , , , , , , , , , , , , , , , , , , , , , , , , , , , , , ,7,5,2016,973.021419869821,35.0,996.0
2016138N10081,2016,17,NI,BB,ROANU,2016-05-17 21:00:00,TS,12.8,81.2, , , ,main,108,100,P____P_________, ,IO012016,12.8,81.6, ,TS,38,995,0, , , , , , , , , , , , ,1003,180,48, , , , , , , , , , , , , , , , , , , , , , , , , , , , , , , , , , ,12.7,80.7,D,25,998, ,4, , , , , , , , , , , , , , , , , , , , , , , , , , , , , , , , , , , , , , , , , , , , , , , , , , , , , , , , , , , , , , , , , , , , , , , , , , , , , , , , , , , , , , , , , , ,7,5,2016,938.7911505973938,38.0,995.0
2016138N10081,2016,17,NI,BB,ROANU,2016-05-18 00:00:00,TS,13.1,81.2,25,998,newdelhi,main,100,98,O____O_________,jtwc_io,IO012016,13.2,81.6, ,TS,40,993,0, , , , , , , , , , , , ,1003,185,45, , , , , , , , , , , , , , , , , , , , , , , , , , , , , , , , , , ,13.0,80.8,D,25,998,1.50000,4, , , , , , , , , , , , , , , , , , , , , , , , , , , , , , , , , , , , , , , , , , , , , , , , , , , , , , , , , , , , , , , , , , , , , , , , , , , , , , , , , , , , , , , , , , ,7,10,2016,910.3223481924666,40.0,993.0
2016138N10081,2016,17,NI,BB,ROANU,2016-05-18 03:00:00,TS,13.4,81.3,30,997,newdelhi,main,108,108,P____O_________, ,IO012016,13.6,81.6, ,TS,43,991,0, , , , , , , , , , , , ,1001,173,35, , , , , , , , , , , , , , , , , , , , , , , , , , , , , , , , , , ,13.3,81.0,DD,30,997,2.00000,5, , , , , , , , , , , , , , , , , , , , , , , , , , , , , , , , , , , , , , , , , , , , , , , , , , , , , , , , , , , , , , , , , , , , , , , , , , , , , , , , , , , , , , , , , , ,8,5,2016,876.332724904144,43.0,991.0
2016138N10081,2016,17,NI,BB,ROANU,2016-05-18 06:00:00,TS,13.9,81.3,30,996,newdelhi,main,108,108,O____O_________,jtwc_io,IO012016,13.9,81.6, ,TS,45,989,0,45,35,65,65, , , , , , , , ,999,160,25, , , , , , , , , , , , , , , , , , , , , , , , , , , , , , , , , , ,13.8,81.0,DD,30,996,2.00000,5, , , , , , , , , , , , , , , , , , , , , , , , , , , , , , , , , , , , , , , , , , , , , , , , , , , , , , , , , , , , , , , , , , , , , , , , , , , , , , , , , , , , , , , , , , ,7,0,2016,829.9915468437164,45.0,989.0
2016138N10081,2016,17,NI,BB,ROANU,2016-05-18 09:00:00,TS,14.2,81.3, , , ,main,116,116,P____P_________, ,IO012016,14.2,81.6, ,TS,45,989,0,45,35,65,65, , , , , , , , ,999,160,25, , , , , , , , , , , , , , , , , , , , , , , , , , , , , , , , , , ,14.2,81.0,DD,30,996, ,5, , , , , , , , , , , , , , , , , , , , , , , , , , , , , , , , , , , , , , , , , , , , , , , , , , , , , , , , , , , , , , , , , , , , , , , , , , , , , , , , , , , , , , , , , , ,6,0,2016,802.7478698559836,45.0,989.0
2016138N10081,2016,17,NI,BB,ROANU,2016-05-18 12:00:00,TS,14.4,81.3,30,996,newdelhi,main,120,118,O____O_________,jtwc_io,IO012016,14.4,81.6, ,TS,45,989,0,45,35,65,65, , , , , , , , ,999,160,25, , , , , , , , , , , , , , , , , , , , , , , , , , , , , , , , , , ,14.4,81.0,DD,30,996,2.00000,5, , , , , , , , , , , , , , , , , , , , , , , , , , , , , , , , , , , , , , , , , , , , , , , , , , , , , , , , , , , , , , , , , , , , , , , , , , , , , , , , , , , , , , , , , , ,4,0,2016,784.8463345470292,45.0,989.0
2016138N10081,2016,17,NI,BB,ROANU,2016-05-18 15:00:00,TS,14.5,81.3, , , ,main,118,118,P____P_________, ,IO012016,14.7,81.6, ,TS,45,989,0,68,65,78,73, , , , , , , , ,999,165,25, , , , , , , , , , , , , , , , , , , , , , , , , , , , , , , , , , ,14.4,81.0,DD,30,995, ,6, , , , , , , , , , , , , , , , , , , , , , , , , , , , , , , , , , , , , , , , , , , , , , , , , , , , , , , , , , , , , , , , , , , , , , , , , , , , , , , , , , , , , , , , , , ,3,0,2016,775.9792749376861,45.0,989.0
2016138N10081,2016,17,NI,BB,ROANU,2016-05-18 18:00:00,TS,14.7,81.3,30,994,newdelhi,main,118,114,O____O_________,jtwc_io,IO012016,14.9,81.6, ,TS,45,989,0,90,95,90,80, , , , , , , , ,999,170,25, , , , , , , , , , , , , , , , , , , , , , , , , , , , , , , , , , ,14.4,81.0,DD,30,994,2.00000,7, , , , , , , , , , , , , , , , , , , , , , , , , , , , , , , , , , , , , , , , , , , , , , , , , , , , , , , , , , , , , , , , , , , , , , , , , , , , , , , , , , , , , , , , , , ,3,25,2016,758.4223587623271,45.0,989.0
2016138N10081,2016,17,NI,BB,ROANU,2016-05-18 21:00:00,TS,14.9,81.4, , , ,main,104,100,P____P_________, ,IO012016,15.0,81.7, ,TS,45,989,0,90,95,90,80, , , , , , , , ,999,170,25, , , , , , , , , , , , , , , , , , , , , , , , , , , , , , , , , , ,14.7,81.2,DD,33,992, ,7, , , , , , , , , , , , , , , , , , , , , , , , , , , , , , , , , , , , , , , , , , , , , , , , , , , , , , , , , , , , , , , , , , , , , , , , , , , , , , , , , , , , , , , , , , ,5,35,2016,734.3345608027694,45.0,989.0
2016138N10081,2016,17,NI,BB,ROANU,2016-05-19 00:00:00,TS,15.1,81.6,35,990,newdelhi,main,100,92,O____O_________,jtwc_io,IO012016,15.1,81.8, ,TS,45,989,0,90,95,90,80, , , , , , , , ,999,170,25, , , , , , , , , , , , , , , , , , , , , , , , , , , , , , , , , , ,15.1,81.4,CS,35,990,2.50000,7, , , , , , , , , , , , , , , , , , , , , , , , , , , , , , , , , , , , , , , , , , , , , , , , , , , , , , , , , , , , , , , , , , , , , , , , , , , , , , , , , , , , , , , , , , ,7,40,2016,703.546006422342,45.0,989.0
2016138N10081,2016,17,NI,BB,ROANU,2016-05-19 03:00:00,TS,15.4,81.8,35,990,newdelhi,main,92,92,P____O_________, ,IO012016,15.1,82.1, ,TS,48,987,0,93,95,90,85, , , , , , , , ,1000,185,25, , , , , , , , , , , , , , , , , , , , , , , , , , , , , , , , , , ,15.6,81.6,CS,35,990,2.50000,8, , , , , , , , , , , , , , , , , , , , , , , , , , , , , , , , , , , , , , , , , , , , , , , , , , , , , , , , , , , , , , , , , , , , , , , , , , , , , , , , , , , , , , , , , , ,5,50,2016,664.1073652079752,48.0,987.0
2016138N10081,2016,17,NI,BB,ROANU,2016-05-19 06:00:00,TS,15.4,82.0,40,988,newdelhi,main,105,99,O____O_________,jtwc_io,IO012016,15.2,82.4, ,TS,50,985,0,95,95,90,90, , , , , , , , ,1001,200,25, , , , , , , , , , , , , , , , , , , , , , , , , , , , , , , , , , ,15.6,81.6,CS,40,988,2.50000,8, , , , , , , , , , , , , , , , , , , , , , , , , , , , , , , , , , , , , , , , , , , , , , , , , , , , , , , , , , , , , , , , , , , , , , , , , , , , , , , , , , , , , , , , , , ,4,65,2016,650.8046834713925,50.0,985.0
2016138N10081,2016,17,NI,BB,ROANU,2016-05-19 09:00:00,TS,15.5,82.2, , , ,main,104,89,P____P_________, ,IO012016,15.3,82.8, ,TS,50,985,0,95,95,90,90, , , , , , , , ,1001,200,30, , , , , , , , , , , , , , , , , , , , , , , , , , , , , , , , , , ,15.8,81.7,CS,40,988, ,8, , , , , , , , , , , , , , , , , , , , , , , , , , , , , , , , , , , , , , , , , , , , , , , , , , , , , , , , , , , , , , , , , , , , , , , , , , , , , , , , , , , , , , , , , , ,6,50,2016,628.9860362523677,50.0,985.0
2016138N10081,2016,17,NI,BB,ROANU,2016-05-19 12:00:00,TS,15.8,82.5,40,988,newdelhi,main,89,70,O____O_________,jtwc_io,IO012016,15.6,83.1, ,TS,50,985,0,95,95,90,90, , , , , , , , ,1001,200,35, , , , , , , , , , , , , , , , , , , , , , , , , , , , , , , , , , ,16.0,81.9,CS,40,988,2.50000,8, , , , , , , , , , , , , , , , , , , , , , , , , , , , , , , , , , , , , , , , , , , , , , , , , , , , , , , , , , , , , , , , , , , , , , , , , , , , , , , , , , , , , , , , , , ,8,45,2016,583.0600714428238,50.0,985.0
2016138N10081,2016,17,NI,BB,ROANU,2016-05-19 15:00:00,TS,16.1,82.8,40,988,newdelhi,main,77,69,P____O_________, ,IO012016,16.1,83.4, ,TS,48,987,0,93,93,88,88, , , , , , , , ,1001,198,35, , , , , , , , , , , , , , , , , , , , , , , , , , , , , , , , , , ,16.2,82.2,CS,40,988,2.50000,8, , , , , , , , , , , , , , , , , , , , , , , , , , , , , , , , , , , , , , , , , , , , , , , , , , , , , , , , , , , , , , , , , , , , , , , , , , , , , , , , , , , , , , , , , , ,9,40,2016,537.2180431087977,48.0,987.0
2016138N10081,2016,17,NI,BB,ROANU,2016-05-19 18:00:00,TS,16.5,83.1,40,988,newdelhi,main,91,79,O____O_________,jtwc_io,IO012016,16.6,83.7, ,TS,45,989,0,90,90,85,85, , , , , , , , ,1001,195,35, , , , , , , , , , , , , , , , , , , , , , , , , , , , , , , , , , ,16.4,82.6,CS,40,988,2.50000,8, , , , , , , , , , , , , , , , , , , , , , , , , , , , , , , , , , , , , , , , , , , , , , , , , , , , , , , , , , , , , , , , , , , , , , , , , , , , , , , , , , , , , , , , , , ,10,40,2016,482.4146351166592,45.0,989.0
2016138N10081,2016,17,NI,BB,ROANU,2016-05-19 21:00:00,TS,16.9,83.5,40,988,newdelhi,main,84,69,P____O_________, ,IO012016,17.1,84.1, ,TS,45,989,0,85,90,83,73, , , , , , , , ,1001,185,35, , , , , , , , , , , , , , , , , , , , , , , , , , , , , , , , , , ,16.8,82.8,CS,40,988,2.50000,8, , , , , , , , , , , , , , , , , , , , , , , , , , , , , , , , , , , , , , , , , , , , , , , , , , , , , , , , , , , , , , , , , , , , , , , , , , , , , , , , , , , , , , , , , , ,12,40,2016,421.49408582882023,45.0,989.0
2016138N10081,2016,17,NI,BB,ROANU,2016-05-20 00:00:00,TS,17.4,84.0,40,988,newdelhi,main,77,53,O____O_________,jtwc_io,IO012016,17.6,84.6, ,TS,45,989,0,80,90,80,60, , , , , , , , ,1000,175,35, , , , , , , , , , , , , , , , , , , , , , , , , , , , , , , , , , ,17.2,83.3,CS,40,988,2.50000,8, , , , , , , , , , , , , , , , , , , , , , , , , , , , , , , , , , , , , , , , , , , , , , , , , , , , , , , , , , , , , , , , , , , , , , , , , , , , , , , , , , , , , , , , , , ,16,45,2016,345.7117464082022,45.0,989.0
2016138N10081,2016,17,NI,BB,ROANU,2016-05-20 03:00:00,TS,18.1,84.7,40,988,newdelhi,main,61,53,P____O_________, ,IO012016,18.2,85.1, ,TS,48,987,0,93,100,88,60, , , , , , , , ,1000,175,35, , , , , , , , , , , , , , , , , , , , , , , , , , , , , , , , , , ,18.0,84.2,CS,40,988,2.50000,8, , , , , , , , , , , , , , , , , , , , , , , , , , , , , , , , , , , , , , , , , , , , , , , , , , , , , , , , , , , , , , , , , , , , , , , , , , , , , , , , , , , , , , , , , , ,16,45,2016,240.8328516522162,48.0,987.0
2016138N10081,2016,17,NI,BB,ROANU,2016-05-20 06:00:00,TS,18.6,85.1,40,988,newdelhi,main,67,67,O____O_________,jtwc_io,IO012016,18.7,85.7, ,TS,50,985,0,105,110,95,60, , , , , , , , ,1000,175,35, , , , , , , , , , , , , , , , , , , , , , , , , , , , , , , , , , ,18.4,84.6,CS,40,988,2.50000,9, , , , , , , , , , , , , , , , , , , , , , , , , , , , , , , , , , , , , , , , , , , , , , , , , , , , , , , , , , , , , , , , , , , , , , , , , , , , , , , , , , , , , , , , , , ,12,50,2016,172.13471049405462,50.0,985.0
2016138N10081,2016,17,NI,BB,ROANU,2016-05-20 09:00:00,TS,18.9,85.6,40,988,newdelhi,main,79,70,P____O_________, ,IO012016,18.9,86.3, ,TS,53,984,0,105,110,95,60, , , , , , , , ,1000,175,35, , , , , , , , , , , , , , , , , , , , , , , , , , , , , , , , , , ,18.8,85.0,CS,40,988,2.50000,9, , , , , , , , , , , , , , , , , , , , , , , , , , , , , , , , , , , , , , , , , , , , , , , , , , , , , , , , , , , , , , , , , , , , , , , , , , , , , , , , , , , , , , , , , , ,17,60,2016,124.098886429663,53.0,984.0
2016138N10081,2016,17,NI,BB,ROANU,2016-05-20 12:00:00,TS,19.4,86.7,40,988,newdelhi,main,74,69,O____O_________,jtwc_io,IO012016,19.1,86.9, ,TS,55,982,0,105,110,95,60,40,40,40,40, , , , ,1000,175,35, , , , , , , , , , , , , , , , , , , , , , , , , , , , , , , , , , ,19.7,86.5,CS,40,988,2.50000,9, , , , , , , , , , , , , , , , , , , , , , , , , , , , , , , , , , , , , , , , , , , , , , , , , , , , , , , , , , , , , , , , , , , , , , , , , , , , , , , , , , , , , , , , , , ,18,60,2016,115.44723685015148,55.0,982.0
2016138N10081,2016,17,NI,BB,ROANU,2016-05-20 15:00:00,TS,19.8,87.3,40,986,newdelhi,main,83,83,P____O_________, ,IO012016,19.5,87.5, ,TS,55,982,0,100,113,98,65,40,40,40,40, , , , ,999,175,33, , , , , , , , , , , , , , , , , , , , , , , , , , , , , , , , , , ,20.1,87.1,CS,40,986,2.50000,9, , , , , , , , , , , , , , , , , , , , , , , , , , , , , , , , , , , , , , , , , , , , , , , , , , , , , , , , , , , , , , , , , , , , , , , , , , , , , , , , , , , , , , , , , , ,14,55,2016,158.40118265500664,55.0,982.0
2016138N10081,2016,17,NI,BB,ROANU,2016-05-20 18:00:00,TS,20.2,88.0,45,984,newdelhi,main,118,118,O____O_________,jtwc_io,IO012016,20.0,88.2, ,TS,55,982,0,95,115,100,70,40,40,40,40, , , , ,998,175,30, , , , , , , , , , , , , , , , , , , , , , , , , , , , , , , , , , ,20.4,87.7,CS,45,984,2.50000,11, , , , , , , , , , , , , , , , , , , , , , , , , , , , , , , , , , , , , , , , , , , , , , , , , , , , , , , , , , , , , , , , , , , , , , , , , , , , , , , , , , , , , , , , , , ,15,60,2016,230.80162756367704,55.0,982.0
2016138N10081,2016,17,NI,BB,ROANU,2016-05-20 21:00:00,TS,20.5,88.7,45,983,newdelhi,main,124,90,P____O_________, ,IO012016,20.3,89.0, ,TS,58,980,0,100,120,103,80,40,40,40,40, , , , ,999,180,28, , , , , , , , , , , , , , , , , , , , , , , , , , , , , , , , , , ,20.7,88.4,CS,45,983,2.50000,11, , , , , , , , , , , , , , , , , , , , , , , , , , , , , , , , , , , , , , , , , , , , , , , , , , , , , , , , , , , , , , , , , , , , , , , , , , , , , , , , , , , , , , , , , , ,15,65,2016,307.59522690634225,58.0,980.0
2016138N10081,2016,17,NI,BB,ROANU,2016-05-21 00:00:00,TS,20.9,89.4,45,983,newdelhi,main,84,45,O____O_________,jtwc_io,IO012016,20.7,89.8, ,TS,60,978,0,105,125,105,90,40,40,40,40, , , , ,1000,185,25, , , , , , , , , , , , , , , , , , , , , , , , , , , , , , , , , , ,21.0,89.0,CS,45,983,3.00000,11, , , , , , , , , , , , , , , , , , , , , , , , , , , , , , , , , , , , , , , , , , , , , , , , , , , , , , , , , , , , , , , , , , , , , , , , , , , , , , , , , , , , , , , , , , ,18,60,2016,388.1824574532313,60.0,978.0
2016138N10081,2016,17,NI,BB,ROANU,2016-05-21 03:00:00,TS,21.4,90.4,45,983,newdelhi,main,49,30,P____O_________, ,IO012016,21.3,90.4, ,TS,58,980,0,103,125,110,93,43,48,48,43, , , , ,999,178,28, , , , , , , , , , , , , , , , , , , , , , , , , , , , , , , , , , ,21.5,90.3,CS,45,983,3.00000,11, , , , , , , , , , , , , , , , , , , , , , , , , , , , , , , , , , , , , , , , , , , , , , , , , , , , , , , , , , , , , , , , , , , , , , , , , , , , , , , , , , , , , , , , , , ,19,55,2016,503.1323544891308,58.0,980.0
2016138N10081,2016,17,NI,BB,ROANU,2016-05-21 06:00:00,TS,21.9,91.0,45,983,newdelhi,main,38,10,O____O_________,jtwc_io,IO012016,22.0,91.0, ,TS,55,982,0,100,125,115,95,45,55,55,45, , , , ,998,170,30, , , , , , , , , , , , , , , , , , , , , , , , , , , , , , , , , , ,21.9,91.0,CS,45,983,3.00000,11, , , , , , , , , , , , , , , , , , , , , , , , , , , , , , , , , , , , , , , , , , , , , , , , , , , , , , , , , , , , , , , , , , , , , , , , , , , , , , , , , , , , , , , , , , ,16,40,2016,579.7928785457741,55.0,982.0
2016138N10081,2016,17,NI,BB,ROANU,2016-05-21 09:00:00,TS,22.6,91.5,45,983,newdelhi,main,10,0,P____O_________, ,IO012016,22.9,91.5, ,TS,48,988,0,100,125,115,95, , , , , , , , ,998,165,35, , , , , , , , , , , , , , , , , , , , , , , , , , , , , , , , , , ,22.5,91.5,CS,45,983,3.00000,11, , , , , , , , , , , , , , , , , , , , , , , , , , , , , , , , , , , , , , , , , , , , , , , , , , , , , , , , , , , , , , , , , , , , , , , , , , , , , , , , , , , , , , , , , , ,14,40,2016,657.3941181002753,48.0,988.0
2016138N10081,2016,17,NI,BB,ROANU,2016-05-21 12:00:00,TS,23.0,92.0,35,990,newdelhi,main,0,0,O____O_________,jtwc_io,IO012016,23.8,92.0, ,TS,40,993,0,100,125,115,95, , , , , , , , ,997,160,40, , , , , , , , , , , , , , , , , , , , , , , , , , , , , , , , , , ,22.8,92.0,CS,35,990,0.00000,6, , , , , , , , , , , , , , , , , , , , , , , , , , , , , , , , , , , , , , , , , , , , , , , , , , , , , , , , , , , , , , , , , , , , , , , , , , , , , , , , , , , , , , , , , , ,16,55,2016,722.8620198684462,40.0,993.0
2016138N10081,2016,17,NI,BB,ROANU,2016-05-21 15:00:00,TS,23.5,93.0,30,992,newdelhi,main,0,0,_____O_________, ,IO012016, , , ,TS, , ,-5, , , , , , , , , , , , , , , , , , , , , , , , , , , , , , , , , , , , , , , , , , , , , , , , , ,23.5,93.0,DD,30,992,0.00000,4, , , , , , , , , , , , , , , , , , , , , , , , , , , , , , , , , , , , , , , , , , , , , , , , , , , , , , , , , , , , , , , , , , , , , , , , , , , , , , , , , , , , , , , , , , ,21,60,2016,839.0838338820454,30.0,992.0
2016138N10081,2016,17,NI,BB,ROANU,2016-05-21 18:00:00,TS,24.0,94.0,30,994,newdelhi,main,0,0,_____O_________, , , , , , , , ,-5, , , , , , , , , , , , , , , , , , , , , , , , , , , , , , , , , , , , , , , , , , , , , , , , , ,24.0,94.0,DD,30,994,0.00000,4, , , , , , , , , , , , , , , , , , , , , , , , , , , , , , , , , , , , , , , , , , , , , , , , , , , , , , , , , , , , , , , , , , , , , , , , , , , , , , , , , , , , , , , , , , ,16,60,2016,954.952353524164,30.0,994.0
2016138N10081,2016,17,NI,BB,ROANU,2016-05-21 21:00:00,TS,24.3,94.5, , , ,main,0,0,_____P_________, , , , , , , , ,-5, , , , , , , , , , , , , , , , , , , , , , , , , , , , , , , , , , , , , , , , , , , , , , , , , ,24.3,94.5,DD,25,995, ,4, , , , , , , , , , , , , , , , , , , , , , , , , , , , , , , , , , , , , , , , , , , , , , , , , , , , , , , , , , , , , , , , , , , , , , , , , , , , , , , , , , , , , , , , , , ,8,50,2016,1015.2100744810285,,
2016138N10081,2016,17,NI,BB,ROANU,2016-05-22 00:00:00,TS,24.5,94.7,20,996,newdelhi,main,0, ,_____O_________, , , , , , , , ,-5, , , , , , , , , , , , , , , , , , , , , , , , , , , , , , , , , , , , , , , , , , , , , , , , , ,24.5,94.7,D,20,996,0.00000,3, , , , , , , , , , , , , , , , , , , , , , , , , , , , , , , , , , , , , , , , , , , , , , , , , , , , , , , , , , , , , , , , , , , , , , , , , , , , , , , , , , , , , , , , , , ,5,40,2016,1043.286077328493,20.0,996.0
2016308N13088,2016,85,NI,BB,UNNAMED,2016-11-02 18:00:00,TS,12.7,88.0,25,1004,newdelhi,main,752,702,_____O_________, , , , , , , , ,-5, , , , , , , , , , , , , , , , , , , , , , , , , , , , , , , , , , , , , , , , , , , , , , , , , ,12.7,88.0,D,25,1004,1.50000,4, , , , , , , , , , , , , , , , , , , , , , , , , , , , , , , , , , , , , , , , , , , , , , , , , , , , , , , , , , , , , , , , , , , , , , , , , , , , , , , , , , , , , , , , , , ,10,280,2016,844.9265140223351,25.0,1004.0
2016308N13088,2016,85,NI,BB,UNNAMED,2016-11-02 21:00:00,TS,12.8,87.5, , , ,main,702,646,_____P_________, , , , , , , , ,-5, , , , , , , , , , , , , , , , , , , , , , , , , , , , , , , , , , , , , , , , , , , , , , , , , ,12.8,87.5,D,25,1004, ,4, , , , , , , , , , , , , , , , , , , , , , , , , , , , , , , , , , , , , , , , , , , , , , , , , , , , , , , , , , , , , , , , , , , , , , , , , , , , , , , , , , , , , , , , , , ,10,285,2016,820.850495028707,,
2016308N13088,2016,85,NI,BB,UNNAMED,2016-11-03 00:00:00,TS,13.0,87.0,25,1004,newdelhi,main,646,576,_____O_________, , , , , , , , ,-5, , , , , , , , , , , , , , , , , , , , , , , , , , , , , , , , , , , , , , , , , , , , , , , , , ,13.0,87.0,D,25,1004,1.50000,4, , , , , , , , , , , , , , , , , , , , , , , , , , , , , , , , , , , , , , , , , , , , , , , , , , , , , , , , , , , , , , , , , , , , , , , , , , , , , , , , , , , , , , , , , , ,12,305,2016,788.7926847786448,25.0,1004.0
2016308N13088,2016,85,NI,BB,UNNAMED,2016-11-03 03:00:00,TS,13.4,86.5,25,1004,newdelhi,main,576,513,_____O_________, , , , , , , , ,-5, , , , , , , , , , , , , , , , , , , , , , , , , , , , , , , , , , , , , , , , , , , , , , , , , ,13.4,86.5,D,25,1004,1.50000,4, , , , , , , , , , , , , , , , , , , , , , , , , , , , , , , , , , , , , , , , , , , , , , , , , , , , , , , , , , , , , , , , , , , , , , , , , , , , , , , , , , , , , , , , , , ,12,305,2016,737.6583410568298,25.0,1004.0
2016308N13088,2016,85,NI,BB,UNNAMED,2016-11-03 06:00:00,TS,13.7,86.0,25,1004,newdelhi,main,513,466,_____O_________, , , , , , , , ,-5, , , , , , , , , , , , , , , , , , , , , , , , , , , , , , , , , , , , , , , , , , , , , , , , , ,13.7,86.0,D,25,1004,1.50000,4, , , , , , , , , , , , , , , , , , , , , , , , , , , , , , , , , , , , , , , , , , , , , , , , , , , , , , , , , , , , , , , , , , , , , , , , , , , , , , , , , , , , , , , , , , ,10,305,2016,700.8508875494829,25.0,1004.0
2016308N13088,2016,85,NI,BB,UNNAMED,2016-11-03 09:00:00,TS,14.0,85.7, , , ,main,466,435,_____P_________, , , , , , , , ,-5, , , , , , , , , , , , , , , , , , , , , , , , , , , , , , , , , , , , , , , , , , , , , , , , , ,14.0,85.7,D,25,1004, ,4, , , , , , , , , , , , , , , , , , , , , , , , , , , , , , , , , , , , , , , , , , , , , , , , , , , , , , , , , , , , , , , , , , , , , , , , , , , , , , , , , , , , , , , , , , ,7,315,2016,667.2541968472584,,
2016308N13088,2016,85,NI,BB,UNNAMED,2016-11-03 12:00:00,TS,14.2,85.5,25,1004,newdelhi,main,435,396,_____O_________, , , , , , , , ,-5, , , , , , , , , , , , , , , , , , , , , , , , , , , , , , , , , , , , , , , , , , , , , , , , , ,14.2,85.5,D,25,1004,1.50000,4, , , , , , , , , , , , , , , , , , , , , , , , , , , , , , , , , , , , , , , , , , , , , , , , , , , , , , , , , , , , , , , , , , , , , , , , , , , , , , , , , , , , , , , , , , ,6,310,2016,645.7173588772037,25.0,1004.0
2016308N13088,2016,85,NI,BB,UNNAMED,2016-11-03 15:00:00,TS,14.4,85.2, , , ,main,396,365,_____P_________, , , , , , , , ,-5, , , , , , , , , , , , , , , , , , , , , , , , , , , , , , , , , , , , , , , , , , , , , , , , , ,14.4,85.2,D,25,1004, ,4, , , , , , , , , , , , , , , , , , , , , , , , , , , , , , , , , , , , , , , , , , , , , , , , , , , , , , , , , , , , , , , , , , , , , , , , , , , , , , , , , , , , , , , , , , ,6,310,2016,625.9413524021471,,
2016308N13088,2016,85,NI,BB,UNNAMED,2016-11-03 18:00:00,TS,14.6,85.0,25,1004,newdelhi,main,365,330,_____O_________, , , , , , , , ,-5, , , , , , , , , , , , , , , , , , , , , , , , , , , , , , , , , , , , , , , , , , , , , , , , , ,14.6,85.0,D,25,1004,1.50000,4, , , , , , , , , , , , , , , , , , , , , , , , , , , , , , , , , , , , , , , , , , , , , , , , , , , , , , , , , , , , , , , , , , , , , , , , , , , , , , , , , , , , , , , , , , ,7,330,2016,606.4237859357132,25.0,1004.0
2016308N13088,2016,85,NI,BB,UNNAMED,2016-11-03 21:00:00,TS,15.0,84.9, , , ,main,330,290,_____P_________, , , , , , , , ,-5, , , , , , , , , , , , , , , , , , , , , , , , , , , , , , , , , , , , , , , , , , , , , , , , , ,15.0,84.9,D,25,1003, ,4, , , , , , , , , , , , , , , , , , , , , , , , , , , , , , , , , , , , , , , , , , , , , , , , , , , , , , , , , , , , , , , , , , , , , , , , , , , , , , , , , , , , , , , , , , ,9,350,2016,564.1008391796215,,
2016308N13088,2016,85,NI,BB,UNNAMED,2016-11-04 00:00:00,TS,15.5,84.8,25,1002,newdelhi,main,290,239,_____O_________, , , , , , , , ,-5, , , , , , , , , , , , , , , , , , , , , , , , , , , , , , , , , , , , , , , , , , , , , , , , , ,15.5,84.8,D,25,1002,1.50000,4, , , , , , , , , , , , , , , , , , , , , , , , , , , , , , , , , , , , , , , , , , , , , , , , , , , , , , , , , , , , , , , , , , , , , , , , , , , , , , , , , , , , , , , , , , ,10,350,2016,511.45370445792577,25.0,1002.0
2016308N13088,2016,85,NI,BB,UNNAMED,2016-11-04 03:00:00,TS,16.0,84.7,25,1002,newdelhi,main,239,239,_____O_________, , , , , , , , ,-5, , , , , , , , , , , , , , , , , , , , , , , , , , , , , , , , , , , , , , , , , , , , , , , , , ,16.0,84.7,D,25,1002,1.50000,4, , , , , , , , , , , , , , , , , , , , , , , , , , , , , , , , , , , , , , , , , , , , , , , , , , , , , , , , , , , , , , , , , , , , , , , , , , , , , , , , , , , , , , , , , , ,5,350,2016,459.7324176152089,25.0,1002.0
2016308N13088,2016,85,NI,BB,UNNAMED,2016-11-04 06:00:00,TS,16.0,84.7,25,1000,newdelhi,main,239,231,_____O_________, , , , , , , , ,-5, , , , , , , , , , , , , , , , , , , , , , , , , , , , , , , , , , , , , , , , , , , , , , , , , ,16.0,84.7,D,25,1000,1.50000,4, , , , , , , , , , , , , , , , , , , , , , , , , , , , , , , , , , , , , , , , , , , , , , , , , , , , , , , , , , , , , , , , , , , , , , , , , , , , , , , , , , , , , , , , , , ,1,0,2016,459.7324176152089,25.0,1000.0
2016308N13088,2016,85,NI,BB,UNNAMED,2016-11-04 09:00:00,TS,16.1,84.7, , , ,main,231,215,_____P_________, , , , , , , , ,-5, , , , , , , , , , , , , , , , , , , , , , , , , , , , , , , , , , , , , , , , , , , , , , , , , ,16.1,84.7,D,25,1000, ,4, , , , , , , , , , , , , , , , , , , , , , , , , , , , , , , , , , , , , , , , , , , , , , , , , , , , , , , , , , , , , , , , , , , , , , , , , , , , , , , , , , , , , , , , , , ,3,0,2016,448.9752305623651,,
2016308N13088,2016,85,NI,BB,UNNAMED,2016-11-04 12:00:00,TS,16.3,84.7,25,1000,newdelhi,main,215,200,_____O_________, , , , , , , , ,-5, , , , , , , , , , , , , , , , , , , , , , , , , , , , , , , , , , , , , , , , , , , , , , , , , ,16.3,84.7,D,25,1000,1.50000,4, , , , , , , , , , , , , , , , , , , , , , , , , , , , , , , , , , , , , , , , , , , , , , , , , , , , , , , , , , , , , , , , , , , , , , , , , , , , , , , , , , , , , , , , , , ,5,10,2016,427.5163849884311,25.0,1000.0
2016308N13088,2016,85,NI,BB,UNNAMED,2016-11-04 15:00:00,TS,16.6,84.8, , , ,main,200,183,_____P_________, , , , , , , , ,-5, , , , , , , , , , , , , , , , , , , , , , , , , , , , , , , , , , , , , , , , , , , , , , , , , ,16.6,84.8,D,25,1000, ,4, , , , , , , , , , , , , , , , , , , , , , , , , , , , , , , , , , , , , , , , , , , , , , , , , , , , , , , , , , , , , , , , , , , , , , , , , , , , , , , , , , , , , , , , , , ,7,25,2016,392.5205343008627,,
2016308N13088,2016,85,NI,BB,UNNAMED,2016-11-04 18:00:00,TS,16.9,85.0,25,1000,newdelhi,main,183,169,_____O_________, , , , , , , , ,-5, , , , , , , , , , , , , , , , , , , , , , , , , , , , , , , , , , , , , , , , , , , , , , , , , ,16.9,85.0,D,25,1000,1.50000,4, , , , , , , , , , , , , , , , , , , , , , , , , , , , , , , , , , , , , , , , , , , , , , , , , , , , , , , , , , , , , , , , , , , , , , , , , , , , , , , , , , , , , , , , , , ,9,40,2016,354.8792787844296,25.0,1000.0
2016308N13088,2016,85,NI,BB,UNNAMED,2016-11-04 21:00:00,TS,17.2,85.4, , , ,main,184,176,_____P_________, , , , , , , , ,-5, , , , , , , , , , , , , , , , , , , , , , , , , , , , , , , , , , , , , , , , , , , , , , , , , ,17.2,85.4,D,25,1000, ,4, , , , , , , , , , , , , , , , , , , , , , , , , , , , , , , , , , , , , , , , , , , , , , , , , , , , , , , , , , , , , , , , , , , , , , , , , , , , , , , , , , , , , , , , , , ,13,50,2016,314.185864889268,,
2016308N13088,2016,85,NI,BB,UNNAMED,2016-11-05 00:00:00,TS,17.7,86.0,25,1000,newdelhi,main,192,192,_____O_________, , , , , , , , ,-5, , , , , , , , , , , , , , , , , , , , , , , , , , , , , , , , , , , , , , , , , , , , , , , , , ,17.7,86.0,D,25,1000,1.50000,4, , , , , , , , , , , , , , , , , , , , , , , , , , , , , , , , , , , , , , , , , , , , , , , , , , , , , , , , , , , , , , , , , , , , , , , , , , , , , , , , , , , , , , , , , , ,19,55,2016,256.61269170671295,25.0,1000.0
2016308N13088,2016,85,NI,BB,UNNAMED,2016-11-05 03:00:00,TS,18.3,87.0,25,1000,newdelhi,main,200,179,_____O_________, , , , , , , , ,-5, , , , , , , , , , , , , , , , , , , , , , , , , , , , , , , , , , , , , , , , , , , , , , , , , ,18.3,87.0,D,25,1000,1.50000,4, , , , , , , , , , , , , , , , , , , , , , , , , , , , , , , , , , , , , , , , , , , , , , , , , , , , , , , , , , , , , , , , , , , , , , , , , , , , , , , , , , , , , , , , , , ,12,50,2016,227.19998585143503,25.0,1000.0
2016308N13088,2016,85,NI,BB,UNNAMED,2016-11-05 06:00:00,TS,18.5,87.0,25,1000,newdelhi,main,179,172,_____O_________, , , , , , , , ,-5, , , , , , , , , , , , , , , , , , , , , , , , , , , , , , , , , , , , , , , , , , , , , , , , , ,18.5,87.0,D,25,1000,1.50000,4, , , , , , , , , , , , , , , , , , , , , , , , , , , , , , , , , , , , , , , , , , , , , , , , , , , , , , , , , , , , , , , , , , , , , , , , , , , , , , , , , , , , , , , , , , ,8,60,2016,209.01607774296673,25.0,1000.0
2016308N13088,2016,85,NI,BB,UNNAMED,2016-11-05 09:00:00,TS,18.7,87.7, , , ,main,199,198,_____P_________, , , , , , , , ,-5, , , , , , , , , , , , , , , , , , , , , , , , , , , , , , , , , , , , , , , , , , , , , , , , , ,18.7,87.7,D,25,1000, ,4, , , , , , , , , , , , , , , , , , , , , , , , , , , , , , , , , , , , , , , , , , , , , , , , , , , , , , , , , , , , , , , , , , , , , , , , , , , , , , , , , , , , , , , , , , ,17,75,2016,246.2272412708472,,
2016308N13088,2016,85,NI,BB,UNNAMED,2016-11-05 12:00:00,TS,19.0,88.7,25,1000,newdelhi,main,254,254,_____O_________, , , , , , , , ,-5, , , , , , , , , , , , , , , , , , , , , , , , , , , , , , , , , , , , , , , , , , , , , , , , , ,19.0,88.7,D,25,1000,1.50000,4, , , , , , , , , , , , , , , , , , , , , , , , , , , , , , , , , , , , , , , , , , , , , , , , , , , , , , , , , , , , , , , , , , , , , , , , , , , , , , , , , , , , , , , , , , ,14,70,2016,323.6605242558922,25.0,1000.0
2016308N13088,2016,85,NI,BB,UNNAMED,2016-11-05 15:00:00,TS,19.2,89.1, , , ,main,268,236,_____P_________, , , , , , , , ,-5, , , , , , , , , , , , , , , , , , , , , , , , , , , , , , , , , , , , , , , , , , , , , , , , , ,19.2,89.1,D,25,1000, ,4, , , , , , , , , , , , , , , , , , , , , , , , , , , , , , , , , , , , , , , , , , , , , , , , , , , , , , , , , , , , , , , , , , , , , , , , , , , , , , , , , , , , , , , , , , ,9,55,2016,356.93493966609196,,
2016308N13088,2016,85,NI,BB,UNNAMED,2016-11-05 18:00:00,TS,19.5,89.5,25,1000,newdelhi,main,238,212,_____O_________, , , , , , , , ,-5, , , , , , , , , , , , , , , , , , , , , , , , , , , , , , , , , , , , , , , , , , , , , , , , , ,19.5,89.5,D,25,1000,1.50000,4, , , , , , , , , , , , , , , , , , , , , , , , , , , , , , , , , , , , , , , , , , , , , , , , , , , , , , , , , , , , , , , , , , , , , , , , , , , , , , , , , , , , , , , , , , ,13,55,2016,391.1815102524785,25.0,1000.0
2016308N13088,2016,85,NI,BB,UNNAMED,2016-11-05 21:00:00,TS,20.0,90.3, , , ,main,201,138,_____P_________, , , , , , , , ,-5, , , , , , , , , , , , , , , , , , , , , , , , , , , , , , , , , , , , , , , , , , , , , , , , , ,20.0,90.3,D,25,1000, ,4, , , , , , , , , , , , , , , , , , , , , , , , , , , , , , , , , , , , , , , , , , , , , , , , , , , , , , , , , , , , , , , , , , , , , , , , , , , , , , , , , , , , , , , , , , ,17,55,2016,470.18658965580954,,
2016308N13088,2016,85,NI,BB,UNNAMED,2016-11-06 00:00:00,TS,20.5,91.0,25,1000,newdelhi,main,138,66,_____O_________, , , , , , , , ,-5, , , , , , , , , , , , , , , , , , , , , , , , , , , , , , , , , , , , , , , , , , , , , , , , , ,20.5,91.0,D,25,1000,1.50000,4, , , , , , , , , , , , , , , , , , , , , , , , , , , , , , , , , , , , , , , , , , , , , , , , , , , , , , , , , , , , , , , , , , , , , , , , , , , , , , , , , , , , , , , , , , ,16,50,2016,545.2920004370123,25.0,1000.0
2016308N13088,2016,85,NI,BB,UNNAMED,2016-11-06 03:00:00,TS,21.0,91.5,25,1000,newdelhi,main,66,10,_____O_________, , , , , , , , ,-5, , , , , , , , , , , , , , , , , , , , , , , , , , , , , , , , , , , , , , , , , , , , , , , , , ,21.0,91.5,D,25,1000,1.50000,4, , , , , , , , , , , , , , , , , , , , , , , , , , , , , , , , , , , , , , , , , , , , , , , , , , , , , , , , , , , , , , , , , , , , , , , , , , , , , , , , , , , , , , , , , , ,13,35,2016,603.9567983749989,25.0,1000.0
2016308N13088,2016,85,NI,BB,UNNAMED,2016-11-06 06:00:00,TS,21.5,91.8,25,1002,newdelhi,main,10,10,_____O_________, , , , , , , , ,-5, , , , , , , , , , , , , , , , , , , , , , , , , , , , , , , , , , , , , , , , , , , , , , , , , ,21.5,91.8,D,25,1002,1.50000,4, , , , , , , , , , , , , , , , , , , , , , , , , , , , , , , , , , , , , , , , , , , , , , , , , , , , , , , , , , , , , , , , , , , , , , , , , , , , , , , , , , , , , , , , , , ,7,30,2016,645.744999045397,25.0,1002.0
2016308N13088,2016,85,NI,BB,UNNAMED,2016-11-06 09:00:00,TS,21.6,91.9,25,1003,newdelhi,main,10, ,_____O_________, , , , , , , , ,-5, , , , , , , , , , , , , , , , , , , , , , , , , , , , , , , , , , , , , , , , , , , , , , , , , ,21.6,91.9,D,25,1003,1.50000,3, , , , , , , , , , , , , , , , , , , , , , , , , , , , , , , , , , , , , , , , , , , , , , , , , , , , , , , , , , , , , , , , , , , , , , , , , , , , , , , , , , , , , , , , , , ,3,45,2016,658.5038081953452,25.0,1003.0
2017199N19086,2017,43,NI,BB,UNNAMED,2017-07-18 00:00:00,TS,19.0,86.0,25,992,newdelhi,main,91,91,_____O_________, , , , , , , , ,-5, , , , , , , , , , , , , , , , , , , , , , , , , , , , , , , , , , , , , , , , , , , , , , , , , ,19.0,86.0,D,25,992,1.50000,4, , , , , , , , , , , , , , , , , , , , , , , , , , , , , , , , , , , , , , , , , , , , , , , , , , , , , , , , , , , , , , , , , , , , , , , , , , , , , , , , , , , , , , , , , , ,0,0,2017,113.15370096299306,25.0,992.0
2017199N19086,2017,43,NI,BB,UNNAMED,2017-07-18 03:00:00,TS,19.0,86.0,25,992,newdelhi,main,91,15,_____O_________, , , , , , , , ,-5, , , , , , , , , , , , , , , , , , , , , , , , , , , , , , , , , , , , , , , , , , , , , , , , , ,19.0,86.0,D,25,992,1.50000,4, , , , , , , , , , , , , , , , , , , , , , , , , , , , , , , , , , , , , , , , , , , , , , , , , , , , , , , , , , , , , , , , , , , , , , , , , , , , , , , , , , , , , , , , , , ,7,315,2017,113.15370096299306,25.0,992.0
2017199N19086,2017,43,NI,BB,UNNAMED,2017-07-18 06:00:00,TS,19.5,85.5,25,992,newdelhi,main,15,0,_____O_________, , , , , , , , ,-5, , , , , , , , , , , , , , , , , , , , , , , , , , , , , , , , , , , , , , , , , , , , , , , , , ,19.5,85.5,D,25,992,1.50000,4, , , , , , , , , , , , , , , , , , , , , , , , , , , , , , , , , , , , , , , , , , , , , , , , , , , , , , , , , , , , , , , , , , , , , , , , , , , , , , , , , , , , , , , , , , ,10,320,2017,63.84974809858483,25.0,992.0
2017199N19086,2017,43,NI,BB,UNNAMED,2017-07-18 09:00:00,TS,19.8,85.3, , , ,main,0,0,_____P_________, , , , , , , , ,-5, , , , , , , , , , , , , , , , , , , , , , , , , , , , , , , , , , , , , , , , , , , , , , , , , ,19.8,85.3,D,25,992, ,4, , , , , , , , , , , , , , , , , , , , , , , , , , , , , , , , , , , , , , , , , , , , , , , , , , , , , , , , , , , , , , , , , , , , , , , , , , , , , , , , , , , , , , , , , , ,4,335,2017,56.81124605286863,,
2017199N19086,2017,43,NI,BB,UNNAMED,2017-07-18 12:00:00,TS,19.9,85.3,25,992,newdelhi,main,0,0,_____O_________, , , , , , , , ,-5, , , , , , , , , , , , , , , , , , , , , , , , , , , , , , , , , , , , , , , , , , , , , , , , , ,19.9,85.3,D,25,992,1.50000,4, , , , , , , , , , , , , , , , , , , , , , , , , , , , , , , , , , , , , , , , , , , , , , , , , , , , , , , , , , , , , , , , , , , , , , , , , , , , , , , , , , , , , , , , , , ,1,0,2017,53.43091548655799,25.0,992.0
2017199N19086,2017,43,NI,BB,UNNAMED,2017-07-18 15:00:00,TS,19.9,85.3, , , ,main,0,0,_____P_________, , , , , , , , ,-5, , , , , , , , , , , , , , , , , , , , , , , , , , , , , , , , , , , , , , , , , , , , , , , , , ,19.9,85.3,D,25,993, ,4, , , , , , , , , , , , , , , , , , , , , , , , , , , , , , , , , , , , , , , , , , , , , , , , , , , , , , , , , , , , , , , , , , , , , , , , , , , , , , , , , , , , , , , , , , ,0,0,2017,53.43091548655799,,
2017199N19086,2017,43,NI,BB,UNNAMED,2017-07-18 18:00:00,TS,19.9,85.3,25,994,newdelhi,main,0,0,_____O_________, , , , , , , , ,-5, , , , , , , , , , , , , , , , , , , , , , , , , , , , , , , , , , , , , , , , , , , , , , , , , ,19.9,85.3,D,25,994,0.00000,3, , , , , , , , , , , , , , , , , , , , , , , , , , , , , , , , , , , , , , , , , , , , , , , , , , , , , , , , , , , , , , , , , , , , , , , , , , , , , , , , , , , , , , , , , , ,1,350,2017,53.43091548655799,25.0,994.0
2017199N19086,2017,43,NI,BB,UNNAMED,2017-07-18 21:00:00,TS,20.0,85.3, , , ,main,0,0,_____P_________, , , , , , , , ,-5, , , , , , , , , , , , , , , , , , , , , , , , , , , , , , , , , , , , , , , , , , , , , , , , , ,20.0,85.3,D,25,994, ,3, , , , , , , , , , , , , , , , , , , , , , , , , , , , , , , , , , , , , , , , , , , , , , , , , , , , , , , , , , , , , , , , , , , , , , , , , , , , , , , , , , , , , , , , , , ,2,335,2017,52.24450662600683,,
2017199N19086,2017,43,NI,BB,UNNAMED,2017-07-19 00:00:00,TS,20.1,85.2,25,994,newdelhi,main,0, ,_____O_________, , , , , , , , ,-5, , , , , , , , , , , , , , , , , , , , , , , , , , , , , , , , , , , , , , , , , , , , , , , , , ,20.1,85.2,D,25,994,0.00000,3, , , , , , , , , , , , , , , , , , , , , , , , , , , , , , , , , , , , , , , , , , , , , , , , , , , , , , , , , , , , , , , , , , , , , , , , , , , , , , , , , , , , , , , , , , ,3,335,2017,63.652214453788176,25.0,994.0
2017292N17087,2017,90,NI,BB,UNNAMED,2017-10-19 00:00:00,TS,16.5,86.5,25,999,newdelhi,main,323,300,_____O_________, , , , , , , , ,-5, , , , , , , , , , , , , , , , , , , , , , , , , , , , , , , , , , , , , , , , , , , , , , , , , ,16.5,86.5,D,25,999,1.50000,3, , , , , , , , , , , , , , , , , , , , , , , , , , , , , , , , , , , , , , , , , , , , , , , , , , , , , , , , , , , , , , , , , , , , , , , , , , , , , , , , , , , , , , , , , , ,6,0,2017,396.1374797878052,25.0,999.0
2017292N17087,2017,90,NI,BB,UNNAMED,2017-10-19 03:00:00,TS,16.8,86.5,25,998,newdelhi,main,300,245,_____O_________, , , , , , , , ,-5, , , , , , , , , , , , , , , , , , , , , , , , , , , , , , , , , , , , , , , , , , , , , , , , , ,16.8,86.5,D,25,998,1.50000,4, , , , , , , , , , , , , , , , , , , , , , , , , , , , , , , , , , , , , , , , , , , , , , , , , , , , , , , , , , , , , , , , , , , , , , , , , , , , , , , , , , , , , , , , , , ,8,345,2017,363.40546675653934,25.0,998.0
2017292N17087,2017,90,NI,BB,UNNAMED,2017-10-19 06:00:00,TS,17.3,86.3,25,998,newdelhi,main,245,164,_____O_________, , , , , , , , ,-5, , , , , , , , , , , , , , , , , , , , , , , , , , , , , , , , , , , , , , , , , , , , , , , , , ,17.3,86.3,D,25,998,1.50000,4, , , , , , , , , , , , , , , , , , , , , , , , , , , , , , , , , , , , , , , , , , , , , , , , , , , , , , , , , , , , , , , , , , , , , , , , , , , , , , , , , , , , , , , , , , ,17,355,2017,304.8116069537114,25.0,998.0
2017292N17087,2017,90,NI,BB,UNNAMED,2017-10-19 09:00:00,TS,18.4,86.3, , , ,main,164,15,_____P_________, , , , , , , , ,-5, , , , , , , , , , , , , , , , , , , , , , , , , , , , , , , , , , , , , , , , , , , , , , , , , ,18.4,86.3,D,25,998, ,4, , , , , , , , , , , , , , , , , , , , , , , , , , , , , , , , , , , , , , , , , , , , , , , , , , , , , , , , , , , , , , , , , , , , , , , , , , , , , , , , , , , , , , , , , , ,27,5,2017,185.49706061316638,,
2017292N17087,2017,90,NI,BB,UNNAMED,2017-10-19 12:00:00,TS,20.0,86.5,25,998,newdelhi,main,10, ,_____O_________, , , , , , , , ,-5, , , , , , , , , , , , , , , , , , , , , , , , , , , , , , , , , , , , , , , , , , , , , , , , , ,20.0,86.5,D,25,998,1.50000,4, , , , , , , , , , , , , , , , , , , , , , , , , , , , , , , , , , , , , , , , , , , , , , , , , , , , , , , , , , , , , , , , , , , , , , , , , , , , , , , , , , , , , , , , , , ,32,5,2017,73.14228321274786,25.0,998.0
2017319N15083,2017,98,NI,BB,UNNAMED,2017-11-15 03:00:00,TS,15.0,83.0,25,1004,newdelhi,main,193,144,_____O_________, , , , , , , , ,-5, , , , , , , , , , , , , , , , , , , , , , , , , , , , , , , , , , , , , , , , , , , , , , , , , ,15.0,83.0,D,25,1004,1.50000,4, , , , , , , , , , , , , , , , , , , , , , , , , , , , , , , , , , , , , , , , , , , , , , , , , , , , , , , , , , , , , , , , , , , , , , , , , , , , , , , , , , , , , , , , , , ,10,0,2017,630.2415314929245,25.0,1004.0
2017319N15083,2017,98,NI,BB,UNNAMED,2017-11-15 06:00:00,TS,15.5,83.0,25,1004,newdelhi,main,144,115,_____O_________, , , , , , , , ,-5, , , , , , , , , , , , , , , , , , , , , , , , , , , , , , , , , , , , , , , , , , , , , , , , , ,15.5,83.0,D,25,1004,1.50000,4, , , , , , , , , , , , , , , , , , , , , , , , , , , , , , , , , , , , , , , , , , , , , , , , , , , , , , , , , , , , , , , , , , , , , , , , , , , , , , , , , , , , , , , , , , ,9,5,2017,581.5868934656992,25.0,1004.0
2017319N15083,2017,98,NI,BB,UNNAMED,2017-11-15 09:00:00,TS,15.9,83.1, , , ,main,115,111,_____P_________, , , , , , , , ,-5, , , , , , , , , , , , , , , , , , , , , , , , , , , , , , , , , , , , , , , , , , , , , , , , , ,15.9,83.1,D,25,1003, ,4, , , , , , , , , , , , , , , , , , , , , , , , , , , , , , , , , , , , , , , , , , , , , , , , , , , , , , , , , , , , , , , , , , , , , , , , , , , , , , , , , , , , , , , , , , ,8,20,2017,537.9327764766281,,
2017319N15083,2017,98,NI,BB,UNNAMED,2017-11-15 12:00:00,TS,16.2,83.3,25,1001,newdelhi,main,115,111,_____O_________, , , , , , , , ,-5, , , , , , , , , , , , , , , , , , , , , , , , , , , , , , , , , , , , , , , , , , , , , , , , , ,16.2,83.3,D,25,1001,1.50000,4, , , , , , , , , , , , , , , , , , , , , , , , , , , , , , , , , , , , , , , , , , , , , , , , , , , , , , , , , , , , , , , , , , , , , , , , , , , , , , , , , , , , , , , , , , ,9,30,2017,498.32116176807455,25.0,1001.0
2017319N15083,2017,98,NI,BB,UNNAMED,2017-11-15 15:00:00,TS,16.6,83.5, , , ,main,113,92,_____P_________, , , , , , , , ,-5, , , , , , , , , , , , , , , , , , , , , , , , , , , , , , , , , , , , , , , , , , , , , , , , , ,16.6,83.5,D,25,1002, ,4, , , , , , , , , , , , , , , , , , , , , , , , , , , , , , , , , , , , , , , , , , , , , , , , , , , , , , , , , , , , , , , , , , , , , , , , , , , , , , , , , , , , , , , , , , ,9,30,2017,449.2953489630612,,
2017319N15083,2017,98,NI,BB,UNNAMED,2017-11-15 18:00:00,TS,17.0,83.8,25,1002,newdelhi,main,92,77,_____O_________, , , , , , , , ,-5, , , , , , , , , , , , , , , , , , , , , , , , , , , , , , , , , , , , , , , , , , , , , , , , , ,17.0,83.8,D,25,1002,1.50000,4, , , , , , , , , , , , , , , , , , , , , , , , , , , , , , , , , , , , , , , , , , , , , , , , , , , , , , , , , , , , , , , , , , , , , , , , , , , , , , , , , , , , , , , , , , ,8,30,2017,394.642312542021,25.0,1002.0
2017319N15083,2017,98,NI,BB,UNNAMED,2017-11-15 21:00:00,TS,17.3,84.0, , , ,main,84,77,_____P_________, , , , , , , , ,-5, , , , , , , , , , , , , , , , , , , , , , , , , , , , , , , , , , , , , , , , , , , , , , , , , ,17.3,84.0,D,25,1003, ,4, , , , , , , , , , , , , , , , , , , , , , , , , , , , , , , , , , , , , , , , , , , , , , , , , , , , , , , , , , , , , , , , , , , , , , , , , , , , , , , , , , , , , , , , , , ,6,30,2017,355.0919111115692,,
2017319N15083,2017,98,NI,BB,UNNAMED,2017-11-16 00:00:00,TS,17.5,84.1,25,1004,newdelhi,main,77,64,_____O_________, , , , , , , , ,-5, , , , , , , , , , , , , , , , , , , , , , , , , , , , , , , , , , , , , , , , , , , , , , , , , ,17.5,84.1,D,25,1004,1.50000,4, , , , , , , , , , , , , , , , , , , , , , , , , , , , , , , , , , , , , , , , , , , , , , , , , , , , , , , , , , , , , , , , , , , , , , , , , , , , , , , , , , , , , , , , , , ,5,40,2017,330.62166701924184,25.0,1004.0
2017319N15083,2017,98,NI,BB,UNNAMED,2017-11-16 03:00:00,TS,17.7,84.3,25,1004,newdelhi,main,70,70,_____O_________, , , , , , , , ,-5, , , , , , , , , , , , , , , , , , , , , , , , , , , , , , , , , , , , , , , , , , , , , , , , , ,17.7,84.3,D,25,1004,1.50000,4, , , , , , , , , , , , , , , , , , , , , , , , , , , , , , , , , , , , , , , , , , , , , , , , , , , , , , , , , , , , , , , , , , , , , , , , , , , , , , , , , , , , , , , , , , ,3,45,2017,300.5298591187011,25.0,1004.0
2017319N15083,2017,98,NI,BB,UNNAMED,2017-11-16 06:00:00,TS,17.7,84.3,25,1004,newdelhi,main,70,64,_____O_________, , , , , , , , ,-5, , , , , , , , , , , , , , , , , , , , , , , , , , , , , , , , , , , , , , , , , , , , , , , , , ,17.7,84.3,D,25,1004,1.50000,4, , , , , , , , , , , , , , , , , , , , , , , , , , , , , , , , , , , , , , , , , , , , , , , , , , , , , , , , , , , , , , , , , , , , , , , , , , , , , , , , , , , , , , , , , , ,3,60,2017,300.5298591187011,25.0,1004.0
2017319N15083,2017,98,NI,BB,UNNAMED,2017-11-16 09:00:00,TS,17.9,84.6, , , ,main,69,69,_____P_________, , , , , , , , ,-5, , , , , , , , , , , , , , , , , , , , , , , , , , , , , , , , , , , , , , , , , , , , , , , , , ,17.9,84.6,D,25,1004, ,4, , , , , , , , , , , , , , , , , , , , , , , , , , , , , , , , , , , , , , , , , , , , , , , , , , , , , , , , , , , , , , , , , , , , , , , , , , , , , , , , , , , , , , , , , , ,8,60,2017,265.4262811602229,,
2017319N15083,2017,98,NI,BB,UNNAMED,2017-11-16 12:00:00,TS,18.1,85.0,25,1004,newdelhi,main,84,84,_____O_________, , , , , , , , ,-5, , , , , , , , , , , , , , , , , , , , , , , , , , , , , , , , , , , , , , , , , , , , , , , , , ,18.1,85.0,D,25,1004,1.50000,4, , , , , , , , , , , , , , , , , , , , , , , , , , , , , , , , , , , , , , , , , , , , , , , , , , , , , , , , , , , , , , , , , , , , , , , , , , , , , , , , , , , , , , , , , , ,8,55,2017,227.3860687539657,25.0,1004.0
2017319N15083,2017,98,NI,BB,UNNAMED,2017-11-16 15:00:00,TS,18.3,85.3, , , ,main,92,86,_____P_________, , , , , , , , ,-5, , , , , , , , , , , , , , , , , , , , , , , , , , , , , , , , , , , , , , , , , , , , , , , , , ,18.3,85.3,D,25,1004, ,4, , , , , , , , , , , , , , , , , , , , , , , , , , , , , , , , , , , , , , , , , , , , , , , , , , , , , , , , , , , , , , , , , , , , , , , , , , , , , , , , , , , , , , , , , , ,6,50,2017,196.19129644974086,,
2017319N15083,2017,98,NI,BB,UNNAMED,2017-11-16 18:00:00,TS,18.5,85.5,25,1004,newdelhi,main,100,100,_____O_________, , , , , , , , ,-5, , , , , , , , , , , , , , , , , , , , , , , , , , , , , , , , , , , , , , , , , , , , , , , , , ,18.5,85.5,D,25,1004,1.50000,4, , , , , , , , , , , , , , , , , , , , , , , , , , , , , , , , , , , , , , , , , , , , , , , , , , , , , , , , , , , , , , , , , , , , , , , , , , , , , , , , , , , , , , , , , , ,4,50,2017,169.73937745549134,25.0,1004.0
2017319N15083,2017,98,NI,BB,UNNAMED,2017-11-16 21:00:00,TS,18.5,85.6, , , ,main,110,98,_____P_________, , , , , , , , ,-5, , , , , , , , , , , , , , , , , , , , , , , , , , , , , , , , , , , , , , , , , , , , , , , , , ,18.5,85.6,D,25,1004, ,4, , , , , , , , , , , , , , , , , , , , , , , , , , , , , , , , , , , , , , , , , , , , , , , , , , , , , , , , , , , , , , , , , , , , , , , , , , , , , , , , , , , , , , , , , , ,4,45,2017,168.1085404458817,,
2017319N15083,2017,98,NI,BB,UNNAMED,2017-11-17 00:00:00,TS,18.8,85.8,25,1004,newdelhi,main,98,49,_____O_________, , , , , , , , ,-5, , , , , , , , , , , , , , , , , , , , , , , , , , , , , , , , , , , , , , , , , , , , , , , , , ,18.8,85.8,D,25,1004,1.50000,4, , , , , , , , , , , , , , , , , , , , , , , , , , , , , , , , , , , , , , , , , , , , , , , , , , , , , , , , , , , , , , , , , , , , , , , , , , , , , , , , , , , , , , , , , , ,12,35,2017,133.4339119734704,25.0,1004.0
2017319N15083,2017,98,NI,BB,UNNAMED,2017-11-17 03:00:00,TS,19.5,86.3,25,1006,newdelhi,main,49, ,_____O_________, , , , , , , , ,-5, , , , , , , , , , , , , , , , , , , , , , , , , , , , , , , , , , , , , , , , , , , , , , , , , ,19.5,86.3,D,25,1006,1.50000,4, , , , , , , , , , , , , , , , , , , , , , , , , , , , , , , , , , , , , , , , , , , , , , , , , , , , , , , , , , , , , , , , , , , , , , , , , , , , , , , , , , , , , , , , , , ,17,35,2017,76.34897949624792,25.0,1006.0
2017340N09089,2017,103,NI,BB,UNNAMED,2017-12-06 03:00:00,TS,8.5,88.5,25,1004,newdelhi,main,745,726,_____O_________, , , , , , , , ,-5, , , , , , , , , , , , , , , , , , , , , , , , , , , , , , , , , , , , , , , , , , , , , , , , , ,8.5,88.5,D,25,1004,1.50000,4, , , , , , , , , , , , , , , , , , , , , , , , , , , , , , , , , , , , , , , , , , , , , , , , , , , , , , , , , , , , , , , , , , , , , , , , , , , , , , , , , , , , , , , , , , ,7,325,2017,1311.3024007225424,25.0,1004.0
2017340N09089,2017,103,NI,BB,UNNAMED,2017-12-06 06:00:00,TS,8.8,88.3,25,1004,newdelhi,main,728,716,_____O_________, , , , , , , , ,-5, , , , , , , , , , , , , , , , , , , , , , , , , , , , , , , , , , , , , , , , , , , , , , , , , ,8.8,88.3,D,25,1004,1.50000,4, , , , , , , , , , , , , , , , , , , , , , , , , , , , , , , , , , , , , , , , , , , , , , , , , , , , , , , , , , , , , , , , , , , , , , , , , , , , , , , , , , , , , , , , , , ,9,335,2017,1274.0484154355302,25.0,1004.0
2017340N09089,2017,103,NI,BB,UNNAMED,2017-12-06 09:00:00,TS,9.3,88.1, , , ,main,719,718,_____P_________, , , , , , , , ,-5, , , , , , , , , , , , , , , , , , , , , , , , , , , , , , , , , , , , , , , , , , , , , , , , , ,9.3,88.1,D,25,1004, ,4, , , , , , , , , , , , , , , , , , , , , , , , , , , , , , , , , , , , , , , , , , , , , , , , , , , , , , , , , , , , , , , , , , , , , , , , , , , , , , , , , , , , , , , , , , ,11,345,2017,1215.1536140794074,,
2017340N09089,2017,103,NI,BB,UNNAMED,2017-12-06 12:00:00,TS,9.8,88.0,25,1004,newdelhi,main,725,725,_____O_________, , , , , , , , ,-5, , , , , , , , , , , , , , , , , , , , , , , , , , , , , , , , , , , , , , , , , , , , , , , , , ,9.8,88.0,D,25,1004,1.50000,4, , , , , , , , , , , , , , , , , , , , , , , , , , , , , , , , , , , , , , , , , , , , , , , , , , , , , , , , , , , , , , , , , , , , , , , , , , , , , , , , , , , , , , , , , , ,6,345,2017,1158.486088514422,25.0,1004.0
2017340N09089,2017,103,NI,BB,UNNAMED,2017-12-06 15:00:00,TS,9.9,88.0, , , ,main,728,728,_____P_________, , , , , , , , ,-5, , , , , , , , , , , , , , , , , , , , , , , , , , , , , , , , , , , , , , , , , , , , , , , , , ,9.9,88.0,D,25,1004, ,4, , , , , , , , , , , , , , , , , , , , , , , , , , , , , , , , , , , , , , , , , , , , , , , , , , , , , , , , , , , , , , , , , , , , , , , , , , , , , , , , , , , , , , , , , , ,2,10,2017,1147.592188661559,,
2017340N09089,2017,103,NI,BB,UNNAMED,2017-12-06 18:00:00,TS,10.0,88.0,25,1004,newdelhi,main,732,732,_____O_________, , , , , , , , ,-5, , , , , , , , , , , , , , , , , , , , , , , , , , , , , , , , , , , , , , , , , , , , , , , , , ,10.0,88.0,D,25,1004,1.50000,4, , , , , , , , , , , , , , , , , , , , , , , , , , , , , , , , , , , , , , , , , , , , , , , , , , , , , , , , , , , , , , , , , , , , , , , , , , , , , , , , , , , , , , , , , , ,5,0,2017,1136.7026098519098,25.0,1004.0
2017340N09089,2017,103,NI,BB,UNNAMED,2017-12-06 21:00:00,TS,10.4,88.0, , , ,main,750,750,_____P_________, , , , , , , , ,-5, , , , , , , , , , , , , , , , , , , , , , , , , , , , , , , , , , , , , , , , , , , , , , , , , ,10.4,88.0,D,25,1004, ,4, , , , , , , , , , , , , , , , , , , , , , , , , , , , , , , , , , , , , , , , , , , , , , , , , , , , , , , , , , , , , , , , , , , , , , , , , , , , , , , , , , , , , , , , , , ,11,0,2017,1093.1900871110372,,
2017340N09089,2017,103,NI,BB,UNNAMED,2017-12-07 00:00:00,TS,11.1,88.0,25,1004,newdelhi,main,783,783,_____O_________, , , , , , , , ,-5, , , , , , , , , , , , , , , , , , , , , , , , , , , , , , , , , , , , , , , , , , , , , , , , , ,11.1,88.0,D,25,1004,1.50000,4, , , , , , , , , , , , , , , , , , , , , , , , , , , , , , , , , , , , , , , , , , , , , , , , , , , , , , , , , , , , , , , , , , , , , , , , , , , , , , , , , , , , , , , , , , ,16,0,2017,1017.2420851718422,25.0,1004.0
2017340N09089,2017,103,NI,BB,UNNAMED,2017-12-07 03:00:00,TS,12.0,88.0,25,1004,newdelhi,main,801,778,_____O_________, , , , , , , , ,-5, , , , , , , , , , , , , , , , , , , , , , , , , , , , , , , , , , , , , , , , , , , , , , , , , ,12.0,88.0,D,25,1004,1.50000,4, , , , , , , , , , , , , , , , , , , , , , , , , , , , , , , , , , , , , , , , , , , , , , , , , , , , , , , , , , , , , , , , , , , , , , , , , , , , , , , , , , , , , , , , , , ,11,355,2017,920.0543395552791,25.0,1004.0
2017340N09089,2017,103,NI,BB,UNNAMED,2017-12-07 06:00:00,TS,12.2,87.9,25,1004,newdelhi,main,778,749,_____O_________, , , , , , , , ,-5, , , , , , , , , , , , , , , , , , , , , , , , , , , , , , , , , , , , , , , , , , , , , , , , , ,12.2,87.9,D,25,1004,1.50000,4, , , , , , , , , , , , , , , , , , , , , , , , , , , , , , , , , , , , , , , , , , , , , , , , , , , , , , , , , , , , , , , , , , , , , , , , , , , , , , , , , , , , , , , , , , ,5,335,2017,895.8127048619596,25.0,1004.0
2017340N09089,2017,103,NI,BB,UNNAMED,2017-12-07 09:00:00,TS,12.5,87.8, , , ,main,749,720,_____P_________, , , , , , , , ,-5, , , , , , , , , , , , , , , , , , , , , , , , , , , , , , , , , , , , , , , , , , , , , , , , , ,12.5,87.8,D,25,1004, ,4, , , , , , , , , , , , , , , , , , , , , , , , , , , , , , , , , , , , , , , , , , , , , , , , , , , , , , , , , , , , , , , , , , , , , , , , , , , , , , , , , , , , , , , , , , ,6,340,2017,860.8106530274309,,
2017340N09089,2017,103,NI,BB,UNNAMED,2017-12-07 12:00:00,TS,12.8,87.7,25,1004,newdelhi,main,720,697,_____O_________, , , , , , , , ,-5, , , , , , , , , , , , , , , , , , , , , , , , , , , , , , , , , , , , , , , , , , , , , , , , , ,12.8,87.7,D,25,1004,1.50000,4, , , , , , , , , , , , , , , , , , , , , , , , , , , , , , , , , , , , , , , , , , , , , , , , , , , , , , , , , , , , , , , , , , , , , , , , , , , , , , , , , , , , , , , , , , ,6,350,2017,825.8174614921371,25.0,1004.0
2017340N09089,2017,103,NI,BB,UNNAMED,2017-12-07 15:00:00,TS,13.1,87.7, , , ,main,697,664,_____P_________, , , , , , , , ,-5, , , , , , , , , , , , , , , , , , , , , , , , , , , , , , , , , , , , , , , , , , , , , , , , , ,13.1,87.7,D,25,1004, ,4, , , , , , , , , , , , , , , , , , , , , , , , , , , , , , , , , , , , , , , , , , , , , , , , , , , , , , , , , , , , , , , , , , , , , , , , , , , , , , , , , , , , , , , , , , ,6,350,2017,793.4830096766166,,
2017340N09089,2017,103,NI,BB,UNNAMED,2017-12-07 18:00:00,TS,13.4,87.6,25,1004,newdelhi,main,664,608,_____O_________, , , , , , , , ,-5, , , , , , , , , , , , , , , , , , , , , , , , , , , , , , , , , , , , , , , , , , , , , , , , , ,13.4,87.6,D,25,1004,1.50000,4, , , , , , , , , , , , , , , , , , , , , , , , , , , , , , , , , , , , , , , , , , , , , , , , , , , , , , , , , , , , , , , , , , , , , , , , , , , , , , , , , , , , , , , , , , ,8,335,2017,758.4786585049451,25.0,1004.0
2017340N09089,2017,103,NI,BB,UNNAMED,2017-12-07 21:00:00,TS,13.8,87.3, , , ,main,608,544,_____P_________, , , , , , , , ,-5, , , , , , , , , , , , , , , , , , , , , , , , , , , , , , , , , , , , , , , , , , , , , , , , , ,13.8,87.3,D,28,1003, ,5, , , , , , , , , , , , , , , , , , , , , , , , , , , , , , , , , , , , , , , , , , , , , , , , , , , , , , , , , , , , , , , , , , , , , , , , , , , , , , , , , , , , , , , , , , ,11,325,2017,707.6164168647018,,
2017340N09089,2017,103,NI,BB,UNNAMED,2017-12-08 00:00:00,TS,14.3,87.0,30,1002,newdelhi,main,544,468,_____O_________, , , , , , , , ,-5, , , , , , , , , , , , , , , , , , , , , , , , , , , , , , , , , , , , , , , , , , , , , , , , , ,14.3,87.0,DD,30,1002,2.00000,6, , , , , , , , , , , , , , , , , , , , , , , , , , , , , , , , , , , , , , , , , , , , , , , , , , , , , , , , , , , , , , , , , , , , , , , , , , , , , , , , , , , , , , , , , , ,13,340,2017,646.4949150757285,30.0,1002.0
2017340N09089,2017,103,NI,BB,UNNAMED,2017-12-08 03:00:00,TS,15.0,86.8,30,1002,newdelhi,main,468,385,_____O_________, , , , , , , , ,-5, , , , , , , , , , , , , , , , , , , , , , , , , , , , , , , , , , , , , , , , , , , , , , , , , ,15.0,86.8,DD,30,1002,2.00000,6, , , , , , , , , , , , , , , , , , , , , , , , , , , , , , , , , , , , , , , , , , , , , , , , , , , , , , , , , , , , , , , , , , , , , , , , , , , , , , , , , , , , , , , , , , ,16,345,2017,565.9900886354139,30.0,1002.0
2017340N09089,2017,103,NI,BB,UNNAMED,2017-12-08 06:00:00,TS,15.8,86.6,30,1002,newdelhi,main,385,331,O____O_________,jtwc_io,IO042017,17.2,86.3, ,TS,40,993,0, , , , , , , , , , , , ,1008,200,120, , , , , , , , , , , , , , , , , , , , , , , , , , , , , , , , , , ,15.5,86.7,DD,30,1002,2.00000,6, , , , , , , , , , , , , , , , , , , , , , , , , , , , , , , , , , , , , , , , , , , , , , , , , , , , , , , , , , , , , , , , , , , , , , , , , , , , , , , , , , , , , , , , , , ,15,345,2017,474.62390623725486,40.0,993.0
2017340N09089,2017,103,NI,BB,UNNAMED,2017-12-08 09:00:00,TS,16.5,86.5, , , ,main,323,269,P____P_________, ,IO042017,17.5,86.3, ,TS,43,991,0, , , , , , , , , , , , ,1008,200,120, , , , , , , , , , , , , , , , , , , , , , , , , , , , , , , , , , ,16.0,86.5,DD,30,1002, ,6, , , , , , , , , , , , , , , , , , , , , , , , , , , , , , , , , , , , , , , , , , , , , , , , , , , , , , , , , , , , , , , , , , , , , , , , , , , , , , , , , , , , , , , , , , ,12,345,2017,396.1374797878052,43.0,991.0
2017340N09089,2017,103,NI,BB,UNNAMED,2017-12-08 12:00:00,TS,17.0,86.3,30,1002,newdelhi,main,269,224,O____O_________,jtwc_io,IO042017,17.7,86.4, ,TS,45,989,0, , , , , , , , , , , , ,1008,200,120, , , , , , , , , , , , , , , , , , , , , , , , , , , , , , , , , , ,16.5,86.3,DD,30,1002,2.00000,6, , , , , , , , , , , , , , , , , , , , , , , , , , , , , , , , , , , , , , , , , , , , , , , , , , , , , , , , , , , , , , , , , , , , , , , , , , , , , , , , , , , , , , , , , , ,11,355,2017,337.72446818458997,45.0,989.0
2017340N09089,2017,103,NI,BB,UNNAMED,2017-12-08 15:00:00,TS,17.6,86.3, , , ,main,224,200,P____P_________, ,IO042017,17.9,86.5, ,TS,43,994,0, , , , , , , , , , , , ,1009,200,83, , , , , , , , , , , , , , , , , , , , , , , , , , , , , , , , , , ,17.2,86.2,DD,28,1003, ,5, , , , , , , , , , , , , , , , , , , , , , , , , , , , , , , , , , , , , , , , , , , , , , , , , , , , , , , , , , , , , , , , , , , , , , , , , , , , , , , , , , , , , , , , , , ,10,0,2017,272.0072448177894,43.0,994.0
2017340N09089,2017,103,NI,BB,UNNAMED,2017-12-08 18:00:00,TS,18.1,86.4,25,1004,newdelhi,main,198,168,O____O_________,jtwc_io,IO042017,18.1,86.5, ,TS,40,999,0,20,20,50,65, , , , , , , , ,1010,200,45, , , , , , , , , , , , , , , , , , , , , , , , , , , , , , , , , , ,18.0,86.2,D,25,1004,1.50000,4, , , , , , , , , , , , , , , , , , , , , , , , , , , , , , , , , , , , , , , , , , , , , , , , , , , , , , , , , , , , , , , , , , , , , , , , , , , , , , , , , , , , , , , , , , ,8,5,2017,220.48044464272863,40.0,999.0
2017340N09089,2017,103,NI,BB,UNNAMED,2017-12-08 21:00:00,TS,18.4,86.4, , , ,main,168,148,P____P_________, ,IO042017,18.2,86.5, ,TS,38,998,0,23,23,38,53, , , , , , , , ,1010,193,43, , , , , , , , , , , , , , , , , , , , , , , , , , , , , , , , , , ,18.6,86.2,D,25,1004, ,4, , , , , , , , , , , , , , , , , , , , , , , , , , , , , , , , , , , , , , , , , , , , , , , , , , , , , , , , , , , , , , , , , , , , , , , , , , , , , , , , , , , , , , , , , , ,6,10,2017,188.73798707060428,38.0,998.0
2017340N09089,2017,103,NI,BB,UNNAMED,2017-12-09 00:00:00,TS,18.7,86.5,25,1004,newdelhi,main,140,133,O____O_________,jtwc_io,IO042017,18.4,86.6, ,TS,35,996,0,25,25,25,40, , , , , , , , ,1009,185,40, , , , , , , , , , , , , , , , , , , , , , , , , , , , , , , , , , ,19.0,86.3,D,25,1004,1.50000,4, , , , , , , , , , , , , , , , , , , , , , , , , , , , , , , , , , , , , , , , , , , , , , , , , , , , , , , , , , , , , , , , , , , , , , , , , , , , , , , , , , , , , , , , , , ,5,35,2017,162.1380356100851,35.0,996.0
2017340N09089,2017,103,NI,BB,UNNAMED,2017-12-09 03:00:00,TS,18.8,86.7,25,1004,newdelhi,main,137,119,P____O_________, ,IO042017,18.6,86.7, ,TS,33,998,-1, , , , , , , , , , , , ,1010,180,43, , , , , , , , , , , , , , , , , , , , , , , , , , , , , , , , , , ,19.2,86.5,D,25,1004,1.50000,4, , , , , , , , , , , , , , , , , , , , , , , , , , , , , , , , , , , , , , , , , , , , , , , , , , , , , , , , , , , , , , , , , , , , , , , , , , , , , , , , , , , , , , , , , , ,5,45,2017,163.44497210916015,33.0,998.0
2017340N09089,2017,103,NI,BB,UNNAMED,2017-12-09 06:00:00,TS,19.0,86.9,25,1004,newdelhi,main,123,118,O____O_________,jtwc_io,IO042017,18.9,86.9, ,TD,30,1000,-1, , , , , , , , , , , , ,1010,175,45, , , , , , , , , , , , , , , , , , , , , , , , , , , , , , , , , , ,19.5,86.7,D,25,1004,1.50000,4, , , , , , , , , , , , , , , , , , , , , , , , , , , , , , , , , , , , , , , , , , , , , , , , , , , , , , , , , , , , , , , , , , , , , , , , , , , , , , , , , , , , , , , , , , ,5,55,2017,160.17983549286456,30.0,1000.0
2017340N09089,2017,103,NI,BB,UNNAMED,2017-12-09 09:00:00,TS,19.1,87.1, , , ,main,124,122,P______________, ,IO042017,19.1,87.1, ,TD,30,1000,-1, , , , , , , , , , , , ,1010,175,45, , , , , , , , , , , , , , , , , , , , , , , , , , , , , , , , , , , , , , , , , , , , , , , , , , , , , , , , , , , , , , , , , , , , , , , , , , , , , , , , , , , , , , , , , , , , , , , , , , , , , , , , , , , , , , , , , , , , , , , , , , , , , , , , , , , ,5,55,2017,169.0276077628871,30.0,1000.0
2017340N09089,2017,103,NI,BB,UNNAMED,2017-12-09 12:00:00,TS,19.3,87.3, , , ,main,122,115,O______________,jtwc_io,IO042017,19.3,87.3, ,TD,30,1000,-1, , , , , , , , , , , , ,1010,175,45, , , , , , , , , , , , , , , , , , , , , , , , , , , , , , , , , , , , , , , , , , , , , , , , , , , , , , , , , , , , , , , , , , , , , , , , , , , , , , , , , , , , , , , , , , , , , , , , , , , , , , , , , , , , , , , , , , , , , , , , , , , , , , , , , , , ,5,35,2017,175.30482453247726,30.0,1000.0
2017340N09089,2017,103,NI,BB,UNNAMED,2017-12-09 15:00:00,TS,19.5,87.4, , , ,main,115,107,P______________, ,IO042017,19.5,87.4, ,TD,28,1005,-1, , , , , , , , , , , , ,1011,175,45, , , , , , , , , , , , , , , , , , , , , , , , , , , , , , , , , , , , , , , , , , , , , , , , , , , , , , , , , , , , , , , , , , , , , , , , , , , , , , , , , , , , , , , , , , , , , , , , , , , , , , , , , , , , , , , , , , , , , , , , , , , , , , , , , , , ,6,30,2017,176.4338938278057,28.0,1005.0
2017340N09089,2017,103,NI,BB,UNNAMED,2017-12-09 18:00:00,TS,19.8,87.6, , , ,main,109,104,O______________,jtwc_io,IO042017,19.8,87.6, ,TD,25,1009,-1, , , , , , , , , , , , ,1011,175,45, , , , , , , , , , , , , , , , , , , , , , , , , , , , , , , , , , , , , , , , , , , , , , , , , , , , , , , , , , , , , , , , , , , , , , , , , , , , , , , , , , , , , , , , , , , , , , , , , , , , , , , , , , , , , , , , , , , , , , , , , , , , , , , , , , , ,7,35,2017,189.50786498642674,25.0,1009.0
2017340N09089,2017,103,NI,BB,UNNAMED,2017-12-09 21:00:00,TS,20.1,87.8, , , ,main,107,107,P______________, ,IO042017,20.1,87.8, ,TD,25,1009,-1, , , , , , , , , , , , ,1011,175,45, , , , , , , , , , , , , , , , , , , , , , , , , , , , , , , , , , , , , , , , , , , , , , , , , , , , , , , , , , , , , , , , , , , , , , , , , , , , , , , , , , , , , , , , , , , , , , , , , , , , , , , , , , , , , , , , , , , , , , , , , , , , , , , , , , , ,8,40,2017,209.20607870389318,25.0,1009.0
2017340N09089,2017,103,NI,BB,UNNAMED,2017-12-10 00:00:00,TS,20.4,88.1, , , ,main,119,100,O______________,jtwc_io,IO042017,20.4,88.1, ,TD,25,1009,-1, , , , , , , , , , , , ,1011,175,45, , , , , , , , , , , , , , , , , , , , , , , , , , , , , , , , , , , , , , , , , , , , , , , , , , , , , , , , , , , , , , , , , , , , , , , , , , , , , , , , , , , , , , , , , , , , , , , , , , , , , , , , , , , , , , , , , , , , , , , , , , , , , , , , , , , ,8,40,2017,244.1018034391128,25.0,1009.0
2017340N09089,2017,103,NI,BB,UNNAMED,2017-12-10 03:00:00,TS,20.7,88.4, , , ,main,100,59,P______________, ,IO042017,20.7,88.4, ,TD,23,1008,-1, , , , , , , , , , , , ,1011,175,45, , , , , , , , , , , , , , , , , , , , , , , , , , , , , , , , , , , , , , , , , , , , , , , , , , , , , , , , , , , , , , , , , , , , , , , , , , , , , , , , , , , , , , , , , , , , , , , , , , , , , , , , , , , , , , , , , , , , , , , , , , , , , , , , , , , ,9,40,2017,282.0116050775905,23.0,1008.0
2017340N09089,2017,103,NI,BB,UNNAMED,2017-12-10 06:00:00,TS,21.1,88.7, , , ,main,59, ,O______________,jtwc_io,IO042017,21.1,88.7, ,TD,20,1007,-1, , , , , , , , , , , , ,1011,175,45, , , , , , , , , , , , , , , , , , , , , , , , , , , , , , , , , , , , , , , , , , , , , , , , , , , , , , , , , , , , , , , , , , , , , , , , , , , , , , , , , , , , , , , , , , , , , , , , , , , , , , , , , , , , , , , , , , , , , , , , , , , , , , , , , , , ,9,40,2017,325.7692181855412,20.0,1007.0
2018202N21088,2018,46,NI,BB,UNNAMED,2018-07-21 03:00:00,TS,21.0,88.0,25,989,newdelhi,main,70,33,_____O_________, , , , , , , , ,-5, , , , , , , , , , , , , , , , , , , , , , , , , , , , , , , , , , , , , , , , , , , , , , , , , ,21.0,88.0,D,25,989,1.50000,4, , , , , , , , , , , , , , , , , , , , , , , , , , , , , , , , , , , , , , , , , , , , , , , , , , , , , , , , , , , , , , , , , , , , , , , , , , , , , , , , , , , , , , , , , , ,10,325,2018,254.68688047199953,25.0,989.0
2018202N21088,2018,46,NI,BB,UNNAMED,2018-07-21 06:00:00,TS,21.4,87.7,25,989,newdelhi,main,33,22,_____O_________, , , , , , , , ,-5, , , , , , , , , , , , , , , , , , , , , , , , , , , , , , , , , , , , , , , , , , , , , , , , , ,21.4,87.7,D,25,989,1.50000,4, , , , , , , , , , , , , , , , , , , , , , , , , , , , , , , , , , , , , , , , , , , , , , , , , , , , , , , , , , , , , , , , , , , , , , , , , , , , , , , , , , , , , , , , , , ,6,325,2018,251.57320259955947,25.0,989.0
2018202N21088,2018,46,NI,BB,UNNAMED,2018-07-21 09:00:00,TS,21.5,87.6,30,988,newdelhi,main,22,0,_____O_________, , , , , , , , ,-5, , , , , , , , , , , , , , , , , , , , , , , , , , , , , , , , , , , , , , , , , , , , , , , , , ,21.5,87.6,DD,30,988,2.00000,5, , , , , , , , , , , , , , , , , , , , , , , , , , , , , , , , , , , , , , , , , , , , , , , , , , , , , , , , , , , , , , , , , , , , , , , , , , , , , , , , , , , , , , , , , , ,4,315,2018,250.69579899670208,30.0,988.0
2018202N21088,2018,46,NI,BB,UNNAMED,2018-07-21 12:00:00,TS,21.7,87.4,30,988,newdelhi,main,0,0,_____O_________, , , , , , , , ,-5, , , , , , , , , , , , , , , , , , , , , , , , , , , , , , , , , , , , , , , , , , , , , , , , , ,21.7,87.4,DD,30,988,0.00000,5, , , , , , , , , , , , , , , , , , , , , , , , , , , , , , , , , , , , , , , , , , , , , , , , , , , , , , , , , , , , , , , , , , , , , , , , , , , , , , , , , , , , , , , , , , ,5,315,2018,251.73910248965012,30.0,988.0
2018202N21088,2018,46,NI,BB,UNNAMED,2018-07-21 15:00:00,TS,21.9,87.2, , , ,main,0,0,_____P_________, , , , , , , , ,-5, , , , , , , , , , , , , , , , , , , , , , , , , , , , , , , , , , , , , , , , , , , , , , , , , ,21.9,87.2,DD,28,989, ,4, , , , , , , , , , , , , , , , , , , , , , , , , , , , , , , , , , , , , , , , , , , , , , , , , , , , , , , , , , , , , , , , , , , , , , , , , , , , , , , , , , , , , , , , , , ,5,310,2018,256.45293820147117,,
2018202N21088,2018,46,NI,BB,UNNAMED,2018-07-21 18:00:00,TS,22.0,87.0,25,990,newdelhi,main,0,0,_____O_________, , , , , , , , ,-5, , , , , , , , , , , , , , , , , , , , , , , , , , , , , , , , , , , , , , , , , , , , , , , , , ,22.0,87.0,D,25,990,0.00000,3, , , , , , , , , , , , , , , , , , , , , , , , , , , , , , , , , , , , , , , , , , , , , , , , , , , , , , , , , , , , , , , , , , , , , , , , , , , , , , , , , , , , , , , , , , ,3,315,2018,254.89783747762638,25.0,990.0
2018202N21088,2018,46,NI,BB,UNNAMED,2018-07-21 21:00:00,TS,22.0,87.0, , , ,main,0,0,_____P_________, , , , , , , , ,-5, , , , , , , , , , , , , , , , , , , , , , , , , , , , , , , , , , , , , , , , , , , , , , , , , ,22.0,87.0,D,25,991, ,3, , , , , , , , , , , , , , , , , , , , , , , , , , , , , , , , , , , , , , , , , , , , , , , , , , , , , , , , , , , , , , , , , , , , , , , , , , , , , , , , , , , , , , , , , , ,3,315,2018,254.89783747762638,,
2018202N21088,2018,46,NI,BB,UNNAMED,2018-07-22 00:00:00,TS,22.2,86.8,25,992,newdelhi,main,0,0,_____O_________, , , , , , , , ,-5, , , , , , , , , , , , , , , , , , , , , , , , , , , , , , , , , , , , , , , , , , , , , , , , , ,22.2,86.8,D,25,992,0.00000,3, , , , , , , , , , , , , , , , , , , , , , , , , , , , , , , , , , , , , , , , , , , , , , , , , , , , , , , , , , , , , , , , , , , , , , , , , , , , , , , , , , , , , , , , , , ,9,305,2018,265.71271259491766,25.0,992.0
2018202N21088,2018,46,NI,BB,UNNAMED,2018-07-22 03:00:00,TS,22.6,86.2,25,992,newdelhi,main,0,0,_____O_________, , , , , , , , ,-5, , , , , , , , , , , , , , , , , , , , , , , , , , , , , , , , , , , , , , , , , , , , , , , , , ,22.6,86.2,D,25,992,0.00000,3, , , , , , , , , , , , , , , , , , , , , , , , , , , , , , , , , , , , , , , , , , , , , , , , , , , , , , , , , , , , , , , , , , , , , , , , , , , , , , , , , , , , , , , , , , ,8,310,2018,292.06089911814473,25.0,992.0
2018202N21088,2018,46,NI,BB,UNNAMED,2018-07-22 06:00:00,TS,22.7,86.1,25,992,newdelhi,main,0,0,_____O_________, , , , , , , , ,-5, , , , , , , , , , , , , , , , , , , , , , , , , , , , , , , , , , , , , , , , , , , , , , , , , ,22.7,86.1,D,25,992,0.00000,3, , , , , , , , , , , , , , , , , , , , , , , , , , , , , , , , , , , , , , , , , , , , , , , , , , , , , , , , , , , , , , , , , , , , , , , , , , , , , , , , , , , , , , , , , , ,6,295,2018,301.8292028040102,25.0,992.0
2018202N21088,2018,46,NI,BB,UNNAMED,2018-07-22 09:00:00,TS,22.8,85.7, , , ,main,0,0,_____P_________, , , , , , , , ,-5, , , , , , , , , , , , , , , , , , , , , , , , , , , , , , , , , , , , , , , , , , , , , , , , , ,22.8,85.7,D,25,992, ,3, , , , , , , , , , , , , , , , , , , , , , , , , , , , , , , , , , , , , , , , , , , , , , , , , , , , , , , , , , , , , , , , , , , , , , , , , , , , , , , , , , , , , , , , , , ,10,290,2018,311.5178237835114,,
2018202N21088,2018,46,NI,BB,UNNAMED,2018-07-22 12:00:00,TS,23.0,85.1,25,992,newdelhi,main,0,0,_____O_________, , , , , , , , ,-5, , , , , , , , , , , , , , , , , , , , , , , , , , , , , , , , , , , , , , , , , , , , , , , , , ,23.0,85.1,D,25,992,0.00000,3, , , , , , , , , , , , , , , , , , , , , , , , , , , , , , , , , , , , , , , , , , , , , , , , , , , , , , , , , , , , , , , , , , , , , , , , , , , , , , , , , , , , , , , , , , ,9,295,2018,341.35283020448037,25.0,992.0
2018202N21088,2018,46,NI,BB,UNNAMED,2018-07-22 15:00:00,TS,23.2,84.8, , , ,main,0,0,_____P_________, , , , , , , , ,-5, , , , , , , , , , , , , , , , , , , , , , , , , , , , , , , , , , , , , , , , , , , , , , , , , ,23.2,84.8,D,23,993, ,3, , , , , , , , , , , , , , , , , , , , , , , , , , , , , , , , , , , , , , , , , , , , , , , , , , , , , , , , , , , , , , , , , , , , , , , , , , , , , , , , , , , , , , , , , , ,7,310,2018,370.53364637630744,,
2018202N21088,2018,46,NI,BB,UNNAMED,2018-07-22 18:00:00,TS,23.5,84.5,20,993,newdelhi,main,0,0,_____O_________, , , , , , , , ,-5, , , , , , , , , , , , , , , , , , , , , , , , , , , , , , , , , , , , , , , , , , , , , , , , , ,23.5,84.5,D,20,993,0.00000,3, , , , , , , , , , , , , , , , , , , , , , , , , , , , , , , , , , , , , , , , , , , , , , , , , , , , , , , , , , , , , , , , , , , , , , , , , , , , , , , , , , , , , , , , , , ,7,315,2018,411.6805435852682,20.0,993.0
2018202N21088,2018,46,NI,BB,UNNAMED,2018-07-22 21:00:00,TS,23.7,84.3, , , ,main,0,0,_____P_________, , , , , , , , ,-5, , , , , , , , , , , , , , , , , , , , , , , , , , , , , , , , , , , , , , , , , , , , , , , , , ,23.7,84.3,D,20,993, ,3, , , , , , , , , , , , , , , , , , , , , , , , , , , , , , , , , , , , , , , , , , , , , , , , , , , , , , , , , , , , , , , , , , , , , , , , , , , , , , , , , , , , , , , , , , ,6,310,2018,439.5692267715431,,
2018202N21088,2018,46,NI,BB,UNNAMED,2018-07-23 00:00:00,TS,23.9,84.0,20,993,newdelhi,main,0, ,_____O_________, , , , , , , , ,-5, , , , , , , , , , , , , , , , , , , , , , , , , , , , , , , , , , , , , , , , , , , , , , , , , ,23.9,84.0,D,20,993,0.00000,3, , , , , , , , , , , , , , , , , , , , , , , , , , , , , , , , , , , , , , , , , , , , , , , , , , , , , , , , , , , , , , , , , , , , , , , , , , , , , , , , , , , , , , , , , , ,6,310,2018,471.7032418404238,20.0,993.0
2018219N21088,2018,59,NI,BB,UNNAMED,2018-08-07 09:00:00,TS,21.5,87.5,25,992,newdelhi,main,15,0,_____O_________, , , , , , , , ,-5, , , , , , , , , , , , , , , , , , , , , , , , , , , , , , , , , , , , , , , , , , , , , , , , , ,21.5,87.5,D,25,992,1.50000,4, , , , , , , , , , , , , , , , , , , , , , , , , , , , , , , , , , , , , , , , , , , , , , , , , , , , , , , , , , , , , , , , , , , , , , , , , , , , , , , , , , , , , , , , , , ,9,270,2018,243.03180018586133,25.0,992.0
2018219N21088,2018,59,NI,BB,UNNAMED,2018-08-07 12:00:00,TS,21.5,87.0,25,994,newdelhi,main,0,0,_____O_________, , , , , , , , ,-5, , , , , , , , , , , , , , , , , , , , , , , , , , , , , , , , , , , , , , , , , , , , , , , , , ,21.5,87.0,D,25,994,1.50000,3, , , , , , , , , , , , , , , , , , , , , , , , , , , , , , , , , , , , , , , , , , , , , , , , , , , , , , , , , , , , , , , , , , , , , , , , , , , , , , , , , , , , , , , , , , ,9,275,2018,208.29808907665338,25.0,994.0
2018219N21088,2018,59,NI,BB,UNNAMED,2018-08-07 15:00:00,TS,21.5,86.5, , , ,main,0,0,_____P_________, , , , , , , , ,-5, , , , , , , , , , , , , , , , , , , , , , , , , , , , , , , , , , , , , , , , , , , , , , , , , ,21.5,86.5,D,25,995, ,3, , , , , , , , , , , , , , , , , , , , , , , , , , , , , , , , , , , , , , , , , , , , , , , , , , , , , , , , , , , , , , , , , , , , , , , , , , , , , , , , , , , , , , , , , , ,9,275,2018,181.98157988187134,,
2018219N21088,2018,59,NI,BB,UNNAMED,2018-08-07 18:00:00,TS,21.6,86.0,25,995,newdelhi,main,0,0,_____O_________, , , , , , , , ,-5, , , , , , , , , , , , , , , , , , , , , , , , , , , , , , , , , , , , , , , , , , , , , , , , , ,21.6,86.0,D,25,995,0.00000,3, , , , , , , , , , , , , , , , , , , , , , , , , , , , , , , , , , , , , , , , , , , , , , , , , , , , , , , , , , , , , , , , , , , , , , , , , , , , , , , , , , , , , , , , , , ,12,275,2018,179.12231599485006,25.0,995.0
2018219N21088,2018,59,NI,BB,UNNAMED,2018-08-07 21:00:00,TS,21.7,85.3, , , ,main,0,0,_____P_________, , , , , , , , ,-5, , , , , , , , , , , , , , , , , , , , , , , , , , , , , , , , , , , , , , , , , , , , , , , , , ,21.7,85.3,D,23,996, ,3, , , , , , , , , , , , , , , , , , , , , , , , , , , , , , , , , , , , , , , , , , , , , , , , , , , , , , , , , , , , , , , , , , , , , , , , , , , , , , , , , , , , , , , , , , ,14,275,2018,196.04099523017356,,
2018219N21088,2018,59,NI,BB,UNNAMED,2018-08-08 00:00:00,TS,21.7,84.5,20,996,newdelhi,main,0, ,_____O_________, , , , , , , , ,-5, , , , , , , , , , , , , , , , , , , , , , , , , , , , , , , , , , , , , , , , , , , , , , , , , ,21.7,84.5,D,20,996,0.00000,3, , , , , , , , , , , , , , , , , , , , , , , , , , , , , , , , , , , , , , , , , , , , , , , , , , , , , , , , , , , , , , , , , , , , , , , , , , , , , , , , , , , , , , , , , , ,15,275,2018,232.334763737223,20.0,996.0
2018227N20086,2018,65,NI,BB,UNNAMED,2018-08-15 03:00:00,TS,20.0,86.0,25,993,newdelhi,main,0,0,_____O_________, , , , , , , , ,-5, , , , , , , , , , , , , , , , , , , , , , , , , , , , , , , , , , , , , , , , , , , , , , , , , ,20.0,86.0,D,25,993,0.00000,4, , , , , , , , , , , , , , , , , , , , , , , , , , , , , , , , , , , , , , , , , , , , , , , , , , , , , , , , , , , , , , , , , , , , , , , , , , , , , , , , , , , , , , , , , , ,8,285,2018,20.89780916624096,25.0,993.0
2018227N20086,2018,65,NI,BB,UNNAMED,2018-08-15 06:00:00,TS,20.1,85.6,25,993,newdelhi,main,0,0,_____O_________, , , , , , , , ,-5, , , , , , , , , , , , , , , , , , , , , , , , , , , , , , , , , , , , , , , , , , , , , , , , , ,20.1,85.6,D,25,993,0.00000,4, , , , , , , , , , , , , , , , , , , , , , , , , , , , , , , , , , , , , , , , , , , , , , , , , , , , , , , , , , , , , , , , , , , , , , , , , , , , , , , , , , , , , , , , , , ,7,285,2018,23.666087063804508,25.0,993.0
2018227N20086,2018,65,NI,BB,UNNAMED,2018-08-15 09:00:00,TS,20.2,85.3, , , ,main,0,0,_____P_________, , , , , , , , ,-5, , , , , , , , , , , , , , , , , , , , , , , , , , , , , , , , , , , , , , , , , , , , , , , , , ,20.2,85.3,D,25,993, ,4, , , , , , , , , , , , , , , , , , , , , , , , , , , , , , , , , , , , , , , , , , , , , , , , , , , , , , , , , , , , , , , , , , , , , , , , , , , , , , , , , , , , , , , , , , ,6,280,2018,56.75017208756526,,
2018227N20086,2018,65,NI,BB,UNNAMED,2018-08-15 12:00:00,TS,20.2,85.0,25,993,newdelhi,main,0,0,_____O_________, , , , , , , , ,-5, , , , , , , , , , , , , , , , , , , , , , , , , , , , , , , , , , , , , , , , , , , , , , , , , ,20.2,85.0,D,25,993,0.00000,4, , , , , , , , , , , , , , , , , , , , , , , , , , , , , , , , , , , , , , , , , , , , , , , , , , , , , , , , , , , , , , , , , , , , , , , , , , , , , , , , , , , , , , , , , , ,7,275,2018,86.44737584987304,25.0,993.0
2018227N20086,2018,65,NI,BB,UNNAMED,2018-08-15 15:00:00,TS,20.2,84.6, , , ,main,0,0,_____P_________, , , , , , , , ,-5, , , , , , , , , , , , , , , , , , , , , , , , , , , , , , , , , , , , , , , , , , , , , , , , , ,20.2,84.6,D,25,993, ,4, , , , , , , , , , , , , , , , , , , , , , , , , , , , , , , , , , , , , , , , , , , , , , , , , , , , , , , , , , , , , , , , , , , , , , , , , , , , , , , , , , , , , , , , , , ,9,275,2018,127.26480870041871,,
2018227N20086,2018,65,NI,BB,UNNAMED,2018-08-15 18:00:00,TS,20.3,84.0,25,993,newdelhi,main,0,0,_____O_________, , , , , , , , ,-5, , , , , , , , , , , , , , , , , , , , , , , , , , , , , , , , , , , , , , , , , , , , , , , , , ,20.3,84.0,D,25,993,0.00000,4, , , , , , , , , , , , , , , , , , , , , , , , , , , , , , , , , , , , , , , , , , , , , , , , , , , , , , , , , , , , , , , , , , , , , , , , , , , , , , , , , , , , , , , , , , ,14,275,2018,190.8373728593351,25.0,993.0
2018227N20086,2018,65,NI,BB,UNNAMED,2018-08-15 21:00:00,TS,20.4,83.1, , , ,main,0,0,_____P_________, , , , , , , , ,-5, , , , , , , , , , , , , , , , , , , , , , , , , , , , , , , , , , , , , , , , , , , , , , , , , ,20.4,83.1,D,25,994, ,4, , , , , , , , , , , , , , , , , , , , , , , , , , , , , , , , , , , , , , , , , , , , , , , , , , , , , , , , , , , , , , , , , , , , , , , , , , , , , , , , , , , , , , , , , , ,19,275,2018,285.245412375781,,
2018227N20086,2018,65,NI,BB,UNNAMED,2018-08-16 00:00:00,TS,20.5,82.0,25,994,newdelhi,main,0,0,_____O_________, , , , , , , , ,-5, , , , , , , , , , , , , , , , , , , , , , , , , , , , , , , , , , , , , , , , , , , , , , , , , ,20.5,82.0,D,25,994,0.00000,3, , , , , , , , , , , , , , , , , , , , , , , , , , , , , , , , , , , , , , , , , , , , , , , , , , , , , , , , , , , , , , , , , , , , , , , , , , , , , , , , , , , , , , , , , , ,19,275,2018,400.29338273339533,25.0,994.0
2018227N20086,2018,65,NI,BB,UNNAMED,2018-08-16 03:00:00,TS,20.6,81.0,20,994,newdelhi,main,0,0,_____O_________, , , , , , , , ,-5, , , , , , , , , , , , , , , , , , , , , , , , , , , , , , , , , , , , , , , , , , , , , , , , , ,20.6,81.0,D,20,994,0.00000,3, , , , , , , , , , , , , , , , , , , , , , , , , , , , , , , , , , , , , , , , , , , , , , , , , , , , , , , , , , , , , , , , , , , , , , , , , , , , , , , , , , , , , , , , , , ,14,280,2018,504.9904662221399,20.0,994.0
2018227N20086,2018,65,NI,BB,UNNAMED,2018-08-16 06:00:00,TS,20.7,80.5,20,994,newdelhi,main,0,0,_____O_________, , , , , , , , ,-5, , , , , , , , , , , , , , , , , , , , , , , , , , , , , , , , , , , , , , , , , , , , , , , , , ,20.7,80.5,D,20,994,0.00000,3, , , , , , , , , , , , , , , , , , , , , , , , , , , , , , , , , , , , , , , , , , , , , , , , , , , , , , , , , , , , , , , , , , , , , , , , , , , , , , , , , , , , , , , , , , ,15,280,2018,557.977337413817,20.0,994.0
2018227N20086,2018,65,NI,BB,UNNAMED,2018-08-16 09:00:00,TS,20.9,79.4, , , ,main,0,0,_____P_________, , , , , , , , ,-5, , , , , , , , , , , , , , , , , , , , , , , , , , , , , , , , , , , , , , , , , , , , , , , , , ,20.9,79.4,D,20,994, ,3, , , , , , , , , , , , , , , , , , , , , , , , , , , , , , , , , , , , , , , , , , , , , , , , , , , , , , , , , , , , , , , , , , , , , , , , , , , , , , , , , , , , , , , , , , ,21,280,2018,674.2142045899034,,
2018227N20086,2018,65,NI,BB,UNNAMED,2018-08-16 12:00:00,TS,21.1,78.3,20,994,newdelhi,main,0,0,_____O_________, , , , , , , , ,-5, , , , , , , , , , , , , , , , , , , , , , , , , , , , , , , , , , , , , , , , , , , , , , , , , ,21.1,78.3,D,20,994,0.00000,3, , , , , , , , , , , , , , , , , , , , , , , , , , , , , , , , , , , , , , , , , , , , , , , , , , , , , , , , , , , , , , , , , , , , , , , , , , , , , , , , , , , , , , , , , , ,15,280,2018,790.3302224639658,20.0,994.0
2018227N20086,2018,65,NI,AS,UNNAMED,2018-08-16 15:00:00,TS,21.1,77.9, , , ,main,0,0,_____P_________, , , , , , , , ,-5, , , , , , , , , , , , , , , , , , , , , , , , , , , , , , , , , , , , , , , , , , , , , , , , , ,21.1,77.9,D,20,994, ,3, , , , , , , , , , , , , , , , , , , , , , , , , , , , , , , , , , , , , , , , , , , , , , , , , , , , , , , , , , , , , , , , , , , , , , , , , , , , , , , , , , , , , , , , , , ,8,280,2018,831.4886903101107,,
2018227N20086,2018,65,NI,AS,UNNAMED,2018-08-16 18:00:00,TS,21.2,77.5,20,994,newdelhi,main,0,0,_____O_________, , , , , , , , ,-5, , , , , , , , , , , , , , , , , , , , , , , , , , , , , , , , , , , , , , , , , , , , , , , , , ,21.2,77.5,D,20,994,0.00000,3, , , , , , , , , , , , , , , , , , , , , , , , , , , , , , , , , , , , , , , , , , , , , , , , , , , , , , , , , , , , , , , , , , , , , , , , , , , , , , , , , , , , , , , , , , ,11,285,2018,874.0352570583883,20.0,994.0
2018227N20086,2018,65,NI,AS,UNNAMED,2018-08-16 21:00:00,TS,21.4,76.8, , , ,main,0,0,_____P_________, , , , , , , , ,-5, , , , , , , , , , , , , , , , , , , , , , , , , , , , , , , , , , , , , , , , , , , , , , , , , ,21.4,76.8,D,20,994, ,3, , , , , , , , , , , , , , , , , , , , , , , , , , , , , , , , , , , , , , , , , , , , , , , , , , , , , , , , , , , , , , , , , , , , , , , , , , , , , , , , , , , , , , , , , , ,17,290,2018,948.8531685910857,,
2018227N20086,2018,65,NI,AS,UNNAMED,2018-08-17 00:00:00,TS,21.8,75.8,20,994,newdelhi,main,0, ,_____O_________, , , , , , , , ,-5, , , , , , , , , , , , , , , , , , , , , , , , , , , , , , , , , , , , , , , , , , , , , , , , , ,21.8,75.8,D,20,994,0.00000,3, , , , , , , , , , , , , , , , , , , , , , , , , , , , , , , , , , , , , , , , , , , , , , , , , , , , , , , , , , , , , , , , , , , , , , , , , , , , , , , , , , , , , , , , , , ,20,290,2018,1057.6689888826872,20.0,994.0
2018249N22088,2018,75,NI,BB,UNNAMED,2018-09-06 00:00:00,TS,21.8,88.0,25,992,newdelhi,main,10,0,_____O_________, , , , , , , , ,-5, , , , , , , , , , , , , , , , , , , , , , , , , , , , , , , , , , , , , , , , , , , , , , , , , ,21.8,88.0,D,25,992,1.50000,4, , , , , , , , , , , , , , , , , , , , , , , , , , , , , , , , , , , , , , , , , , , , , , , , , , , , , , , , , , , , , , , , , , , , , , , , , , , , , , , , , , , , , , , , , , ,2,270,2018,303.7776699623044,25.0,992.0
2018249N22088,2018,75,NI,BB,UNNAMED,2018-09-06 03:00:00,TS,21.8,87.9,30,990,newdelhi,main,0,0,_____O_________, , , , , , , , ,-5, , , , , , , , , , , , , , , , , , , , , , , , , , , , , , , , , , , , , , , , , , , , , , , , , ,21.8,87.9,DD,30,990,2.00000,5, , , , , , , , , , , , , , , , , , , , , , , , , , , , , , , , , , , , , , , , , , , , , , , , , , , , , , , , , , , , , , , , , , , , , , , , , , , , , , , , , , , , , , , , , , ,4,270,2018,296.043094948066,30.0,990.0
2018249N22088,2018,75,NI,BB,UNNAMED,2018-09-06 06:00:00,TS,21.8,87.6,30,990,newdelhi,main,0,0,_____O_________, , , , , , , , ,-5, , , , , , , , , , , , , , , , , , , , , , , , , , , , , , , , , , , , , , , , , , , , , , , , , ,21.8,87.6,DD,30,990,0.00000,5, , , , , , , , , , , , , , , , , , , , , , , , , , , , , , , , , , , , , , , , , , , , , , , , , , , , , , , , , , , , , , , , , , , , , , , , , , , , , , , , , , , , , , , , , , ,6,265,2018,273.8942814706009,30.0,990.0
2018249N22088,2018,75,NI,BB,UNNAMED,2018-09-06 09:00:00,TS,21.7,87.2, , , ,main,0,0,_____P_________, , , , , , , , ,-5, , , , , , , , , , , , , , , , , , , , , , , , , , , , , , , , , , , , , , , , , , , , , , , , , ,21.7,87.2,DD,30,990, ,5, , , , , , , , , , , , , , , , , , , , , , , , , , , , , , , , , , , , , , , , , , , , , , , , , , , , , , , , , , , , , , , , , , , , , , , , , , , , , , , , , , , , , , , , , , ,8,260,2018,238.52580237140026,,
2018249N22088,2018,75,NI,BB,UNNAMED,2018-09-06 12:00:00,TS,21.7,86.8,30,990,newdelhi,main,0,0,_____O_________, , , , , , , , ,-5, , , , , , , , , , , , , , , , , , , , , , , , , , , , , , , , , , , , , , , , , , , , , , , , , ,21.7,86.8,DD,30,990,0.00000,5, , , , , , , , , , , , , , , , , , , , , , , , , , , , , , , , , , , , , , , , , , , , , , , , , , , , , , , , , , , , , , , , , , , , , , , , , , , , , , , , , , , , , , , , , , ,7,270,2018,215.70739128602708,30.0,990.0
2018249N22088,2018,75,NI,BB,UNNAMED,2018-09-06 15:00:00,TS,21.8,86.5, , , ,main,0,0,_____P_________, , , , , , , , ,-5, , , , , , , , , , , , , , , , , , , , , , , , , , , , , , , , , , , , , , , , , , , , , , , , , ,21.8,86.5,DD,30,990, ,5, , , , , , , , , , , , , , , , , , , , , , , , , , , , , , , , , , , , , , , , , , , , , , , , , , , , , , , , , , , , , , , , , , , , , , , , , , , , , , , , , , , , , , , , , , ,8,285,2018,212.94889227185925,,
2018249N22088,2018,75,NI,BB,UNNAMED,2018-09-06 18:00:00,TS,21.9,86.0,30,990,newdelhi,main,0,0,_____O_________, , , , , , , , ,-5, , , , , , , , , , , , , , , , , , , , , , , , , , , , , , , , , , , , , , , , , , , , , , , , , ,21.9,86.0,DD,30,990,0.00000,5, , , , , , , , , , , , , , , , , , , , , , , , , , , , , , , , , , , , , , , , , , , , , , , , , , , , , , , , , , , , , , , , , , , , , , , , , , , , , , , , , , , , , , , , , , ,14,275,2018,212.28860672024433,30.0,990.0
2018249N22088,2018,75,NI,BB,UNNAMED,2018-09-06 21:00:00,TS,21.9,85.0, , , ,main,0,0,_____P_________, , , , , , , , ,-5, , , , , , , , , , , , , , , , , , , , , , , , , , , , , , , , , , , , , , , , , , , , , , , , , ,21.9,85.0,DD,28,991, ,5, , , , , , , , , , , , , , , , , , , , , , , , , , , , , , , , , , , , , , , , , , , , , , , , , , , , , , , , , , , , , , , , , , , , , , , , , , , , , , , , , , , , , , , , , , ,19,280,2018,227.01486310843288,,
2018249N22088,2018,75,NI,BB,UNNAMED,2018-09-07 00:00:00,TS,22.2,84.0,25,991,newdelhi,main,0,0,_____O_________, , , , , , , , ,-5, , , , , , , , , , , , , , , , , , , , , , , , , , , , , , , , , , , , , , , , , , , , , , , , , ,22.2,84.0,D,25,991,0.00000,4, , , , , , , , , , , , , , , , , , , , , , , , , , , , , , , , , , , , , , , , , , , , , , , , , , , , , , , , , , , , , , , , , , , , , , , , , , , , , , , , , , , , , , , , , , ,19,300,2018,307.74232229692666,25.0,991.0
2018249N22088,2018,75,NI,BB,UNNAMED,2018-09-07 03:00:00,TS,22.9,83.3,20,992,newdelhi,main,0, ,_____O_________, , , , , , , , ,-5, , , , , , , , , , , , , , , , , , , , , , , , , , , , , , , , , , , , , , , , , , , , , , , , , ,22.9,83.3,D,20,992,0.00000,3, , , , , , , , , , , , , , , , , , , , , , , , , , , , , , , , , , , , , , , , , , , , , , , , , , , , , , , , , , , , , , , , , , , , , , , , , , , , , , , , , , , , , , , , , , ,19,315,2018,413.4057837846116,20.0,992.0
2018263N17089,2018,84,NI,BB,DAYE,2018-09-19 15:00:00,TS,17.2,89.0,25,997,newdelhi,main,416,377,_____O_________, , , , , , , , ,-5, , , , , , , , , , , , , , , , , , , , , , , , , , , , , , , , , , , , , , , , , , , , , , , , , ,17.2,89.0,D,25,997,1.50000,3, , , , , , , , , , , , , , , , , , , , , , , , , , , , , , , , , , , , , , , , , , , , , , , , , , , , , , , , , , , , , , , , , , , , , , , , , , , , , , , , , , , , , , , , , , ,13,275,2018,458.9473701798734,25.0,997.0
2018263N17089,2018,84,NI,BB,DAYE,2018-09-19 18:00:00,TS,17.2,88.3,25,996,newdelhi,main,371,350,O____O_________,jtwc_io,IO042018,16.9,87.4, ,TD,30,1000,-1, , , , , , , , , , , , ,1002,220,50, , , , , , , , , , , , , , , , , , , , , , , , , , , , , , , , , , ,17.4,88.8,D,25,996,1.50000,4, , , , , , , , , , , , , , , , , , , , , , , , , , , , , , , , , , , , , , , , , , , , , , , , , , , , , , , , , , , , , , , , , , , , , , , , , , , , , , , , , , , , , , , , , , ,11,270,2018,407.8378930691751,30.0,1000.0
2018263N17089,2018,84,NI,BB,DAYE,2018-09-19 21:00:00,TS,17.2,87.8, , , ,main,346,330,P____P_________, ,IO042018,16.8,87.3, ,TD,30,999,-1, , , , , , , , , , , , ,1002,225,50, , , , , , , , , , , , , , , , , , , , , , , , , , , , , , , , , , ,17.5,88.2,D,25,996, ,4, , , , , , , , , , , , , , , , , , , , , , , , , , , , , , , , , , , , , , , , , , , , , , , , , , , , , , , , , , , , , , , , , , , , , , , , , , , , , , , , , , , , , , , , , , ,9,270,2018,375.964905088713,30.0,999.0
2018263N17089,2018,84,NI,BB,DAYE,2018-09-20 00:00:00,TS,17.2,87.4,25,996,newdelhi,main,330,309,O____O_________,jtwc_io,IO042018,16.8,87.2, ,TD,30,998,-1, , , , , , , , , , , , ,1001,230,50, , , , , , , , , , , , , , , , , , , , , , , , , , , , , , , , , , ,17.5,87.5,D,25,996,1.50000,4, , , , , , , , , , , , , , , , , , , , , , , , , , , , , , , , , , , , , , , , , , , , , , , , , , , , , , , , , , , , , , , , , , , , , , , , , , , , , , , , , , , , , , , , , , ,7,280,2018,354.06339758543965,30.0,998.0
2018263N17089,2018,84,NI,BB,DAYE,2018-09-20 03:00:00,TS,17.3,87.1,30,995,newdelhi,main,309,284,P____O_________, ,IO042018,17.1,87.2, ,TD,30,998,-1, , , , , , , , , , , , ,1002,235,50, , , , , , , , , , , , , , , , , , , , , , , , , , , , , , , , , , ,17.5,87.0,DD,30,995,2.00000,5, , , , , , , , , , , , , , , , , , , , , , , , , , , , , , , , , , , , , , , , , , , , , , , , , , , , , , , , , , , , , , , , , , , , , , , , , , , , , , , , , , , , , , , , , , ,5,315,2018,329.9847234323639,30.0,998.0
2018263N17089,2018,84,NI,BB,DAYE,2018-09-20 06:00:00,TS,17.6,87.0,30,995,newdelhi,main,274,228,O____O_________,jtwc_io,IO042018,17.5,87.2, ,TD,30,997,-1, , , , , , , , , , , , ,1003,240,50, , , , , , , , , , , , , , , , , , , , , , , , , , , , , , , , , , ,17.6,86.8,DD,30,995,2.00000,5, , , , , , , , , , , , , , , , , , , , , , , , , , , , , , , , , , , , , , , , , , , , , , , , , , , , , , , , , , , , , , , , , , , , , , , , , , , , , , , , , , , , , , , , , , ,8,320,2018,295.2469113131667,30.0,997.0
2018263N17089,2018,84,NI,BB,DAYE,2018-09-20 09:00:00,TS,17.9,86.6, , , ,main,228,163,P____P_________, ,IO042018,17.8,86.9, ,TD,33,996,-1, , , , , , , , , , , , ,1003,230,50, , , , , , , , , , , , , , , , , , , , , , , , , , , , , , , , , , ,18.0,86.3,DD,30,995, ,6, , , , , , , , , , , , , , , , , , , , , , , , , , , , , , , , , , , , , , , , , , , , , , , , , , , , , , , , , , , , , , , , , , , , , , , , , , , , , , , , , , , , , , , , , , ,11,310,2018,248.20190093667443,33.0,996.0
2018263N17089,2018,84,NI,BB,DAYE,2018-09-20 12:00:00,TS,18.3,86.1,30,994,newdelhi,main,163,118,O____O_________,jtwc_io,IO042018,18.2,86.4, ,TS,35,995,0,65,85,85,65, , , , , , , , ,1002,220,50, , , , , , , , , , , , , , , , , , , , , , , , , , , , , , , , , , ,18.4,85.8,DD,30,994,2.00000,6, , , , , , , , , , , , , , , , , , , , , , , , , , , , , , , , , , , , , , , , , , , , , , , , , , , , , , , , , , , , , , , , , , , , , , , , , , , , , , , , , , , , , , , , , , ,11,315,2018,191.63976702306658,35.0,995.0
2018263N17089,2018,84,NI,BB,DAYE,2018-09-20 15:00:00,TS,18.6,85.8,35,992,newdelhi,main,118,46,P____O_________, ,IO042018,18.6,85.9, ,TS,35,997,0, , , , , , , , , , , , ,1002,213,50, , , , , , , , , , , , , , , , , , , , , , , , , , , , , , , , , , ,18.7,85.6,CS,35,992,2.50000,8, , , , , , , , , , , , , , , , , , , , , , , , , , , , , , , , , , , , , , , , , , , , , , , , , , , , , , , , , , , , , , , , , , , , , , , , , , , , , , , , , , , , , , , , , , ,12,310,2018,155.67289730238207,35.0,997.0
2018263N17089,2018,84,NI,BB,DAYE,2018-09-20 18:00:00,TS,19.1,85.2,35,992,newdelhi,main,38,0,O____O_________,jtwc_io,IO042018,18.9,85.3, ,TS,35,999,0, , , , , , , , , , , , ,1002,205,50, , , , , , , , , , , , , , , , , , , , , , , , , , , , , , , , , , ,19.2,85.0,CS,35,992,2.50000,8, , , , , , , , , , , , , , , , , , , , , , , , , , , , , , , , , , , , , , , , , , , , , , , , , , , , , , , , , , , , , , , , , , , , , , , , , , , , , , , , , , , , , , , , , , ,15,300,2018,118.1850365761265,35.0,999.0
2018263N17089,2018,84,NI,BB,DAYE,2018-09-20 21:00:00,TS,19.4,84.4,35,993,newdelhi,main,0,0,P____O_________, ,IO042018,19.2,84.4, ,TS,35,998,0, , , , , , , , , , , , ,1002,205,50, , , , , , , , , , , , , , , , , , , , , , , , , , , , , , , , , , ,19.6,84.4,CS,35,993,0.00000,7, , , , , , , , , , , , , , , , , , , , , , , , , , , , , , , , , , , , , , , , , , , , , , , , , , , , , , , , , , , , , , , , , , , , , , , , , , , , , , , , , , , , , , , , , , ,17,295,2018,161.0311051993668,35.0,998.0
2018263N17089,2018,84,NI,BB,DAYE,2018-09-21 00:00:00,TS,19.8,83.6,30,994,newdelhi,main,0,0,O____O_________,jtwc_io,IO042018,19.5,83.4, ,TS,35,996,0, , , , , , , , , , , , ,1002,205,50, , , , , , , , , , , , , , , , , , , , , , , , , , , , , , , , , , ,20.0,83.7,DD,30,994,0.00000,6, , , , , , , , , , , , , , , , , , , , , , , , , , , , , , , , , , , , , , , , , , , , , , , , , , , , , , , , , , , , , , , , , , , , , , , , , , , , , , , , , , , , , , , , , , ,19,290,2018,231.09235682014355,35.0,996.0
2018263N17089,2018,84,NI,BB,DAYE,2018-09-21 03:00:00,TS,20.1,82.5,30,994,newdelhi,main,0,0,P____O_________, ,IO042018,19.6,82.6, ,TS,33,998,-1, , , , , , , , , , , , ,1003,203,50, , , , , , , , , , , , , , , , , , , , , , , , , , , , , , , , , , ,20.5,82.5,DD,30,994,0.00000,6, , , , , , , , , , , , , , , , , , , , , , , , , , , , , , , , , , , , , , , , , , , , , , , , , , , , , , , , , , , , , , , , , , , , , , , , , , , , , , , , , , , , , , , , , , ,20,290,2018,344.8778592724058,33.0,998.0
2018263N17089,2018,84,NI,BB,DAYE,2018-09-21 06:00:00,TS,20.5,81.5,30,995,newdelhi,main,0,0,O____O_________,jtwc_io,IO042018,19.8,81.7, ,TD,30,1000,-1, , , , , , , , , , , , ,1003,200,50, , , , , , , , , , , , , , , , , , , , , , , , , , , , , , , , , , ,21.0,81.4,DD,30,995,0.00000,5, , , , , , , , , , , , , , , , , , , , , , , , , , , , , , , , , , , , , , , , , , , , , , , , , , , , , , , , , , , , , , , , , , , , , , , , , , , , , , , , , , , , , , , , , , ,19,295,2018,452.0028240740855,30.0,1000.0
2018263N17089,2018,84,NI,BB,DAYE,2018-09-21 09:00:00,TS,20.9,80.7, , , ,main,0,0,P____P_________, ,IO042018,20.1,80.7, ,TD,28,1002,-1, , , , , , , , , , , , ,1003,200,50, , , , , , , , , , , , , , , , , , , , , , , , , , , , , , , , , , ,21.3,80.7,DD,28,996, ,5, , , , , , , , , , , , , , , , , , , , , , , , , , , , , , , , , , , , , , , , , , , , , , , , , , , , , , , , , , , , , , , , , , , , , , , , , , , , , , , , , , , , , , , , , , ,16,300,2018,540.6677326294424,28.0,1002.0
2018263N17089,2018,84,NI,BB,DAYE,2018-09-21 12:00:00,TS,21.2,80.1,25,996,newdelhi,main,0,0,O____O_________,jtwc_io,IO042018,20.6,79.6, ,TD,25,1004,-1, , , , , , , , , , , , ,1003,200,50, , , , , , , , , , , , , , , , , , , , , , , , , , , , , , , , , , ,21.4,80.2,D,25,996,0.00000,4, , , , , , , , , , , , , , , , , , , , , , , , , , , , , , , , , , , , , , , , , , , , , , , , , , , , , , , , , , , , , , , , , , , , , , , , , , , , , , , , , , , , , , , , , , ,12,290,2018,608.0602754895424,25.0,1004.0
2018263N17089,2018,84,NI,BB,DAYE,2018-09-21 15:00:00,TS,21.4,79.5, , , ,main,0,0,_____P_________, ,IO042018, , , ,TD, , ,-5, , , , , , , , , , , , , , , , , , , , , , , , , , , , , , , , , , , , , , , , , , , , , , , , , ,21.4,79.5,D,25,996, ,4, , , , , , , , , , , , , , , , , , , , , , , , , , , , , , , , , , , , , , , , , , , , , , , , , , , , , , , , , , , , , , , , , , , , , , , , , , , , , , , , , , , , , , , , , , ,13,275,2018,673.4788458027801,,
2018263N17089,2018,84,NI,BB,DAYE,2018-09-21 18:00:00,TS,21.4,78.7,25,996,newdelhi,main,0,0,_____O_________, , , , , , , , ,-5, , , , , , , , , , , , , , , , , , , , , , , , , , , , , , , , , , , , , , , , , , , , , , , , , ,21.4,78.7,D,25,996,0.00000,4, , , , , , , , , , , , , , , , , , , , , , , , , , , , , , , , , , , , , , , , , , , , , , , , , , , , , , , , , , , , , , , , , , , , , , , , , , , , , , , , , , , , , , , , , , ,17,285,2018,754.6634420313046,25.0,996.0
2018263N17089,2018,84,NI,AS,DAYE,2018-09-21 21:00:00,TS,21.8,77.8, , , ,main,0,0,_____P_________, , , , , , , , ,-5, , , , , , , , , , , , , , , , , , , , , , , , , , , , , , , , , , , , , , , , , , , , , , , , , ,21.8,77.8,D,25,997, ,4, , , , , , , , , , , , , , , , , , , , , , , , , , , , , , , , , , , , , , , , , , , , , , , , , , , , , , , , , , , , , , , , , , , , , , , , , , , , , , , , , , , , , , , , , , ,19,300,2018,854.6620183268634,,
2018263N17089,2018,84,NI,AS,DAYE,2018-09-22 00:00:00,TS,22.3,76.9,25,997,newdelhi,main,0,0,_____O_________, , , , , , , , ,-5, , , , , , , , , , , , , , , , , , , , , , , , , , , , , , , , , , , , , , , , , , , , , , , , , ,22.3,76.9,D,25,997,0.00000,4, , , , , , , , , , , , , , , , , , , , , , , , , , , , , , , , , , , , , , , , , , , , , , , , , , , , , , , , , , , , , , , , , , , , , , , , , , , , , , , , , , , , , , , , , , ,18,310,2018,957.5465372344156,25.0,997.0
2018263N17089,2018,84,NI,AS,DAYE,2018-09-22 03:00:00,TS,22.9,76.3,20,998,newdelhi,main,0,0,_____O_________, , , , , , , , ,-5, , , , , , , , , , , , , , , , , , , , , , , , , , , , , , , , , , , , , , , , , , , , , , , , , ,22.9,76.3,D,20,998,0.00000,3, , , , , , , , , , , , , , , , , , , , , , , , , , , , , , , , , , , , , , , , , , , , , , , , , , , , , , , , , , , , , , , , , , , , , , , , , , , , , , , , , , , , , , , , , , ,8,315,2018,1034.4269540462906,20.0,998.0
2018263N17089,2018,84,NI,AS,DAYE,2018-09-22 06:00:00,TS,22.9,76.3,20,999,newdelhi,main,0, ,_____O_________, , , , , , , , ,-5, , , , , , , , , , , , , , , , , , , , , , , , , , , , , , , , , , , , , , , , , , , , , , , , , ,22.9,76.3,D,20,999,0.00000,3, , , , , , , , , , , , , , , , , , , , , , , , , , , , , , , , , , , , , , , , , , , , , , , , , , , , , , , , , , , , , , , , , , , , , , , , , , , , , , , , , , , , , , , , , , ,0,0,2018,1034.4269540462906,20.0,999.0
2018281N14088,2018,97,NI,BB,TITLI,2018-10-08 00:00:00,DS,14.2,88.4, , , ,main,649,649,O______________,jtwc_io,IO062018,14.2,88.4, ,DB,20,1007,-3, , , , , , , , , , , , ,1007,140,55, , , , , , , , , , , , , , , , , , , , , , , , , , , , , , , , , , , , , , , , , , , , , , , , , , , , , , , , , , , , , , , , , , , , , , , , , , , , , , , , , , , , , , , , , , , , , , , , , , , , , , , , , , , , , , , , , , , , , , , , , , , , , , , , , , , ,1,0,2018,701.5744949469429,20.0,1007.0
2018281N14088,2018,97,NI,BB,TITLI,2018-10-08 03:00:00,MX,14.1,88.4,25,1002,newdelhi,main,657,649,P____O_________, ,IO062018,14.2,88.2, ,DB,23,1006,-3, , , , , , , , , , , , ,1007,140,78, , , , , , , , , , , , , , , , , , , , , , , , , , , , , , , , , , ,14.0,88.8,D,25,1002,1.50000,3, , , , , , , , , , , , , , , , , , , , , , , , , , , , , , , , , , , , , , , , , , , , , , , , , , , , , , , , , , , , , , , , , , , , , , , , , , , , , , , , , , , , , , , , , , ,1,225,2018,711.8364466256081,23.0,1006.0
2018281N14088,2018,97,NI,BB,TITLI,2018-10-08 06:00:00,TS,14.1,88.3,25,1002,newdelhi,main,649,626,O____O_________,jtwc_io,IO062018,14.2,88.0, ,TD,25,1005,-1, , , , , , , , , , , , ,1007,140,100, , , , , , , , , , , , , , , , , , , , , , , , , , , , , , , , , , ,14.0,88.8,D,25,1002,1.50000,4, , , , , , , , , , , , , , , , , , , , , , , , , , , , , , , , , , , , , , , , , , , , , , , , , , , , , , , , , , , , , , , , , , , , , , , , , , , , , , , , , , , , , , , , , , ,3,285,2018,707.7811334119043,25.0,1005.0
2018281N14088,2018,97,NI,BB,TITLI,2018-10-08 09:00:00,TS,14.2,88.1, , , ,main,626,604,P____P_________, ,IO062018,14.2,87.8, ,TD,28,1004,-1, , , , , , , , , , , , ,1007,160,100, , , , , , , , , , , , , , , , , , , , , , , , , , , , , , , , , , ,14.1,88.6,D,25,1002, ,4, , , , , , , , , , , , , , , , , , , , , , , , , , , , , , , , , , , , , , , , , , , , , , , , , , , , , , , , , , , , , , , , , , , , , , , , , , , , , , , , , , , , , , , , , , ,4,295,2018,689.6530554210134,28.0,1004.0
2018281N14088,2018,97,NI,BB,TITLI,2018-10-08 12:00:00,TS,14.3,87.9,25,1002,newdelhi,main,604,581,O____O_________,jtwc_io,IO062018,14.3,87.6, ,TD,30,1002,-1, , , , , , , , , , , , ,1006,180,100, , , , , , , , , , , , , , , , , , , , , , , , , , , , , , , , , , ,14.3,88.2,D,25,1002,1.50000,4, , , , , , , , , , , , , , , , , , , , , , , , , , , , , , , , , , , , , , , , , , , , , , , , , , , , , , , , , , , , , , , , , , , , , , , , , , , , , , , , , , , , , , , , , , ,5,290,2018,671.8993022995102,30.0,1002.0
2018281N14088,2018,97,NI,BB,TITLI,2018-10-08 15:00:00,TS,14.4,87.7, , , ,main,581,567,P____P_________, ,IO062018,14.3,87.4, ,TD,30,1001,-1, , , , , , , , , , , , ,1007,188,100, , , , , , , , , , , , , , , , , , , , , , , , , , , , , , , , , , ,14.4,87.9,D,28,1001, ,5, , , , , , , , , , , , , , , , , , , , , , , , , , , , , , , , , , , , , , , , , , , , , , , , , , , , , , , , , , , , , , , , , , , , , , , , , , , , , , , , , , , , , , , , , , ,5,290,2018,654.5493486720761,30.0,1001.0
2018281N14088,2018,97,NI,BB,TITLI,2018-10-08 18:00:00,TS,14.5,87.5,30,1000,newdelhi,main,558,536,O____O_________,jtwc_io,IO062018,14.4,87.3, ,TD,30,1000,-1, , , , , , , , , , , , ,1007,195,100, , , , , , , , , , , , , , , , , , , , , , , , , , , , , , , , , , ,14.5,87.6,DD,30,1000,2.00000,5, , , , , , , , , , , , , , , , , , , , , , , , , , , , , , , , , , , , , , , , , , , , , , , , , , , , , , , , , , , , , , , , , , , , , , , , , , , , , , , , , , , , , , , , , , ,4,295,2018,637.6351370013437,30.0,1000.0
2018281N14088,2018,97,NI,BB,TITLI,2018-10-08 21:00:00,TS,14.6,87.3, , , ,main,536,523,P____P_________, ,IO062018,14.5,87.2, ,TD,33,998,-1, , , , , , , , , , , , ,1007,200,85, , , , , , , , , , , , , , , , , , , , , , , , , , , , , , , , , , ,14.6,87.3,DD,30,1000, ,5, , , , , , , , , , , , , , , , , , , , , , , , , , , , , , , , , , , , , , , , , , , , , , , , , , , , , , , , , , , , , , , , , , , , , , , , , , , , , , , , , , , , , , , , , , ,4,300,2018,621.1912057207942,33.0,998.0
2018281N14088,2018,97,NI,BB,TITLI,2018-10-09 00:00:00,TS,14.7,87.1,30,1000,newdelhi,main,514,507,O____O_________,jtwc_io,IO062018,14.6,87.1, ,TS,35,996,0,105,125,120,110, , , , , , , , ,1006,205,70, , , , , , , , , , , , , , , , , , , , , , , , , , , , , , , , , , ,14.7,87.1,DD,30,1000,2.00000,5, , , , , , , , , , , , , , , , , , , , , , , , , , , , , , , , , , , , , , , , , , , , , , , , , , , , , , , , , , , , , , , , , , , , , , , , , , , , , , , , , , , , , , , , , , ,3,295,2018,605.2547926995051,35.0,996.0
2018281N14088,2018,97,NI,BB,TITLI,2018-10-09 03:00:00,TS,14.7,86.9,30,999,newdelhi,main,501,486,P____O_________, ,IO062018,14.7,87.0, ,TS,38,995,0,85,85,90,95, , , , , , , , ,1007,303,60, , , , , , , , , , , , , , , , , , , , , , , , , , , , , , , , , , ,14.7,86.9,DD,30,999,2.00000,6, , , , , , , , , , , , , , , , , , , , , , , , , , , , , , , , , , , , , , , , , , , , , , , , , , , , , , , , , , , , , , , , , , , , , , , , , , , , , , , , , , , , , , , , , , ,3,295,2018,600.7755752846548,38.0,995.0
2018281N14088,2018,97,NI,BB,TITLI,2018-10-09 06:00:00,TS,14.8,86.8,35,998,newdelhi,main,486,470,O____O_________,jtwc_io,IO062018,14.8,86.9, ,TS,40,993,0,65,45,60,80, , , , , , , , ,1008,400,50, , , , , , , , , , , , , , , , , , , , , , , , , , , , , , , , , , ,14.8,86.7,CS,35,998,2.50000,7, , , , , , , , , , , , , , , , , , , , , , , , , , , , , , , , , , , , , , , , , , , , , , , , , , , , , , , , , , , , , , , , , , , , , , , , , , , , , , , , , , , , , , , , , , ,3,315,2018,587.8601737354613,40.0,993.0
2018281N14088,2018,97,NI,BB,TITLI,2018-10-09 09:00:00,TS,14.9,86.7,35,997,newdelhi,main,470,446,P____O_________, ,IO062018,14.9,86.8, ,TS,43,995,0,78,98,90,90, , , , , , , , ,1009,410,50, , , , , , , , , , , , , , , , , , , , , , , , , , , , , , , , , , ,14.9,86.6,CS,35,997,2.50000,7, , , , , , , , , , , , , , , , , , , , , , , , , , , , , , , , , , , , , , , , , , , , , , , , , , , , , , , , , , , , , , , , , , , , , , , , , , , , , , , , , , , , , , , , , , ,4,325,2018,575.0673192192537,43.0,995.0
2018281N14088,2018,97,NI,BB,TITLI,2018-10-09 12:00:00,TS,15.1,86.6,40,996,newdelhi,main,446,421,O____O_________,jtwc_io,IO062018,15.1,86.8, ,TS,45,997,0,90,150,120,100, , , , , , , , ,1009,420,50, , , , , , , , , , , , , , , , , , , , , , , , , , , , , , , , , , ,15.1,86.4,CS,40,996,2.50000,8, , , , , , , , , , , , , , , , , , , , , , , , , , , , , , , , , , , , , , , , , , , , , , , , , , , , , , , , , , , , , , , , , , , , , , , , , , , , , , , , , , , , , , , , , , ,5,330,2018,551.4118846323798,45.0,997.0
2018281N14088,2018,97,NI,BB,TITLI,2018-10-09 15:00:00,TS,15.3,86.5,40,995,newdelhi,main,421,391,P____O_________, ,IO062018,15.3,86.7, ,TS,48,991,0,100,138,90,85, , , , , , , , ,1008,328,45, , , , , , , , , , , , , , , , , , , , , , , , , , , , , , , , , , ,15.3,86.2,CS,40,995,2.50000,9, , , , , , , , , , , , , , , , , , , , , , , , , , , , , , , , , , , , , , , , , , , , , , , , , , , , , , , , , , , , , , , , , , , , , , , , , , , , , , , , , , , , , , , , , , ,5,325,2018,527.8495646916907,48.0,991.0
2018281N14088,2018,97,NI,BB,TITLI,2018-10-09 18:00:00,TS,15.6,86.3,45,996,newdelhi,main,382,351,O____O_________,jtwc_io,IO062018,15.6,86.6, ,TS,50,985,0,110,125,60,70, , , , , , , , ,1006,235,40, , , , , , , , , , , , , , , , , , , , , , , , , , , , , , , , , , ,15.5,86.0,CS,45,996,3.00000,10, , , , , , , , , , , , , , , , , , , , , , , , , , , , , , , , , , , , , , , , , , , , , , , , , , , , , , , , , , , , , , , , , , , , , , , , , , , , , , , , , , , , , , , , , , ,6,325,2018,492.1112552744552,50.0,985.0
2018281N14088,2018,97,NI,BB,TITLI,2018-10-09 21:00:00,TS,15.8,86.1,50,994,newdelhi,main,351,327,P____O_________, ,IO062018,15.8,86.4, ,TS,58,980,0,115,118,70,88, , , , , , , , ,1005,235,40, , , , , , , , , , , , , , , , , , , , , , , , , , , , , , , , , , ,15.7,85.8,SCS,50,994,3.00000,12, , , , , , , , , , , , , , , , , , , , , , , , , , , , , , , , , , , , , , , , , , , , , , , , , , , , , , , , , , , , , , , , , , , , , , , , , , , , , , , , , , , , , , , , , , ,6,330,2018,468.09564292178504,58.0,980.0
2018281N14088,2018,97,NI,BB,TITLI,2018-10-10 00:00:00,TS,16.1,86.0,55,990,newdelhi,main,318,277,O____O_________,jtwc_io,IO062018,16.1,86.2, ,TY,65,974,1,120,110,80,105,60,55,35,50,30,30,20,25,1004,235,40, , , , , , , , , , , , , , , , , , , , , , , , , , , , , , , , , , ,16.0,85.8,SCS,55,990,3.50000,16, , , , , , , , , , , , , , , , , , , , , , , , , , , , , , , , , , , , , , , , , , , , , , , , , , , , , , , , , , , , , , , , , , , , , , , , , , , , , , , , , , , , , , , , , , ,8,345,2018,434.1751310730569,65.0,974.0
2018281N14088,2018,97,NI,BB,TITLI,2018-10-10 03:00:00,TS,16.5,85.9,60,988,newdelhi,main,277,230,P____O_________, ,IO062018,16.5,86.0, ,TY,70,975,1,125,113,83,103,65,58,38,55,35,28,20,28,1005,283,35, , , , , , , , , , , , , , , , , , , , , , , , , , , , , , , , , , ,16.5,85.8,SCS,60,988,3.50000,18, , , , , , , , , , , , , , , , , , , , , , , , , , , , , , , , , , , , , , , , , , , , , , , , , , , , , , , , , , , , , , , , , , , , , , , , , , , , , , , , , , , , , , , , , , ,10,340,2018,389.32542905633346,70.0,975.0
2018281N14088,2018,97,NI,BB,TITLI,2018-10-10 06:00:00,TS,17.0,85.6,70,982,newdelhi,main,223,184,O____O_________,jtwc_io,IO062018,16.9,85.7, ,TY,75,976,1,130,115,85,100,70,60,40,60,40,25,20,30,1005,330,30, , , , , , , , , , , , , , , , , , , , , , , , , , , , , , , , , , ,17.0,85.6,VSCS,70,982,4.00000,24, , , , , , , , , , , , , , , , , , , , , , , , , , , , , , , , , , , , , , , , , , , , , , , , , , , , , , , , , , , , , , , , , , , , , , , , , , , , , , , , , , , , , , , , , , ,9,335,2018,334.25057577131497,75.0,976.0
2018281N14088,2018,97,NI,BB,TITLI,2018-10-10 09:00:00,TS,17.3,85.4,75,976,newdelhi,main,177,153,P____O_________, ,IO062018,17.3,85.5, ,TY,83,966,2,143,133,100,113,78,70,50,63,43,35,25,33,1006,315,23, , , , , , , , , , , , , , , , , , , , , , , , , , , , , , , , , , ,17.3,85.4,VSCS,75,976,4.50000,28, , , , , , , , , , , , , , , , , , , , , , , , , , , , , , , , , , , , , , , , , , , , , , , , , , , , , , , , , , , , , , , , , , , , , , , , , , , , , , , , , , , , , , , , , , ,7,330,2018,303.1688871576335,83.0,966.0
2018281N14088,2018,97,NI,BB,TITLI,2018-10-10 12:00:00,TS,17.6,85.3,80,972,newdelhi,main,146,115,O____O_________,jtwc_io,IO062018,17.6,85.3, ,TY,90,956,2,155,150,115,125,85,80,60,65,45,45,30,35,1007,300,15,20, , , , , , , , , , , , , , , , , , , , , , , , , , , , , , , , , ,17.5,85.3,VSCS,80,972,4.50000,32, , , , , , , , , , , , , , , , , , , , , , , , , , , , , , , , , , , , , , , , , , , , , , , , , , , , , , , , , , , , , , , , , , , , , , , , , , , , , , , , , , , , , , , , , , ,6,330,2018,272.0072448177894,90.0,956.0
2018281N14088,2018,97,NI,BB,TITLI,2018-10-10 15:00:00,TS,17.8,85.1,80,972,newdelhi,main,115,76,P____O_________, ,IO062018,18.0,85.1, ,TY,98,950,3,138,143,118,110,75,78,65,58,43,43,30,30,1006,245,15, , , , , , , , , , , , , , , , , , , , , , , , , , , , , , , , , , ,17.7,85.2,VSCS,80,972,4.50000,32, , , , , , , , , , , , , , , , , , , , , , , , , , , , , , , , , , , , , , , , , , , , , , , , , , , , , , , , , , , , , , , , , , , , , , , , , , , , , , , , , , , , , , , , , , ,8,335,2018,255.47054520517756,98.0,950.0
2018281N14088,2018,97,NI,BB,TITLI,2018-10-10 18:00:00,TS,18.3,85.0,80,972,newdelhi,main,69,15,O____O_________,jtwc_io,IO062018,18.3,84.8, ,TY,105,944,3,120,135,120,95,65,75,70,50,40,40,30,25,1005,190,15,20, , , , , , , , , , , , , , , , , , , , , , , , , , , , , , , , , ,18.2,85.1,VSCS,80,972,4.50000,32, , , , , , , , , , , , , , , , , , , , , , , , , , , , , , , , , , , , , , , , , , , , , , , , , , , , , , , , , , , , , , , , , , , , , , , , , , , , , , , , , , , , , , , , , , ,9,325,2018,206.86651021728235,105.0,944.0
2018281N14088,2018,97,NI,BB,TITLI,2018-10-10 21:00:00,TS,18.6,84.6,80,972,newdelhi,main,15,0,P____O_________, ,IO062018,18.5,84.5, ,TY,103,946,3,135,133,118,95,73,73,65,48,43,38,30,25,1005,185,18, , , , , , , , , , , , , , , , , , , , , , , , , , , , , , , , , , ,18.6,84.7,VSCS,80,972,4.50000,32, , , , , , , , , , , , , , , , , , , , , , , , , , , , , , , , , , , , , , , , , , , , , , , , , , , , , , , , , , , , , , , , , , , , , , , , , , , , , , , , , , , , , , , , , , ,8,310,2018,200.23123081254235,103.0,946.0
2018281N14088,2018,97,NI,BB,TITLI,2018-10-11 00:00:00,TS,18.8,84.4,80,972,newdelhi,main,0,0,O____O_________,jtwc_io,IO062018,18.7,84.3, ,TY,100,948,3,150,130,115,95,80,70,60,45,45,35,30,25,1005,180,20,30, , , , , , , , , , , , , , , , , , , , , , , , , , , , , , , , , ,18.8,84.4,VSCS,80,972,0.00000,32, , , , , , , , , , , , , , , , , , , , , , , , , , , , , , , , , , , , , , , , , , , , , , , , , , , , , , , , , , , , , , , , , , , , , , , , , , , , , , , , , , , , , , , , , , ,6,305,2018,198.40285431447248,100.0,948.0
2018281N14088,2018,97,NI,BB,TITLI,2018-10-11 03:00:00,TS,18.9,84.1,65,985,newdelhi,main,0,0,P____O_________, ,IO062018,18.8,84.1, ,TY,90,956,2,150,130,108,90,73,73,55,43,38,35,28,23,1006,175,20, , , , , , , , , , , , , , , , , , , , , , , , , , , , , , , , , , ,19.0,84.1,VSCS,65,985,0.00000,21, , , , , , , , , , , , , , , , , , , , , , , , , , , , , , , , , , , , , , , , , , , , , , , , , , , , , , , , , , , , , , , , , , , , , , , , , , , , , , , , , , , , , , , , , , ,6,310,2018,216.17140240585104,90.0,956.0
2018281N14088,2018,97,NI,BB,TITLI,2018-10-11 06:00:00,TS,19.2,83.9,60,988,newdelhi,main,0,0,O____O_________,jtwc_io,IO062018,19.0,83.9, ,TY,80,963,1,150,130,100,85,65,75,50,40,30,35,25,20,1006,170,20, , , , , , , , , , , , , , , , , , , , , , , , , , , , , , , , , , ,19.3,83.8,SCS,60,988,0.00000,18, , , , , , , , , , , , , , , , , , , , , , , , , , , , , , , , , , , , , , , , , , , , , , , , , , , , , , , , , , , , , , , , , , , , , , , , , , , , , , , , , , , , , , , , , , ,6,330,2018,218.0007635320611,80.0,963.0
2018281N14088,2018,97,NI,BB,TITLI,2018-10-11 09:00:00,TS,19.4,83.8,50,994,newdelhi,main,0,0,P____O_________, ,IO062018,19.2,83.8, ,TY,73,969,1,145,123,95,78,63,68,45,35,28,30,23,20,1005,165,20, , , , , , , , , , , , , , , , , , , , , , , , , , , , , , , , , , ,19.6,83.8,SCS,50,994,0.00000,12, , , , , , , , , , , , , , , , , , , , , , , , , , , , , , , , , , , , , , , , , , , , , , , , , , , , , , , , , , , , , , , , , , , , , , , , , , , , , , , , , , , , , , , , , , ,6,350,2018,219.74383410802457,73.0,969.0
2018281N14088,2018,97,NI,BB,TITLI,2018-10-11 12:00:00,TS,19.7,83.8,45,996,newdelhi,main,0,0,O____O_________,jtwc_io,IO062018,19.5,83.8, ,TY,65,974,1,140,115,90,70,60,60,40,30,25,25,20,20,1004,160,20, , , , , , , , , , , , , , , , , , , , , , , , , , , , , , , , , , ,19.9,83.7,CS,45,996,0.00000,10, , , , , , , , , , , , , , , , , , , , , , , , , , , , , , , , , , , , , , , , , , , , , , , , , , , , , , , , , , , , , , , , , , , , , , , , , , , , , , , , , , , , , , , , , , ,5,15,2018,211.81820500756766,65.0,974.0
2018281N14088,2018,97,NI,BB,TITLI,2018-10-11 15:00:00,TS,19.9,83.9,40,998,newdelhi,main,0,0,P____O_________, ,IO062018,19.7,83.9, ,TY,60,978,0,108,95,83,70, , , , , , , , ,1004,160,20, , , , , , , , , , , , , , , , , , , , , , , , , , , , , , , , , , ,20.1,84.0,CS,40,998,0.00000,8, , , , , , , , , , , , , , , , , , , , , , , , , , , , , , , , , , , , , , , , , , , , , , , , , , , , , , , , , , , , , , , , , , , , , , , , , , , , , , , , , , , , , , , , , , ,6,45,2018,198.902143459903,60.0,978.0
2018281N14088,2018,97,NI,BB,TITLI,2018-10-11 18:00:00,TS,20.1,84.2,30,999,newdelhi,main,0,0,O____O_________,jtwc_io,IO062018,19.9,84.1, ,TS,55,982,0,75,75,75,70, , , , , , , , ,1004,160,20, , , , , , , , , , , , , , , , , , , , , , , , , , , , , , , , , , ,20.3,84.3,DD,30,999,0.00000,6, , , , , , , , , , , , , , , , , , , , , , , , , , , , , , , , , , , , , , , , , , , , , , , , , , , , , , , , , , , , , , , , , , , , , , , , , , , , , , , , , , , , , , , , , , ,6,45,2018,167.49814598692774,55.0,982.0
2018281N14088,2018,97,NI,BB,TITLI,2018-10-11 21:00:00,TS,20.3,84.4, , , ,main,0,0,P____P_________, ,IO062018,20.2,84.4, ,TS,48,988,0,75,70,75,70, , , , , , , , ,1005,133,20, , , , , , , , , , , , , , , , , , , , , , , , , , , , , , , , , , ,20.4,84.5,DD,30,1000, ,6, , , , , , , , , , , , , , , , , , , , , , , , , , , , , , , , , , , , , , , , , , , , , , , , , , , , , , , , , , , , , , , , , , , , , , , , , , , , , , , , , , , , , , , , , , ,6,45,2018,149.90293692159923,48.0,988.0
2018281N14088,2018,97,NI,BB,TITLI,2018-10-12 00:00:00,TS,20.5,84.7,30,1000,newdelhi,main,0,0,O____O_________,jtwc_io,IO062018,20.6,84.7, ,TS,40,993,0,75,65,75,70, , , , , , , , ,1006,105,20, , , , , , , , , , , , , , , , , , , , , , , , , , , , , , , , , , ,20.5,84.7,DD,30,1000,0.00000,6, , , , , , , , , , , , , , , , , , , , , , , , , , , , , , , , , , , , , , , , , , , , , , , , , , , , , , , , , , , , , , , , , , , , , , , , , , , , , , , , , , , , , , , , , , ,6,50,2018,127.51261771370817,40.0,993.0
2018281N14088,2018,97,NI,BB,TITLI,2018-10-12 03:00:00,TS,20.7,85.0,30,1001,newdelhi,main,0,0,P____O_________, ,IO062018,21.0,85.1, ,TS,35,997,0,37,32,37,35, , , , , , , , ,1006,105,20, , , , , , , , , , , , , , , , , , , , , , , , , , , , , , , , , , ,20.6,84.9,DD,30,1001,0.00000,5, , , , , , , , , , , , , , , , , , , , , , , , , , , , , , , , , , , , , , , , , , , , , , , , , , , , , , , , , , , , , , , , , , , , , , , , , , , , , , , , , , , , , , , , , , ,6,55,2018,114.0814425927731,35.0,997.0
2018281N14088,2018,97,NI,BB,TITLI,2018-10-12 06:00:00,TS,20.9,85.3,30,1001,newdelhi,main,0,0,O____O_________,jtwc_io,IO062018,21.3,85.5, ,TD,30,1000,-1, , , , , , , , , , , , ,1006,105,20, , , , , , , , , , , , , , , , , , , , , , , , , , , , , , , , , , ,20.8,85.2,DD,30,1001,0.00000,5, , , , , , , , , , , , , , , , , , , , , , , , , , , , , , , , , , , , , , , , , , , , , , , , , , , , , , , , , , , , , , , , , , , , , , , , , , , , , , , , , , , , , , , , , , ,5,70,2018,112.82176766711893,30.0,1000.0
2018281N14088,2018,97,NI,BB,TITLI,2018-10-12 09:00:00,TS,20.9,85.5,25,1002,newdelhi,main,0,0,_____O_________, ,IO062018, , , ,TD, , ,-5, , , , , , , , , , , , , , , , , , , , , , , , , , , , , , , , , , , , , , , , , , , , , , , , , ,20.9,85.5,D,25,1002,0.00000,4, , , , , , , , , , , , , , , , , , , , , , , , , , , , , , , , , , , , , , , , , , , , , , , , , , , , , , , , , , , , , , , , , , , , , , , , , , , , , , , , , , , , , , , , , , ,8,70,2018,104.84278768270353,25.0,1002.0
2018281N14088,2018,97,NI,BB,TITLI,2018-10-12 12:00:00,TS,21.2,86.1,25,1002,newdelhi,main,0,0,_____O_________, , , , , , , , ,-5, , , , , , , , , , , , , , , , , , , , , , , , , , , , , , , , , , , , , , , , , , , , , , , , , ,21.2,86.1,D,25,1002,0.00000,4, , , , , , , , , , , , , , , , , , , , , , , , , , , , , , , , , , , , , , , , , , , , , , , , , , , , , , , , , , , , , , , , , , , , , , , , , , , , , , , , , , , , , , , , , , ,13,60,2018,137.03864793606036,25.0,1002.0
2018281N14088,2018,97,NI,BB,TITLI,2018-10-12 15:00:00,TS,21.6,86.7, , , ,main,0,0,_____P_________, , , , , , , , ,-5, , , , , , , , , , , , , , , , , , , , , , , , , , , , , , , , , , , , , , , , , , , , , , , , , ,21.6,86.7,D,25,1003, ,4, , , , , , , , , , , , , , , , , , , , , , , , , , , , , , , , , , , , , , , , , , , , , , , , , , , , , , , , , , , , , , , , , , , , , , , , , , , , , , , , , , , , , , , , , , ,12,55,2018,201.00741292257567,,
2018281N14088,2018,97,NI,BB,TITLI,2018-10-12 18:00:00,TS,21.9,87.2,25,1003,newdelhi,main,0,0,_____O_________, , , , , , , , ,-5, , , , , , , , , , , , , , , , , , , , , , , , , , , , , , , , , , , , , , , , , , , , , , , , , ,21.9,87.2,D,25,1003,0.00000,4, , , , , , , , , , , , , , , , , , , , , , , , , , , , , , , , , , , , , , , , , , , , , , , , , , , , , , , , , , , , , , , , , , , , , , , , , , , , , , , , , , , , , , , , , , ,9,55,2018,256.45293820147117,25.0,1003.0
2018281N14088,2018,97,NI,BB,TITLI,2018-10-12 21:00:00,TS,22.1,87.5,20,1004,newdelhi,main,0, ,_____O_________, , , , , , , , ,-5, , , , , , , , , , , , , , , , , , , , , , , , , , , , , , , , , , , , , , , , , , , , , , , , , ,22.1,87.5,D,20,1004,0.00000,3, , , , , , , , , , , , , , , , , , , , , , , , , , , , , , , , , , , , , , , , , , , , , , , , , , , , , , , , , , , , , , , , , , , , , , , , , , , , , , , , , , , , , , , , , , ,7,55,2018,292.650264903813,20.0,1004.0
2019116N02090,2019,23,NI,BB,FANI,2019-04-25 18:00:00,TS,1.9,90.2, , , ,main,627,626,O______________,jtwc_io,IO012019,1.9,90.2, ,TD,25,1004,-1, , , , , , , , , , , , ,1009,200,50, , , , , , , , , , , , , , , , , , , , , , , , , , , , , , , , , , , , , , , , , , , , , , , , , , , , , , , , , , , , , , , , , , , , , , , , , , , , , , , , , , , , , , , , , , , , , , , , , , , , , , , , , , , , , , , , , , , , , , , , , , , , , , , , , , , ,4,335,2019,2068.638320257842,25.0,1004.0
2019116N02090,2019,23,NI,BB,FANI,2019-04-25 21:00:00,TS,2.1,90.1, , , ,main,636,636,P______________, ,IO012019,2.1,90.1, ,TD,25,1004,-1, , , , , , , , , , , , ,1008,150,50, , , , , , , , , , , , , , , , , , , , , , , , , , , , , , , , , , , , , , , , , , , , , , , , , , , , , , , , , , , , , , , , , , , , , , , , , , , , , , , , , , , , , , , , , , , , , , , , , , , , , , , , , , , , , , , , , , , , , , , , , , , , , , , , , , , ,4,325,2019,2044.4711227060598,25.0,1004.0
2019116N02090,2019,23,NI,BB,FANI,2019-04-26 00:00:00,TS,2.2,90.0, , , ,main,646,646,O______________,jtwc_io,IO012019,2.2,90.0, ,TD,25,1003,-1, , , , , , , , , , , , ,1006,100,50, , , , , , , , , , , , , , , , , , , , , , , , , , , , , , , , , , , , , , , , , , , , , , , , , , , , , , , , , , , , , , , , , , , , , , , , , , , , , , , , , , , , , , , , , , , , , , , , , , , , , , , , , , , , , , , , , , , , , , , , , , , , , , , , , , , ,4,310,2019,2031.1668285541946,25.0,1003.0
2019116N02090,2019,23,NI,BB,FANI,2019-04-26 03:00:00,TS,2.3,89.8, , , ,main,668,667,P______________, ,IO012019,2.3,89.8, ,TD,25,1003,-1, , , , , , , , , , , , ,1006,125,48, , , , , , , , , , , , , , , , , , , , , , , , , , , , , , , , , , , , , , , , , , , , , , , , , , , , , , , , , , , , , , , , , , , , , , , , , , , , , , , , , , , , , , , , , , , , , , , , , , , , , , , , , , , , , , , , , , , , , , , , , , , , , , , , , , , ,4,315,2019,2015.5268573402607,25.0,1003.0
2019116N02090,2019,23,NI,BB,FANI,2019-04-26 06:00:00,TS,2.5,89.7, , , ,main,678,661,O______________,jtwc_io,IO012019,2.5,89.7, ,TD,25,1003,-1, , , , , , , , , , , , ,1006,150,45, , , , , , , , , , , , , , , , , , , , , , , , , , , , , , , , , , , , , , , , , , , , , , , , , , , , , , , , , , , , , , , , , , , , , , , , , , , , , , , , , , , , , , , , , , , , , , , , , , , , , , , , , , , , , , , , , , , , , , , , , , , , , , , , , , , ,5,355,2019,1991.4553454772495,25.0,1003.0
2019116N02090,2019,23,NI,BB,FANI,2019-04-26 09:00:00,TS,2.8,89.8, , , ,main,661,643,P______________, ,IO012019,2.8,89.8, ,TD,25,1003,-1, , , , , , , , , , , , ,1006,150,45, , , , , , , , , , , , , , , , , , , , , , , , , , , , , , , , , , , , , , , , , , , , , , , , , , , , , , , , , , , , , , , , , , , , , , , , , , , , , , , , , , , , , , , , , , , , , , , , , , , , , , , , , , , , , , , , , , , , , , , , , , , , , , , , , , , ,7,5,2019,1961.2112862368078,25.0,1003.0
2019116N02090,2019,23,NI,BB,FANI,2019-04-26 12:00:00,TS,3.2,89.8,25,998,newdelhi,main,643,639,O____O_________,jtwc_io,IO012019,3.2,89.9, ,TD,25,1003,-1, , , , , , , , , , , , ,1006,150,45, , , , , , , , , , , , , , , , , , , , , , , , , , , , , , , , , , ,3.2,89.2,D,25,998,1.50000,4, , , , , , , , , , , , , , , , , , , , , , , , , , , , , , , , , , , , , , , , , , , , , , , , , , , , , , , , , , , , , , , , , , , , , , , , , , , , , , , , , , , , , , , , , , ,7,350,2019,1917.809999824354,25.0,1003.0
2019116N02090,2019,23,NI,BB,FANI,2019-04-26 15:00:00,TS,3.5,89.7, , , ,main,642,642,P____P_________, ,IO012019,3.6,90.0, ,TD,28,1004,-1, , , , , , , , , , , , ,1006,150,45, , , , , , , , , , , , , , , , , , , , , , , , , , , , , , , , , , ,3.4,89.0,D,25,998, ,4, , , , , , , , , , , , , , , , , , , , , , , , , , , , , , , , , , , , , , , , , , , , , , , , , , , , , , , , , , , , , , , , , , , , , , , , , , , , , , , , , , , , , , , , , , ,7,340,2019,1882.825747831167,28.0,1004.0
2019116N02090,2019,23,NI,BB,FANI,2019-04-26 18:00:00,TS,3.8,89.5,25,998,newdelhi,main,654,648,O____O_________,jtwc_io,IO012019,3.9,90.1, ,TD,30,1004,-1, , , , , , , , , , , , ,1006,150,45, , , , , , , , , , , , , , , , , , , , , , , , , , , , , , , , , , ,3.7,88.8,D,25,998,1.50000,4, , , , , , , , , , , , , , , , , , , , , , , , , , , , , , , , , , , , , , , , , , , , , , , , , , , , , , , , , , , , , , , , , , , , , , , , , , , , , , , , , , , , , , , , , , ,7,340,2019,1845.4624504800684,30.0,1004.0
2019116N02090,2019,23,NI,BB,FANI,2019-04-26 21:00:00,TS,4.2,89.4, , , ,main,655,649,P____P_________, ,IO012019,4.3,90.1, ,TD,33,1004,-1, , , , , , , , , , , , ,1007,135,38, , , , , , , , , , , , , , , , , , , , , , , , , , , , , , , , , , ,4.1,88.8,D,28,998, ,5, , , , , , , , , , , , , , , , , , , , , , , , , , , , , , , , , , , , , , , , , , , , , , , , , , , , , , , , , , , , , , , , , , , , , , , , , , , , , , , , , , , , , , , , , , ,8,350,2019,1799.6438998244623,33.0,1004.0
2019116N02090,2019,23,NI,BB,FANI,2019-04-27 00:00:00,TS,4.6,89.4,30,997,newdelhi,main,647,645,O____O_________,jtwc_io,IO012019,4.6,90.0, ,TS,35,1003,0,70,50,80,45, , , , , , , , ,1008,120,30, , , , , , , , , , , , , , , , , , , , , , , , , , , , , , , , , , ,4.5,88.8,DD,30,997,2.00000,5, , , , , , , , , , , , , , , , , , , , , , , , , , , , , , , , , , , , , , , , , , , , , , , , , , , , , , , , , , , , , , , , , , , , , , , , , , , , , , , , , , , , , , , , , , ,7,0,2019,1756.1984642722912,35.0,1003.0
2019116N02090,2019,23,NI,BB,FANI,2019-04-27 03:00:00,TS,4.9,89.4,30,996,newdelhi,main,644,643,P____O_________, ,IO012019,4.8,90.1, ,TS,40,1001,0,83,65,75,58, , , , , , , , ,1008,138,30, , , , , , , , , , , , , , , , , , , , , , , , , , , , , , , , , , ,4.9,88.7,DD,30,996,2.00000,6, , , , , , , , , , , , , , , , , , , , , , , , , , , , , , , , , , , , , , , , , , , , , , , , , , , , , , , , , , , , , , , , , , , , , , , , , , , , , , , , , , , , , , , , , , ,6,0,2019,1723.6480511725367,40.0,1001.0
2019116N02090,2019,23,NI,BB,FANI,2019-04-27 06:00:00,TS,5.1,89.4,35,995,newdelhi,main,642,642,O____O_________,jtwc_io,IO012019,5.1,90.2, ,TS,45,998,0,95,80,70,70, , , , , , , , ,1008,155,30, , , , , , , , , , , , , , , , , , , , , , , , , , , , , , , , , , ,5.2,88.6,CS,35,995,2.50000,7, , , , , , , , , , , , , , , , , , , , , , , , , , , , , , , , , , , , , , , , , , , , , , , , , , , , , , , , , , , , , , , , , , , , , , , , , , , , , , , , , , , , , , , , , , ,6,355,2019,1701.964726413104,45.0,998.0
2019116N02090,2019,23,NI,BB,FANI,2019-04-27 09:00:00,TS,5.5,89.3,40,994,newdelhi,main,653,653,P____O_________, ,IO012019,5.6,90.2, ,TS,45,997,0,103,83,73,78, , , , , , , , ,1007,168,30, , , , , , , , , , , , , , , , , , , , , , , , , , , , , , , , , , ,5.4,88.5,CS,40,994,2.50000,8, , , , , , , , , , , , , , , , , , , , , , , , , , , , , , , , , , , , , , , , , , , , , , , , , , , , , , , , , , , , , , , , , , , , , , , , , , , , , , , , , , , , , , , , , , ,9,345,2019,1656.1374240713003,45.0,997.0
2019116N02090,2019,23,NI,BB,FANI,2019-04-27 12:00:00,TS,6.0,89.2,45,992,newdelhi,main,665,665,O____O_________,jtwc_io,IO012019,6.1,89.9, ,TS,45,996,0,110,85,75,85, , , , , , , , ,1006,180,30, , , , , , , , , , , , , , , , , , , , , , , , , , , , , , , , , , ,5.9,88.5,CS,45,992,3.00000,10, , , , , , , , , , , , , , , , , , , , , , , , , , , , , , , , , , , , , , , , , , , , , , , , , , , , , , , , , , , , , , , , , , , , , , , , , , , , , , , , , , , , , , , , , , ,10,335,2019,1599.4740953877586,45.0,996.0
2019116N02090,2019,23,NI,BB,FANI,2019-04-27 15:00:00,TS,6.4,88.9,45,992,newdelhi,main,703,703,P____O_________, ,IO012019,6.4,89.3, ,TS,45,996,0,100,80,70,65, , , , , , , , ,1006,185,30, , , , , , , , , , , , , , , , , , , , , , , , , , , , , , , , , , ,6.3,88.5,CS,45,992,3.00000,10, , , , , , , , , , , , , , , , , , , , , , , , , , , , , , , , , , , , , , , , , , , , , , , , , , , , , , , , , , , , , , , , , , , , , , , , , , , , , , , , , , , , , , , , , , ,10,310,2019,1548.8414594484461,45.0,996.0
2019116N02090,2019,23,NI,BB,FANI,2019-04-27 18:00:00,TS,6.6,88.5,45,992,newdelhi,main,730,696,O____O_________,jtwc_io,IO012019,6.6,88.7, ,TS,45,996,0,90,75,65,45, , , , , , , , ,1006,190,30, , , , , , , , , , , , , , , , , , , , , , , , , , , , , , , , , , ,6.6,88.2,CS,45,992,3.00000,10, , , , , , , , , , , , , , , , , , , , , , , , , , , , , , , , , , , , , , , , , , , , , , , , , , , , , , , , , , , , , , , , , , , , , , , , , , , , , , , , , , , , , , , , , , ,9,305,2019,1518.2376462472628,45.0,996.0
2019116N02090,2019,23,NI,BB,FANI,2019-04-27 21:00:00,TS,6.8,88.2,45,992,newdelhi,main,696,684,P____O_________, ,IO012019,6.8,88.4, ,TS,45,997,0,93,70,65,65, , , , , , , , ,1007,185,30, , , , , , , , , , , , , , , , , , , , , , , , , , , , , , , , , , ,6.9,87.9,CS,45,992,3.00000,10, , , , , , , , , , , , , , , , , , , , , , , , , , , , , , , , , , , , , , , , , , , , , , , , , , , , , , , , , , , , , , , , , , , , , , , , , , , , , , , , , , , , , , , , , , ,6,325,2019,1490.436615051831,45.0,997.0
2019116N02090,2019,23,NI,BB,FANI,2019-04-28 00:00:00,TS,7.1,88.1,45,992,newdelhi,main,684,684,O____O_________,jtwc_io,IO012019,6.9,88.3, ,TS,45,998,0,95,65,65,85, , , , , , , , ,1008,180,30, , , , , , , , , , , , , , , , , , , , , , , , , , , , , , , , , , ,7.3,87.9,CS,45,992,3.00000,10, , , , , , , , , , , , , , , , , , , , , , , , , , , , , , , , , , , , , , , , , , , , , , , , , , , , , , , , , , , , , , , , , , , , , , , , , , , , , , , , , , , , , , , , , , ,4,350,2019,1455.6972114272514,45.0,998.0
2019116N02090,2019,23,NI,BB,FANI,2019-04-28 03:00:00,TS,7.2,88.1,45,992,newdelhi,main,685,685,P____O_________, ,IO012019,7.1,88.3, ,TS,45,998,0,85,75,68,80, , , , , , , , ,1008,173,30, , , , , , , , , , , , , , , , , , , , , , , , , , , , , , , , , , ,7.3,87.9,CS,45,992,3.00000,10, , , , , , , , , , , , , , , , , , , , , , , , , , , , , , , , , , , , , , , , , , , , , , , , , , , , , , , , , , , , , , , , , , , , , , , , , , , , , , , , , , , , , , , , , , ,3,345,2019,1444.7340833058129,45.0,998.0
2019116N02090,2019,23,NI,BB,FANI,2019-04-28 06:00:00,TS,7.4,88.1,45,992,newdelhi,main,686,664,O____O_________,jtwc_io,IO012019,7.3,88.3, ,TS,45,998,0,75,85,70,75, , , , , , , , ,1008,165,30, , , , , , , , , , , , , , , , , , , , , , , , , , , , , , , , , , ,7.4,87.8,CS,45,992,3.00000,10, , , , , , , , , , , , , , , , , , , , , , , , , , , , , , , , , , , , , , , , , , , , , , , , , , , , , , , , , , , , , , , , , , , , , , , , , , , , , , , , , , , , , , , , , , ,5,335,2019,1422.814981442834,45.0,998.0
2019116N02090,2019,23,NI,BB,FANI,2019-04-28 09:00:00,TS,7.6,87.9,45,992,newdelhi,main,665,637,P____O_________, ,IO012019,7.5,88.3, ,TS,45,997,0,78,83,70,80, , , , , , , , ,1007,160,30, , , , , , , , , , , , , , , , , , , , , , , , , , , , , , , , , , ,7.7,87.5,CS,45,992,3.00000,10, , , , , , , , , , , , , , , , , , , , , , , , , , , , , , , , , , , , , , , , , , , , , , , , , , , , , , , , , , , , , , , , , , , , , , , , , , , , , , , , , , , , , , , , , , ,8,325,2019,1397.2555378009008,45.0,997.0
2019116N02090,2019,23,NI,BB,FANI,2019-04-28 12:00:00,TS,8.0,87.6,45,992,newdelhi,main,638,628,O____O_________,jtwc_io,IO012019,7.7,88.2, ,TS,45,996,0,80,80,70,85, , , , , , , , ,1006,155,30, , , , , , , , , , , , , , , , , , , , , , , , , , , , , , , , , , ,8.2,87.0,CS,45,992,3.00000,10, , , , , , , , , , , , , , , , , , , , , , , , , , , , , , , , , , , , , , , , , , , , , , , , , , , , , , , , , , , , , , , , , , , , , , , , , , , , , , , , , , , , , , , , , , ,6,320,2019,1348.3370190681442,45.0,996.0
2019116N02090,2019,23,NI,BB,FANI,2019-04-28 15:00:00,TS,8.1,87.5,45,992,newdelhi,main,630,630,P____O_________, ,IO012019,7.8,88.1, ,TS,45,996,0,83,75,58,80, , , , , , , , ,1006,150,30, , , , , , , , , , , , , , , , , , , , , , , , , , , , , , , , , , ,8.3,86.9,CS,45,992,3.00000,10, , , , , , , , , , , , , , , , , , , , , , , , , , , , , , , , , , , , , , , , , , , , , , , , , , , , , , , , , , , , , , , , , , , , , , , , , , , , , , , , , , , , , , , , , , ,3,330,2019,1335.8117988656493,45.0,996.0
2019116N02090,2019,23,NI,BB,FANI,2019-04-28 18:00:00,TS,8.2,87.5,45,992,newdelhi,main,631,620,O____O_________,jtwc_io,IO012019,8.0,88.0, ,TS,45,995,0,85,70,45,75, , , , , , , , ,1006,145,30, , , , , , , , , , , , , , , , , , , , , , , , , , , , , , , , , , ,8.4,86.9,CS,45,992,3.00000,10, , , , , , , , , , , , , , , , , , , , , , , , , , , , , , , , , , , , , , , , , , , , , , , , , , , , , , , , , , , , , , , , , , , , , , , , , , , , , , , , , , , , , , , , , , ,3,345,2019,1324.7933178844248,45.0,995.0
2019116N02090,2019,23,NI,BB,FANI,2019-04-28 21:00:00,TS,8.4,87.4,45,992,newdelhi,main,623,623,P____O_________, ,IO012019,8.3,87.9, ,TS,45,992,0,85,70,60,68, , , , , , , , ,1007,150,30, , , , , , , , , , , , , , , , , , , , , , , , , , , , , , , , , , ,8.5,86.9,CS,45,992,3.00000,10, , , , , , , , , , , , , , , , , , , , , , , , , , , , , , , , , , , , , , , , , , , , , , , , , , , , , , , , , , , , , , , , , , , , , , , , , , , , , , , , , , , , , , , , , , ,4,345,2019,1301.294861488977,45.0,992.0
2019116N02090,2019,23,NI,BB,FANI,2019-04-29 00:00:00,TS,8.6,87.4,45,992,newdelhi,main,627,609,O____O_________,jtwc_io,IO012019,8.6,87.8, ,TS,45,989,0,85,70,75,60, , , , , , , , ,1008,155,30, , , , , , , , , , , , , , , , , , , , , , , , , , , , , , , , , , ,8.6,86.9,CS,45,992,3.00000,10, , , , , , , , , , , , , , , , , , , , , , , , , , , , , , , , , , , , , , , , , , , , , , , , , , , , , , , , , , , , , , , , , , , , , , , , , , , , , , , , , , , , , , , , , , ,5,340,2019,1279.2459092365566,45.0,989.0
2019116N02090,2019,23,NI,BB,FANI,2019-04-29 03:00:00,TS,8.8,87.2,45,992,newdelhi,main,609,609,P____O_________, ,IO012019,9.0,87.6, ,TS,48,987,0,88,73,73,60, , , , , , , , ,1008,160,30, , , , , , , , , , , , , , , , , , , , , , , , , , , , , , , , , , ,8.7,86.9,CS,45,992,3.00000,10, , , , , , , , , , , , , , , , , , , , , , , , , , , , , , , , , , , , , , , , , , , , , , , , , , , , , , , , , , , , , , , , , , , , , , , , , , , , , , , , , , , , , , , , , , ,7,345,2019,1254.443159793705,48.0,987.0
2019116N02090,2019,23,NI,BB,FANI,2019-04-29 06:00:00,TS,9.3,87.2,45,992,newdelhi,main,624,613,O____O_________,jtwc_io,IO012019,9.4,87.4, ,TS,50,985,0,90,75,70,60, , , , , , , , ,1008,165,30, , , , , , , , , , , , , , , , , , , , , , , , , , , , , , , , , , ,9.2,86.9,CS,45,992,3.00000,10, , , , , , , , , , , , , , , , , , , , , , , , , , , , , , , , , , , , , , , , , , , , , , , , , , , , , , , , , , , , , , , , , , , , , , , , , , , , , , , , , , , , , , , , , , ,10,350,2019,1199.247416543133,50.0,985.0
2019116N02090,2019,23,NI,BB,FANI,2019-04-29 09:00:00,TS,9.8,87.1,45,992,newdelhi,main,632,632,P____O_________, ,IO012019,9.9,87.4, ,TS,55,986,0,108,90,78,80, , , , , , , , ,1007,170,30, , , , , , , , , , , , , , , , , , , , , , , , , , , , , , , , , , ,9.7,86.8,CS,45,992,3.00000,10, , , , , , , , , , , , , , , , , , , , , , , , , , , , , , , , , , , , , , , , , , , , , , , , , , , , , , , , , , , , , , , , , , , , , , , , , , , , , , , , , , , , , , , , , , ,9,355,2019,1142.731164985089,55.0,986.0
2019116N02090,2019,23,NI,BB,FANI,2019-04-29 12:00:00,TS,10.2,87.1,55,986,newdelhi,main,651,641,O____O_________,jtwc_io,IO012019,10.3,87.4, ,TS,60,987,0,125,105,85,100,45,40,30,30, , , , ,1006,175,30, , , , , , , , , , , , , , , , , , , , , , , , , , , , , , , , , , ,10.1,86.7,SCS,55,986,3.50000,16, , , , , , , , , , , , , , , , , , , , , , , , , , , , , , , , , , , , , , , , , , , , , , , , , , , , , , , , , , , , , , , , , , , , , , , , , , , , , , , , , , , , , , , , , , ,8,350,2019,1098.5846281168203,60.0,987.0
2019116N02090,2019,23,NI,BB,FANI,2019-04-29 15:00:00,TS,10.5,86.9,55,986,newdelhi,main,645,645,P____O_________, ,IO012019,10.7,87.2, ,TS,65,984,1,123,100,90,95,53,43,38,35,2,2,2,2,1006,175,30, , , , , , , , , , , , , , , , , , , , , , , , , , , , , , , , , , ,10.4,86.7,SCS,55,986,3.50000,16, , , , , , , , , , , , , , , , , , , , , , , , , , , , , , , , , , , , , , , , , , , , , , , , , , , , , , , , , , , , , , , , , , , , , , , , , , , , , , , , , , , , , , , , , , ,8,335,2019,1062.9044173013178,65.0,984.0
2019116N02090,2019,23,NI,BB,FANI,2019-04-29 18:00:00,TS,10.9,86.8,55,986,newdelhi,main,655,645,O____O_________,jtwc_io,IO012019,11.0,86.9, ,TY,70,981,1,120,95,95,90,60,45,45,40,5,5,5,5,1006,175,30, , , , , , , , , , , , , , , , , , , , , , , , , , , , , , , , , , ,10.8,86.6,SCS,55,986,3.50000,16, , , , , , , , , , , , , , , , , , , , , , , , , , , , , , , , , , , , , , , , , , , , , , , , , , , , , , , , , , , , , , , , , , , , , , , , , , , , , , , , , , , , , , , , , , ,8,335,2019,1017.519423257065,70.0,981.0
2019116N02090,2019,23,NI,BB,FANI,2019-04-29 21:00:00,TS,11.3,86.6,65,982,newdelhi,main,656,656,P____O_________, ,IO012019,11.4,86.7, ,TY,78,976,1,113,98,93,88,55,48,43,40,10,10,10,10,1006,175,18, , , , , , , , , , , , , , , , , , , , , , , , , , , , , , , , , , ,11.1,86.5,VSCS,65,982,4.00000,20, , , , , , , , , , , , , , , , , , , , , , , , , , , , , , , , , , , , , , , , , , , , , , , , , , , , , , , , , , , , , , , , , , , , , , , , , , , , , , , , , , , , , , , , , , ,9,345,2019,971.1717820051896,78.0,976.0
2019116N02090,2019,23,NI,BB,FANI,2019-04-30 00:00:00,TS,11.8,86.5,70,980,newdelhi,main,676,638,O____O_________,jtwc_io,IO012019,11.9,86.5, ,TY,85,971,2,105,100,90,85,50,50,40,40,15,15,15,15,1006,175,5,10, , , , , , , , , , , , , , , , , , , , , , , , , , , , , , , , , ,11.7,86.5,VSCS,70,980,4.00000,22, , , , , , , , , , , , , , , , , , , , , , , , , , , , , , , , , , , , , , , , , , , , , , , , , , , , , , , , , , , , , , , , , , , , , , , , , , , , , , , , , , , , , , , , , , ,12,340,2019,914.8596683628077,85.0,971.0
2019116N02090,2019,23,NI,BB,FANI,2019-04-30 03:00:00,TS,12.3,86.2,75,974,newdelhi,main,638,576,P____O_________, ,IO012019,12.4,86.2, ,TY,88,969,2,113,108,90,90,55,55,43,43,23,23,18,20,1006,178,5, , , , , , , , , , , , , , , , , , , , , , , , , , , , , , , , , , ,12.3,86.2,VSCS,75,974,4.50000,28, , , , , , , , , , , , , , , , , , , , , , , , , , , , , , , , , , , , , , , , , , , , , , , , , , , , , , , , , , , , , , , , , , , , , , , , , , , , , , , , , , , , , , , , , , ,12,320,2019,857.264155409019,88.0,969.0
2019116N02090,2019,23,NI,BB,FANI,2019-04-30 06:00:00,TS,12.7,85.8,80,970,newdelhi,main,576,516,O____O_________,jtwc_io,IO012019,12.8,85.8, ,TY,90,967,2,120,115,90,95,60,60,45,45,30,30,20,25,1006,180,5,10, , , , , , , , , , , , , , , , , , , , , , , , , , , , , , , , , ,12.6,85.7,VSCS,80,970,4.50000,32, , , , , , , , , , , , , , , , , , , , , , , , , , , , , , , , , , , , , , , , , , , , , , , , , , , , , , , , , , , , , , , , , , , , , , , , , , , , , , , , , , , , , , , , , , ,11,310,2019,811.7229645052788,90.0,967.0
2019116N02090,2019,23,NI,BB,FANI,2019-04-30 09:00:00,TS,13.0,85.3,85,966,newdelhi,main,516,465,P____O_________, ,IO012019,13.0,85.3, ,TY,93,966,2,115,103,85,98,58,53,40,48,30,25,20,25,1006,175,9, , , , , , , , , , , , , , , , , , , , , , , , , , , , , , , , , , ,13.0,85.3,VSCS,85,966,4.50000,36, , , , , , , , , , , , , , , , , , , , , , , , , , , , , , , , , , , , , , , , , , , , , , , , , , , , , , , , , , , , , , , , , , , , , , , , , , , , , , , , , , , , , , , , , , ,11,300,2019,780.1849410416327,93.0,966.0
2019116N02090,2019,23,NI,BB,FANI,2019-04-30 12:00:00,TS,13.3,84.8,90,962,newdelhi,main,456,435,O____O_________,jtwc_io,IO012019,13.2,84.9, ,TY,95,964,2,110,90,80,100,55,45,35,50,30,20,20,25,1006,170,12,15, , , , , , , , , , , , , , , , , , , , , , , , , , , , , , , , , ,13.3,84.7,ESCS,90,962,5.00000,40, , , , , , , , , , , , , , , , , , , , , , , , , , , , , , , , , , , , , , , , , , , , , , , , , , , , , , , , , , , , , , , , , , , , , , , , , , , , , , , , , , , , , , , , , , ,8,295,2019,752.573429303915,95.0,964.0
2019116N02090,2019,23,NI,BB,FANI,2019-04-30 15:00:00,TS,13.4,84.6,95,957,newdelhi,main,435,413,P____O_________, ,IO012019,13.3,84.6, ,TY,100,960,3,115,100,83,98,58,55,38,48,35,28,20,25,1006,178,12, , , , , , , , , , , , , , , , , , , , , , , , , , , , , , , , , , ,13.4,84.5,ESCS,95,957,5.00000,45, , , , , , , , , , , , , , , , , , , , , , , , , , , , , , , , , , , , , , , , , , , , , , , , , , , , , , , , , , , , , , , , , , , , , , , , , , , , , , , , , , , , , , , , , , ,5,305,2019,744.9166358704905,100.0,960.0
2019116N02090,2019,23,NI,BB,FANI,2019-04-30 18:00:00,TS,13.5,84.4,95,957,newdelhi,main,413,392,O____O_________,jtwc_io,IO012019,13.5,84.4, ,TY,105,955,3,120,110,85,95,60,65,40,45,40,35,20,25,1006,185,12,15, , , , , , , , , , , , , , , , , , , , , , , , , , , , , , , , , ,13.5,84.4,ESCS,95,957,5.00000,45, , , , , , , , , , , , , , , , , , , , , , , , , , , , , , , , , , , , , , , , , , , , , , , , , , , , , , , , , , , , , , , , , , , , , , , , , , , , , , , , , , , , , , , , , , ,4,310,2019,737.9586696089214,105.0,955.0
2019116N02090,2019,23,NI,BB,FANI,2019-04-30 21:00:00,TS,13.6,84.2,95,957,newdelhi,main,383,358,P____O_________, ,IO012019,13.7,84.2, ,TY,105,954,3,125,113,88,103,65,63,43,50,38,33,23,28,1005,183,12, , , , , , , , , , , , , , , , , , , , , , , , , , , , , , , , , , ,13.6,84.2,ESCS,95,957,5.00000,45, , , , , , , , , , , , , , , , , , , , , , , , , , , , , , , , , , , , , , , , , , , , , , , , , , , , , , , , , , , , , , , , , , , , , , , , , , , , , , , , , , , , , , , , , , ,5,320,2019,731.7185394797722,105.0,954.0
2019116N02090,2019,23,NI,BB,FANI,2019-05-01 00:00:00,TS,13.9,84.1,95,957,newdelhi,main,358,334,O____O_________,jtwc_io,IO012019,13.9,84.1, ,TY,105,952,3,130,115,90,110,70,60,45,55,35,30,25,30,1004,180,12,15, , , , , , , , , , , , , , , , , , , , , , , , , , , , , , , , , ,13.9,84.0,ESCS,95,957,5.00000,45, , , , , , , , , , , , , , , , , , , , , , , , , , , , , , , , , , , , , , , , , , , , , , , , , , , , , , , , , , , , , , , , , , , , , , , , , , , , , , , , , , , , , , , , , , ,5,335,2019,701.9487999768229,105.0,952.0
2019116N02090,2019,23,NI,BB,FANI,2019-05-01 03:00:00,TS,14.1,84.0,95,957,newdelhi,main,334,324,P____O_________, ,IO012019,14.0,84.1, ,TY,105,952,3,113,115,100,105,58,63,55,50,30,33,30,28,1004,180,12, , , , , , , , , , , , , , , , , , , , , , , , , , , , , , , , , , ,14.1,83.9,ESCS,95,957,5.00000,45, , , , , , , , , , , , , , , , , , , , , , , , , , , , , , , , , , , , , , , , , , , , , , , , , , , , , , , , , , , , , , , , , , , , , , , , , , , , , , , , , , , , , , , , , , ,3,350,2019,683.3566551113717,105.0,952.0
2019116N02090,2019,23,NI,BB,FANI,2019-05-01 06:00:00,TS,14.2,84.0,95,957,newdelhi,main,324,304,O____O_________,jtwc_io,IO012019,14.2,84.1, ,TY,105,951,3,95,115,110,100,45,65,65,45,25,35,35,25,1004,180,12, , , , , , , , , , , , , , , , , , , , , , , , , , , , , , , , , , ,14.2,83.9,ESCS,95,957,5.00000,45, , , , , , , , , , , , , , , , , , , , , , , , , , , , , , , , , , , , , , , , , , , , , , , , , , , , , , , , , , , , , , , , , , , , , , , , , , , , , , , , , , , , , , , , , , ,5,15,2019,672.6751140217377,105.0,951.0
2019116N02090,2019,23,NI,BB,FANI,2019-05-01 09:00:00,TS,14.5,84.1,95,955,newdelhi,main,304,278,P____O_________, ,IO012019,14.5,84.1, ,TY,105,951,3,95,115,110,100,45,65,65,45,25,35,35,25,1004,170,9, , , , , , , , , , , , , , , , , , , , , , , , , , , , , , , , , , ,14.5,84.1,ESCS,95,955,5.00000,45, , , , , , , , , , , , , , , , , , , , , , , , , , , , , , , , , , , , , , , , , , , , , , , , , , , , , , , , , , , , , , , , , , , , , , , , , , , , , , , , , , , , , , , , , , ,7,10,2019,637.6351370013437,105.0,951.0
2019116N02090,2019,23,NI,BB,FANI,2019-05-01 12:00:00,TS,14.9,84.1,100,950,newdelhi,main,278,270,O____O_________,jtwc_io,IO012019,14.8,84.2, ,TY,105,951,3,95,115,110,100,45,65,65,45,25,35,35,25,1004,160,5,10, , , , , , , , , , , , , , , , , , , , , , , , , , , , , , , , , ,14.9,84.1,ESCS,100,950,5.50000,50, , , , , , , , , , , , , , , , , , , , , , , , , , , , , , , , , , , , , , , , , , , , , , , , , , , , , , , , , , , , , , , , , , , , , , , , , , , , , , , , , , , , , , , , , , ,6,5,2019,595.0523559225551,105.0,951.0
2019116N02090,2019,23,NI,BB,FANI,2019-05-01 15:00:00,TS,15.0,84.2,100,950,newdelhi,main,270,256,P____O_________, ,IO012019,15.0,84.2, ,TY,105,951,3,118,125,115,113,60,70,65,55,33,38,35,30,1004,158,5, , , , , , , , , , , , , , , , , , , , , , , , , , , , , , , , , , ,15.1,84.1,ESCS,100,950,5.50000,50, , , , , , , , , , , , , , , , , , , , , , , , , , , , , , , , , , , , , , , , , , , , , , , , , , , , , , , , , , , , , , , , , , , , , , , , , , , , , , , , , , , , , , , , , , ,4,5,2019,581.2696257466467,105.0,951.0
2019116N02090,2019,23,NI,BB,FANI,2019-05-01 18:00:00,TS,15.2,84.2,100,950,newdelhi,main,256,246,O____O_________,jtwc_io,IO012019,15.2,84.3, ,TY,105,951,3,140,135,120,125,75,75,65,65,40,40,35,35,1004,155,5,10, , , , , , , , , , , , , , , , , , , , , , , , , , , , , , , , , ,15.2,84.1,ESCS,100,950,5.50000,50, , , , , , , , , , , , , , , , , , , , , , , , , , , , , , , , , , , , , , , , , , , , , , , , , , , , , , , , , , , , , , , , , , , , , , , , , , , , , , , , , , , , , , , , , , ,5,20,2019,560.0092702921715,105.0,951.0
2019116N02090,2019,23,NI,BB,FANI,2019-05-01 21:00:00,TS,15.5,84.3,100,950,newdelhi,main,246,244,P____O_________, ,IO012019,15.5,84.4, ,TY,108,946,3,143,143,120,118,75,75,68,60,43,45,38,35,1004,158,5, , , , , , , , , , , , , , , , , , , , , , , , , , , , , , , , , , ,15.5,84.2,ESCS,100,950,5.50000,50, , , , , , , , , , , , , , , , , , , , , , , , , , , , , , , , , , , , , , , , , , , , , , , , , , , , , , , , , , , , , , , , , , , , , , , , , , , , , , , , , , , , , , , , , , ,7,25,2019,524.9707532772127,108.0,946.0
2019116N02090,2019,23,NI,BB,FANI,2019-05-02 00:00:00,TS,15.9,84.6,105,945,newdelhi,main,241,216,O____O_________,jtwc_io,IO012019,15.8,84.6, ,TY,110,941,3,145,150,120,110,75,75,70,55,45,50,40,35,1003,160,5,10, , , , , , , , , , , , , , , , , , , , , , , , , , , , , , , , , ,15.9,84.5,ESCS,105,945,5.50000,55, , , , , , , , , , , , , , , , , , , , , , , , , , , , , , , , , , , , , , , , , , , , , , , , , , , , , , , , , , , , , , , , , , , , , , , , , , , , , , , , , , , , , , , , , , ,8,25,2019,473.23199730741953,110.0,941.0
2019116N02090,2019,23,NI,BB,FANI,2019-05-02 03:00:00,TS,16.2,84.7,105,945,newdelhi,main,223,192,P____O_________, ,IO012019,16.3,84.7, ,TY,115,938,4,148,153,123,113,73,75,70,58,45,50,40,35,1002,160,5, , , , , , , , , , , , , , , , , , , , , , , , , , , , , , , , , , ,16.2,84.6,ESCS,105,945,5.50000,55, , , , , , , , , , , , , , , , , , , , , , , , , , , , , , , , , , , , , , , , , , , , , , , , , , , , , , , , , , , , , , , , , , , , , , , , , , , , , , , , , , , , , , , , , , ,9,15,2019,438.2360994564134,115.0,938.0
2019116N02090,2019,23,NI,BB,FANI,2019-05-02 06:00:00,TS,16.8,84.8,110,940,newdelhi,main,183,153,O____O_________,jtwc_io,IO012019,16.8,84.8, ,TY,120,934,4,150,155,125,115,70,75,70,60,45,50,40,35,1001,160,5,10, , , , , , , , , , , , , , , , , , , , , , , , , , , , , , , , , ,16.7,84.8,ESCS,110,940,6.00000,60, , , , , , , , , , , , , , , , , , , , , , , , , , , , , , , , , , , , , , , , , , , , , , , , , , , , , , , , , , , , , , , , , , , , , , , , , , , , , , , , , , , , , , , , , , ,9,10,2019,371.13214749652116,120.0,934.0
2019116N02090,2019,23,NI,BB,FANI,2019-05-02 09:00:00,TS,17.2,84.8,115,932,newdelhi,main,143,116,P____O_________, ,IO012019,17.2,84.8, ,TY,135,917,4,153,158,128,120,75,80,73,60,48,53,43,38,1000,145,9, , , , , , , , , , , , , , , , , , , , , , , , , , , , , , , , , , ,17.1,84.8,ESCS,115,932,6.00000,66, , , , , , , , , , , , , , , , , , , , , , , , , , , , , , , , , , , , , , , , , , , , , , , , , , , , , , , , , , , , , , , , , , , , , , , , , , , , , , , , , , , , , , , , , , ,8,0,2019,328.6938415089875,135.0,917.0
2019116N02090,2019,23,NI,BB,FANI,2019-05-02 12:00:00,TS,17.6,84.8,115,932,newdelhi,main,107,92,O____O_________,jtwc_io,IO012019,17.6,84.8, ,ST,150,900,5,155,160,130,125,80,85,75,60,50,55,45,40,999,130,12,15, , , , , , , , , , , , , , , , , , , , , , , , , , , , , , , , , ,17.5,84.8,ESCS,115,932,6.00000,66, , , , , , , , , , , , , , , , , , , , , , , , , , , , , , , , , , , , , , , , , , , , , , , , , , , , , , , , , , , , , , , , , , , , , , , , , , , , , , , , , , , , , , , , , , ,7,5,2019,286.873555140542,150.0,900.0
2019116N02090,2019,23,NI,BB,FANI,2019-05-02 15:00:00,TS,17.9,84.9,115,934,newdelhi,main,92,76,P____O_________, ,IO012019,17.9,84.9, ,ST,148,903,5,160,165,133,128,70,75,70,50,45,48,40,35,999,135,12, , , , , , , , , , , , , , , , , , , , , , , , , , , , , , , , , , ,17.8,84.9,ESCS,115,934,6.00000,66, , , , , , , , , , , , , , , , , , , , , , , , , , , , , , , , , , , , , , , , , , , , , , , , , , , , , , , , , , , , , , , , , , , , , , , , , , , , , , , , , , , , , , , , , , ,7,15,2019,251.96062948463933,148.0,903.0
2019116N02090,2019,23,NI,BB,FANI,2019-05-02 18:00:00,TS,18.3,85.0,115,934,newdelhi,main,69,62,O____O_________,jtwc_io,IO012019,18.3,85.0, ,ST,145,905,5,165,170,135,130,60,65,65,40,40,40,35,30,999,140,12,15, , , , , , , , , , , , , , , , , , , , , , , , , , , , , , , , , ,18.2,85.0,ESCS,115,934,6.00000,66, , , , , , , , , , , , , , , , , , , , , , , , , , , , , , , , , , , , , , , , , , , , , , , , , , , , , , , , , , , , , , , , , , , , , , , , , , , , , , , , , , , , , , , , , , ,8,25,2019,206.86651021728235,145.0,905.0
2019116N02090,2019,23,NI,BB,FANI,2019-05-02 21:00:00,TS,18.6,85.2,115,934,newdelhi,main,67,54,P____O_________, ,IO012019,18.7,85.2, ,ST,140,912,5,160,165,133,123,65,90,80,63,50,50,43,38,1001,143,12, , , , , , , , , , , , , , , , , , , , , , , , , , , , , , , , , , ,18.6,85.2,ESCS,115,934,6.00000,66, , , , , , , , , , , , , , , , , , , , , , , , , , , , , , , , , , , , , , , , , , , , , , , , , , , , , , , , , , , , , , , , , , , , , , , , , , , , , , , , , , , , , , , , , , ,10,30,2019,167.92464542448087,140.0,912.0
2019116N02090,2019,23,NI,BB,FANI,2019-05-03 00:00:00,TS,19.1,85.5,105,945,newdelhi,main,54,22,O____O_________,jtwc_io,IO012019,19.1,85.5, ,ST,135,918,4,155,160,130,115,70,115,95,85,60,60,50,45,1002,145,12,15, , , , , , , , , , , , , , , , , , , , , , , , , , , , , , , , , ,19.1,85.5,ESCS,105,945,6.00000,55, , , , , , , , , , , , , , , , , , , , , , , , , , , , , , , , , , , , , , , , , , , , , , , , , , , , , , , , , , , , , , , , , , , , , , , , , , , , , , , , , , , , , , , , , , ,11,25,2019,104.89635761464694,135.0,918.0
2019116N02090,2019,23,NI,BB,FANI,2019-05-03 03:00:00,TS,19.6,85.7,100,952,newdelhi,main,22,0,P____O_________, ,IO012019,19.6,85.7, ,ST,125,930,4,145,153,125,103,68,90,75,65,50,53,43,35,1003,158,11, , , , , , , , , , , , , , , , , , , , , , , , , , , , , , , , , , ,19.6,85.7,ESCS,100,952,5.50000,50, , , , , , , , , , , , , , , , , , , , , , , , , , , , , , , , , , , , , , , , , , , , , , , , , , , , , , , , , , , , , , , , , , , , , , , , , , , , , , , , , , , , , , , , , , ,12,20,2019,45.691849834894576,125.0,930.0
2019116N02090,2019,23,NI,BB,FANI,2019-05-03 06:00:00,TS,20.2,85.9,85,966,newdelhi,main,0,0,O____O_________,jtwc_io,IO012019,20.2,85.9, ,TY,115,942,4,135,145,120,90,65,65,55,45,40,45,35,25,1004,170,10, , , , , , , , , , , , , , , , , , , , , , , , , , , , , , , , , , ,20.2,85.9,VSCS,85,966,0.00000,36, , , , , , , , , , , , , , , , , , , , , , , , , , , , , , , , , , , , , , , , , , , , , , , , , , , , , , , , , , , , , , , , , , , , , , , , , , , , , , , , , , , , , , , , , , ,11,20,2019,24.568535354339346,115.0,942.0
2019116N02090,2019,23,NI,BB,FANI,2019-05-03 09:00:00,TS,20.7,86.1,75,970,newdelhi,main,0,0,P____O_________, ,IO012019,20.8,86.1, ,TY,95,957,2,130,143,118,88,68,70,58,43, , , , ,1003,155,13, , , , , , , , , , , , , , , , , , , , , , , , , , , , , , , , , , ,20.6,86.0,VSCS,75,970,0.00000,28, , , , , , , , , , , , , , , , , , , , , , , , , , , , , , , , , , , , , , , , , , , , , , , , , , , , , , , , , , , , , , , , , , , , , , , , , , , , , , , , , , , , , , , , , , ,12,30,2019,83.8851042937479,95.0,957.0
2019116N02090,2019,23,NI,BB,FANI,2019-05-03 12:00:00,TS,21.2,86.5,70,976,newdelhi,main,0,0,O____O_________,jtwc_io,IO012019,21.3,86.5, ,TY,75,971,1,125,140,115,85,70,75,60,40, , , , ,1001,140,15, , , , , , , , , , , , , , , , , , , , , , , , , , , , , , , , , , ,21.1,86.5,VSCS,70,976,0.00000,22, , , , , , , , , , , , , , , , , , , , , , , , , , , , , , , , , , , , , , , , , , , , , , , , , , , , , , , , , , , , , , , , , , , , , , , , , , , , , , , , , , , , , , , , , , ,12,40,2019,152.02907095377677,75.0,971.0
2019116N02090,2019,23,NI,BB,FANI,2019-05-03 15:00:00,TS,21.6,86.9,60,980,newdelhi,main,0,0,P____O_________, ,IO012019,21.7,87.1, ,TY,65,978,1,110,133,105,73,40,43,35,25, , , , ,1001,140,15, , , , , , , , , , , , , , , , , , , , , , , , , , , , , , , , , , ,21.5,86.7,SCS,60,980,0.00000,18, , , , , , , , , , , , , , , , , , , , , , , , , , , , , , , , , , , , , , , , , , , , , , , , , , , , , , , , , , , , , , , , , , , , , , , , , , , , , , , , , , , , , , , , , , ,12,45,2019,211.4843107878517,65.0,978.0
2019116N02090,2019,23,NI,BB,FANI,2019-05-03 18:00:00,TS,22.1,87.4,55,984,newdelhi,main,0,0,O____O_________,jtwc_io,IO012019,22.2,87.7, ,TS,55,985,0,95,125,95,60,10,10,10,10, , , , ,1001,140,15, , , , , , , , , , , , , , , , , , , , , , , , , , , , , , , , , , ,21.9,87.1,SCS,55,984,0.00000,16, , , , , , , , , , , , , , , , , , , , , , , , , , , , , , , , , , , , , , , , , , , , , , , , , , , , , , , , , , , , , , , , , , , , , , , , , , , , , , , , , , , , , , , , , , ,15,45,2019,286.51525409973334,55.0,985.0
2019116N02090,2019,23,NI,BB,FANI,2019-05-03 21:00:00,TS,22.6,88.1,50,986,newdelhi,main,0,0,P____O_________, ,IO012019,22.8,88.3, ,TS,48,989,0,73,88,73,55, , , , , , , , ,1003,140,15, , , , , , , , , , , , , , , , , , , , , , , , , , , , , , , , , , ,22.5,87.9,SCS,50,986,0.00000,12, , , , , , , , , , , , , , , , , , , , , , , , , , , , , , , , , , , , , , , , , , , , , , , , , , , , , , , , , , , , , , , , , , , , , , , , , , , , , , , , , , , , , , , , , , ,15,40,2019,374.62539408802127,48.0,989.0
2019116N02090,2019,23,NI,BB,FANI,2019-05-04 00:00:00,TS,23.2,88.5,40,994,newdelhi,main,0,0,O____O_________,jtwc_io,IO012019,23.4,88.8, ,TS,40,993,0,50,50,50,50, , , , , , , , ,1005,140,15, , , , , , , , , , , , , , , , , , , , , , , , , , , , , , , , , , ,23.1,88.2,CS,40,994,0.00000,8, , , , , , , , , , , , , , , , , , , , , , , , , , , , , , , , , , , , , , , , , , , , , , , , , , , , , , , , , , , , , , , , , , , , , , , , , , , , , , , , , , , , , , , , , , ,14,40,2019,452.21656929414405,40.0,993.0
2019116N02090,2019,23,NI,BB,FANI,2019-05-04 03:00:00,TS,23.7,89.0,30,996,newdelhi,main,0,0,P____O_________, ,IO012019,24.0,89.4, ,TS,35,996,0,25,25,25,25, , , , , , , , ,1005,140,15, , , , , , , , , , , , , , , , , , , , , , , , , , , , , , , , , , ,23.6,88.8,DD,30,996,0.00000,6, , , , , , , , , , , , , , , , , , , , , , , , , , , , , , , , , , , , , , , , , , , , , , , , , , , , , , , , , , , , , , , , , , , , , , , , , , , , , , , , , , , , , , , , , , ,15,40,2019,527.5227087525526,35.0,996.0
2019116N02090,2019,23,NI,BB,FANI,2019-05-04 06:00:00,TS,24.4,89.5,25,998,newdelhi,main,0,0,O____O_________,jtwc_io,IO012019,24.6,90.0, ,TD,30,999,-1, , , , , , , , , , , , ,1005,140,15, , , , , , , , , , , , , , , , , , , , , , , , , , , , , , , , , , ,24.3,89.3,D,25,998,0.00000,5, , , , , , , , , , , , , , , , , , , , , , , , , , , , , , , , , , , , , , , , , , , , , , , , , , , , , , , , , , , , , , , , , , , , , , , , , , , , , , , , , , , , , , , , , , ,14,40,2019,619.9686207906074,30.0,999.0
2019116N02090,2019,23,NI,BB,FANI,2019-05-04 09:00:00,TS,24.8,89.9, , , ,main,0,0,_____P_________, ,IO012019, , , ,TD, , ,-5, , , , , , , , , , , , , , , , , , , , , , , , , , , , , , , , , , , , , , , , , , , , , , , , , ,24.8,89.9,D,23,999, ,5, , , , , , , , , , , , , , , , , , , , , , , , , , , , , , , , , , , , , , , , , , , , , , , , , , , , , , , , , , , , , , , , , , , , , , , , , , , , , , , , , , , , , , , , , , ,14,55,2019,679.9763824675732,,
2019116N02090,2019,23,NI,BB,FANI,2019-05-04 12:00:00,TS,25.2,90.7,20,1000,newdelhi,main,0, ,_____O_________, , , , , , , , ,-5, , , , , , , , , , , , , , , , , , , , , , , , , , , , , , , , , , , , , , , , , , , , , , , , , ,25.2,90.7,D,20,1000,0.00000,4, , , , , , , , , , , , , , , , , , , , , , , , , , , , , , , , , , , , , , , , , , , , , , , , , , , , , , , , , , , , , , , , , , , , , , , , , , , , , , , , , , , , , , , , , , ,16,60,2019,766.2043090064547,20.0,1000.0
2019218N21088,2019,47,NI,BB,UNNAMED,2019-08-06 03:00:00,TS,20.5,88.0,25,990,newdelhi,main,106,106,_____O_________, , , , , , , , ,-5, , , , , , , , , , , , , , , , , , , , , , , , , , , , , , , , , , , , , , , , , , , , , , , , , ,20.5,88.0,D,25,990,1.50000,3, , , , , , , , , , , , , , , , , , , , , , , , , , , , , , , , , , , , , , , , , , , , , , , , , , , , , , , , , , , , , , , , , , , , , , , , , , , , , , , , , , , , , , , , , , ,0,0,2019,236.14414105356624,25.0,990.0
2019218N21088,2019,47,NI,BB,UNNAMED,2019-08-06 06:00:00,TS,20.5,88.0,25,990,newdelhi,main,106,94,_____O_________, , , , , , , , ,-5, , , , , , , , , , , , , , , , , , , , , , , , , , , , , , , , , , , , , , , , , , , , , , , , , ,20.5,88.0,D,25,990,1.50000,3, , , , , , , , , , , , , , , , , , , , , , , , , , , , , , , , , , , , , , , , , , , , , , , , , , , , , , , , , , , , , , , , , , , , , , , , , , , , , , , , , , , , , , , , , , ,1,315,2019,236.14414105356624,25.0,990.0
2019218N21088,2019,47,NI,BB,UNNAMED,2019-08-06 09:00:00,TS,20.6,87.9, , , ,main,94,83,_____P_________, , , , , , , , ,-5, , , , , , , , , , , , , , , , , , , , , , , , , , , , , , , , , , , , , , , , , , , , , , , , , ,20.6,87.9,D,25,990, ,3, , , , , , , , , , , , , , , , , , , , , , , , , , , , , , , , , , , , , , , , , , , , , , , , , , , , , , , , , , , , , , , , , , , , , , , , , , , , , , , , , , , , , , , , , , ,3,315,2019,228.93982159888938,,
2019218N21088,2019,47,NI,BB,UNNAMED,2019-08-06 12:00:00,TS,20.7,87.8,25,990,newdelhi,main,83,72,_____O_________, , , , , , , , ,-5, , , , , , , , , , , , , , , , , , , , , , , , , , , , , , , , , , , , , , , , , , , , , , , , , ,20.7,87.8,D,25,990,1.50000,3, , , , , , , , , , , , , , , , , , , , , , , , , , , , , , , , , , , , , , , , , , , , , , , , , , , , , , , , , , , , , , , , , , , , , , , , , , , , , , , , , , , , , , , , , , ,3,310,2019,222.56113038347442,25.0,990.0
2019218N21088,2019,47,NI,BB,UNNAMED,2019-08-06 15:00:00,TS,20.7,87.7, , , ,main,72,62,_____P_________, , , , , , , , ,-5, , , , , , , , , , , , , , , , , , , , , , , , , , , , , , , , , , , , , , , , , , , , , , , , , ,20.7,87.7,D,25,990, ,3, , , , , , , , , , , , , , , , , , , , , , , , , , , , , , , , , , , , , , , , , , , , , , , , , , , , , , , , , , , , , , , , , , , , , , , , , , , , , , , , , , , , , , , , , , ,2,300,2019,212.8255076423637,,
2019218N21088,2019,47,NI,BB,UNNAMED,2019-08-06 18:00:00,TS,20.8,87.6,25,990,newdelhi,main,62,51,_____O_________, , , , , , , , ,-5, , , , , , , , , , , , , , , , , , , , , , , , , , , , , , , , , , , , , , , , , , , , , , , , , ,20.8,87.6,D,25,990,1.50000,3, , , , , , , , , , , , , , , , , , , , , , , , , , , , , , , , , , , , , , , , , , , , , , , , , , , , , , , , , , , , , , , , , , , , , , , , , , , , , , , , , , , , , , , , , , ,3,305,2019,207.6172794546123,25.0,990.0
2019218N21088,2019,47,NI,BB,UNNAMED,2019-08-06 21:00:00,TS,20.9,87.5, , , ,main,53,43,_____P_________, , , , , , , , ,-5, , , , , , , , , , , , , , , , , , , , , , , , , , , , , , , , , , , , , , , , , , , , , , , , , ,20.9,87.5,D,28,989, ,4, , , , , , , , , , , , , , , , , , , , , , , , , , , , , , , , , , , , , , , , , , , , , , , , , , , , , , , , , , , , , , , , , , , , , , , , , , , , , , , , , , , , , , , , , , ,3,315,2019,203.43237507461743,,
2019218N21088,2019,47,NI,BB,UNNAMED,2019-08-07 00:00:00,TS,21.0,87.4,30,988,newdelhi,main,47,47,_____O_________, , , , , , , , ,-5, , , , , , , , , , , , , , , , , , , , , , , , , , , , , , , , , , , , , , , , , , , , , , , , , ,21.0,87.4,DD,30,988,2.00000,5, , , , , , , , , , , , , , , , , , , , , , , , , , , , , , , , , , , , , , , , , , , , , , , , , , , , , , , , , , , , , , , , , , , , , , , , , , , , , , , , , , , , , , , , , , ,2,340,2019,200.33392948279308,30.0,988.0
2019218N21088,2019,47,NI,BB,UNNAMED,2019-08-07 03:00:00,TS,21.1,87.4,30,988,newdelhi,main,53,30,_____O_________, , , , , , , , ,-5, , , , , , , , , , , , , , , , , , , , , , , , , , , , , , , , , , , , , , , , , , , , , , , , , ,21.1,87.4,DD,30,988,2.00000,5, , , , , , , , , , , , , , , , , , , , , , , , , , , , , , , , , , , , , , , , , , , , , , , , , , , , , , , , , , , , , , , , , , , , , , , , , , , , , , , , , , , , , , , , , , ,3,315,2019,206.66842209377418,30.0,988.0
2019218N21088,2019,47,NI,BB,UNNAMED,2019-08-07 06:00:00,TS,21.2,87.2,30,988,newdelhi,main,30,0,_____O_________, , , , , , , , ,-5, , , , , , , , , , , , , , , , , , , , , , , , , , , , , , , , , , , , , , , , , , , , , , , , , ,21.2,87.2,DD,30,988,2.00000,5, , , , , , , , , , , , , , , , , , , , , , , , , , , , , , , , , , , , , , , , , , , , , , , , , , , , , , , , , , , , , , , , , , , , , , , , , , , , , , , , , , , , , , , , , , ,6,310,2019,197.57891831180044,30.0,988.0
2019218N21088,2019,47,NI,BB,UNNAMED,2019-08-07 09:00:00,TS,21.5,86.9, , , ,main,0,0,_____P_________, , , , , , , , ,-5, , , , , , , , , , , , , , , , , , , , , , , , , , , , , , , , , , , , , , , , , , , , , , , , , ,21.5,86.9,DD,30,988, ,5, , , , , , , , , , , , , , , , , , , , , , , , , , , , , , , , , , , , , , , , , , , , , , , , , , , , , , , , , , , , , , , , , , , , , , , , , , , , , , , , , , , , , , , , , , ,10,315,2019,202.24115616449342,,
2019218N21088,2019,47,NI,BB,UNNAMED,2019-08-07 12:00:00,TS,21.9,86.5,30,988,newdelhi,main,0,0,_____O_________, , , , , , , , ,-5, , , , , , , , , , , , , , , , , , , , , , , , , , , , , , , , , , , , , , , , , , , , , , , , , ,21.9,86.5,DD,30,988,0.00000,5, , , , , , , , , , , , , , , , , , , , , , , , , , , , , , , , , , , , , , , , , , , , , , , , , , , , , , , , , , , , , , , , , , , , , , , , , , , , , , , , , , , , , , , , , , ,10,310,2019,223.42431951970937,30.0,988.0
2019218N21088,2019,47,NI,BB,UNNAMED,2019-08-07 15:00:00,TS,22.2,86.1, , , ,main,0,0,_____P_________, , , , , , , , ,-5, , , , , , , , , , , , , , , , , , , , , , , , , , , , , , , , , , , , , , , , , , , , , , , , , ,22.2,86.1,DD,30,988, ,5, , , , , , , , , , , , , , , , , , , , , , , , , , , , , , , , , , , , , , , , , , , , , , , , , , , , , , , , , , , , , , , , , , , , , , , , , , , , , , , , , , , , , , , , , , ,10,300,2019,246.60022203953116,,
2019218N21088,2019,47,NI,BB,UNNAMED,2019-08-07 18:00:00,TS,22.4,85.6,30,988,newdelhi,main,0,0,_____O_________, , , , , , , , ,-5, , , , , , , , , , , , , , , , , , , , , , , , , , , , , , , , , , , , , , , , , , , , , , , , , ,22.4,85.6,DD,30,988,0.00000,5, , , , , , , , , , , , , , , , , , , , , , , , , , , , , , , , , , , , , , , , , , , , , , , , , , , , , , , , , , , , , , , , , , , , , , , , , , , , , , , , , , , , , , , , , , ,12,290,2019,267.67188915080266,30.0,988.0
2019218N21088,2019,47,NI,BB,UNNAMED,2019-08-07 21:00:00,TS,22.6,84.9, , , ,main,0,0,_____P_________, , , , , , , , ,-5, , , , , , , , , , , , , , , , , , , , , , , , , , , , , , , , , , , , , , , , , , , , , , , , , ,22.6,84.9,DD,28,994, ,5, , , , , , , , , , , , , , , , , , , , , , , , , , , , , , , , , , , , , , , , , , , , , , , , , , , , , , , , , , , , , , , , , , , , , , , , , , , , , , , , , , , , , , , , , , ,15,285,2019,303.7665842448714,,
2019218N21088,2019,47,NI,BB,UNNAMED,2019-08-08 00:00:00,TS,22.8,84.0,25,999,newdelhi,main,0,0,_____O_________, , , , , , , , ,-5, , , , , , , , , , , , , , , , , , , , , , , , , , , , , , , , , , , , , , , , , , , , , , , , , ,22.8,84.0,D,25,999,0.00000,4, , , , , , , , , , , , , , , , , , , , , , , , , , , , , , , , , , , , , , , , , , , , , , , , , , , , , , , , , , , , , , , , , , , , , , , , , , , , , , , , , , , , , , , , , , ,19,280,2019,362.8397121511968,25.0,999.0
2019218N21088,2019,47,NI,BB,UNNAMED,2019-08-08 03:00:00,TS,23.0,82.9,25,999,newdelhi,main,0,0,_____O_________, , , , , , , , ,-5, , , , , , , , , , , , , , , , , , , , , , , , , , , , , , , , , , , , , , , , , , , , , , , , , ,23.0,82.9,D,25,999,0.00000,4, , , , , , , , , , , , , , , , , , , , , , , , , , , , , , , , , , , , , , , , , , , , , , , , , , , , , , , , , , , , , , , , , , , , , , , , , , , , , , , , , , , , , , , , , , ,20,285,2019,448.6228950236267,25.0,999.0
2019218N21088,2019,47,NI,BB,UNNAMED,2019-08-08 06:00:00,TS,23.4,81.9,25,999,newdelhi,main,0,0,_____O_________, , , , , , , , ,-5, , , , , , , , , , , , , , , , , , , , , , , , , , , , , , , , , , , , , , , , , , , , , , , , , ,23.4,81.9,D,25,999,0.00000,4, , , , , , , , , , , , , , , , , , , , , , , , , , , , , , , , , , , , , , , , , , , , , , , , , , , , , , , , , , , , , , , , , , , , , , , , , , , , , , , , , , , , , , , , , , ,19,290,2019,552.4521829464591,25.0,999.0
2019218N21088,2019,47,NI,BB,UNNAMED,2019-08-08 09:00:00,TS,23.6,80.9, , , ,main,0,0,_____P_________, , , , , , , , ,-5, , , , , , , , , , , , , , , , , , , , , , , , , , , , , , , , , , , , , , , , , , , , , , , , , ,23.6,80.9,D,25,999, ,4, , , , , , , , , , , , , , , , , , , , , , , , , , , , , , , , , , , , , , , , , , , , , , , , , , , , , , , , , , , , , , , , , , , , , , , , , , , , , , , , , , , , , , , , , , ,16,275,2019,644.9963434147372,,
2019218N21088,2019,47,NI,BB,UNNAMED,2019-08-08 12:00:00,TS,23.6,80.2,25,999,newdelhi,main,0,0,_____O_________, , , , , , , , ,-5, , , , , , , , , , , , , , , , , , , , , , , , , , , , , , , , , , , , , , , , , , , , , , , , , ,23.6,80.2,D,25,999,0.00000,4, , , , , , , , , , , , , , , , , , , , , , , , , , , , , , , , , , , , , , , , , , , , , , , , , , , , , , , , , , , , , , , , , , , , , , , , , , , , , , , , , , , , , , , , , , ,9,270,2019,703.072752731178,25.0,999.0
2019218N21088,2019,47,NI,BB,UNNAMED,2019-08-08 15:00:00,TS,23.6,80.0, , , ,main,0,0,_____P_________, , , , , , , , ,-5, , , , , , , , , , , , , , , , , , , , , , , , , , , , , , , , , , , , , , , , , , , , , , , , , ,23.6,80.0,D,25,1000, ,4, , , , , , , , , , , , , , , , , , , , , , , , , , , , , , , , , , , , , , , , , , , , , , , , , , , , , , , , , , , , , , , , , , , , , , , , , , , , , , , , , , , , , , , , , , ,4,270,2019,720.1365602435301,,
2019218N21088,2019,47,NI,BB,UNNAMED,2019-08-08 18:00:00,TS,23.6,79.8,25,1000,newdelhi,main,0,0,_____O_________, , , , , , , , ,-5, , , , , , , , , , , , , , , , , , , , , , , , , , , , , , , , , , , , , , , , , , , , , , , , , ,23.6,79.8,D,25,1000,0.00000,3, , , , , , , , , , , , , , , , , , , , , , , , , , , , , , , , , , , , , , , , , , , , , , , , , , , , , , , , , , , , , , , , , , , , , , , , , , , , , , , , , , , , , , , , , , ,5,265,2019,737.3830370782437,25.0,1000.0
2019218N21088,2019,47,NI,BB,UNNAMED,2019-08-08 21:00:00,TS,23.6,79.4, , , ,main,0,0,_____P_________, , , , , , , , ,-5, , , , , , , , , , , , , , , , , , , , , , , , , , , , , , , , , , , , , , , , , , , , , , , , , ,23.6,79.4,D,25,1000, ,3, , , , , , , , , , , , , , , , , , , , , , , , , , , , , , , , , , , , , , , , , , , , , , , , , , , , , , , , , , , , , , , , , , , , , , , , , , , , , , , , , , , , , , , , , , ,11,270,2019,772.3748134794033,,
2019218N21088,2019,47,NI,BB,UNNAMED,2019-08-09 00:00:00,TS,23.6,78.6,25,1000,newdelhi,main,0,0,_____O_________, , , , , , , , ,-5, , , , , , , , , , , , , , , , , , , , , , , , , , , , , , , , , , , , , , , , , , , , , , , , , ,23.6,78.6,D,25,1000,0.00000,3, , , , , , , , , , , , , , , , , , , , , , , , , , , , , , , , , , , , , , , , , , , , , , , , , , , , , , , , , , , , , , , , , , , , , , , , , , , , , , , , , , , , , , , , , , ,19,275,2019,844.0613733570893,25.0,1000.0
2019218N21088,2019,47,NI,AS,UNNAMED,2019-08-09 03:00:00,TS,23.8,77.3,25,1000,newdelhi,main,0,0,_____O_________, , , , , , , , ,-5, , , , , , , , , , , , , , , , , , , , , , , , , , , , , , , , , , , , , , , , , , , , , , , , , ,23.8,77.3,D,25,1000,0.00000,3, , , , , , , , , , , , , , , , , , , , , , , , , , , , , , , , , , , , , , , , , , , , , , , , , , , , , , , , , , , , , , , , , , , , , , , , , , , , , , , , , , , , , , , , , , ,23,280,2019,973.1228013185272,25.0,1000.0
2019218N21088,2019,47,NI,AS,UNNAMED,2019-08-09 06:00:00,TS,24.0,76.1,25,1000,newdelhi,main,0, ,_____O_________, , , , , , , , ,-5, , , , , , , , , , , , , , , , , , , , , , , , , , , , , , , , , , , , , , , , , , , , , , , , , ,24.0,76.1,D,25,1000,0.00000,3, , , , , , , , , , , , , , , , , , , , , , , , , , , , , , , , , , , , , , , , , , , , , , , , , , , , , , , , , , , , , , , , , , , , , , , , , , , , , , , , , , , , , , , , , , ,22,280,2019,1094.0709869649688,25.0,1000.0
2019302N11118,2019,92,WP,MM,BULBUL:MATMO,2019-10-28 12:00:00,DS,10.6,118.2, , , ,main,86,86,O______________,jtwc_wp,WP232019,10.6,118.2, ,DB,20,1007,-3, , , , , , , , , , , , ,1009,185,50, , , , , , , , , , , , , , , , , , , , , , , , , , , , , , , , , , , , , , , , , , , , , , , , , , , , , , , , , , , , , , , , , , , , , , , , , , , , , , , , , , , , , , , , , , , , , , , , , , , , , , , , , , , , , , , , , , , , , , , , , , , , , , , , , , , ,6,270,2019,3621.025034312984,20.0,1007.0
2019302N11118,2019,92,WP,MM,BULBUL:MATMO,2019-10-28 15:00:00,DS,10.6,117.9, , , ,main,113,113,P______________, ,WP232019,10.6,117.9, ,DB,20,1007,-3, , , , , , , , , , , , ,1010,188,50, , , , , , , , , , , , , , , , , , , , , , , , , , , , , , , , , , , , , , , , , , , , , , , , , , , , , , , , , , , , , , , , , , , , , , , , , , , , , , , , , , , , , , , , , , , , , , , , , , , , , , , , , , , , , , , , , , , , , , , , , , , , , , , , , , , ,11,295,2019,3590.3630421532384,20.0,1007.0
2019302N11118,2019,92,WP,MM,BULBUL:MATMO,2019-10-28 18:00:00,MX,11.1,117.2, ,1004,tokyo,main,207,207,OOO_O__________,jtwc_wp,WP232019,10.7,117.5, ,DB,20,1007,-3, , , , , , , , , , , , ,1010,190,50, ,11.9,116.6,2, ,1004,0, , ,0, , ,0,11.6,116.7,1,25,1002, , , , , ,10.8,117.4,TD,27,1002, , , , , , , , , , , , , , , , , , , , , , , , , , , , , , , , , , , , , , , , , , , , , , , , , , , , , , , , , , , , , , , , , , , , , , , , , , , , , , , , , , , , , , , , , , , , , , , , , , , , , , , ,14,305,2019,3499.26217196776,20.0,1007.0
2019302N11118,2019,92,WP,MM,BULBUL:MATMO,2019-10-28 21:00:00,MX,11.4,116.7, , , ,main,271,271,PPP_P__________, ,WP232019,10.9,116.9, ,DB,20,1008,-3, , , , , , , , , , , , ,1011,188,50, ,12.1,116.2,2, ,1004,0, , ,0, , , ,12.0,116.3,1,25,1002, , , , , ,10.9,117.0,TD,27,1002, , , , , , , , , , , , , , , , , , , , , , , , , , , , , , , , , , , , , , , , , , , , , , , , , , , , , , , , , , , , , , , , , , , , , , , , , , , , , , , , , , , , , , , , , , , , , , , , , , , , , , , ,13,300,2019,3436.575066464316,20.0,1008.0
2019302N11118,2019,92,WP,MM,BULBUL:MATMO,2019-10-29 00:00:00,MX,11.7,116.1, ,1004,tokyo,main,336,336,OOOOO__________,jtwc_wp,WP232019,11.2,116.3, ,DB,20,1009,-3, , , , , , , , , , , , ,1011,185,50, ,12.4,115.7,2, ,1004,0, , ,0, , ,0,12.4,115.8,1,25,1002,11.4,116.0,TD,25,1002,11.1,116.5,TD,27,1002, , , , , , , , , , , , , , , , , , , , , , , , , , , , , , , , , , , , , , , , , , , , , , , , , , , , , , , , , , , , , , , , , , , , , , , , , , , , , , , , , , , , , , , , , , , , , , , , , , , , , , , ,13,300,2019,3363.7580780900535,20.0,1009.0
2019302N11118,2019,92,WP,MM,BULBUL:MATMO,2019-10-29 03:00:00,MX,12.0,115.5, , , ,main,402,402,PPPOP__________, ,WP232019,11.4,115.6, ,DB,23,1007,-3, , , , , , , , , , , , ,1009,188,50, ,12.7,115.3,2, ,1003,0, , ,0, , , ,12.7,115.3,1,27,1001,11.6,115.7,TD,25,1002,11.3,115.9,TD,28,1002, , , , , , , , , , , , , , , , , , , , , , , , , , , , , , , , , , , , , , , , , , , , , , , , , , , , , , , , , , , , , , , , , , , , , , , , , , , , , , , , , , , , , , , , , , , , , , , , , , , , , , , ,12,295,2019,3291.050789188957,23.0,1007.0
2019302N11118,2019,92,WP,MM,BULBUL:MATMO,2019-10-29 06:00:00,TS,12.2,115.0, ,1002,tokyo,main,454,454,OOOOO__________,jtwc_wp,WP232019,11.6,115.0, ,TD,25,1004,-1, , , , , , , , , , , , ,1006,190,50, ,13.0,114.8,2, ,1002,0, , ,0, , ,0,13.0,114.8,1,29,1000,11.8,115.1,TD,25,1002,11.5,115.2,TD,29,1002, , , , , , , , , , , , , , , , , , , , , , , , , , , , , , , , , , , , , , , , , , , , , , , , , , , , , , , , , , , , , , , , , , , , , , , , , , , , , , , , , , , , , , , , , , , , , , , , , , , , , , , ,11,295,2019,3232.3870972305745,25.0,1004.0
2019302N11118,2019,92,WP,MM,BULBUL:MATMO,2019-10-29 09:00:00,TS,12.5,114.5, , , ,main,516,488,PPPOP__________, ,WP232019,11.8,114.5, ,TD,25,1004,-1, , , , , , , , , , , , ,1006,190,50, ,13.2,114.4,2, ,1002,0, , ,0, , , ,13.2,114.3,1,29,1000,12.5,114.7,TD,25,1002,11.7,114.6,TD,29,1002, , , , , , , , , , , , , , , , , , , , , , , , , , , , , , , , , , , , , , , , , , , , , , , , , , , , , , , , , , , , , , , , , , , , , , , , , , , , , , , , , , , , , , , , , , , , , , , , , , , , , , , ,11,295,2019,3170.131288323774,25.0,1004.0
2019302N11118,2019,92,WP,MM,BULBUL:MATMO,2019-10-29 12:00:00,TS,12.7,114.0, ,1002,tokyo,main,488,423,OOOOO__________,jtwc_wp,WP232019,12.1,114.1, ,TD,25,1004,-1, , , , , , , , , , , , ,1006,190,50, ,13.3,113.9,2, ,1002,0, , ,0, , ,0,13.3,113.8,1,29,1000,12.8,114.0,TD,25,1002,12.0,114.0,TD,29,1002, , , , , , , , , , , , , , , , , , , , , , , , , , , , , , , , , , , , , , , , , , , , , , , , , , , , , , , , , , , , , , , , , , , , , , , , , , , , , , , , , , , , , , , , , , , , , , , , , , , , , , , ,12,285,2019,3111.59264286274,25.0,1004.0
2019302N11118,2019,92,WP,MM,BULBUL:MATMO,2019-10-29 15:00:00,TS,12.8,113.4, , , ,main,423,357,PPPOP__________, ,WP232019,12.4,113.6, ,TD,28,1004,-1, , , , , , , , , , , , ,1007,195,43, ,13.3,113.3,2, ,1001,0, , ,0, , , ,13.4,113.2,1,32,999,12.8,113.2,TD,25,1002,12.2,113.4,TD,32,1001, , , , , , , , , , , , , , , , , , , , , , , , , , , , , , , , , , , , , , , , , , , , , , , , , , , , , , , , , , , , , , , , , , , , , , , , , , , , , , , , , , , , , , , , , , , , , , , , , , , , , , , ,12,280,2019,3046.422151386133,28.0,1004.0
2019302N11118,2019,92,WP,MM,BULBUL:MATMO,2019-10-29 18:00:00,TS,12.9,112.8,35,1000,tokyo,main,357,304,OOOOO__________,jtwc_wp,WP232019,12.7,113.1, ,TD,30,1003,-1, , , , , , , , , , , , ,1007,200,35, ,13.3,112.6,3,35,1000,0, , ,7,180,120,0,13.4,112.7,2,34,998,12.8,112.7,TD,30,998,12.5,112.9,TS,35,1000, , , ,135.000,97,54, , , , , , , , , , , , , , , , , , , , , , , , , , , , , , , , , , , , , , , , , , , , , , , , , , , , , , , , , , , , , , , , , , , , , , , , , , , , , , , , , , , , , , , , , , , , , , , , , ,10,280,2019,2981.285302100826,30.0,1003.0
2019302N11118,2019,92,WP,MM,BULBUL:MATMO,2019-10-29 21:00:00,TS,13.1,112.3, , , ,main,304,250,PPPOP__________, ,WP232019,12.9,112.6, ,TD,35,1001,0,75,25,60,90, , , , , , , , ,1007,210,38, ,13.3,112.0,3,40,997,0, , ,7,180,120, ,13.4,112.3,2,36,997,12.9,112.3,TD,30,998,12.8,112.4,TS,37,998, , , ,135.000,111,68, , , , , , , , , , , , , , , , , , , , , , , , , , , , , , , , , , , , , , , , , , , , , , , , , , , , , , , , , , , , , , , , , , , , , , , , , , , , , , , , , , , , , , , , , , , , , , , , , ,11,280,2019,2922.8323255271357,35.0,1001.0
2019302N11118,2019,92,WP,MM,BULBUL:MATMO,2019-10-30 00:00:00,TS,13.1,111.7,45,994,tokyo,main,239,197,OOOOO__________,jtwc_wp,WP232019,13.0,112.0, ,TS,40,999,0,150,50,120,180, , , , , , , , ,1007,220,40, ,13.3,111.5,3,45,994,0, , ,7,180,120,0,13.4,111.8,2,38,995,13.0,111.5,TS,35,995,13.0,111.9,TS,39,996, , , ,180.000,124,81, , , , , , , , , , , , , , , , , , , , , , , , , , , , , , , , , , , , , , , , , , , , , , , , , , , , , , , , , , , , , , , , , , , , , , , , , , , , , , , , , , , , , , , , , , , , , , , , , ,10,275,2019,2861.354112110301,40.0,999.0
2019302N11118,2019,92,WP,MM,BULBUL:MATMO,2019-10-30 03:00:00,TS,13.2,111.2, , , ,main,187,144,PPPOP__________, ,WP232019,13.1,111.4, ,TS,43,997,0,130,55,110,165, , , , , , , , ,1007,210,38, ,13.2,111.1,3,48,993,0, , ,7,220,120, ,13.4,111.2,2,41,994,13.0,111.1,TS,40,992,13.1,111.4,TS,42,994, , , ,180.000,130,87, , , , , , , , , , , , , , , , , , , , , , , , , , , , , , , , , , , , , , , , , , , , , , , , , , , , , , , , , , , , , , , , , , , , , , , , , , , , , , , , , , , , , , , , , , , , , , , , , ,9,270,2019,2806.548332349394,43.0,997.0
2019302N11118,2019,92,WP,MM,BULBUL:MATMO,2019-10-30 06:00:00,TS,13.2,110.8,50,992,tokyo,main,144,113,OOOOO__________,jtwc_wp,WP232019,13.1,110.8, ,TS,45,995,0,110,60,100,150, , , , , , , , ,1006,200,35, ,13.2,110.7,4,50,992,0, , ,8,260,120,0,13.3,110.7,2,44,992,13.1,110.7,TS,45,988,13.2,111.0,TS,45,992, , , ,180.000,135,92, , , , , , , , , , , , , , , , , , , , , , , , , , , , , , , , , , , , , , , , , , , , , , , , , , , , , , , , , , , , , , , , , , , , , , , , , , , , , , , , , , , , , , , , , , , , , , , , , ,7,275,2019,2765.6382892373804,45.0,995.0
2019302N11118,2019,92,WP,MM,BULBUL:MATMO,2019-10-30 09:00:00,TS,13.2,110.5, , , ,main,113,78,PPPOP__________, ,WP232019,13.2,110.4, ,TS,48,994,0,95,65,80,115, , , , , , , , ,1006,200,35, ,13.2,110.5,4,50,992,0, , ,8,260,120, ,13.3,110.5,2,46,991,13.1,110.5,STS,50,985,13.3,110.6,TS,45,992, , , ,180.000,135,92, , , , , , , , , , , , , , , , , , , , , , , , , , , , , , , , , , , , , , , , , , , , , , , , , , , , , , , , , , , , , , , , , , , , , , , , , , , , , , , , , , , , , , , , , , , , , , , , , ,7,280,2019,2734.985906296135,48.0,994.0
2019302N11118,2019,92,WP,MM,BULBUL:MATMO,2019-10-30 12:00:00,TS,13.3,110.1,50,992,tokyo,main,78,32,OOOOO__________,jtwc_wp,WP232019,13.3,110.0, ,TS,50,993,0,80,70,60,80,36,29,23,36, , , , ,1006,200,35, ,13.3,110.2,4,50,992,0, , ,8,260,120,0,13.3,110.2,3,48,990,13.2,110.1,STS,50,985,13.4,110.1,TS,45,992, , , ,180.000,135,92, , , , , , , , , , , , , , , , , , , , , , , , , , , , , , , , , , , , , , , , , , , , , , , , , , , , , , , , , , , , , , , , , , , , , , , , , , , , , , , , , , , , , , , , , , , , , , , , , ,10,280,2019,2690.4539763707435,50.0,993.0
2019302N11118,2019,92,WP,MM,BULBUL:MATMO,2019-10-30 15:00:00,TS,13.4,109.5, , , ,main,21,0,OPPOP__________,jtwc_wp,WP232019,13.4,109.4, ,TS,55,990,0,80,70,60,80,36,30,23,36, , , , ,1006,200,35, ,13.4,109.6,4,50,993,0, , ,8,260,120, ,13.4,109.6,3,48,990,13.3,109.4,STS,50,985,13.5,109.5,TS,43,993, , , ,180.000,127,87, , , , , , , , , , , , , , , , , , , , , , , , , , , , , , , , , , , , , , , , , , , , , , , , , , , , , , , , , , , , , , , , , , , , , , , , , , , , , , , , , , , , , , , , , , , , , , , , , ,13,280,2019,2625.5312403102776,55.0,990.0
2019302N11118,2019,92,WP,MM,BULBUL:MATMO,2019-10-30 18:00:00,TS,13.5,108.8,50,994,tokyo,main,0,0,OOOOO__________,jtwc_wp,WP232019,13.5,108.5, ,TS,50,995,0,80,70,60,80,36,29,23,36, , , , ,1006,170,35, ,13.5,108.9,4,50,994,0, , ,8,260,120,0,13.5,108.9,3,48,990,13.4,108.8,STS,50,985,13.5,108.8,TS,41,994, , , ,270.000,119,81, , , , , , , , , , , , , , , , , , , , , , , , , , , , , , , , , , , , , , , , , , , , , , , , , , , , , , , , , , , , , , , , , , , , , , , , , , , , , , , , , , , , , , , , , , , , , , , , , ,15,275,2019,2550.4630006697475,50.0,995.0
2019302N11118,2019,92,WP,MM,BULBUL:MATMO,2019-10-30 21:00:00,TS,13.5,108.0, , , ,main,0,0,PPPOP__________, ,WP232019,13.6,107.8, ,TS,48,997,0,75,60,60,75, , , , , , , , ,1006,170,35, ,13.6,108.0,4,43,997,0, , ,8,260,120, ,13.6,108.1,3,41,994,13.5,108.0,TS,45,988,13.5,108.0,TS,38,997, , , ,270.000,114,73, , , , , , , , , , , , , , , , , , , , , , , , , , , , , , , , , , , , , , , , , , , , , , , , , , , , , , , , , , , , , , , , , , , , , , , , , , , , , , , , , , , , , , , , , , , , , , , , , ,16,275,2019,2469.0822882511043,48.0,997.0
2019302N11118,2019,92,WP,MM,BULBUL:MATMO,2019-10-31 00:00:00,TS,13.6,107.2,35,1000,tokyo,main,0,0,OOOOO__________,jtwc_wp,WP232019,13.6,107.2, ,TS,45,998,0,70,50,60,70, , , , , , , , ,1006,170,35, ,13.7,107.2,3,35,1000,0, , ,8,260,120,0,13.7,107.2,2,34,998,13.6,107.1,TS,40,992,13.4,107.1,TS,35,1000, , , ,270.000,108,65, , , , , , , , , , , , , , , , , , , , , , , , , , , , , , , , , , , , , , , , , , , , , , , , , , , , , , , , , , , , , , , , , , , , , , , , , , , , , , , , , , , , , , , , , , , , , , , , , ,14,275,2019,2384.066891302411,45.0,998.0
2019302N11118,2019,92,WP,MM,BULBUL:MATMO,2019-10-31 03:00:00,TS,13.6,106.5, , , ,main,0,0,PPPOP__________, ,WP232019,13.6,106.5, ,TS,40,997,0,60,40,50,65, , , , , , , , ,1006,130,35, ,13.7,106.6,3, ,1001,0, , ,8, , , ,13.7,106.5,2,32,999,13.6,106.4,TD,30,998,13.3,106.4,TS,32,1002, , , ,270.000, , , , , , , , , , , , , , , , , , , , , , , , , , , , , , , , , , , , , , , , , , , , , , , , , , , , , , , , , , , , , , , , , , , , , , , , , , , , , , , , , , , , , , , , , , , , , , , , , , , ,12,275,2019,2313.2061256181923,40.0,997.0
2019302N11118,2019,92,WP,MM,BULBUL:MATMO,2019-10-31 06:00:00,TS,13.7,105.9, ,1002,tokyo,main,0,0,OOOOO__________,jtwc_wp,WP232019,13.7,105.8, ,TS,35,996,0,50,30,40,60, , , , , , , , ,1006,90,35, ,13.8,106.1,2, ,1002,0, , ,0, , ,0,13.7,105.9,1,29,1000,13.6,105.9,TD,30,998,13.3,105.7,TD,29,1004, , , , , , , , , , , , , , , , , , , , , , , , , , , , , , , , , , , , , , , , , , , , , , , , , , , , , , , , , , , , , , , , , , , , , , , , , , , , , , , , , , , , , , , , , , , , , , , , , , , , , , , ,10,280,2019,2248.653381479739,35.0,996.0
2019302N11118,2019,92,WP,MM,BULBUL:MATMO,2019-10-31 09:00:00,TS,13.8,105.4, , , ,main,0,0,PPPO___________, ,WP232019,13.7,105.2, ,TS,30,1001,-1, , , , , , , , , , , , ,1007,73,35, ,13.9,105.7,2, ,1004,0, , ,0, , , ,13.7,105.4,1,29,1000,13.7,105.5,TD,25,1002, , , , , , , , , , , , , , , , , , , , , , , , , , , , , , , , , , , , , , , , , , , , , , , , , , , , , , , , , , , , , , , , , , , , , , , , , , , , , , , , , , , , , , , , , , , , , , , , , , , , , , , , , , , , ,10,280,2019,2194.2428816169618,30.0,1001.0
2019302N11118,2019,92,WP,MM,BULBUL:MATMO,2019-10-31 12:00:00,TS,13.9,104.9, ,1006,tokyo,main,0,0,OOO____________,jtwc_wp,WP232019,13.8,104.6, ,TD,25,1006,-1, , , , , , , , , , , , ,1008,55,35, ,14.0,105.2,2, ,1006,0, , ,0, , ,0,13.8,105.0,1,29,1000, , , , , , , , , , , , , , , , , , , , , , , , , , , , , , , , , , , , , , , , , , , , , , , , , , , , , , , , , , , , , , , , , , , , , , , , , , , , , , , , , , , , , , , , , , , , , , , , , , , , , , , , , , , , , , , , , ,11,275,2019,2139.870514254479,25.0,1006.0
2019302N11118,2019,92,WP,MM,BULBUL:MATMO,2019-10-31 15:00:00,TS,13.9,104.3, , , ,main,0,0,PPP____________, ,WP232019,13.9,104.0, ,TD,23,1007,-1, , , , , , , , , , , , ,1008,55,35, ,13.9,104.6,2, ,1007,0, , ,0, , , ,13.9,104.4,1,27,1001, , , , , , , , , , , , , , , , , , , , , , , , , , , , , , , , , , , , , , , , , , , , , , , , , , , , , , , , , , , , , , , , , , , , , , , , , , , , , , , , , , , , , , , , , , , , , , , , , , , , , , , , , , , , , , , , , ,13,275,2019,2079.5479918254964,23.0,1007.0
2019302N11118,2019,92,WP,MM,BULBUL:MATMO,2019-10-31 18:00:00,MX,14.0,103.6, ,1008,tokyo,main,0,0,OOO____________,jtwc_wp,WP232019,14.0,103.4, ,DB,20,1008,-3, , , , , , , , , , , , ,1008,55,35, ,13.7,104.0,2, ,1008,0, , ,0, , ,0,14.1,103.8,1,25,1002, , , , , , , , , , , , , , , , , , , , , , , , , , , , , , , , , , , , , , , , , , , , , , , , , , , , , , , , , , , , , , , , , , , , , , , , , , , , , , , , , , , , , , , , , , , , , , , , , , , , , , , , , , , , , , , , , ,15,280,2019,2005.2590275908906,20.0,1008.0
2019302N11118,2019,92,WP,MM,BULBUL:MATMO,2019-10-31 21:00:00,DS,14.2,102.8, , , ,main,0,0,P______________, ,WP232019,14.2,102.8, ,DB,18,1008,-3, , , , , , , , , , , , ,1008,55,35, , , , , , ,0, , ,0, , , , , , , , , , , , , , , , , , , , , , , , , , , , , , , , , , , , , , , , , , , , , , , , , , , , , , , , , , , , , , , , , , , , , , , , , , , , , , , , , , , , , , , , , , , , , , , , , , , , , , , , , , , , , , , , , , , , , , , , , ,14,285,2019,1916.9252705660026,18.0,1008.0
2019302N11118,2019,92,WP,MM,BULBUL:MATMO,2019-11-01 00:00:00,DS,14.3,102.2, , , ,main,0,0,O______________,jtwc_wp,WP232019,14.3,102.2, ,DB,15,1008,-3, , , , , , , , , , , , ,1008,55,35, , , , , , , , , , , , , , , , , , , , , , , , , , , , , , , , , , , , , , , , , , , , , , , , , , , , , , , , , , , , , , , , , , , , , , , , , , , , , , , , , , , , , , , , , , , , , , , , , , , , , , , , , , , , , , , , , , , , , , , , , , , , , , , , , , , ,10,285,2019,1852.8421898211673,15.0,1008.0
2019302N11118,2019,92,WP,MM,BULBUL:MATMO,2019-11-01 03:00:00,DS,14.4,101.8, , , ,main,0,0,P______________, ,WP232019,14.4,101.8, ,DB,15,1008,-3, , , , , , , , , , , , ,1009,90,35, , , , , , , , , , , , , , , , , , , , , , , , , , , , , , , , , , , , , , , , , , , , , , , , , , , , , , , , , , , , , , , , , , , , , , , , , , , , , , , , , , , , , , , , , , , , , , , , , , , , , , , , , , , , , , , , , , , , , , , , , , , , , , , , , , , ,8,285,2019,1808.7588528139297,15.0,1008.0
2019302N11118,2019,92,WP,MM,BULBUL:MATMO,2019-11-01 06:00:00,DS,14.5,101.4, , , ,main,0,0,O______________,jtwc_wp,WP232019,14.5,101.4, ,WV,15,1008,-3, , , , , , , , , , , , ,1009,125,35, , , , , , , , , , , , , , , , , , , , , , , , , , , , , , , , , , , , , , , , , , , , , , , , , , , , , , , , , , , , , , , , , , , , , , , , , , , , , , , , , , , , , , , , , , , , , , , , , , , , , , , , , , , , , , , , , , , , , , , , , , , , , , , , , , , ,7,275,2019,1764.7028883313985,15.0,1008.0
2019302N11118,2019,92,WP,MM,BULBUL:MATMO,2019-11-01 09:00:00,DS,14.5,101.0, , , ,main,0,0,P______________, ,WP232019,14.5,101.0, ,WV,15,1008,-3, , , , , , , , , , , , ,1009,88,35, , , , , , , , , , , , , , , , , , , , , , , , , , , , , , , , , , , , , , , , , , , , , , , , , , , , , , , , , , , , , , , , , , , , , , , , , , , , , , , , , , , , , , , , , , , , , , , , , , , , , , , , , , , , , , , , , , , , , , , , , , , , , , , , , , , ,7,260,2019,1724.9724071092287,15.0,1008.0
2019302N11118,2019,92,WP,MM,BULBUL:MATMO,2019-11-01 12:00:00,DS,14.4,100.7, , , ,main,0,0,O______________,jtwc_wp,WP232019,14.4,100.7, ,WV,15,1007,-3, , , , , , , , , , , , ,1008,50,35, , , , , , , , , , , , , , , , , , , , , , , , , , , , , , , , , , , , , , , , , , , , , , , , , , , , , , , , , , , , , , , , , , , , , , , , , , , , , , , , , , , , , , , , , , , , , , , , , , , , , , , , , , , , , , , , , , , , , , , , , , , , , , , , , , , ,7,255,2019,1699.676471034249,15.0,1007.0
2019302N11118,2019,92,WP,MM,BULBUL:MATMO,2019-11-01 15:00:00,DS,14.3,100.4, , , ,main,0,0,P______________, ,WP232019,14.3,100.4, ,WV,15,1008,-3, , , , , , , , , , , , ,1009,55,35, , , , , , , , , , , , , , , , , , , , , , , , , , , , , , , , , , , , , , , , , , , , , , , , , , , , , , , , , , , , , , , , , , , , , , , , , , , , , , , , , , , , , , , , , , , , , , , , , , , , , , , , , , , , , , , , , , , , , , , , , , , , , , , , , , , ,7,255,2019,1674.6440595327924,15.0,1008.0
2019302N11118,2019,92,WP,MM,BULBUL:MATMO,2019-11-01 18:00:00,DS,14.2,100.0, , , ,main,0,0,O______________,jtwc_wp,WP232019,14.2,100.0, ,WV,15,1008,-3, , , , , , , , , , , , ,1009,60,35, , , , , , , , , , , , , , , , , , , , , , , , , , , , , , , , , , , , , , , , , , , , , , , , , , , , , , , , , , , , , , , , , , , , , , , , , , , , , , , , , , , , , , , , , , , , , , , , , , , , , , , , , , , , , , , , , , , , , , , , , , , , , , , , , , , ,7,255,2019,1640.1232872510382,15.0,1008.0
2019302N11118,2019,92,NI,BB,BULBUL:MATMO,2019-11-01 21:00:00,DS,14.1,99.6, , , ,main,0,0,P______________, ,WP232019,14.1,99.6, ,WV,15,1008,-3, , , , , , , , , , , , ,1009,60,35, , , , , , , , , , , , , , , , , , , , , , , , , , , , , , , , , , , , , , , , , , , , , , , , , , , , , , , , , , , , , , , , , , , , , , , , , , , , , , , , , , , , , , , , , , , , , , , , , , , , , , , , , , , , , , , , , , , , , , , , , , , , , , , , , , , ,7,255,2019,1606.0168589155553,15.0,1008.0
2019302N11118,2019,92,NI,BB,BULBUL:MATMO,2019-11-02 00:00:00,DS,14.0,99.3, , , ,main,0,0,O______________,jtwc_wp,WP232019,14.0,99.3, ,WV,15,1008,-3, , , , , , , , , , , , ,1009,60,35, , , , , , , , , , , , , , , , , , , , , , , , , , , , , , , , , , , , , , , , , , , , , , , , , , , , , , , , , , , , , , , , , , , , , , , , , , , , , , , , , , , , , , , , , , , , , , , , , , , , , , , , , , , , , , , , , , , , , , , , , , , , , , , , , , , ,6,250,2019,1581.9778722720912,15.0,1008.0
2019302N11118,2019,92,NI,BB,BULBUL:MATMO,2019-11-02 03:00:00,DS,13.9,99.0, , , ,main,0,0,P______________, ,WP232019,13.9,99.0, ,WV,15,1009,-3, , , , , , , , , , , , ,1009,60,35, , , , , , , , , , , , , , , , , , , , , , , , , , , , , , , , , , , , , , , , , , , , , , , , , , , , , , , , , , , , , , , , , , , , , , , , , , , , , , , , , , , , , , , , , , , , , , , , , , , , , , , , , , , , , , , , , , , , , , , , , , , , , , , , , , , ,5,250,2019,1558.2674908734657,15.0,1009.0
2019302N11118,2019,92,NI,BB,BULBUL:MATMO,2019-11-02 06:00:00,DS,13.8,98.8, , , ,main,0,0,O______________,jtwc_wp,WP232019,13.8,98.8, ,WV,15,1010,-3, , , , , , , , , , , , ,1009,60,35, , , , , , , , , , , , , , , , , , , , , , , , , , , , , , , , , , , , , , , , , , , , , , , , , , , , , , , , , , , , , , , , , , , , , , , , , , , , , , , , , , , , , , , , , , , , , , , , , , , , , , , , , , , , , , , , , , , , , , , , , , , , , , , , , , , ,5,245,2019,1544.4041623548044,15.0,1010.0
2019302N11118,2019,92,NI,BB,BULBUL:MATMO,2019-11-02 09:00:00,DS,13.7,98.6, , , ,main,0,0,P______________, ,WP232019,13.7,98.6, ,WV,15,1008,-3, , , , , , , , , , , , ,1009,60,35, , , , , , , , , , , , , , , , , , , , , , , , , , , , , , , , , , , , , , , , , , , , , , , , , , , , , , , , , , , , , , , , , , , , , , , , , , , , , , , , , , , , , , , , , , , , , , , , , , , , , , , , , , , , , , , , , , , , , , , , , , , , , , , , , , , ,5,250,2019,1530.7705742683802,15.0,1008.0
2019302N11118,2019,92,NI,BB,BULBUL:MATMO,2019-11-02 12:00:00,DS,13.6,98.3, , , ,main,10,0,O______________,jtwc_wp,WP232019,13.6,98.3, ,WV,15,1006,-3, , , , , , , , , , , , ,1009,60,35, , , , , , , , , , , , , , , , , , , , , , , , , , , , , , , , , , , , , , , , , , , , , , , , , , , , , , , , , , , , , , , , , , , , , , , , , , , , , , , , , , , , , , , , , , , , , , , , , , , , , , , , , , , , , , , , , , , , , , , , , , , , , , , , , , , ,6,250,2019,1507.9911778006733,15.0,1006.0
2019302N11118,2019,92,NI,BB,BULBUL:MATMO,2019-11-02 15:00:00,DS,13.5,98.0, , , ,main,15,15,P______________, ,WP232019,13.5,98.0, ,WV,15,1006,-3, , , , , , , , , , , , ,1009,60,35, , , , , , , , , , , , , , , , , , , , , , , , , , , , , , , , , , , , , , , , , , , , , , , , , , , , , , , , , , , , , , , , , , , , , , , , , , , , , , , , , , , , , , , , , , , , , , , , , , , , , , , , , , , , , , , , , , , , , , , , , , , , , , , , , , , ,7,255,2019,1485.6007442546131,15.0,1006.0
2019302N11118,2019,92,NI,BB,BULBUL:MATMO,2019-11-02 18:00:00,DS,13.4,97.6, , , ,main,58,58,O______________,jtwc_wp,WP232019,13.4,97.6, ,WV,15,1006,-3, , , , , , , , , , , , ,1008,60,35, , , , , , , , , , , , , , , , , , , , , , , , , , , , , , , , , , , , , , , , , , , , , , , , , , , , , , , , , , , , , , , , , , , , , , , , , , , , , , , , , , , , , , , , , , , , , , , , , , , , , , , , , , , , , , , , , , , , , , , , , , , , , , , , , , , ,8,260,2019,1454.4239109468438,15.0,1006.0
2019302N11118,2019,92,NI,BB,BULBUL:MATMO,2019-11-02 21:00:00,DS,13.3,97.2, , , ,main,103,103,P______________, ,WP232019,13.3,97.2, ,WV,15,1006,-3, , , , , , , , , , , , ,1008,65,33, , , , , , , , , , , , , , , , , , , , , , , , , , , , , , , , , , , , , , , , , , , , , , , , , , , , , , , , , , , , , , , , , , , , , , , , , , , , , , , , , , , , , , , , , , , , , , , , , , , , , , , , , , , , , , , , , , , , , , , , , , , , , , , , , , , ,9,265,2019,1423.8844147175948,15.0,1006.0
2019302N11118,2019,92,NI,BB,BULBUL:MATMO,2019-11-03 00:00:00,DS,13.3,96.7, , , ,main,155,155,O______________,jtwc_wp,WP232019,13.3,96.7, ,DB,15,1006,-3, , , , , , , , , , , , ,1008,70,30, , , , , , , , , , , , , , , , , , , , , , , , , , , , , , , , , , , , , , , , , , , , , , , , , , , , , , , , , , , , , , , , , , , , , , , , , , , , , , , , , , , , , , , , , , , , , , , , , , , , , , , , , , , , , , , , , , , , , , , , , , , , , , , , , , , ,8,265,2019,1378.8226586453652,15.0,1006.0
2019302N11118,2019,92,NI,BB,BULBUL:MATMO,2019-11-03 03:00:00,DS,13.3,96.3, , , ,main,197,197,P______________, ,WP232019,13.3,96.3, ,DB,15,1007,-3, , , , , , , , , , , , ,1008,95,30, , , , , , , , , , , , , , , , , , , , , , , , , , , , , , , , , , , , , , , , , , , , , , , , , , , , , , , , , , , , , , , , , , , , , , , , , , , , , , , , , , , , , , , , , , , , , , , , , , , , , , , , , , , , , , , , , , , , , , , , , , , , , , , , , , , ,7,270,2019,1343.2012646150245,15.0,1007.0
2019302N11118,2019,92,NI,BB,BULBUL:MATMO,2019-11-03 06:00:00,DS,13.3,96.0, , , ,main,229,229,O______________,jtwc_wp,WP232019,13.3,96.0, ,DB,15,1008,-3, , , , , , , , , , , , ,1008,120,30, , , , , , , , , , , , , , , , , , , , , , , , , , , , , , , , , , , , , , , , , , , , , , , , , , , , , , , , , , , , , , , , , , , , , , , , , , , , , , , , , , , , , , , , , , , , , , , , , , , , , , , , , , , , , , , , , , , , , , , , , , , , , , , , , , , ,6,270,2019,1316.7552813489808,15.0,1008.0
2019302N11118,2019,92,NI,BB,BULBUL:MATMO,2019-11-03 09:00:00,DS,13.3,95.7, , , ,main,261,261,P______________, ,WP232019,13.3,95.7, ,DB,18,1008,-3, , , , , , , , , , , , ,1008,120,30, , , , , , , , , , , , , , , , , , , , , , , , , , , , , , , , , , , , , , , , , , , , , , , , , , , , , , , , , , , , , , , , , , , , , , , , , , , , , , , , , , , , , , , , , , , , , , , , , , , , , , , , , , , , , , , , , , , , , , , , , , , , , , , , , , , ,6,270,2019,1290.5566731156148,18.0,1008.0
2019302N11118,2019,92,NI,BB,BULBUL:MATMO,2019-11-03 12:00:00,DS,13.3,95.4, , , ,main,268,268,O______________,jtwc_wp,WP232019,13.3,95.4, ,DB,20,1007,-3, , , , , , , , , , , , ,1008,120,30, , , , , , , , , , , , , , , , , , , , , , , , , , , , , , , , , , , , , , , , , , , , , , , , , , , , , , , , , , , , , , , , , , , , , , , , , , , , , , , , , , , , , , , , , , , , , , , , , , , , , , , , , , , , , , , , , , , , , , , , , , , , , , , , , , , ,6,265,2019,1264.620876314062,20.0,1007.0
2019302N11118,2019,92,NI,BB,BULBUL:MATMO,2019-11-03 15:00:00,DS,13.3,95.1, , , ,main,268,268,P______________, ,WP232019,13.3,95.1, ,DB,20,1007,-3, , , , , , , , , , , , ,1008,125,33, , , , , , , , , , , , , , , , , , , , , , , , , , , , , , , , , , , , , , , , , , , , , , , , , , , , , , , , , , , , , , , , , , , , , , , , , , , , , , , , , , , , , , , , , , , , , , , , , , , , , , , , , , , , , , , , , , , , , , , , , , , , , , , , , , , ,6,260,2019,1238.964457065482,20.0,1007.0
2019302N11118,2019,92,NI,BB,BULBUL:MATMO,2019-11-03 18:00:00,DS,13.2,94.8, , , ,main,280,280,O______________,jtwc_wp,WP232019,13.2,94.8, ,DB,20,1006,-3, , , , , , , , , , , , ,1007,130,35, , , , , , , , , , , , , , , , , , , , , , , , , , , , , , , , , , , , , , , , , , , , , , , , , , , , , , , , , , , , , , , , , , , , , , , , , , , , , , , , , , , , , , , , , , , , , , , , , , , , , , , , , , , , , , , , , , , , , , , , , , , , , , , , , , , ,6,255,2019,1220.6434899404924,20.0,1006.0
2019302N11118,2019,92,NI,BB,BULBUL:MATMO,2019-11-03 21:00:00,DS,13.1,94.5, , , ,main,296,296,P______________, ,WP232019,13.1,94.5, ,DB,20,1007,-3, , , , , , , , , , , , ,1008,135,38, , , , , , , , , , , , , , , , , , , , , , , , , , , , , , , , , , , , , , , , , , , , , , , , , , , , , , , , , , , , , , , , , , , , , , , , , , , , , , , , , , , , , , , , , , , , , , , , , , , , , , , , , , , , , , , , , , , , , , , , , , , , , , , , , , , ,7,255,2019,1202.9686669911398,20.0,1007.0
2019302N11118,2019,92,NI,BB,BULBUL:MATMO,2019-11-04 00:00:00,DS,13.0,94.1, , , ,main,315,315,O______________,jtwc_wp,WP232019,13.0,94.1, ,DB,20,1007,-3, , , , , , , , , , , , ,1008,140,40, , , , , , , , , , , , , , , , , , , , , , , , , , , , , , , , , , , , , , , , , , , , , , , , , , , , , , , , , , , , , , , , , , , , , , , , , , , , , , , , , , , , , , , , , , , , , , , , , , , , , , , , , , , , , , , , , , , , , , , , , , , , , , , , , , , ,8,255,2019,1177.955061104178,20.0,1007.0
2019302N11118,2019,92,NI,BB,BULBUL:MATMO,2019-11-04 03:00:00,DS,12.9,93.7, , , ,main,333,333,P______________, ,WP232019,12.9,93.7, ,DB,23,1007,-3, , , , , , , , , , , , ,1008,140,40, , , , , , , , , , , , , , , , , , , , , , , , , , , , , , , , , , , , , , , , , , , , , , , , , , , , , , , , , , , , , , , , , , , , , , , , , , , , , , , , , , , , , , , , , , , , , , , , , , , , , , , , , , , , , , , , , , , , , , , , , , , , , , , , , , , ,9,255,2019,1154.0473568684693,23.0,1007.0
2019302N11118,2019,92,NI,BB,BULBUL:MATMO,2019-11-04 06:00:00,TS,12.8,93.2, , , ,main,359,359,O______________,jtwc_wp,WP232019,12.8,93.2, ,TD,25,1006,-1, , , , , , , , , , , , ,1008,140,40, , , , , , , , , , , , , , , , , , , , , , , , , , , , , , , , , , , , , , , , , , , , , , , , , , , , , , , , , , , , , , , , , , , , , , , , , , , , , , , , , , , , , , , , , , , , , , , , , , , , , , , , , , , , , , , , , , , , , , , , , , , , , , , , , , , ,9,265,2019,1123.814402470373,25.0,1006.0
2019302N11118,2019,92,NI,BB,BULBUL:MATMO,2019-11-04 09:00:00,TS,12.8,92.7, , , ,main,382,382,P______________, ,WP232019,12.8,92.7, ,TD,25,1006,-1, , , , , , , , , , , , ,1008,140,40, , , , , , , , , , , , , , , , , , , , , , , , , , , , , , , , , , , , , , , , , , , , , , , , , , , , , , , , , , , , , , , , , , , , , , , , , , , , , , , , , , , , , , , , , , , , , , , , , , , , , , , , , , , , , , , , , , , , , , , , , , , , , , , , , , , ,9,270,2019,1087.0847488317024,25.0,1006.0
2019302N11118,2019,92,NI,BB,BULBUL:MATMO,2019-11-04 12:00:00,TS,12.8,92.3, , , ,main,405,405,O______________,jtwc_wp,WP232019,12.8,92.3, ,TD,25,1005,-1, , , , , , , , , , , , ,1008,140,40, , , , , , , , , , , , , , , , , , , , , , , , , , , , , , , , , , , , , , , , , , , , , , , , , , , , , , , , , , , , , , , , , , , , , , , , , , , , , , , , , , , , , , , , , , , , , , , , , , , , , , , , , , , , , , , , , , , , , , , , , , , , , , , , , , , ,8,270,2019,1058.7142751275453,25.0,1005.0
2019302N11118,2019,92,NI,BB,BULBUL:MATMO,2019-11-04 15:00:00,TS,12.8,91.9, , , ,main,430,430,P______________, ,WP232019,12.8,91.9, ,TD,25,1007,-1, , , , , , , , , , , , ,1009,198,40, , , , , , , , , , , , , , , , , , , , , , , , , , , , , , , , , , , , , , , , , , , , , , , , , , , , , , , , , , , , , , , , , , , , , , , , , , , , , , , , , , , , , , , , , , , , , , , , , , , , , , , , , , , , , , , , , , , , , , , , , , , , , , , , , , , ,7,270,2019,1031.325279328378,25.0,1007.0
2019302N11118,2019,92,NI,BB,BULBUL:MATMO,2019-11-04 18:00:00,TS,12.8,91.6, , , ,main,451,451,O______________,jtwc_wp,WP232019,12.8,91.6, ,TD,25,1008,-1, , , , , , , , , , , , ,1010,255,40, , , , , , , , , , , , , , , , , , , , , , , , , , , , , , , , , , , , , , , , , , , , , , , , , , , , , , , , , , , , , , , , , , , , , , , , , , , , , , , , , , , , , , , , , , , , , , , , , , , , , , , , , , , , , , , , , , , , , , , , , , , , , , , , , , , ,6,270,2019,1011.4757658104495,25.0,1008.0
2019302N11118,2019,92,NI,BB,BULBUL:MATMO,2019-11-04 21:00:00,TS,12.8,91.3, , , ,main,473,473,P______________, ,WP232019,12.8,91.3, ,TD,25,1008,-1, , , , , , , , , , , , ,1010,263,40, , , , , , , , , , , , , , , , , , , , , , , , , , , , , , , , , , , , , , , , , , , , , , , , , , , , , , , , , , , , , , , , , , , , , , , , , , , , , , , , , , , , , , , , , , , , , , , , , , , , , , , , , , , , , , , , , , , , , , , , , , , , , , , , , , , ,5,275,2019,992.2593097397381,25.0,1008.0
2019302N11118,2019,92,NI,BB,BULBUL:MATMO,2019-11-05 00:00:00,TS,12.9,91.1,20,1004,newdelhi,main,481,481,O____O_________,jtwc_wp,WP232019,12.8,91.0, ,TD,25,1007,-1, , , , , , , , , , , , ,1009,270,40, , , , , , , , , , , , , , , , , , , , , , , , , , , , , , , , , , ,13.1,91.5,D,20,1004,1.50000,3, , , , , , , , , , , , , , , , , , , , , , , , , , , , , , , , , , , , , , , , , , , , , , , , , , , , , , , , , , , , , , , , , , , , , , , , , , , , , , , , , , , , , , , , , , ,4,285,2019,970.67658892185,25.0,1007.0
2019302N11118,2019,92,NI,BB,BULBUL:MATMO,2019-11-05 03:00:00,TS,12.9,90.9,25,1003,newdelhi,main,496,496,P____O_________, ,WP232019,12.8,90.8, ,TD,25,1007,-1, , , , , , , , , , , , ,1009,270,35, , , , , , , , , , , , , , , , , , , , , , , , , , , , , , , , , , ,13.1,91.0,D,25,1003,1.50000,3, , , , , , , , , , , , , , , , , , , , , , , , , , , , , , , , , , , , , , , , , , , , , , , , , , , , , , , , , , , , , , , , , , , , , , , , , , , , , , , , , , , , , , , , , , ,5,280,2019,958.4353961230332,25.0,1007.0
2019302N11118,2019,92,NI,BB,BULBUL:MATMO,2019-11-05 06:00:00,TS,12.9,90.6,25,1003,newdelhi,main,520,520,O____O_________,jtwc_wp,WP232019,12.8,90.6, ,TD,25,1006,-1, , , , , , , , , , , , ,1009,270,30, , , , , , , , , , , , , , , , , , , , , , , , , , , , , , , , , , ,13.1,90.7,D,25,1003,1.50000,3, , , , , , , , , , , , , , , , , , , , , , , , , , , , , , , , , , , , , , , , , , , , , , , , , , , , , , , , , , , , , , , , , , , , , , , , , , , , , , , , , , , , , , , , , , ,5,280,2019,940.6801206766016,25.0,1006.0
2019302N11118,2019,92,NI,BB,BULBUL:MATMO,2019-11-05 09:00:00,TS,13.0,90.4, , , ,main,529,529,P____P_________, ,WP232019,12.9,90.4, ,TD,30,1004,-1, , , , , , , , , , , , ,1009,270,30, , , , , , , , , , , , , , , , , , , , , , , , , , , , , , , , , , ,13.1,90.4,D,25,1003, ,3, , , , , , , , , , , , , , , , , , , , , , , , , , , , , , , , , , , , , , , , , , , , , , , , , , , , , , , , , , , , , , , , , , , , , , , , , , , , , , , , , , , , , , , , , , ,5,285,2019,919.7756859295648,30.0,1004.0
2019302N11118,2019,92,NI,BB,BULBUL:MATMO,2019-11-05 12:00:00,TS,13.1,90.1,25,1003,newdelhi,main,547,547,O____O_________,jtwc_wp,WP232019,12.9,90.1, ,TS,35,1002,0,10,20,30,50, , , , , , , , ,1009,270,30, , , , , , , , , , , , , , , , , , , , , , , , , , , , , , , , , , ,13.2,90.1,D,25,1003,1.50000,3, , , , , , , , , , , , , , , , , , , , , , , , , , , , , , , , , , , , , , , , , , , , , , , , , , , , , , , , , , , , , , , , , , , , , , , , , , , , , , , , , , , , , , , , , , ,5,280,2019,893.5332242467406,35.0,1002.0
2019302N11118,2019,92,NI,BB,BULBUL:MATMO,2019-11-05 15:00:00,TS,13.1,89.9, , , ,main,565,565,P____P_________, ,WP232019,12.9,89.8, ,TS,35,1002,0,10,20,35,50, , , , , , , , ,1009,270,28, , , , , , , , , , , , , , , , , , , , , , , , , , , , , , , , , , ,13.2,89.9,D,25,1003, ,4, , , , , , , , , , , , , , , , , , , , , , , , , , , , , , , , , , , , , , , , , , , , , , , , , , , , , , , , , , , , , , , , , , , , , , , , , , , , , , , , , , , , , , , , , , ,3,280,2019,882.8055408750133,35.0,1002.0
2019302N11118,2019,92,NI,BB,BULBUL:MATMO,2019-11-05 18:00:00,TS,13.1,89.8,25,1002,newdelhi,main,574,567,O____O_________,jtwc_wp,WP232019,12.9,89.7, ,TS,35,1001,0,10,20,40,50, , , , , , , , ,1008,270,25, , , , , , , , , , , , , , , , , , , , , , , , , , , , , , , , , , ,13.3,89.8,D,25,1002,1.50000,4, , , , , , , , , , , , , , , , , , , , , , , , , , , , , , , , , , , , , , , , , , , , , , , , , , , , , , , , , , , , , , , , , , , , , , , , , , , , , , , , , , , , , , , , , , ,2,320,2019,877.5863839549867,35.0,1001.0
2019302N11118,2019,92,NI,BB,BULBUL:MATMO,2019-11-05 21:00:00,TS,13.2,89.8, , , ,main,567,561,P____P_________, ,WP232019,13.1,89.8, ,TS,35,1001,0,10,15,45,60, , , , , , , , ,1008,270,25, , , , , , , , , , , , , , , , , , , , , , , , , , , , , , , , , , ,13.4,89.7,D,28,1002, ,5, , , , , , , , , , , , , , , , , , , , , , , , , , , , , , , , , , , , , , , , , , , , , , , , , , , , , , , , , , , , , , , , , , , , , , , , , , , , , , , , , , , , , , , , , , ,2,15,2019,867.8318385915738,35.0,1001.0
2019302N11118,2019,92,NI,BB,BULBUL:MATMO,2019-11-06 00:00:00,TS,13.3,89.8,30,1001,newdelhi,main,561,561,O____O_________,jtwc_wp,WP232019,13.2,89.9, ,TS,35,1000,0,10,10,50,70, , , , , , , , ,1008,270,25, , , , , , , , , , , , , , , , , , , , , , , , , , , , , , , , , , ,13.4,89.7,DD,30,1001,2.00000,5, , , , , , , , , , , , , , , , , , , , , , , , , , , , , , , , , , , , , , , , , , , , , , , , , , , , , , , , , , , , , , , , , , , , , , , , , , , , , , , , , , , , , , , , , , ,1,0,2019,858.1102891009555,35.0,1000.0
2019302N11118,2019,92,NI,BB,BULBUL:MATMO,2019-11-06 03:00:00,TS,13.3,89.8,30,1001,newdelhi,main,561,561,P____O_________, ,WP232019,13.2,90.0, ,TS,35,999,0,10,10,55,75, , , , , , , , ,1007,260,30, , , , , , , , , , , , , , , , , , , , , , , , , , , , , , , , , , ,13.4,89.6,DD,30,1001,2.00000,5, , , , , , , , , , , , , , , , , , , , , , , , , , , , , , , , , , , , , , , , , , , , , , , , , , , , , , , , , , , , , , , , , , , , , , , , , , , , , , , , , , , , , , , , , , ,1,245,2019,858.1102891009555,35.0,999.0
2019302N11118,2019,92,NI,BB,BULBUL:MATMO,2019-11-06 06:00:00,TS,13.3,89.7,30,1001,newdelhi,main,570,570,O____O_________,jtwc_wp,WP232019,13.1,90.0, ,TS,35,998,0,10,10,60,80, , , , , , , , ,1006,250,35, , , , , , , , , , , , , , , , , , , , , , , , , , , , , , , , , , ,13.4,89.4,DD,30,1001,2.00000,5, , , , , , , , , , , , , , , , , , , , , , , , , , , , , , , , , , , , , , , , , , , , , , , , , , , , , , , , , , , , , , , , , , , , , , , , , , , , , , , , , , , , , , , , , , ,1,275,2019,852.8780175266045,35.0,998.0
2019302N11118,2019,92,NI,BB,BULBUL:MATMO,2019-11-06 09:00:00,TS,13.3,89.7, , , ,main,570,564,P____P_________, ,WP232019,13.1,90.0, ,TS,35,998,0,15,10,60,85, , , , , , , , ,1006,233,35, , , , , , , , , , , , , , , , , , , , , , , , , , , , , , , , , , ,13.4,89.3,DD,30,1001, ,6, , , , , , , , , , , , , , , , , , , , , , , , , , , , , , , , , , , , , , , , , , , , , , , , , , , , , , , , , , , , , , , , , , , , , , , , , , , , , , , , , , , , , , , , , , ,2,340,2019,852.8780175266045,35.0,998.0
2019302N11118,2019,92,NI,BB,BULBUL:MATMO,2019-11-06 12:00:00,TS,13.4,89.7,30,1000,newdelhi,main,564,562,O____O_________,jtwc_wp,WP232019,13.3,90.0, ,TS,35,997,0,20,10,60,90, , , , , , , , ,1005,215,35, , , , , , , , , , , , , , , , , , , , , , , , , , , , , , , , , , ,13.5,89.3,DD,30,1000,2.00000,6, , , , , , , , , , , , , , , , , , , , , , , , , , , , , , , , , , , , , , , , , , , , , , , , , , , , , , , , , , , , , , , , , , , , , , , , , , , , , , , , , , , , , , , , , , ,3,355,2019,843.1330415205401,35.0,997.0
2019302N11118,2019,92,NI,BB,BULBUL:MATMO,2019-11-06 15:00:00,TS,13.6,89.6, , , ,main,562,552,P____P_________, ,WP232019,13.6,89.9, ,TS,38,997,0,25,15,55,95, , , , , , , , ,1006,245,35, , , , , , , , , , , , , , , , , , , , , , , , , , , , , , , , , , ,13.6,89.3,DD,33,999, ,7, , , , , , , , , , , , , , , , , , , , , , , , , , , , , , , , , , , , , , , , , , , , , , , , , , , , , , , , , , , , , , , , , , , , , , , , , , , , , , , , , , , , , , , , , , ,5,350,2019,818.4411524394739,38.0,997.0
2019302N11118,2019,92,NI,BB,BULBUL:MATMO,2019-11-06 18:00:00,TS,13.9,89.6,35,998,newdelhi,main,547,547,O____O_________,jtwc_wp,WP232019,13.9,89.8, ,TS,40,997,0,30,20,50,100, , , , , , , , ,1006,275,35, , , , , , , , , , , , , , , , , , , , , , , , , , , , , , , , , , ,13.8,89.3,CS,35,998,2.50000,7, , , , , , , , , , , , , , , , , , , , , , , , , , , , , , , , , , , , , , , , , , , , , , , , , , , , , , , , , , , , , , , , , , , , , , , , , , , , , , , , , , , , , , , , , , ,5,335,2019,789.45509635425,40.0,997.0
2019302N11118,2019,92,NI,BB,BULBUL:MATMO,2019-11-06 21:00:00,TS,14.1,89.4, , , ,main,557,557,P____P_________, ,WP232019,14.2,89.5, ,TS,43,996,0,35,30,50,105, , , , , , , , ,1006,275,43, , , , , , , , , , , , , , , , , , , , , , , , , , , , , , , , , , ,13.9,89.3,CS,35,998, ,7, , , , , , , , , , , , , , , , , , , , , , , , , , , , , , , , , , , , , , , , , , , , , , , , , , , , , , , , , , , , , , , , , , , , , , , , , , , , , , , , , , , , , , , , , , ,6,330,2019,759.405742367145,43.0,996.0
2019302N11118,2019,92,NI,BB,BULBUL:MATMO,2019-11-07 00:00:00,TS,14.4,89.3,35,998,newdelhi,main,555,555,O____O_________,jtwc_wp,WP232019,14.5,89.2, ,TS,45,995,0,40,40,50,110, , , , , , , , ,1006,275,50, , , , , , , , , , , , , , , , , , , , , , , , , , , , , , , , , , ,14.2,89.3,CS,35,998,2.50000,7, , , , , , , , , , , , , , , , , , , , , , , , , , , , , , , , , , , , , , , , , , , , , , , , , , , , , , , , , , , , , , , , , , , , , , , , , , , , , , , , , , , , , , , , , , ,7,340,2019,725.1329239497159,45.0,995.0
2019302N11118,2019,92,NI,BB,BULBUL:MATMO,2019-11-07 03:00:00,TS,14.8,89.1,35,998,newdelhi,main,563,563,P____O_________, ,WP232019,14.8,88.9, ,TS,48,995,0,40,40,55,110, , , , , , , , ,1006,265,38, , , , , , , , , , , , , , , , , , , , , , , , , , , , , , , , , , ,14.7,89.3,CS,35,998,2.50000,7, , , , , , , , , , , , , , , , , , , , , , , , , , , , , , , , , , , , , , , , , , , , , , , , , , , , , , , , , , , , , , , , , , , , , , , , , , , , , , , , , , , , , , , , , , ,10,330,2019,675.8886222568568,48.0,995.0
2019302N11118,2019,92,NI,BB,BULBUL:MATMO,2019-11-07 06:00:00,TS,15.2,88.7,40,996,newdelhi,main,589,560,O____O_________,jtwc_wp,WP232019,15.1,88.7, ,TS,50,994,0,40,40,60,110, , , , , , , , ,1006,255,25, , , , , , , , , , , , , , , , , , , , , , , , , , , , , , , , , , ,15.3,88.7,CS,40,996,2.50000,8, , , , , , , , , , , , , , , , , , , , , , , , , , , , , , , , , , , , , , , , , , , , , , , , , , , , , , , , , , , , , , , , , , , , , , , , , , , , , , , , , , , , , , , , , , ,9,315,2019,615.8545377700483,50.0,994.0
2019302N11118,2019,92,NI,BB,BULBUL:MATMO,2019-11-07 09:00:00,TS,15.4,88.4,45,995,newdelhi,main,554,516,P____O_________, ,WP232019,15.3,88.5, ,TS,55,991,0,45,45,65,115, , , , , , , , ,1006,245,23, , , , , , , , , , , , , , , , , , , , , , , , , , , , , , , , , , ,15.5,88.4,CS,45,995,3.00000,9, , , , , , , , , , , , , , , , , , , , , , , , , , , , , , , , , , , , , , , , , , , , , , , , , , , , , , , , , , , , , , , , , , , , , , , , , , , , , , , , , , , , , , , , , , ,8,315,2019,580.8882051951688,55.0,991.0
2019302N11118,2019,92,NI,BB,BULBUL:MATMO,2019-11-07 12:00:00,TS,15.8,88.2,45,994,newdelhi,main,507,477,O____O_________,jtwc_wp,WP232019,15.6,88.3, ,TS,60,988,0,50,50,70,120,17,17,30,62, , , , ,1006,235,20, , , , , , , , , , , , , , , , , , , , , , , , , , , , , , , , , , ,15.9,88.0,CS,45,994,3.00000,10, , , , , , , , , , , , , , , , , , , , , , , , , , , , , , , , , , , , , , , , , , , , , , , , , , , , , , , , , , , , , , , , , , , , , , , , , , , , , , , , , , , , , , , , , , ,8,320,2019,531.5620466061937,60.0,988.0
2019302N11118,2019,92,NI,BB,BULBUL:MATMO,2019-11-07 15:00:00,TS,16.0,88.0,50,992,newdelhi,main,477,439,P____O_________, ,WP232019,15.9,88.0, ,TS,63,986,0,55,65,75,125,21,27,34,65, , , , ,1006,233,13, , , , , , , , , , , , , , , , , , , , , , , , , , , , , , , , , , ,16.2,87.9,SCS,50,992,3.00000,12, , , , , , , , , , , , , , , , , , , , , , , , , , , , , , , , , , , , , , , , , , , , , , , , , , , , , , , , , , , , , , , , , , , , , , , , , , , , , , , , , , , , , , , , , , ,6,330,2019,501.92444054227155,63.0,986.0
2019302N11118,2019,92,NI,BB,BULBUL:MATMO,2019-11-07 18:00:00,TS,16.3,87.8,55,989,newdelhi,main,439,404,O____O_________,jtwc_wp,WP232019,16.2,87.8, ,TY,65,984,1,60,80,80,130,24,37,37,68,11,18,18,36,1006,230,5, , , , , , , , , , , , , , , , , , , , , , , , , , , , , , , , , , ,16.4,87.8,SCS,55,989,3.50000,15, , , , , , , , , , , , , , , , , , , , , , , , , , , , , , , , , , , , , , , , , , , , , , , , , , , , , , , , , , , , , , , , , , , , , , , , , , , , , , , , , , , , , , , , , , ,6,340,2019,462.4981962120607,65.0,984.0
2019302N11118,2019,92,NI,BB,BULBUL:MATMO,2019-11-07 21:00:00,TS,16.6,87.7,60,986,newdelhi,main,404,372,P____O_________, ,WP232019,16.6,87.8, ,TY,68,984,1,70,80,80,135,31,37,37,72,15,18,18,38,1007,235,5, , , , , , , , , , , , , , , , , , , , , , , , , , , , , , , , , , ,16.6,87.7,SCS,60,986,3.50000,18, , , , , , , , , , , , , , , , , , , , , , , , , , , , , , , , , , , , , , , , , , , , , , , , , , , , , , , , , , , , , , , , , , , , , , , , , , , , , , , , , , , , , , , , , , ,7,350,2019,427.96019067033836,68.0,984.0
2019302N11118,2019,92,NI,BB,BULBUL:MATMO,2019-11-08 00:00:00,TS,17.0,87.7,65,983,newdelhi,main,362,331,O____O_________,jtwc_wp,WP232019,17.0,87.8, ,TY,70,983,1,80,80,80,140,37,37,37,75,18,18,18,39,1008,240,5, , , , , , , , , , , , , , , , , , , , , , , , , , , , , , , , , , ,16.9,87.6,VSCS,65,983,4.00000,21, , , , , , , , , , , , , , , , , , , , , , , , , , , , , , , , , , , , , , , , , , , , , , , , , , , , , , , , , , , , , , , , , , , , , , , , , , , , , , , , , , , , , , , , , , ,7,0,2019,389.1110115742864,70.0,983.0
2019302N11118,2019,92,NI,BB,BULBUL:MATMO,2019-11-08 03:00:00,TS,17.3,87.7,65,982,newdelhi,main,331,291,P____O_________, ,WP232019,17.4,87.8, ,TY,75,979,1,80,90,90,140,37,44,44,75,19,22,22,40,1008,225,15, , , , , , , , , , , , , , , , , , , , , , , , , , , , , , , , , , ,17.2,87.6,VSCS,65,982,4.00000,22, , , , , , , , , , , , , , , , , , , , , , , , , , , , , , , , , , , , , , , , , , , , , , , , , , , , , , , , , , , , , , , , , , , , , , , , , , , , , , , , , , , , , , , , , , ,8,0,2019,360.8270143512912,75.0,979.0
2019302N11118,2019,92,NI,BB,BULBUL:MATMO,2019-11-08 06:00:00,TS,17.7,87.8,70,980,newdelhi,main,296,249,O____O_________,jtwc_wp,WP232019,17.8,87.9, ,TY,80,974,1,80,100,100,140,37,50,50,75,19,26,26,40,1007,210,25, , , , , , , , , , , , , , , , , , , , , , , , , , , , , , , , , , ,17.6,87.6,VSCS,70,980,4.00000,24, , , , , , , , , , , , , , , , , , , , , , , , , , , , , , , , , , , , , , , , , , , , , , , , , , , , , , , , , , , , , , , , , , , , , , , , , , , , , , , , , , , , , , , , , , ,9,5,2019,331.199642223824,80.0,974.0
2019302N11118,2019,92,NI,BB,BULBUL:MATMO,2019-11-08 09:00:00,TS,18.2,87.8,70,980,newdelhi,main,249,207,P____O_________, ,WP232019,18.3,87.9, ,TY,80,975,1,90,100,100,140,44,50,50,75,23,26,26,40,1008,210,25, , , , , , , , , , , , , , , , , , , , , , , , , , , , , , , , , , ,18.1,87.6,VSCS,70,980,4.00000,24, , , , , , , , , , , , , , , , , , , , , , , , , , , , , , , , , , , , , , , , , , , , , , , , , , , , , , , , , , , , , , , , , , , , , , , , , , , , , , , , , , , , , , , , , , ,9,0,2019,290.20119452987024,80.0,975.0
2019302N11118,2019,92,NI,BB,BULBUL:MATMO,2019-11-08 12:00:00,TS,18.6,87.8,75,976,newdelhi,main,214,176,O____O_________,jtwc_wp,WP232019,18.7,87.9, ,TY,80,975,1,100,100,100,140,50,50,50,75,26,26,26,40,1008,210,25, , , , , , , , , , , , , , , , , , , , , , , , , , , , , , , , , , ,18.5,87.6,VSCS,75,976,4.00000,28, , , , , , , , , , , , , , , , , , , , , , , , , , , , , , , , , , , , , , , , , , , , , , , , , , , , , , , , , , , , , , , , , , , , , , , , , , , , , , , , ,105, , , , , , , , , ,9,0,2019,261.31420296049686,80.0,975.0
2019302N11118,2019,92,NI,BB,BULBUL:MATMO,2019-11-08 15:00:00,TS,19.1,87.8,75,976,newdelhi,main,176,153,P____O_________, ,WP232019,19.0,87.9, ,TY,78,977,1,100,100,100,140,50,50,50,75,26,26,26,40,1008,205,25, , , , , , , , , , , , , , , , , , , , , , , , , , , , , , , , , , ,19.2,87.7,VSCS,75,976,4.00000,28, , , , , , , , , , , , , , , , , , , , , , , , , , , , , , , , , , , , , , , , , , , , , , , , , , , , , , , , , , , , , , , , , , , , , , , , , , , , , , , , , , , , , , , , , , ,7,355,2019,232.2337855330065,78.0,977.0
2019302N11118,2019,92,NI,BB,BULBUL:MATMO,2019-11-08 18:00:00,TS,19.3,87.7,75,976,newdelhi,main,153,130,O____O_________,jtwc_wp,WP232019,19.3,87.8, ,TY,75,979,1,100,100,100,140,50,50,50,75,26,26,26,40,1008,200,25, , , , , , , , , , , , , , , , , , , , , , , , , , , , , , , , , , ,19.3,87.6,VSCS,75,976,4.00000,28, , , , , , , , , , , , , , , , , , , , , , , , , , , , , , , , , , , , , , , , , , , , , , , , , , , , , , , , , , , , , , , , , , , , , , , , , , , , , , , , , , , , , , , , , , ,5,355,2019,213.64748339248916,75.0,979.0
2019302N11118,2019,92,NI,BB,BULBUL:MATMO,2019-11-08 21:00:00,TS,19.6,87.7,75,976,newdelhi,main,130,107,P____O_________, ,WP232019,19.7,87.7, ,TY,75,979,1,110,100,100,140,56,50,50,75,30,26,26,40,1008,193,25, , , , , , , , , , , , , , , , , , , , , , , , , , , , , , , , , , ,19.6,87.7,VSCS,75,976,4.00000,28, , , , , , , , , , , , , , , , , , , , , , , , , , , , , , , , , , , , , , , , , , , , , , , , , , , , , , , , , , , , , , , , , , , , , , , , , , , , , , , , , , , , , , , , , , ,7,355,2019,203.69395440858983,75.0,979.0
2019302N11118,2019,92,NI,BB,BULBUL:MATMO,2019-11-09 00:00:00,TS,20.0,87.6,75,976,newdelhi,main,107,76,O____O_________,jtwc_wp,WP232019,20.0,87.7, ,TY,75,979,1,120,100,100,140,62,50,50,75,33,26,26,40,1008,185,25, , , , , , , , , , , , , , , , , , , , , , , , , , , , , , , , , , ,20.0,87.6,VSCS,75,976,4.00000,28, , , , , , , , , , , , , , , , , , , , , , , , , , , , , , , , , , , , , , , , , , , , , , , , , , , , , , , , , , , , , , , , , , , , , , , , , , , , , , , , , , , , , , , , , , ,7,355,2019,188.0793888248498,75.0,979.0
2019302N11118,2019,92,NI,BB,BULBUL:MATMO,2019-11-09 03:00:00,TS,20.4,87.6,70,980,newdelhi,main,70,70,P____O_________, ,WP232019,20.3,87.7, ,TY,80,976,1,120,90,90,130,63,44,44,69,33,23,23,37,1009,185,25, , , , , , , , , , , , , , , , , , , , , , , , , , , , , , , , , , ,20.4,87.6,VSCS,70,980,4.00000,24, , , , , , , , , , , , , , , , , , , , , , , , , , , , , , , , , , , , , , , , , , , , , , , , , , , , , , , , , , , , , , , , , , , , , , , , , , , , , , , , , , , , , , , , , , ,6,10,2019,193.03284814484184,80.0,976.0
2019302N11118,2019,92,NI,BB,BULBUL:MATMO,2019-11-09 06:00:00,TS,20.6,87.8,70,982,newdelhi,main,83,83,O____O_________,jtwc_wp,WP232019,20.6,87.7, ,TY,85,972,2,120,80,80,120,63,38,38,63,33,19,19,33,1009,185,25, , , , , , , , , , , , , , , , , , , , , , , , , , , , , , , , , , ,20.6,87.8,VSCS,70,982,4.00000,22, , , , , , , , , , , , , , , , , , , , , , , , , , , , , , , , , , , , , , , , , , , , , , , , , , , , , , , , , , , , , , , , , , , , , , , , , , , , , , , , , , , , , , , , , , ,6,20,2019,218.9849705764553,85.0,972.0
2019302N11118,2019,92,NI,BB,BULBUL:MATMO,2019-11-09 09:00:00,TS,20.9,87.9,70,982,newdelhi,main,84,59,P____O_________, ,WP232019,20.8,87.8, ,TY,93,966,2,105,75,70,105,54,35,32,54,28,18,16,28,1009,183,23, , , , , , , , , , , , , , , , , , , , , , , , , , , , , , , , , , ,20.9,87.9,VSCS,70,982,4.00000,22, , , , , , , , , , , , , , , , , , , , , , , , , , , , , , , , , , , , , , , , , , , , , , , , , , , , , , , , , , , , , , , , , , , , , , , , , , , , , , , , , , , , , , , , , , ,6,25,2019,240.58972554180403,93.0,966.0
2019302N11118,2019,92,NI,BB,BULBUL:MATMO,2019-11-09 12:00:00,TS,21.2,88.1,70,982,newdelhi,main,45,22,O____O_________,jtwc_wp,WP232019,21.1,88.0, ,TY,100,959,3,90,70,60,90,45,32,26,45,23,16,13,23,1008,180,20, , , , , , , , , , , , , , , , , , , , , , , , , , , , , , , , , , ,21.2,88.1,VSCS,70,982,4.50000,22, , , , , , , , , , , , , , , , , , , , , , , , , , , , , , , , , , , , , , , , , , , , , , , , , , , , , , , , , , , , , , , , , , , , , , , , , , , , , , , , , , , , , , , , , , ,6,35,2019,274.0637828895323,100.0,959.0
2019302N11118,2019,92,NI,BB,BULBUL:MATMO,2019-11-09 15:00:00,TS,21.4,88.3,60,986,newdelhi,main,22,0,O____O_________,jtwc_wp,WP232019,21.4,88.2, ,TY,105,955,3,80,60,50,80,39,26,20,39, , , , ,1008,180,20, , , , , , , , , , , , , , , , , , , , , , , , , , , , , , , , , , ,21.4,88.3,SCS,60,986,4.50000,18, , , , , , , , , , , , , , , , , , , , , , , , , , , , , , , , , , , , , , , , , , , , , , , , , , , , , , , , , , , , , , , , , , , , , , , , , , , , , , , , , , , , , , , , , , ,7,50,2019,303.06686649625954,105.0,955.0
2019302N11118,2019,92,NI,BB,BULBUL:MATMO,2019-11-09 18:00:00,TS,21.6,88.6,60,990,newdelhi,main,10,0,O____O_________,jtwc_wp,WP232019,21.6,88.6, ,TY,95,964,2,80,50,50,80,38,19,19,38, , , , ,1010,190,20, , , , , , , , , , , , , , , , , , , , , , , , , , , , , , , , , , ,21.6,88.6,SCS,60,990,0.00000,18, , , , , , , , , , , , , , , , , , , , , , , , , , , , , , , , , , , , , , , , , , , , , , , , , , , , , , , , , , , , , , , , , , , , , , , , , , , , , , , , , , , , , , , , , , ,9,60,2019,341.1086026545934,95.0,964.0
2019302N11118,2019,92,NI,BB,BULBUL:MATMO,2019-11-09 21:00:00,TS,21.8,89.1,50,996,newdelhi,main,0,0,P____O_________, ,WP232019,21.8,89.0, ,TY,83,974,2,80,50,45,80, , , , , , , , ,1010,180,18, , , , , , , , , , , , , , , , , , , , , , , , , , , , , , , , , , ,21.9,89.1,SCS,50,996,0.00000,12, , , , , , , , , , , , , , , , , , , , , , , , , , , , , , , , , , , , , , , , , , , , , , , , , , , , , , , , , , , , , , , , , , , , , , , , , , , , , , , , , , , , , , , , , , ,9,65,2019,396.9309802734086,83.0,974.0
2019302N11118,2019,92,NI,BB,BULBUL:MATMO,2019-11-10 00:00:00,TS,22.0,89.5,45,998,newdelhi,main,0,0,O____O_________,jtwc_wp,WP232019,21.9,89.4, ,TY,70,983,1,80,50,40,80, , , , , , , , ,1009,170,15, , , , , , , , , , , , , , , , , , , , , , , , , , , , , , , , , , ,22.1,89.5,CS,45,998,0.00000,10, , , , , , , , , , , , , , , , , , , , , , , , , , , , , , , , , , , , , , , , , , , , , , , , , , , , , , , , , , , , , , , , , , , , , , , , , , , , , , , , , , , , , , , , , , ,7,65,2019,443.7993639403655,70.0,983.0
2019302N11118,2019,92,NI,BB,BULBUL:MATMO,2019-11-10 03:00:00,TS,22.2,89.8,40,1000,newdelhi,main,0,0,P____O_________, ,WP232019,22.1,89.8, ,TY,63,988,0,70,50,40,55, , , , , , , , ,1009,170,15, , , , , , , , , , , , , , , , , , , , , , , , , , , , , , , , , , ,22.2,89.7,CS,40,1000,0.00000,8, , , , , , , , , , , , , , , , , , , , , , , , , , , , , , , , , , , , , , , , , , , , , , , , , , , , , , , , , , , , , , , , , , , , , , , , , , , , , , , , , , , , , , , , , , ,7,65,2019,481.65796589305336,63.0,988.0
2019302N11118,2019,92,NI,BB,BULBUL:MATMO,2019-11-10 06:00:00,TS,22.3,90.1,40,1000,newdelhi,main,0,0,O____O_________,jtwc_wp,WP232019,22.3,90.2, ,TS,55,993,0,60,50,40,30, , , , , , , , ,1009,170,15, , , , , , , , , , , , , , , , , , , , , , , , , , , , , , , , , , ,22.3,90.0,CS,40,1000,0.00000,8, , , , , , , , , , , , , , , , , , , , , , , , , , , , , , , , , , , , , , , , , , , , , , , , , , , , , , , , , , , , , , , , , , , , , , , , , , , , , , , , , , , , , , , , , , ,6,60,2019,514.0138237876178,55.0,993.0
2019302N11118,2019,92,NI,BB,BULBUL:MATMO,2019-11-10 09:00:00,TS,22.4,90.3,30,1002,newdelhi,main,0,0,P____O_________, ,WP232019,22.5,90.5, ,TS,48,997,0,55,45,35,25, , , , , , , , ,1009,170,18, , , , , , , , , , , , , , , , , , , , , , , , , , , , , , , , , , ,22.4,90.1,DD,30,1002,0.00000,6, , , , , , , , , , , , , , , , , , , , , , , , , , , , , , , , , , , , , , , , , , , , , , , , , , , , , , , , , , , , , , , , , , , , , , , , , , , , , , , , , , , , , , , , , , ,5,60,2019,537.3941685521082,48.0,997.0
2019302N11118,2019,92,NI,BB,BULBUL:MATMO,2019-11-10 12:00:00,TS,22.6,90.6,30,1002,newdelhi,main,0,0,O____O_________,jtwc_wp,WP232019,22.6,90.7, ,TS,40,1001,0,50,40,30,20, , , , , , , , ,1008,170,20, , , , , , , , , , , , , , , , , , , , , , , , , , , , , , , , , , ,22.5,90.4,DD,30,1002,0.00000,5, , , , , , , , , , , , , , , , , , , , , , , , , , , , , , , , , , , , , , , , , , , , , , , , , , , , , , , , , , , , , , , , , , , , , , , , , , , , , , , , , , , , , , , , , , ,5,65,2019,575.1400606267608,40.0,1001.0
2019302N11118,2019,92,NI,BB,BULBUL:MATMO,2019-11-10 15:00:00,TS,22.6,90.8, , , ,main,10,0,P____P_________, ,WP232019,22.7,90.9, ,TS,35,1004,0,25,20,15,10, , , , , , , , ,1008,153,20, , , , , , , , , , , , , , , , , , , , , , , , , , , , , , , , , , ,22.6,90.8,DD,30,1002, ,5, , , , , , , , , , , , , , , , , , , , , , , , , , , , , , , , , , , , , , , , , , , , , , , , , , , , , , , , , , , , , , , , , , , , , , , , , , , , , , , , , , , , , , , , , , ,5,70,2019,593.1389177661971,35.0,1004.0
2019302N11118,2019,92,NI,BB,BULBUL:MATMO,2019-11-10 18:00:00,TS,22.8,91.1,30,1002,newdelhi,main,0,0,O____O_________,jtwc_wp,WP232019,22.8,91.0, ,TD,30,1006,-1, , , , , , , , , , , , ,1008,135,20, , , , , , , , , , , , , , , , , , , , , , , , , , , , , , , , , , ,22.7,91.2,DD,30,1002,0.00000,5, , , , , , , , , , , , , , , , , , , , , , , , , , , , , , , , , , , , , , , , , , , , , , , , , , , , , , , , , , , , , , , , , , , , , , , , , , , , , , , , , , , , , , , , , , ,5,60,2019,630.7883632039703,30.0,1006.0
2019302N11118,2019,92,NI,BB,BULBUL:MATMO,2019-11-10 21:00:00,TS,22.9,91.3, , , ,main,0,0,P____P_________, ,WP232019,22.9,91.1, ,TD,25,1007,-1, , , , , , , , , , , , ,1008,135,20, , , , , , , , , , , , , , , , , , , , , , , , , , , , , , , , , , ,22.9,91.6,DD,25,1003, ,4, , , , , , , , , , , , , , , , , , , , , , , , , , , , , , , , , , , , , , , , , , , , , , , , , , , , , , , , , , , , , , , , , , , , , , , , , , , , , , , , , , , , , , , , , , ,5,45,2019,654.1043878057955,25.0,1007.0
2019302N11118,2019,92,NI,BB,BULBUL:MATMO,2019-11-11 00:00:00,MX,23.1,91.5,20,1004,newdelhi,main,0, ,O____O_________,jtwc_wp,WP232019,23.1,91.1, ,DB,20,1007,-3, , , , , , , , , , , , ,1008,135,20, , , , , , , , , , , , , , , , , , , , , , , , , , , , , , , , , , ,23.1,91.9,D,20,1004,0.00000,3, , , , , , , , , , , , , , , , , , , , , , , , , , , , , , , , , , , , , , , , , , , , , , , , , , , , , , , , , , , , , , , , , , , , , , , , , , , , , , , , , , , , , , , , , , ,5,40,2019,682.7702460230993,20.0,1007.0
2020136N10088,2020,25,NI,BB,AMPHAN,2020-05-15 06:00:00,DS,9.5,87.5, , , ,main,662,641,O______________,jtwc_io,IO012020,9.5,87.5, ,DB,20,1007,-3, , , , , , , , , , , , ,1006,150,50, , , , , , , , , , , , , , , , , , , , , , , , , , , , , , , , , , , , , , , , , , , , , , , , , , , , , , , , , , , , , , , , , , , , , , , , , , , , , , , , , , , , , , , , , , , , , , , , , , , , , , , , , , , , , , , , , , , , , , , , , , , , , , , , , , , ,5,270,2020,1181.7227714210921,20.0,1007.0
2020136N10088,2020,25,NI,BB,AMPHAN,2020-05-15 09:00:00,DS,9.5,87.2, , , ,main,631,610,P______________, ,IO012020,9.5,87.2, ,DB,25,1005,-3, , , , , , , , , , , , ,1006,150,50, , , , , , , , , , , , , , , , , , , , , , , , , , , , , , , , , , , , , , , , , , , , , , , , , , , , , , , , , , , , , , , , , , , , , , , , , , , , , , , , , , , , , , , , , , , , , , , , , , , , , , , , , , , , , , , , , , , , , , , , , , , , , , , , , , , ,5,270,2020,1177.1795747163305,25.0,1005.0
2020136N10088,2020,25,NI,BB,AMPHAN,2020-05-15 12:00:00,TS,9.5,87.0, , , ,main,610,589,O______________,jtwc_io,IO012020,9.5,87.0, ,TD,30,1002,-1, , , , , , , , , , , , ,1006,150,50, , , , , , , , , , , , , , , , , , , , , , , , , , , , , , , , , , , , , , , , , , , , , , , , , , , , , , , , , , , , , , , , , , , , , , , , , , , , , , , , , , , , , , , , , , , , , , , , , , , , , , , , , , , , , , , , , , , , , , , , , , , , , , , , , , , ,5,265,2020,1174.631627088356,30.0,1002.0
2020136N10088,2020,25,NI,BB,AMPHAN,2020-05-15 15:00:00,TS,9.5,86.8, , , ,main,589,569,P______________, ,IO012020,9.5,86.8, ,TD,30,1002,-1, , , , , , , , , , , , ,1006,150,50, , , , , , , , , , , , , , , , , , , , , , , , , , , , , , , , , , , , , , , , , , , , , , , , , , , , , , , , , , , , , , , , , , , , , , , , , , , , , , , , , , , , , , , , , , , , , , , , , , , , , , , , , , , , , , , , , , , , , , , , , , , , , , , , , , , ,4,270,2020,1172.4713431390105,30.0,1002.0
2020136N10088,2020,25,NI,BB,AMPHAN,2020-05-15 18:00:00,TS,9.5,86.6, , , ,main,569,559,O______________,jtwc_io,IO012020,9.5,86.6, ,TD,30,1001,-1, , , , , , , , , , , , ,1006,150,50, , , , , , , , , , , , , , , , , , , , , , , , , , , , , , , , , , , , , , , , , , , , , , , , , , , , , , , , , , , , , , , , , , , , , , , , , , , , , , , , , , , , , , , , , , , , , , , , , , , , , , , , , , , , , , , , , , , , , , , , , , , , , , , , , , , ,3,285,2020,1170.7008706663198,30.0,1001.0
2020136N10088,2020,25,NI,BB,AMPHAN,2020-05-15 21:00:00,TS,9.6,86.5, , , ,main,563,553,P______________, ,IO012020,9.6,86.5, ,TD,33,1000,-1, , , , , , , , , , , , ,1006,150,55, , , , , , , , , , , , , , , , , , , , , , , , , , , , , , , , , , , , , , , , , , , , , , , , , , , , , , , , , , , , , , , , , , , , , , , , , , , , , , , , , , , , , , , , , , , , , , , , , , , , , , , , , , , , , , , , , , , , , , , , , , , , , , , , , , , ,4,335,2020,1158.8650942772922,33.0,1000.0
2020136N10088,2020,25,NI,BB,AMPHAN,2020-05-16 00:00:00,TS,9.8,86.4,25,1000,newdelhi,main,562,557,O____O_________,jtwc_io,IO012020,9.7,86.3, ,TS,35,999,0,50,25,60,110, , , , , , , , ,1006,150,60, , , , , , , , , , , , , , , , , , , , , , , , , , , , , , , , , , ,10.4,87.0,D,25,1000,1.50000,3, , , , , , , , , , , , , , , , , , , , , , , , , , , , , , , , , , , , , , , , , , , , , , , , , , , , , , , , , , , , , , , , , , , , , , , , , , , , , , , , , , , , , , , , , , ,6,335,2020,1136.0134330045341,35.0,999.0
2020136N10088,2020,25,NI,BB,AMPHAN,2020-05-16 03:00:00,TS,10.1,86.2,25,1000,newdelhi,main,557,552,P____O_________, ,IO012020,9.8,86.1, ,TS,38,998,0,50,28,90,105, , , , , , , , ,1005,183,58, , , , , , , , , , , , , , , , , , , , , , , , , , , , , , , , , , ,10.7,86.5,D,25,1000,1.50000,3, , , , , , , , , , , , , , , , , , , , , , , , , , , , , , , , , , , , , , , , , , , , , , , , , , , , , , , , , , , , , , , , , , , , , , , , , , , , , , , , , , , , , , , , , , ,6,325,2020,1101.6648787276517,38.0,998.0
2020136N10088,2020,25,NI,BB,AMPHAN,2020-05-16 06:00:00,TS,10.3,86.1,25,1000,newdelhi,main,557,557,O____O_________,jtwc_io,IO012020,9.9,85.9, ,TS,40,997,0,50,30,120,100, , , , , , , , ,1004,215,55, , , , , , , , , , , , , , , , , , , , , , , , , , , , , , , , , , ,10.9,86.3,D,25,1000,1.50000,3, , , , , , , , , , , , , , , , , , , , , , , , , , , , , , , , , , , , , , , , , , , , , , , , , , , , , , , , , , , , , , , , , , , , , , , , , , , , , , , , , , , , , , , , , , ,4,345,2020,1079.069899274255,40.0,997.0
2020136N10088,2020,25,NI,BB,AMPHAN,2020-05-16 09:00:00,TS,10.5,86.1,30,998,newdelhi,main,567,567,P____O_________, ,IO012020,10.1,85.9, ,TS,45,995,0,50,40,120,105, , , , , , , , ,1004,218,53, , , , , , , , , , , , , , , , , , , , , , , , , , , , , , , , , , ,10.9,86.3,DD,30,998,2.00000,5, , , , , , , , , , , , , , , , , , , , , , , , , , , , , , , , , , , , , , , , , , , , , , , , , , , , , , , , , , , , , , , , , , , , , , , , , , , , , , , , , , , , , , , , , , ,3,15,2020,1056.8405871785505,45.0,995.0
2020136N10088,2020,25,NI,BB,AMPHAN,2020-05-16 12:00:00,TS,10.6,86.2,35,996,newdelhi,main,581,571,O____O_________,jtwc_io,IO012020,10.3,86.0, ,TS,50,992,0,50,50,120,110, , , , , , , , ,1004,220,50, , , , , , , , , , , , , , , , , , , , , , , , , , , , , , , , , , ,10.9,86.3,CS,35,996,2.50000,7, , , , , , , , , , , , , , , , , , , , , , , , , , , , , , , , , , , , , , , , , , , , , , , , , , , , , , , , , , , , , , , , , , , , , , , , , , , , , , , , , , , , , , , , , , ,3,5,2020,1046.1099687343103,50.0,992.0
2020136N10088,2020,25,NI,BB,AMPHAN,2020-05-16 15:00:00,TS,10.8,86.1,40,995,newdelhi,main,581,581,P____O_________, ,IO012020,10.5,86.1, ,TS,53,990,0,50,50,115,113, , , , , , , , ,1004,208,43, , , , , , , , , , , , , , , , , , , , , , , , , , , , , , , , , , ,11.0,86.2,CS,40,995,2.50000,8, , , , , , , , , , , , , , , , , , , , , , , , , , , , , , , , , , , , , , , , , , , , , , , , , , , , , , , , , , , , , , , , , , , , , , , , , , , , , , , , , , , , , , , , , , ,3,350,2020,1023.497399662657,53.0,990.0
2020136N10088,2020,25,NI,BB,AMPHAN,2020-05-16 18:00:00,TS,10.9,86.1,40,995,newdelhi,main,586,586,O____O_________,jtwc_io,IO012020,10.7,86.1, ,TS,55,987,0,50,50,110,115,30,30,80,80, , , , ,1003,195,35, , , , , , , , , , , , , , , , , , , , , , , , , , , , , , , , , , ,11.1,86.1,CS,40,995,2.50000,8, , , , , , , , , , , , , , , , , , , , , , , , , , , , , , , , , , , , , , , , , , , , , , , , , , , , , , , , , , , , , , , , , , , , , , , , , , , , , , , , , , , , , , , , , , ,3,0,2020,1012.3832257044746,55.0,987.0
2020136N10088,2020,25,NI,BB,AMPHAN,2020-05-16 21:00:00,TS,11.1,86.1,45,994,newdelhi,main,597,597,P____O_________, ,IO012020,10.8,86.2, ,TS,58,985,0,53,63,113,118,30,30,83,78, , , , ,1002,203,33, , , , , , , , , , , , , , , , , , , , , , , , , , , , , , , , , , ,11.3,86.1,CS,45,994,3.00000,10, , , , , , , , , , , , , , , , , , , , , , , , , , , , , , , , , , , , , , , , , , , , , , , , , , , , , , , , , , , , , , , , , , , , , , , , , , , , , , , , , , , , , , , , , , ,3,0,2020,990.1552330250375,58.0,985.0
2020136N10088,2020,25,NI,BB,AMPHAN,2020-05-17 00:00:00,TS,11.2,86.1,45,993,newdelhi,main,603,603,O____O_________,jtwc_io,IO012020,11.0,86.2, ,TS,60,982,0,55,75,115,120,30,30,85,75, , , , ,1001,210,30, , , , , , , , , , , , , , , , , , , , , , , , , , , , , , , , , , ,11.4,86.0,CS,45,993,3.00000,11, , , , , , , , , , , , , , , , , , , , , , , , , , , , , , , , , , , , , , , , , , , , , , , , , , , , , , , , , , , , , , , , , , , , , , , , , , , , , , , , , , , , , , , , , , ,2,0,2020,979.0414223694752,60.0,982.0
2020136N10088,2020,25,NI,BB,AMPHAN,2020-05-17 03:00:00,TS,11.3,86.1,50,990,newdelhi,main,609,609,P____O_________, ,IO012020,11.2,86.3, ,TS,65,980,1,65,85,118,130,35,38,88,75,7,7,10,7,1002,220,28, , , , , , , , , , , , , , , , , , , , , , , , , , , , , , , , , , ,11.4,86.0,SCS,50,990,3.00000,12, , , , , , , , , , , , , , , , , , , , , , , , , , , , , , , , , , , , , , , , , , , , , , , , , , , , , , , , , , , , , , , , , , , , , , , , , , , , , , , , , , , , , , , , , , ,3,15,2020,967.9277411891005,65.0,980.0
2020136N10088,2020,25,NI,BB,AMPHAN,2020-05-17 06:00:00,TS,11.5,86.2,55,988,newdelhi,main,630,630,O____O_________,jtwc_io,IO012020,11.4,86.3, ,TY,70,978,1,75,95,120,140,40,45,90,75,15,15,20,15,1003,230,25, , , , , , , , , , , , , , , , , , , , , , , , , , , , , , , , , , ,11.5,86.0,SCS,55,988,3.50000,15, , , , , , , , , , , , , , , , , , , , , , , , , , , , , , , , , , , , , , , , , , , , , , , , , , , , , , , , , , , , , , , , , , , , , , , , , , , , , , , , , , , , , , , , , , ,3,5,2020,946.1236095701059,70.0,978.0
2020136N10088,2020,25,NI,BB,AMPHAN,2020-05-17 09:00:00,TS,11.6,86.2,65,980,newdelhi,main,636,636,P____O_________, ,IO012020,11.6,86.3, ,TY,75,974,1,88,103,135,150,43,45,93,83,18,18,30,20,1003,225,23, , , , , , , , , , , , , , , , , , , , , , , , , , , , , , , , , , ,11.7,86.0,VSCS,65,980,4.00000,22, , , , , , , , , , , , , , , , , , , , , , , , , , , , , , , , , , , , , , , , , , , , , , , , , , , , , , , , , , , , , , , , , , , , , , , , , , , , , , , , , , , , , , , , , , ,5,5,2020,935.0151810158912,75.0,974.0
2020136N10088,2020,25,NI,BB,AMPHAN,2020-05-17 12:00:00,TS,11.9,86.2,70,978,newdelhi,main,654,637,O____O_________,jtwc_io,IO012020,11.8,86.4, ,TY,80,970,1,100,110,150,160,45,45,95,90,20,20,40,25,1003,220,20, , , , , , , , , , , , , , , , , , , , , , , , , , , , , , , , , , ,12.0,86.0,VSCS,70,978,4.00000,25, , , , , , , , , , , , , , , , , , , , , , , , , , , , , , , , , , , , , , , , , , , , , , , , , , , , , , , , , , , , , , , , , , , , , , , , , , , , , , , , , , , , , , , , , , ,9,15,2020,901.6915199235253,80.0,970.0
2020136N10088,2020,25,NI,BB,AMPHAN,2020-05-17 15:00:00,TS,12.5,86.4,75,972,newdelhi,main,636,629,P____O_________, ,IO012020,12.1,86.5, ,TY,100,951,3,105,110,155,170,48,45,90,80,23,28,40,25,1003,223,18, , , , , , , , , , , , , , , , , , , , , , , , , , , , , , , , , , ,12.8,86.2,VSCS,75,972,4.50000,28, , , , , , , , , , , , , , , , , , , , , , , , , , , , , , , , , , , , , , , , , , , , , , , , , , , , , , , , , , , , , , , , , , , , , , , , , , , , , , , , , , , , , , , , , , ,6,15,2020,836.4136439739797,100.0,951.0
2020136N10088,2020,25,NI,BB,AMPHAN,2020-05-17 18:00:00,TS,12.5,86.4,80,970,newdelhi,main,636,612,O____O_________,jtwc_io,IO012020,12.5,86.6, ,TY,120,932,4,110,110,160,180,50,45,85,70,25,35,40,25,1002,225,15,10, , , , , , , , , , , , , , , , , , , , , , , , , , , , , , , , , ,12.5,86.1,VSCS,80,970,4.50000,32, , , , , , , , , , , , , , , , , , , , , , , , , , , , , , , , , , , , , , , , , , , , , , , , , , , , , , , , , , , , , , , , , , , , , , , , , , , , , , , , , , , , , , , , , , ,4,15,2020,836.4136439739797,120.0,932.0
2020136N10088,2020,25,NI,BB,AMPHAN,2020-05-17 21:00:00,TS,12.9,86.5,90,962,newdelhi,main,612,589,P____O_________, ,IO012020,12.8,86.5, ,TY,125,926,4,110,113,165,173,53,48,80,65,28,35,43,28,1001,218,13, , , , , , , , , , , , , , , , , , , , , , , , , , , , , , , , , , ,12.9,86.4,ESCS,90,962,5.00000,40, , , , , , , , , , , , , , , , , , , , , , , , , , , , , , , , , , , , , , , , , , , , , , , , , , , , , , , , , , , , , , , , , , , , , , , , , , , , , , , , , , , , , , , , , , ,7,0,2020,792.9997652071644,125.0,926.0
2020136N10088,2020,25,NI,BB,AMPHAN,2020-05-18 00:00:00,TS,13.2,86.4,100,952,newdelhi,main,582,558,O____O_________,jtwc_io,IO012020,13.1,86.4, ,ST,130,919,4,110,115,170,165,55,50,75,60,30,35,45,30,999,210,10,10, , , , , , , , , , , , , , , , , , , , , , , , , , , , , , , , , ,13.2,86.3,ESCS,100,952,5.50000,50, , , , , , , , , , , , , , , , , , , , , , , , , , , , , , , , , , , , , , , , , , , , , , , , , , , , , , , , , , , , , , , , , , , , , , , , , , , , , , , , , , , , , , , , , , ,5,330,2020,758.8198396368385,130.0,919.0
2020136N10088,2020,25,NI,BB,AMPHAN,2020-05-18 03:00:00,TS,13.3,86.2,115,936,newdelhi,main,558,551,P____O_________, ,IO012020,13.2,86.3, ,ST,135,915,4,110,118,165,160,60,53,73,55,33,38,48,30,999,205,10, , , , , , , , , , , , , , , , , , , , , , , , , , , , , , , , , , ,13.3,86.2,ESCS,115,936,6.00000,66, , , , , , , , , , , , , , , , , , , , , , , , , , , , , , , , , , , , , , , , , , , , , , , , , , , , , , , , , , , , , , , , , , , , , , , , , , , , , , , , , , , , , , , , , , ,3,330,2020,746.221955000312,135.0,915.0
2020136N10088,2020,25,NI,BB,AMPHAN,2020-05-18 06:00:00,TS,13.4,86.2,120,930,newdelhi,main,551,529,O____O_________,jtwc_io,IO012020,13.4,86.2, ,ST,140,911,5,110,120,160,155,65,55,70,50,35,40,50,30,999,200,10,10, , , , , , , , , , , , , , , , , , , , , , , , , , , , , , , , , ,13.4,86.2,SuCS,120,930,6.50000,72, , , , , , , , , , , , , , , , , , , , , , , , , , , , , , , , , , , , , , , , , , , , , , , , , , , , , , , , , , , , , , , , , , , , , , , , , , , , , , , , , , , , , , , , , , ,4,360,2020,735.1202610334093,140.0,911.0
2020136N10088,2020,25,NI,BB,AMPHAN,2020-05-18 09:00:00,TS,13.7,86.2,120,930,newdelhi,main,529,518,P____O_________, ,IO012020,13.7,86.3, ,ST,143,906,5,115,130,163,160,65,58,68,50,40,38,48,33,998,190,10, , , , , , , , , , , , , , , , , , , , , , , , , , , , , , , , , , ,13.7,86.2,SuCS,120,930,6.50000,72, , , , , , , , , , , , , , , , , , , , , , , , , , , , , , , , , , , , , , , , , , , , , , , , , , , , , , , , , , , , , , , , , , , , , , , , , , , , , , , , , , , , , , , , , , ,7,15,2020,701.8185451831527,143.0,906.0
2020136N10088,2020,25,NI,BB,AMPHAN,2020-05-18 12:00:00,TS,14.1,86.4,125,926,newdelhi,main,520,487,O____O_________,jtwc_io,IO012020,14.1,86.4, ,ST,145,901,5,120,140,165,165,65,60,65,50,45,35,45,35,997,180,10,10, , , , , , , , , , , , , , , , , , , , , , , , , , , , , , , , , ,14.0,86.3,SuCS,125,926,6.50000,76, , , , , , , , , , , , , , , , , , , , , , , , , , , , , , , , , , , , , , , , , , , , , , , , , , , , , , , , , , , , , , , , , , , , , , , , , , , , , , , , , , , , , , , , , , ,8,15,2020,659.1400183776491,145.0,901.0
2020136N10088,2020,25,NI,BB,AMPHAN,2020-05-18 15:00:00,TS,14.5,86.5,125,926,newdelhi,main,494,467,P____O_________, ,IO012020,14.4,86.5, ,ST,143,906,5,130,148,170,173,68,65,60,50,43,35,43,33,999,193,10, , , , , , , , , , , , , , , , , , , , , , , , , , , , , , , , , , ,14.5,86.4,SuCS,125,926,6.50000,76, , , , , , , , , , , , , , , , , , , , , , , , , , , , , , , , , , , , , , , , , , , , , , , , , , , , , , , , , , , , , , , , , , , , , , , , , , , , , , , , , , , , , , , , , , ,8,15,2020,616.0687437362537,143.0,906.0
2020136N10088,2020,25,NI,BB,AMPHAN,2020-05-18 18:00:00,TS,14.9,86.6,130,920,newdelhi,main,464,446,O____O_________,jtwc_io,IO012020,14.8,86.6, ,ST,140,910,5,140,155,175,180,70,70,55,50,40,35,40,30,1000,205,10,10, , , , , , , , , , , , , , , , , , , , , , , , , , , , , , , , , ,14.9,86.5,SuCS,130,920,6.50000,84, , , , , , , , , , , , , , , , , , , , , , , , , , , , , , , , , , , , , , , , , , , , , , , , , , , , , , , , , , , , , , , , , , , , , , , , , , , , , , , , , , , , , , , , , , ,7,15,2020,573.4031279759179,140.0,910.0
2020136N10088,2020,25,NI,BB,AMPHAN,2020-05-18 21:00:00,TS,15.2,86.7,130,920,newdelhi,main,443,418,P____O_________, ,IO012020,15.1,86.7, ,ST,133,918,4,153,160,178,183,70,73,53,50,38,35,35,28,1000,208,11, , , , , , , , , , , , , , , , , , , , , , , , , , , , , , , , , , ,15.2,86.6,SuCS,130,920,6.50000,84, , , , , , , , , , , , , , , , , , , , , , , , , , , , , , , , , , , , , , , , , , , , , , , , , , , , , , , , , , , , , , , , , , , , , , , , , , , , , , , , , , , , , , , , , , ,7,15,2020,542.1865284968518,133.0,918.0
2020136N10088,2020,25,NI,BB,AMPHAN,2020-05-19 00:00:00,TS,15.6,86.8,125,926,newdelhi,main,416,385,O____O_________,jtwc_io,IO012020,15.5,86.8, ,TY,125,925,4,165,165,180,185,70,75,50,50,35,35,30,25,999,210,12,15, , , , , , , , , , , , , , , , , , , , , , , , , , , , , , , , , ,15.6,86.7,SuCS,125,926,6.50000,76, , , , , , , , , , , , , , , , , , , , , , , , , , , , , , , , , , , , , , , , , , , , , , , , , , , , , , , , , , , , , , , , , , , , , , , , , , , , , , , , , , , , , , , , , , ,9,15,2020,500.5743761814342,125.0,925.0
2020136N10088,2020,25,NI,BB,AMPHAN,2020-05-19 03:00:00,TS,16.0,86.9,120,930,newdelhi,main,393,354,P____O_________, ,IO012020,16.0,86.9, ,TY,118,933,4,160,165,175,173,73,78,55,55,35,38,30,30,1000,210,11, , , , , , , , , , , , , , , , , , , , , , , , , , , , , , , , , , ,16.0,86.8,SuCS,120,930,6.50000,72, , , , , , , , , , , , , , , , , , , , , , , , , , , , , , , , , , , , , , , , , , , , , , , , , , , , , , , , , , , , , , , , , , , , , , , , , , , , , , , , , , , , , , , , , , ,10,10,2020,459.7324176152093,118.0,933.0
2020136N10088,2020,25,NI,BB,AMPHAN,2020-05-19 06:00:00,TS,16.5,87.0,115,936,newdelhi,main,361,331,O____O_________,jtwc_io,IO012020,16.5,87.0, ,TY,110,941,3,155,165,170,160,75,80,60,60,35,40,30,35,1000,210,10,10, , , , , , , , , , , , , , , , , , , , , , , , , , , , , , , , , ,16.5,86.9,ESCS,115,936,6.00000,66, , , , , , , , , , , , , , , , , , , , , , , , , , , , , , , , , , , , , , , , , , , , , , , , , , , , , , , , , , , , , , , , , , , , , , , , , , , , , , , , , , , , , , , , , , ,10,5,2020,409.2854998550909,110.0,941.0
2020136N10088,2020,25,NI,BB,AMPHAN,2020-05-19 09:00:00,TS,16.9,87.0,110,942,newdelhi,main,324,304,P____O_________, ,IO012020,16.9,87.1, ,TY,108,944,3,150,165,165,150,78,83,65,60,35,40,30,35,1000,195,10, , , , , , , , , , , , , , , , , , , , , , , , , , , , , , , , , , ,17.0,86.9,ESCS,110,942,6.00000,60, , , , , , , , , , , , , , , , , , , , , , , , , , , , , , , , , , , , , , , , , , , , , , , , , , , , , , , , , , , , , , , , , , , , , , , , , , , , , , , , , , , , , , , , , , ,9,5,2020,367.2017205815001,108.0,944.0
2020136N10088,2020,25,NI,BB,AMPHAN,2020-05-19 12:00:00,TS,17.3,87.1,105,946,newdelhi,main,298,246,O____O_________,jtwc_io,IO012020,17.3,87.1, ,TY,105,946,3,145,165,160,140,80,85,70,60,35,40,30,35,1000,180,10,10, , , , , , , , , , , , , , , , , , , , , , , , , , , , , , , , , ,17.4,87.0,ESCS,105,946,5.50000,56, , , , , , , , , , , , , , , , , , , , , , , , , , , , , , , , , , , , , , , , , , , , , , , , , , , , , , , , , , , , , , , , , , , , , , , , , , , , , , , , , , , , , , , , , , ,10,5,2020,329.9847234323639,105.0,946.0
2020136N10088,2020,25,NI,BB,AMPHAN,2020-05-19 15:00:00,TS,17.9,87.1,100,948,newdelhi,main,246,207,P____O_________, ,IO012020,17.8,87.1, ,TY,105,946,3,140,163,158,130,83,88,73,68,38,43,33,30,1000,190,10, , , , , , , , , , , , , , , , , , , , , , , , , , , , , , , , , , ,18.1,87.1,ESCS,100,948,5.50000,50, , , , , , , , , , , , , , , , , , , , , , , , , , , , , , , , , , , , , , , , , , , , , , , , , , , , , , , , , , , , , , , , , , , , , , , , , , , , , , , , , , , , , , , , , , ,10,10,2020,270.5841231001469,105.0,946.0
2020136N10088,2020,25,NI,BB,AMPHAN,2020-05-19 18:00:00,TS,18.3,87.2,100,948,newdelhi,main,197,167,O____O_________,jtwc_io,IO012020,18.3,87.2, ,TY,105,945,3,135,160,155,120,85,90,75,75,40,45,35,25,999,200,10, , , , , , , , , , , , , , , , , , , , , , , , , , , , , , , , , , ,18.4,87.2,ESCS,100,948,5.50000,50, , , , , , , , , , , , , , , , , , , , , , , , , , , , , , , , , , , , , , , , , , , , , , , , , , , , , , , , , , , , , , , , , , , , , , , , , , , , , , , , , , , , , , , , , , ,8,10,2020,239.49272476187403,105.0,945.0
2020136N10088,2020,25,NI,BB,AMPHAN,2020-05-19 21:00:00,TS,18.7,87.3,100,948,newdelhi,main,173,153,P____O_________, ,IO012020,18.7,87.3, ,TY,103,946,3,130,158,153,110,80,88,73,70,43,45,35,25,998,195,10, , , , , , , , , , , , , , , , , , , , , , , , , , , , , , , , , , ,18.7,87.2,ESCS,100,948,5.50000,50, , , , , , , , , , , , , , , , , , , , , , , , , , , , , , , , , , , , , , , , , , , , , , , , , , , , , , , , , , , , , , , , , , , , , , , , , , , , , , , , , , , , , , , , , , ,9,20,2020,213.68106379693216,103.0,946.0
2020136N10088,2020,25,NI,BB,AMPHAN,2020-05-20 00:00:00,TS,19.2,87.5,95,952,newdelhi,main,145,118,O____O_________,jtwc_io,IO012020,19.2,87.5, ,TY,100,947,3,125,155,150,100,75,85,70,65,45,45,35,25,997,190,10, , , , , , , , , , , , , , , , , , , , , , , , , , , , , , , , , , ,19.1,87.5,ESCS,95,952,5.00000,46, , , , , , , , , , , , , , , , , , , , , , , , , , , , , , , , , , , , , , , , , , , , , , , , , , , , , , , , , , , , , , , , , , , , , , , , , , , , , , , , , , , , , , , , , , ,12,20,2020,199.05805360101144,100.0,947.0
2020136N10088,2020,25,NI,BB,AMPHAN,2020-05-20 03:00:00,TS,19.8,87.7,95,954,newdelhi,main,118,96,P____O_________, ,IO012020,19.8,87.7, ,TY,98,950,3,118,153,145,83,63,80,58,53,33,38,25,20,997,178,10, , , , , , , , , , , , , , , , , , , , , , , , , , , , , , , , , , ,19.8,87.7,ESCS,95,954,5.00000,44, , , , , , , , , , , , , , , , , , , , , , , , , , , , , , , , , , , , , , , , , , , , , , , , , , , , , , , , , , , , , , , , , , , , , , , , , , , , , , , , , , , , , , , , , , ,15,15,2020,199.89475050282695,98.0,950.0
2020136N10088,2020,25,NI,BB,AMPHAN,2020-05-20 06:00:00,TS,20.6,88.0,90,956,newdelhi,main,104,35,O____O_________,jtwc_io,IO012020,20.5,87.9, ,TY,95,953,2,110,150,140,65,50,75,45,40,20,30,15,15,997,165,10, , , , , , , , , , , , , , , , , , , , , , , , , , , , , , , , , , ,20.6,88.0,ESCS,90,956,5.00000,42, , , , , , , , , , , , , , , , , , , , , , , , , , , , , , , , , , , , , , , , , , , , , , , , , , , , , , , , , , , , , , , , , , , , , , , , , , , , , , , , , , , , , , , , , , ,16,15,2020,238.935070417784,95.0,953.0
2020136N10088,2020,25,NI,BB,AMPHAN,2020-05-20 09:00:00,TS,21.4,88.1,90,960,newdelhi,main,24,0,P____O_________, ,IO012020,21.3,88.1, ,TY,95,954,2,105,148,120,55,43,68,40,38,18,28,13,13,997,160,10, , , , , , , , , , , , , , , , , , , , , , , , , , , , , , , , , , ,21.4,88.1,ESCS,90,960,5.00000,42, , , , , , , , , , , , , , , , , , , , , , , , , , , , , , , , , , , , , , , , , , , , , , , , , , , , , , , , , , , , , , , , , , , , , , , , , , , , , , , , , , , , , , , , , , ,16,15,2020,285.41892546611456,95.0,954.0
2020136N10088,2020,25,NI,BB,AMPHAN,2020-05-20 12:00:00,TS,22.1,88.4,85,957,newdelhi,main,0,0,O____O_________,jtwc_io,IO012020,22.2,88.3, ,TY,95,954,2,100,145,100,45,35,60,35,35,15,25,10,10,997,155,10, , , , , , , , , , , , , , , , , , , , , , , , , , , , , , , , , , ,21.9,88.4,VSCS,85,957,0.00000,36, , , , , , , , , , , , , , , , , , , , , , , , , , , , , , , , , , , , , , , , , , , , , , , , , , , , , , , , , , , , , , , , , , , , , , , , , , , , , , , , , , , , , , , , , , ,16,20,2020,356.8091837480816,95.0,954.0
2020136N10088,2020,25,NI,BB,AMPHAN,2020-05-20 15:00:00,TS,22.8,88.6,65,968,newdelhi,main,0,0,P____O_________, ,IO012020,23.0,88.7, ,TY,83,964,2,98,143,100,43,35,45,33,30,13,18,10,10,999,168,10, , , , , , , , , , , , , , , , , , , , , , , , , , , , , , , , , , ,22.7,88.6,VSCS,65,968,0.00000,34, , , , , , , , , , , , , , , , , , , , , , , , , , , , , , , , , , , , , , , , , , , , , , , , , , , , , , , , , , , , , , , , , , , , , , , , , , , , , , , , , , , , , , , , , , ,16,25,2020,425.3705918442445,83.0,964.0
2020136N10088,2020,25,NI,BB,AMPHAN,2020-05-20 18:00:00,TS,23.5,89.1,50,978,newdelhi,main,0,0,O____O_________,jtwc_io,IO012020,23.7,89.1, ,TY,70,974,1,95,140,100,40,35,30,30,25,10,10,10,10,1000,180,10, , , , , , , , , , , , , , , , , , , , , , , , , , , , , , , , , , ,23.3,89.0,SCS,50,978,0.00000,14, , , , , , , , , , , , , , , , , , , , , , , , , , , , , , , , , , , , , , , , , , , , , , , , , , , , , , , , , , , , , , , , , , , , , , , , , , , , , , , , , , , , , , , , , , ,16,20,2020,517.2654780775945,70.0,974.0
2020136N10088,2020,25,NI,BB,AMPHAN,2020-05-20 21:00:00,TS,24.3,89.3,45,986,newdelhi,main,0,0,P____O_________, ,IO012020,24.5,89.6, ,TY,60,979,0, , , , , , , , , , , , ,1000,180,10, , , , , , , , , , , , , , , , , , , , , , , , , , , , , , , , , , ,24.2,89.0,CS,45,986,0.00000,12, , , , , , , , , , , , , , , , , , , , , , , , , , , , , , , , , , , , , , , , , , , , , , , , , , , , , , , , , , , , , , , , , , , , , , , , , , , , , , , , , , , , , , , , , , ,13,25,2020,598.7076719231402,60.0,979.0
2020136N10088,2020,25,NI,BB,AMPHAN,2020-05-21 00:00:00,TS,24.6,89.6,40,988,newdelhi,main,0,0,O____O_________,jtwc_io,IO012020,25.2,90.1, ,TS,50,984,0, , , , , , , , , , , , ,1000,180,10, , , , , , , , , , , , , , , , , , , , , , , , , , , , , , , , , , ,24.2,89.3,CS,40,988,0.00000,10, , , , , , , , , , , , , , , , , , , , , , , , , , , , , , , , , , , , , , , , , , , , , , , , , , , , , , , , , , , , , , , , , , , , , , , , , , , , , , , , , , , , , , , , , , ,10,35,2020,643.6849663932708,50.0,984.0
2020136N10088,2020,25,NI,BB,AMPHAN,2020-05-21 03:00:00,TS,25.1,89.9,35,990,newdelhi,main,0,0,P____O_________, ,IO012020,25.9,90.7, ,TS,40,992,0, , , , , , , , , , , , ,1000,180,18, , , , , , , , , , , , , , , , , , , , , , , , , , , , , , , , , , ,24.7,89.5,CS,35,990,0.00000,8, , , , , , , , , , , , , , , , , , , , , , , , , , , , , , , , , , , , , , , , , , , , , , , , , , , , , , , , , , , , , , , , , , , , , , , , , , , , , , , , , , , , , , , , , , ,8,25,2020,706.176042042598,40.0,992.0
2020136N10088,2020,25,NI,BB,AMPHAN,2020-05-21 06:00:00,TS,25.4,90.1,30,992,newdelhi,main,0,0,O____O_________,jtwc_io,IO012020,26.5,91.4, ,TD,30,1000,-1, , , , , , , , , , , , ,1000,180,25, , , , , , , , , , , , , , , , , , , , , , , , , , , , , , , , , , ,25.0,89.6,DD,30,992,0.00000,6, , , , , , , , , , , , , , , , , , , , , , , , , , , , , , , , , , , , , , , , , , , , , , , , , , , , , , , , , , , , , , , , , , , , , , , , , , , , , , , , , , , , , , , , , , ,3,295,2020,744.902547884853,30.0,1000.0
2020136N10088,2020,25,NI,BB,AMPHAN,2020-05-21 09:00:00,TS,25.2,89.6, , , ,main,0,0,_____P_________, ,IO012020, , , ,TD, , ,-5, , , , , , , , , , , , , , , , , , , , , , , , , , , , , , , , , , , , , , , , , , , , , , , , , ,25.2,89.6,DD,25,994, ,5, , , , , , , , , , , , , , , , , , , , , , , , , , , , , , , , , , , , , , , , , , , , , , , , , , , , , , , , , , , , , , , , , , , , , , , , , , , , , , , , , , , , , , , , , , ,4,275,2020,697.378801178773,,
2020136N10088,2020,25,NI,BB,AMPHAN,2020-05-21 12:00:00,TS,25.4,89.6,20,995,newdelhi,main,0, ,_____O_________, , , , , , , , ,-5, , , , , , , , , , , , , , , , , , , , , , , , , , , , , , , , , , , , , , , , , , , , , , , , , ,25.4,89.6,D,20,995,0.00000,4, , , , , , , , , , , , , , , , , , , , , , , , , , , , , , , , , , , , , , , , , , , , , , , , , , , , , , , , , , , , , , , , , , , , , , , , , , , , , , , , , , , , , , , , , , ,4,0,2020,715.7619703721011,20.0,995.0
2020296N19087,2020,98,NI,BB,UNNAMED,2020-10-22 03:00:00,TS,18.7,87.0,20,999,newdelhi,main,158,128,_____O_________, , , , , , , , ,-5, , , , , , , , , , , , , , , , , , , , , , , , , , , , , , , , , , , , , , , , , , , , , , , , , ,18.7,87.0,D,20,999,1.50000,3, , , , , , , , , , , , , , , , , , , , , , , , , , , , , , , , , , , , , , , , , , , , , , , , , , , , , , , , , , , , , , , , , , , , , , , , , , , , , , , , , , , , , , , , , , ,6,0,2020,191.68887586122324,20.0,999.0
2020296N19087,2020,98,NI,BB,UNNAMED,2020-10-22 06:00:00,TS,19.0,87.0,25,998,newdelhi,main,128,107,_____O_________, , , , , , , , ,-5, , , , , , , , , , , , , , , , , , , , , , , , , , , , , , , , , , , , , , , , , , , , , , , , , ,19.0,87.0,D,25,998,1.50000,4, , , , , , , , , , , , , , , , , , , , , , , , , , , , , , , , , , , , , , , , , , , , , , , , , , , , , , , , , , , , , , , , , , , , , , , , , , , , , , , , , , , , , , , , , , ,7,10,2020,167.88206854599036,25.0,998.0
2020296N19087,2020,98,NI,BB,UNNAMED,2020-10-22 09:00:00,TS,19.4,87.1, , , ,main,99,91,_____P_________, , , , , , , , ,-5, , , , , , , , , , , , , , , , , , , , , , , , , , , , , , , , , , , , , , , , , , , , , , , , , ,19.4,87.1,D,25,998, ,4, , , , , , , , , , , , , , , , , , , , , , , , , , , , , , , , , , , , , , , , , , , , , , , , , , , , , , , , , , , , , , , , , , , , , , , , , , , , , , , , , , , , , , , , , , ,8,20,2020,151.56539949831165,,
2020296N19087,2020,98,NI,BB,UNNAMED,2020-10-22 12:00:00,TS,19.7,87.3,25,998,newdelhi,main,91,83,_____O_________, , , , , , , , ,-5, , , , , , , , , , , , , , , , , , , , , , , , , , , , , , , , , , , , , , , , , , , , , , , , , ,19.7,87.3,D,25,998,1.50000,4, , , , , , , , , , , , , , , , , , , , , , , , , , , , , , , , , , , , , , , , , , , , , , , , , , , , , , , , , , , , , , , , , , , , , , , , , , , , , , , , , , , , , , , , , , ,6,25,2020,160.38900006910177,25.0,998.0
2020296N19087,2020,98,NI,BB,UNNAMED,2020-10-22 15:00:00,TS,19.9,87.4, , , ,main,85,80,_____P_________, , , , , , , , ,-5, , , , , , , , , , , , , , , , , , , , , , , , , , , , , , , , , , , , , , , , , , , , , , , , , ,19.9,87.4,D,25,998, ,4, , , , , , , , , , , , , , , , , , , , , , , , , , , , , , , , , , , , , , , , , , , , , , , , , , , , , , , , , , , , , , , , , , , , , , , , , , , , , , , , , , , , , , , , , , ,6,30,2020,167.60411991463803,,
2020296N19087,2020,98,NI,BB,UNNAMED,2020-10-22 18:00:00,TS,20.2,87.6,25,998,newdelhi,main,83,76,_____O_________, , , , , , , , ,-5, , , , , , , , , , , , , , , , , , , , , , , , , , , , , , , , , , , , , , , , , , , , , , , , , ,20.2,87.6,D,25,998,1.50000,4, , , , , , , , , , , , , , , , , , , , , , , , , , , , , , , , , , , , , , , , , , , , , , , , , , , , , , , , , , , , , , , , , , , , , , , , , , , , , , , , , , , , , , , , , , ,9,30,2020,189.2705462863991,25.0,998.0
2020296N19087,2020,98,NI,BB,UNNAMED,2020-10-22 21:00:00,TS,20.7,87.9, , , ,main,93,44,_____P_________, , , , , , , , ,-5, , , , , , , , , , , , , , , , , , , , , , , , , , , , , , , , , , , , , , , , , , , , , , , , , ,20.7,87.9,D,25,998, ,4, , , , , , , , , , , , , , , , , , , , , , , , , , , , , , , , , , , , , , , , , , , , , , , , , , , , , , , , , , , , , , , , , , , , , , , , , , , , , , , , , , , , , , , , , , ,12,30,2020,232.35657549212033,,
2020296N19087,2020,98,NI,BB,UNNAMED,2020-10-23 00:00:00,TS,21.2,88.2,25,998,newdelhi,main,44,22,_____O_________, , , , , , , , ,-5, , , , , , , , , , , , , , , , , , , , , , , , , , , , , , , , , , , , , , , , , , , , , , , , , ,21.2,88.2,D,25,998,1.50000,4, , , , , , , , , , , , , , , , , , , , , , , , , , , , , , , , , , , , , , , , , , , , , , , , , , , , , , , , , , , , , , , , , , , , , , , , , , , , , , , , , , , , , , , , , , ,8,35,2020,283.2002033669517,25.0,998.0
2020296N19087,2020,98,NI,BB,UNNAMED,2020-10-23 03:00:00,TS,21.4,88.4,25,998,newdelhi,main,22,0,_____O_________, , , , , , , , ,-5, , , , , , , , , , , , , , , , , , , , , , , , , , , , , , , , , , , , , , , , , , , , , , , , , ,21.4,88.4,D,25,998,1.50000,4, , , , , , , , , , , , , , , , , , , , , , , , , , , , , , , , , , , , , , , , , , , , , , , , , , , , , , , , , , , , , , , , , , , , , , , , , , , , , , , , , , , , , , , , , , ,6,30,2020,312.03658428467435,25.0,998.0
2020296N19087,2020,98,NI,BB,UNNAMED,2020-10-23 06:00:00,TS,21.7,88.5,25,998,newdelhi,main,0,0,_____O_________, , , , , , , , ,-5, , , , , , , , , , , , , , , , , , , , , , , , , , , , , , , , , , , , , , , , , , , , , , , , , ,21.7,88.5,D,25,998,1.50000,4, , , , , , , , , , , , , , , , , , , , , , , , , , , , , , , , , , , , , , , , , , , , , , , , , , , , , , , , , , , , , , , , , , , , , , , , , , , , , , , , , , , , , , , , , , ,13,30,2020,338.2899196955093,25.0,998.0
2020296N19087,2020,98,NI,BB,UNNAMED,2020-10-23 09:00:00,TS,22.5,89.1,25,998,newdelhi,main,0,0,_____O_________, , , , , , , , ,-5, , , , , , , , , , , , , , , , , , , , , , , , , , , , , , , , , , , , , , , , , , , , , , , , , ,22.5,89.1,D,25,998,1.50000,4, , , , , , , , , , , , , , , , , , , , , , , , , , , , , , , , , , , , , , , , , , , , , , , , , , , , , , , , , , , , , , , , , , , , , , , , , , , , , , , , , , , , , , , , , , ,19,30,2020,440.68766698065565,25.0,998.0
2020296N19087,2020,98,NI,BB,UNNAMED,2020-10-23 12:00:00,TS,23.3,89.5,20,1000,newdelhi,main,0,0,_____O_________, , , , , , , , ,-5, , , , , , , , , , , , , , , , , , , , , , , , , , , , , , , , , , , , , , , , , , , , , , , , , ,23.3,89.5,D,20,1000,1.50000,3, , , , , , , , , , , , , , , , , , , , , , , , , , , , , , , , , , , , , , , , , , , , , , , , , , , , , , , , , , , , , , , , , , , , , , , , , , , , , , , , , , , , , , , , , , ,14,25,2020,529.9138767927531,20.0,1000.0
2020296N19087,2020,98,NI,BB,UNNAMED,2020-10-23 15:00:00,TS,23.8,89.7, , , ,main,0,0,_____P_________, , , , , , , , ,-5, , , , , , , , , , , , , , , , , , , , , , , , , , , , , , , , , , , , , , , , , , , , , , , , , ,23.8,89.7,D,20,1000, ,3, , , , , , , , , , , , , , , , , , , , , , , , , , , , , , , , , , , , , , , , , , , , , , , , , , , , , , , , , , , , , , , , , , , , , , , , , , , , , , , , , , , , , , , , , , ,8,30,2020,583.388338467007,,
2020296N19087,2020,98,NI,BB,UNNAMED,2020-10-23 18:00:00,TS,24.0,89.9,20,1000,newdelhi,main,0, ,_____O_________, , , , , , , , ,-5, , , , , , , , , , , , , , , , , , , , , , , , , , , , , , , , , , , , , , , , , , , , , , , , , ,24.0,89.9,D,20,1000,1.50000,3, , , , , , , , , , , , , , , , , , , , , , , , , , , , , , , , , , , , , , , , , , , , , , , , , , , , , , , , , , , , , , , , , , , , , , , , , , , , , , , , , , , , , , , , , , ,6,35,2020,613.5042305095008,20.0,1000.0
2021143N15090,2021,32,NI,BB,YAAS,2021-05-23 00:00:00,DS,15.5,90.0, , , ,main,453,453,O______________,jtwc_io,IO022021,15.5,90.0, ,DB,20,1000,-3, , , , , , , , , , , , ,1002,155,55, , , , , , , , , , , , , , , , , , , , , , , , , , , , , , , , , , , , , , , , , , , , , , , , , , , , , , , , , , , , , , , , , , , , , , , , , , , , , , , , , , , , , , , , , , , , , , , , , , , , , , , , , , , , , , , , , , , , , , , , , , , , , , , , , , , ,3,245,2021,669.381230596124,20.0,1000.0
2021143N15090,2021,32,NI,BB,YAAS,2021-05-23 03:00:00,DS,15.4,89.9, , , ,main,465,465,P______________, ,IO022021,15.4,89.9, ,DB,23,999,-3, , , , , , , , , , , , ,1002,173,53, , , , , , , , , , , , , , , , , , , , , , , , , , , , , , , , , , , , , , , , , , , , , , , , , , , , , , , , , , , , , , , , , , , , , , , , , , , , , , , , , , , , , , , , , , , , , , , , , , , , , , , , , , , , , , , , , , , , , , , , , , , , , , , , , , , ,2,295,2021,670.9104649031194,23.0,999.0
2021143N15090,2021,32,NI,BB,YAAS,2021-05-23 06:00:00,TS,15.6,89.8,25,996,newdelhi,main,473,473,O____O_________,jtwc_io,IO022021,15.4,89.7, ,TD,25,998,-1, , , , , , , , , , , , ,1002,190,50, , , , , , , , , , , , , , , , , , , , , , , , , , , , , , , , , , ,16.1,90.2,D,25,996,1.50000,4, , , , , , , , , , , , , , , , , , , , , , , , , , , , , , , , , , , , , , , , , , , , , , , , , , , , , , , , , , , , , , , , , , , , , , , , , , , , , , , , , , , , , , , , , , ,2,325,2021,646.987465575599,25.0,998.0
2021143N15090,2021,32,NI,BB,YAAS,2021-05-23 09:00:00,TS,15.6,89.7, , , ,main,483,482,P____P_________, ,IO022021,15.4,89.5, ,TD,28,997,-1, , , , , , , , , , , , ,1002,190,50, , , , , , , , , , , , , , , , , , , , , , , , , , , , , , , , , , ,16.1,90.0,D,25,995, ,4, , , , , , , , , , , , , , , , , , , , , , , , , , , , , , , , , , , , , , , , , , , , , , , , , , , , , , , , , , , , , , , , , , , , , , , , , , , , , , , , , , , , , , , , , , ,3,310,2021,640.1125900725114,28.0,997.0
2021143N15090,2021,32,NI,BB,YAAS,2021-05-23 12:00:00,TS,15.7,89.6,25,994,newdelhi,main,493,492,O____O_________,jtwc_io,IO022021,15.4,89.4, ,TD,30,995,-1, , , , , , , , , , , , ,1001,190,50, , , , , , , , , , , , , , , , , , , , , , , , , , , , , , , , , , ,16.2,89.9,D,25,994,1.50000,4, , , , , , , , , , , , , , , , , , , , , , , , , , , , , , , , , , , , , , , , , , , , , , , , , , , , , , , , , , , , , , , , , , , , , , , , , , , , , , , , , , , , , , , , , , ,3,310,2021,624.7209533850665,30.0,995.0
2021143N15090,2021,32,NI,BB,YAAS,2021-05-23 15:00:00,TS,15.8,89.5, , , ,main,503,503,P____P_________, ,IO022021,15.4,89.2, ,TD,33,995,-1, , , , , , , , , , , , ,1001,208,55, , , , , , , , , , , , , , , , , , , , , , , , , , , , , , , , , , ,16.3,89.8,D,28,993, ,5, , , , , , , , , , , , , , , , , , , , , , , , , , , , , , , , , , , , , , , , , , , , , , , , , , , , , , , , , , , , , , , , , , , , , , , , , , , , , , , , , , , , , , , , , , ,2,305,2021,609.3343426468286,33.0,995.0
2021143N15090,2021,32,NI,BB,YAAS,2021-05-23 18:00:00,MX,15.8,89.5,30,992,newdelhi,main,502,492,O____O_________,jtwc_io,IO022021,15.4,89.2, ,MD,35,994,-3,25,120,150,150, , , , , , , , ,1001,225,60, , , , , , , , , , , , , , , , , , , , , , , , , , , , , , , , , , ,16.3,89.7,DD,30,992,2.00000,5, , , , , , , , , , , , , , , , , , , , , , , , , , , , , , , , , , , , , , , , , , , , , , , , , , , , , , , , , , , , , , , , , , , , , , , , , , , , , , , , , , , , , , , , , , ,2,30,2021,609.3343426468286,35.0,994.0
2021143N15090,2021,32,NI,BB,YAAS,2021-05-23 21:00:00,MX,16.0,89.6, , , ,main,491,481,P____P_________, ,IO022021,15.6,89.5, ,MD,35,993,-3,38,135,165,158, , , , , , , , ,1001,225,65, , , , , , , , , , , , , , , , , , , , , , , , , , , , , , , , , , ,16.3,89.7,DD,33,991, ,6, , , , , , , , , , , , , , , , , , , , , , , , , , , , , , , , , , , , , , , , , , , , , , , , , , , , , , , , , , , , , , , , , , , , , , , , , , , , , , , , , , , , , , , , , , ,4,45,2021,599.3567309438849,35.0,993.0
2021143N15090,2021,32,NI,BB,YAAS,2021-05-24 00:00:00,TS,16.1,89.8,35,990,newdelhi,main,470,470,O____O_________,jtwc_io,IO022021,16.0,89.8, ,TS,35,991,0,50,150,180,165, , , , , , , , ,1000,225,70, , , , , , , , , , , , , , , , , , , , , , , , , , , , , , , , , , ,16.3,89.7,CS,35,990,2.50000,7, , , , , , , , , , , , , , , , , , , , , , , , , , , , , , , , , , , , , , , , , , , , , , , , , , , , , , , , , , , , , , , , , , , , , , , , , , , , , , , , , , , , , , , , , , ,5,10,2021,605.639774839562,35.0,991.0
2021143N15090,2021,32,NI,BB,YAAS,2021-05-24 03:00:00,TS,16.5,89.7,40,988,newdelhi,main,483,483,P____O_________, ,IO022021,16.4,89.8, ,TS,35,991,0,63,145,180,168, , , , , , , , ,1000,223,70, , , , , , , , , , , , , , , , , , , , , , , , , , , , , , , , , , ,16.5,89.6,CS,40,988,2.50000,8, , , , , , , , , , , , , , , , , , , , , , , , , , , , , , , , , , , , , , , , , , , , , , , , , , , , , , , , , , , , , , , , , , , , , , , , , , , , , , , , , , , , , , , , , , ,5,350,2021,566.5722837949158,35.0,991.0
2021143N15090,2021,32,NI,BB,YAAS,2021-05-24 06:00:00,TS,16.6,89.6,40,988,newdelhi,main,485,483,O____O_________,jtwc_io,IO022021,16.8,89.7, ,TS,35,991,0,75,140,180,170, , , , , , , , ,1000,220,70, , , , , , , , , , , , , , , , , , , , , , , , , , , , , , , , , , ,16.4,89.6,CS,40,988,2.50000,8, , , , , , , , , , , , , , , , , , , , , , , , , , , , , , , , , , , , , , , , , , , , , , , , , , , , , , , , , , , , , , , , , , , , , , , , , , , , , , , , , , , , , , , , , , ,5,345,2021,551.1814586303755,35.0,991.0
2021143N15090,2021,32,NI,BB,YAAS,2021-05-24 09:00:00,TS,16.9,89.6,40,988,newdelhi,main,483,453,P____O_________, ,IO022021,17.0,89.6, ,TS,38,990,0,88,135,180,175, , , , , , , , ,999,210,63, , , , , , , , , , , , , , , , , , , , , , , , , , , , , , , , , , ,16.8,89.5,CS,40,988,2.50000,8, , , , , , , , , , , , , , , , , , , , , , , , , , , , , , , , , , , , , , , , , , , , , , , , , , , , , , , , , , , , , , , , , , , , , , , , , , , , , , , , , , , , , , , , , , ,6,335,2021,528.6031498169872,38.0,990.0
2021143N15090,2021,32,NI,BB,YAAS,2021-05-24 12:00:00,TS,17.2,89.4,45,986,newdelhi,main,445,414,O____O_________,jtwc_io,IO022021,17.2,89.5, ,TS,40,988,0,100,130,180,180, , , , , , , , ,998,200,55, , , , , , , , , , , , , , , , , , , , , , , , , , , , , , , , , , ,17.1,89.3,CS,45,986,3.00000,10, , , , , , , , , , , , , , , , , , , , , , , , , , , , , , , , , , , , , , , , , , , , , , , , , , , , , , , , , , , , , , , , , , , , , , , , , , , , , , , , , , , , , , , , , , ,6,325,2021,490.7466810489093,40.0,988.0
2021143N15090,2021,32,NI,BB,YAAS,2021-05-24 15:00:00,TS,17.4,89.2,45,986,newdelhi,main,414,383,P____O_________, ,IO022021,17.4,89.3, ,TS,45,986,0,120,133,170,150, , , , , , , , ,998,180,53, , , , , , , , , , , , , , , , , , , , , , , , , , , , , , , , , , ,17.4,89.2,CS,45,986,3.00000,10, , , , , , , , , , , , , , , , , , , , , , , , , , , , , , , , , , , , , , , , , , , , , , , , , , , , , , , , , , , , , , , , , , , , , , , , , , , , , , , , , , , , , , , , , , ,6,320,2021,460.2047801515473,45.0,986.0
2021143N15090,2021,32,NI,BB,YAAS,2021-05-24 18:00:00,TS,17.6,89.0,50,984,newdelhi,main,383,360,O____O_________,jtwc_io,IO022021,17.6,89.0, ,TS,50,983,0,140,135,160,120,25,70,70,25, , , , ,998,160,50, , , , , , , , , , , , , , , , , , , , , , , , , , , , , , , , , , ,17.6,89.0,SCS,50,984,3.00000,12, , , , , , , , , , , , , , , , , , , , , , , , , , , , , , , , , , , , , , , , , , , , , , , , , , , , , , , , , , , , , , , , , , , , , , , , , , , , , , , , , , , , , , , , , , ,6,320,2021,429.714325421716,50.0,983.0
2021143N15090,2021,32,NI,BB,YAAS,2021-05-24 21:00:00,TS,17.8,88.9,55,982,newdelhi,main,360,321,P____O_________, ,IO022021,17.9,88.8, ,TS,53,982,0,143,138,148,125,51,72,71,47, , , , ,998,170,40, , , , , , , , , , , , , , , , , , , , , , , , , , , , , , , , , , ,17.8,88.9,SCS,55,982,3.50000,14, , , , , , , , , , , , , , , , , , , , , , , , , , , , , , , , , , , , , , , , , , , , , , , , , , , , , , , , , , , , , , , , , , , , , , , , , , , , , , , , , , , , , , , , , , ,6,325,2021,407.64803187506925,53.0,982.0
2021143N15090,2021,32,NI,BB,YAAS,2021-05-25 00:00:00,TS,18.1,88.6,55,980,newdelhi,main,321,275,O____O_________,jtwc_io,IO022021,18.2,88.7, ,TS,55,981,0,145,140,135,130,77,74,71,68, , , , ,998,180,30, , , , , , , , , , , , , , , , , , , , , , , , , , , , , , , , , , ,18.0,88.6,SCS,55,980,3.50000,16, , , , , , , , , , , , , , , , , , , , , , , , , , , , , , , , , , , , , , , , , , , , , , , , , , , , , , , , , , , , , , , , , , , , , , , , , , , , , , , , ,75, , , , , , , , , ,7,325,2021,362.2594382302392,55.0,981.0
2021143N15090,2021,32,NI,BB,YAAS,2021-05-25 03:00:00,TS,18.4,88.4,55,980,newdelhi,main,275,229,P____O_________, ,IO022021,18.6,88.5, ,TS,55,981,0,163,153,150,135,81,97,96,94, , , , ,999,185,30, , , , , , , , , , , , , , , , , , , , , , , , , , , , , , , , , , ,18.3,88.3,SCS,55,980,3.50000,16, , , , , , , , , , , , , , , , , , , , , , , , , , , , , , , , , , , , , , , , , , , , , , , , , , , , , , , , , , , , , , , , , , , , , , , , , , , , , , , , , , , , , , , , , , ,8,330,2021,325.86446095643964,55.0,981.0
2021143N15090,2021,32,NI,BB,YAAS,2021-05-25 06:00:00,TS,18.8,88.2,60,978,newdelhi,main,229,206,O____O_________,jtwc_io,IO022021,18.9,88.4, ,TS,55,981,0,180,165,165,140,85,120,120,120, , , , ,999,190,30, , , , , , , , , , , , , , , , , , , , , , , , , , , , , , , , , , ,18.7,88.0,SCS,60,978,3.50000,18, , , , , , , , , , , , , , , , , , , , , , , , , , , , , , , , , , , , , , , , , , , , , , , , , , , , , , , , , , , , , , , , , , , , , , , , , , , , , , , , , , , , , , , , , , ,7,345,2021,284.888121232075,55.0,981.0
2021143N15090,2021,32,NI,BB,YAAS,2021-05-25 09:00:00,TS,19.1,88.2,60,978,newdelhi,main,206,180,P____O_________, ,IO022021,19.2,88.4, ,TS,60,978,0,173,160,158,138,85,108,108,108, , , , ,999,203,28, , , , , , , , , , , , , , , , , , , , , , , , , , , , , , , , , , ,19.1,88.1,SCS,60,978,3.50000,18, , , , , , , , , , , , , , , , , , , , , , , , , , , , , , , , , , , , , , , , , , , , , , , , , , , , , , , , , , , , , , , , , , , , , , , , , , , , , , , , , , , , , , , , , , ,7,355,2021,270.65824882138406,60.0,978.0
2021143N15090,2021,32,NI,BB,YAAS,2021-05-25 12:00:00,TS,19.5,88.2,65,976,newdelhi,main,180,137,O____O_________,jtwc_io,IO022021,19.5,88.3, ,TY,65,975,1,165,155,150,135,85,95,95,95,15,25,25,15,998,215,25, , , , , , , , , , , , , , , , , , , , , , , , , , , , , , , , , , ,19.5,88.0,VSCS,65,976,4.00000,20, , , , , , , , , , , , , , , , , , , , , , , , , , , , , , , , , , , , , , , , , , , , , , , , , , , , , , , , , , , , , , , , , , , , , , , , , , , , , , , , , , , , , , , , , , ,8,340,2021,257.2462532182379,65.0,975.0
2021143N15090,2021,32,NI,BB,YAAS,2021-05-25 15:00:00,TS,19.9,88.0,65,976,newdelhi,main,137,100,P____O_________, ,IO022021,20.0,88.0, ,TY,65,975,1,160,153,145,135,83,83,83,83,18,28,28,18,998,223,18, , , , , , , , , , , , , , , , , , , , , , , , , , , , , , , , , , ,19.8,87.9,VSCS,65,976,4.00000,20, , , , , , , , , , , , , , , , , , , , , , , , , , , , , , , , , , , , , , , , , , , , , , , , , , , , , , , , , , , , , , , , , , , , , , , , , , , , , , , , , , , , , , , , , , ,8,335,2021,230.21584975706583,65.0,975.0
2021143N15090,2021,32,NI,BB,YAAS,2021-05-25 18:00:00,TS,20.3,87.8,70,974,newdelhi,main,94,80,O____O_________,jtwc_io,IO022021,20.4,87.8, ,TY,65,974,1,155,150,140,135,80,70,70,70,20,30,30,20,998,230,10, , , , , , , , , , , , , , , , , , , , , , , , , , , , , , , , , , ,20.1,87.8,VSCS,70,974,4.00000,24, , , , , , , , , , , , , , , , , , , , , , , , , , , , , , , , , , , , , , , , , , , , , , , , , , , , , , , , , , , , , , , , , , , , , , , , , , , , , , , , , , , , , , , , , , ,5,335,2021,211.4248905093985,65.0,974.0
2021143N15090,2021,32,NI,BB,YAAS,2021-05-25 21:00:00,TS,20.4,87.7,75,970,newdelhi,main,80,63,P____O_________, ,IO022021,20.4,87.8, ,TY,63,976,0,143,135,120,113,63,55,53,53, , , , ,998,228,10, , , , , , , , , , , , , , , , , , , , , , , , , , , , , , , , , , ,20.4,87.6,VSCS,75,970,4.00000,28, , , , , , , , , , , , , , , , , , , , , , , , , , , , , , , , , , , , , , , , , , , , , , , , , , , , , , , , , , , , , , , , , , , , , , , , , , , , , , , , , , , , , , , , , , ,4,325,2021,203.20165480390597,63.0,976.0
2021143N15090,2021,32,NI,BB,YAAS,2021-05-26 00:00:00,TS,20.6,87.6,75,970,newdelhi,main,63,33,O____O_________,jtwc_io,IO022021,20.4,87.8, ,TS,60,977,0,130,120,100,90,45,40,35,35, , , , ,997,225,10, , , , , , , , , , , , , , , , , , , , , , , , , , , , , , , , , , ,20.8,87.3,VSCS,75,970,4.00000,28, , , , , , , , , , , , , , , , , , , , , , , , , , , , , , , , , , , , , , , , , , , , , , , , , , , , , , , , , , , , , , , , , , , , , , , , , , , , , , , , , , , , , , , , , , ,8,330,2021,199.22067867249248,60.0,977.0
2021143N15090,2021,32,NI,BB,YAAS,2021-05-26 03:00:00,TS,21.1,87.2,75,970,newdelhi,main,38,0,P____O_________, ,IO022021,21.0,87.4, ,TS,58,978,0,105,105,75,70,35,38,30,30, , , , ,998,220,18, , , , , , , , , , , , , , , , , , , , , , , , , , , , , , , , , , ,21.2,87.1,VSCS,75,970,4.00000,28, , , , , , , , , , , , , , , , , , , , , , , , , , , , , , , , , , , , , , , , , , , , , , , , , , , , , , , , , , , , , , , , , , , , , , , , , , , , , , , , , , , , , , , , , , ,11,325,2021,190.28329242362486,58.0,978.0
2021143N15090,2021,32,NI,BB,YAAS,2021-05-26 06:00:00,TS,21.5,86.9,75,970,newdelhi,main,0,0,O____O_________,jtwc_io,IO022021,21.6,86.9, ,TS,55,979,0,80,90,50,50,25,35,25,25, , , , ,998,215,25, , , , , , , , , , , , , , , , , , , , , , , , , , , , , , , , , , ,21.4,86.9,VSCS,75,970,0.00000,28, , , , , , , , , , , , , , , , , , , , , , , , , , , , , , , , , , , , , , , , , , , , , , , , , , , , , , , , , , , , , , , , , , , , , , , , , , , , , , , , , , , , , , , , , , ,9,320,2021,202.24115616449342,55.0,979.0
2021143N15090,2021,32,NI,BB,YAAS,2021-05-26 09:00:00,TS,21.7,86.6,55,978,newdelhi,main,0,0,P____O_________, ,IO022021,21.9,86.6, ,TS,50,982,0,55,70,38,38,12,17,12,12, , , , ,998,215,25, , , , , , , , , , , , , , , , , , , , , , , , , , , , , , , , , , ,21.6,86.7,SCS,55,978,0.00000,16, , , , , , , , , , , , , , , , , , , , , , , , , , , , , , , , , , , , , , , , , , , , , , , , , , , , , , , , , , , , , , , , , , , , , , , , , , , , , , , , , , , , , , , , , , ,6,315,2021,206.50140979308793,50.0,982.0
2021143N15090,2021,32,NI,BB,YAAS,2021-05-26 12:00:00,TS,21.9,86.5,45,984,newdelhi,main,0,0,O____O_________,jtwc_io,IO022021,22.0,86.3, ,TS,45,985,0,30,50,25,25, , , , , , , , ,998,215,25, , , , , , , , , , , , , , , , , , , , , , , , , , , , , , , , , , ,21.8,86.6,CS,45,984,0.00000,10, , , , , , , , , , , , , , , , , , , , , , , , , , , , , , , , , , , , , , , , , , , , , , , , , , , , , , , , , , , , , , , , , , , , , , , , , , , , , , , , , , , , , , , , , , ,7,310,2021,223.42431951970937,45.0,985.0
2021143N15090,2021,32,NI,BB,YAAS,2021-05-26 15:00:00,TS,22.2,86.1,40,986,newdelhi,main,0,0,P____O_________, ,IO022021,22.2,85.9, ,TS,40,988,0, , , , , , , , , , , , ,998,215,25, , , , , , , , , , , , , , , , , , , , , , , , , , , , , , , , , , ,22.2,86.2,CS,40,986,0.00000,8, , , , , , , , , , , , , , , , , , , , , , , , , , , , , , , , , , , , , , , , , , , , , , , , , , , , , , , , , , , , , , , , , , , , , , , , , , , , , , , , , , , , , , , , , , ,9,315,2021,246.60022203953116,40.0,988.0
2021143N15090,2021,32,NI,BB,YAAS,2021-05-26 18:00:00,TS,22.5,85.8,30,988,newdelhi,main,0,0,O____O_________,jtwc_io,IO022021,22.5,85.6, ,TS,35,990,0, , , , , , , , , , , , ,998,215,25, , , , , , , , , , , , , , , , , , , , , , , , , , , , , , , , , , ,22.5,86.0,DD,30,988,0.00000,6, , , , , , , , , , , , , , , , , , , , , , , , , , , , , , , , , , , , , , , , , , , , , , , , , , , , , , , , , , , , , , , , , , , , , , , , , , , , , , , , , , , , , , , , , , ,7,335,2021,277.9873166113968,35.0,990.0
2021143N15090,2021,32,NI,BB,YAAS,2021-05-26 21:00:00,TS,22.8,85.7, , , ,main,0,0,P____P_________, ,IO022021,23.0,85.6, ,TS,30,992,-1, , , , , , , , , , , , ,998,215,25, , , , , , , , , , , , , , , , , , , , , , , , , , , , , , , , , , ,22.6,85.9,DD,30,988, ,6, , , , , , , , , , , , , , , , , , , , , , , , , , , , , , , , , , , , , , , , , , , , , , , , , , , , , , , , , , , , , , , , , , , , , , , , , , , , , , , , , , , , , , , , , , ,6,350,2021,311.5178237835114,30.0,992.0
2021143N15090,2021,32,NI,BB,YAAS,2021-05-27 00:00:00,TS,23.1,85.7,30,988,newdelhi,main,0,0,O____O_________,jtwc_io,IO022021,23.4,85.6, ,TD,25,993,-1, , , , , , , , , , , , ,998,215,25, , , , , , , , , , , , , , , , , , , , , , , , , , , , , , , , , , ,22.8,85.8,DD,30,988,0.00000,6, , , , , , , , , , , , , , , , , , , , , , , , , , , , , , , , , , , , , , , , , , , , , , , , , , , , , , , , , , , , , , , , , , , , , , , , , , , , , , , , , , , , , , , , , , ,5,355,2021,344.85933156368594,25.0,993.0
2021143N15090,2021,32,NI,BB,YAAS,2021-05-27 03:00:00,TS,23.3,85.7,30,990,newdelhi,main,0,0,P____O_________, ,IO022021,23.7,85.6, ,TD,23,995,-1, , , , , , , , , , , , ,998,215,25, , , , , , , , , , , , , , , , , , , , , , , , , , , , , , , , , , ,23.1,85.7,DD,30,990,0.00000,6, , , , , , , , , , , , , , , , , , , , , , , , , , , , , , , , , , , , , , , , , , , , , , , , , , , , , , , , , , , , , , , , , , , , , , , , , , , , , , , , , , , , , , , , , , ,5,345,2021,367.0887149572786,23.0,995.0
2021143N15090,2021,32,NI,BB,YAAS,2021-05-27 06:00:00,MX,23.6,85.6,25,991,newdelhi,main,0,0,O____O_________,jtwc_io,IO022021,23.8,85.5, ,DB,20,997,-3, , , , , , , , , , , , ,998,215,25, , , , , , , , , , , , , , , , , , , , , , , , , , , , , , , , , , ,23.5,85.6,D,25,991,0.00000,5, , , , , , , , , , , , , , , , , , , , , , , , , , , , , , , , , , , , , , , , , , , , , , , , , , , , , , , , , , , , , , , , , , , , , , , , , , , , , , , , , , , , , , , , , , ,7,345,2021,400.8336763163895,20.0,997.0
2021143N15090,2021,32,NI,BB,YAAS,2021-05-27 09:00:00,TS,23.9,85.5, , , ,main,0,0,_____P_________, ,IO022021, , , ,DB, , ,-3, , , , , , , , , , , , , , , , , , , , , , , , , , , , , , , , , , , , , , , , , , , , , , , , , ,23.9,85.5,D,25,992, ,5, , , , , , , , , , , , , , , , , , , , , , , , , , , , , , , , , , , , , , , , , , , , , , , , , , , , , , , , , , , , , , , , , , , , , , , , , , , , , , , , , , , , , , , , , , ,8,340,2021,434.76192953590777,,
2021143N15090,2021,32,NI,BB,YAAS,2021-05-27 12:00:00,TS,24.3,85.3,25,992,newdelhi,main,0,0,_____O_________, , , , , , , , ,-5, , , , , , , , , , , , , , , , , , , , , , , , , , , , , , , , , , , , , , , , , , , , , , , , , ,24.3,85.3,D,25,992,0.00000,4, , , , , , , , , , , , , , , , , , , , , , , , , , , , , , , , , , , , , , , , , , , , , , , , , , , , , , , , , , , , , , , , , , , , , , , , , , , , , , , , , , , , , , , , , , ,7,330,2021,480.90116176292923,25.0,992.0
2021143N15090,2021,32,NI,BB,YAAS,2021-05-27 15:00:00,TS,24.5,85.1, , , ,main,0,0,_____P_________, , , , , , , , ,-5, , , , , , , , , , , , , , , , , , , , , , , , , , , , , , , , , , , , , , , , , , , , , , , , , ,24.5,85.1,D,25,992, ,4, , , , , , , , , , , , , , , , , , , , , , , , , , , , , , , , , , , , , , , , , , , , , , , , , , , , , , , , , , , , , , , , , , , , , , , , , , , , , , , , , , , , , , , , , , ,6,310,2021,505.5325601772123,,
2021143N15090,2021,32,NI,BB,YAAS,2021-05-27 18:00:00,TS,24.7,84.8,25,992,newdelhi,main,0, ,_____O_________, , , , , , , , ,-5, , , , , , , , , , , , , , , , , , , , , , , , , , , , , , , , , , , , , , , , , , , , , , , , , ,24.7,84.8,D,25,992,0.00000,4, , , , , , , , , , , , , , , , , , , , , , , , , , , , , , , , , , , , , , , , , , , , , , , , , , , , , , , , , , , , , , , , , , , , , , , , , , , , , , , , , , , , , , , , , , ,6,305,2021,532.6303549940285,25.0,992.0
2021256N20087,2021,75,NI,BB,UNNAMED,2021-09-12 12:00:00,TS,20.3,87.4,25,992,newdelhi,main,61,38,_____O_________, , , , , , , , ,-5, , , , , , , , , , , , , , , , , , , , , , , , , , , , , , , , , , , , , , , , , , , , , , , , , ,20.3,87.4,D,25,992,1.50000,4, , , , , , , , , , , , , , , , , , , , , , , , , , , , , , , , , , , , , , , , , , , , , , , , , , , , , , , , , , , , , , , , , , , , , , , , , , , , , , , , , , , , , , , , , , ,4,285,2021,170.3203883783727,25.0,992.0
2021256N20087,2021,75,NI,BB,UNNAMED,2021-09-12 15:00:00,TS,20.4,87.2, , , ,main,38,30,_____P_________, , , , , , , , ,-5, , , , , , , , , , , , , , , , , , , , , , , , , , , , , , , , , , , , , , , , , , , , , , , , , ,20.4,87.2,D,25,992, ,4, , , , , , , , , , , , , , , , , , , , , , , , , , , , , , , , , , , , , , , , , , , , , , , , , , , , , , , , , , , , , , , , , , , , , , , , , , , , , , , , , , , , , , , , , , ,3,290,2021,152.71753630992754,,
2021256N20087,2021,75,NI,BB,UNNAMED,2021-09-12 18:00:00,TS,20.4,87.1,25,992,newdelhi,main,30,30,_____O_________, , , , , , , , ,-5, , , , , , , , , , , , , , , , , , , , , , , , , , , , , , , , , , , , , , , , , , , , , , , , , ,20.4,87.1,D,25,992,1.50000,4, , , , , , , , , , , , , , , , , , , , , , , , , , , , , , , , , , , , , , , , , , , , , , , , , , , , , , , , , , , , , , , , , , , , , , , , , , , , , , , , , , , , , , , , , , ,1,325,2021,142.76682736598593,25.0,992.0
2021256N20087,2021,75,NI,BB,UNNAMED,2021-09-12 21:00:00,TS,20.5,87.1, , , ,main,23,10,_____P_________, , , , , , , , ,-5, , , , , , , , , , , , , , , , , , , , , , , , , , , , , , , , , , , , , , , , , , , , , , , , , ,20.5,87.1,D,28,991, ,4, , , , , , , , , , , , , , , , , , , , , , , , , , , , , , , , , , , , , , , , , , , , , , , , , , , , , , , , , , , , , , , , , , , , , , , , , , , , , , , , , , , , , , , , , , ,2,335,2021,146.57170551920282,,
2021256N20087,2021,75,NI,BB,UNNAMED,2021-09-13 00:00:00,TS,20.6,87.0,30,990,newdelhi,main,10,0,_____O_________, , , , , , , , ,-5, , , , , , , , , , , , , , , , , , , , , , , , , , , , , , , , , , , , , , , , , , , , , , , , , ,20.6,87.0,DD,30,990,2.00000,4, , , , , , , , , , , , , , , , , , , , , , , , , , , , , , , , , , , , , , , , , , , , , , , , , , , , , , , , , , , , , , , , , , , , , , , , , , , , , , , , , , , , , , , , , , ,7,305,2021,141.81837040228336,30.0,990.0
2021256N20087,2021,75,NI,BB,UNNAMED,2021-09-13 03:00:00,TS,20.9,86.5,30,990,newdelhi,main,0,0,_____O_________, , , , , , , , ,-5, , , , , , , , , , , , , , , , , , , , , , , , , , , , , , , , , , , , , , , , , , , , , , , , , ,20.9,86.5,DD,30,990,2.00000,6, , , , , , , , , , , , , , , , , , , , , , , , , , , , , , , , , , , , , , , , , , , , , , , , , , , , , , , , , , , , , , , , , , , , , , , , , , , , , , , , , , , , , , , , , , ,9,305,2021,123.82996295628332,30.0,990.0
2021256N20087,2021,75,NI,BB,UNNAMED,2021-09-13 06:00:00,TS,21.1,86.2,30,990,newdelhi,main,0,0,_____O_________, , , , , , , , ,-5, , , , , , , , , , , , , , , , , , , , , , , , , , , , , , , , , , , , , , , , , , , , , , , , , ,21.1,86.2,DD,30,990,0.00000,6, , , , , , , , , , , , , , , , , , , , , , , , , , , , , , , , , , , , , , , , , , , , , , , , , , , , , , , , , , , , , , , , , , , , , , , , , , , , , , , , , , , , , , , , , , ,7,300,2021,129.21017341488104,30.0,990.0
2021256N20087,2021,75,NI,BB,UNNAMED,2021-09-13 09:00:00,TS,21.3,85.9, , , ,main,0,0,_____P_________, , , , , , , , ,-5, , , , , , , , , , , , , , , , , , , , , , , , , , , , , , , , , , , , , , , , , , , , , , , , , ,21.3,85.9,DD,30,990, ,6, , , , , , , , , , , , , , , , , , , , , , , , , , , , , , , , , , , , , , , , , , , , , , , , , , , , , , , , , , , , , , , , , , , , , , , , , , , , , , , , , , , , , , , , , , ,7,295,2021,144.92738196542007,,
2021256N20087,2021,75,NI,BB,UNNAMED,2021-09-13 12:00:00,TS,21.4,85.5,30,990,newdelhi,main,0,0,_____O_________, , , , , , , , ,-5, , , , , , , , , , , , , , , , , , , , , , , , , , , , , , , , , , , , , , , , , , , , , , , , , ,21.4,85.5,DD,30,990,0.00000,6, , , , , , , , , , , , , , , , , , , , , , , , , , , , , , , , , , , , , , , , , , , , , , , , , , , , , , , , , , , , , , , , , , , , , , , , , , , , , , , , , , , , , , , , , , ,7,290,2021,158.76943288804378,30.0,990.0
2021256N20087,2021,75,NI,BB,UNNAMED,2021-09-13 15:00:00,TS,21.5,85.2, , , ,main,0,0,_____P_________, , , , , , , , ,-5, , , , , , , , , , , , , , , , , , , , , , , , , , , , , , , , , , , , , , , , , , , , , , , , , ,21.5,85.2,DD,30,990, ,6, , , , , , , , , , , , , , , , , , , , , , , , , , , , , , , , , , , , , , , , , , , , , , , , , , , , , , , , , , , , , , , , , , , , , , , , , , , , , , , , , , , , , , , , , , ,7,285,2021,178.07810895543088,,
2021256N20087,2021,75,NI,BB,UNNAMED,2021-09-13 18:00:00,TS,21.6,84.8,30,990,newdelhi,main,0,0,_____O_________, , , , , , , , ,-5, , , , , , , , , , , , , , , , , , , , , , , , , , , , , , , , , , , , , , , , , , , , , , , , , ,21.6,84.8,DD,30,990,0.00000,6, , , , , , , , , , , , , , , , , , , , , , , , , , , , , , , , , , , , , , , , , , , , , , , , , , , , , , , , , , , , , , , , , , , , , , , , , , , , , , , , , , , , , , , , , , ,10,290,2021,206.05037592432114,30.0,990.0
2021256N20087,2021,75,NI,BB,UNNAMED,2021-09-13 21:00:00,TS,21.8,84.2, , , ,main,0,0,_____P_________, , , , , , , , ,-5, , , , , , , , , , , , , , , , , , , , , , , , , , , , , , , , , , , , , , , , , , , , , , , , , ,21.8,84.2,DD,30,990, ,6, , , , , , , , , , , , , , , , , , , , , , , , , , , , , , , , , , , , , , , , , , , , , , , , , , , , , , , , , , , , , , , , , , , , , , , , , , , , , , , , , , , , , , , , , , ,12,290,2021,260.15636706818884,,
2021256N20087,2021,75,NI,BB,UNNAMED,2021-09-14 00:00:00,TS,22.0,83.6,30,990,newdelhi,main,0,0,_____O_________, , , , , , , , ,-5, , , , , , , , , , , , , , , , , , , , , , , , , , , , , , , , , , , , , , , , , , , , , , , , , ,22.0,83.6,DD,30,990,0.00000,6, , , , , , , , , , , , , , , , , , , , , , , , , , , , , , , , , , , , , , , , , , , , , , , , , , , , , , , , , , , , , , , , , , , , , , , , , , , , , , , , , , , , , , , , , , ,8,295,2021,318.75778898561686,30.0,990.0
2021256N20087,2021,75,NI,BB,UNNAMED,2021-09-14 03:00:00,TS,22.1,83.4,25,990,newdelhi,main,0,0,_____O_________, , , , , , , , ,-5, , , , , , , , , , , , , , , , , , , , , , , , , , , , , , , , , , , , , , , , , , , , , , , , , ,22.1,83.4,D,25,990,0.00000,5, , , , , , , , , , , , , , , , , , , , , , , , , , , , , , , , , , , , , , , , , , , , , , , , , , , , , , , , , , , , , , , , , , , , , , , , , , , , , , , , , , , , , , , , , , ,7,305,2021,341.3880645932272,25.0,990.0
2021256N20087,2021,75,NI,BB,UNNAMED,2021-09-14 06:00:00,TS,22.4,83.0,25,990,newdelhi,main,0,0,_____O_________, , , , , , , , ,-5, , , , , , , , , , , , , , , , , , , , , , , , , , , , , , , , , , , , , , , , , , , , , , , , , ,22.4,83.0,D,25,990,0.00000,5, , , , , , , , , , , , , , , , , , , , , , , , , , , , , , , , , , , , , , , , , , , , , , , , , , , , , , , , , , , , , , , , , , , , , , , , , , , , , , , , , , , , , , , , , , ,8,305,2021,394.2816124400429,25.0,990.0
2021256N20087,2021,75,NI,BB,UNNAMED,2021-09-14 09:00:00,TS,22.6,82.7, , , ,main,0,0,_____P_________, , , , , , , , ,-5, , , , , , , , , , , , , , , , , , , , , , , , , , , , , , , , , , , , , , , , , , , , , , , , , ,22.6,82.7,D,25,993, ,5, , , , , , , , , , , , , , , , , , , , , , , , , , , , , , , , , , , , , , , , , , , , , , , , , , , , , , , , , , , , , , , , , , , , , , , , , , , , , , , , , , , , , , , , , , ,6,305,2021,432.083416435236,,
2021256N20087,2021,75,NI,BB,UNNAMED,2021-09-14 12:00:00,TS,22.7,82.5,25,996,newdelhi,main,0,0,_____O_________, , , , , , , , ,-5, , , , , , , , , , , , , , , , , , , , , , , , , , , , , , , , , , , , , , , , , , , , , , , , , ,22.7,82.5,D,25,996,0.00000,4, , , , , , , , , , , , , , , , , , , , , , , , , , , , , , , , , , , , , , , , , , , , , , , , , , , , , , , , , , , , , , , , , , , , , , , , , , , , , , , , , , , , , , , , , , ,5,300,2021,454.8635560832215,25.0,996.0
2021256N20087,2021,75,NI,BB,UNNAMED,2021-09-14 15:00:00,TS,22.8,82.3, , , ,main,0,0,_____P_________, , , , , , , , ,-5, , , , , , , , , , , , , , , , , , , , , , , , , , , , , , , , , , , , , , , , , , , , , , , , , ,22.8,82.3,D,25,996, ,4, , , , , , , , , , , , , , , , , , , , , , , , , , , , , , , , , , , , , , , , , , , , , , , , , , , , , , , , , , , , , , , , , , , , , , , , , , , , , , , , , , , , , , , , , , ,6,305,2021,477.69278388351944,,
2021256N20087,2021,75,NI,BB,UNNAMED,2021-09-14 18:00:00,TS,23.0,82.0,25,996,newdelhi,main,0, ,_____O_________, , , , , , , , ,-5, , , , , , , , , , , , , , , , , , , , , , , , , , , , , , , , , , , , , , , , , , , , , , , , , ,23.0,82.0,D,25,996,0.00000,4, , , , , , , , , , , , , , , , , , , , , , , , , , , , , , , , , , , , , , , , , , , , , , , , , , , , , , , , , , , , , , , , , , , , , , , , , , , , , , , , , , , , , , , , , , ,6,305,2021,515.5365667131452,25.0,996.0
2021267N18094,2021,83,NI,BB,GULAB:SHAHEEN-GU,2021-09-23 18:00:00,TS,18.4,94.1, , , ,main,23,23,O______________,jtwc_io,IO032021,18.4,94.1, ,TD,25,1002,-1, , , , , , , , , , , , , , , , , , , , , , , , , , , , , , , , , , , , , , , , , , , , , , , , , , , , , , , , , , , , , , , , , , , , , , , , , , , , , , , , , , , , , , , , , , , , , , , , , , , , , , , , , , , , , , , , , , , , , , , , , , , , , , , , , , , , , , , , , , , , , , , , , , ,9,240,2021,889.4359237393841,25.0,1002.0
2021267N18094,2021,83,NI,BB,GULAB:SHAHEEN-GU,2021-09-23 21:00:00,TS,18.2,93.7, , , ,main,63,63,P______________, ,IO032021,18.2,93.7, ,TD,28,1001,-1, , , , , , , , , , , , , , , , , , , , , , , , , , , , , , , , , , , , , , , , , , , , , , , , , , , , , , , , , , , , , , , , , , , , , , , , , , , , , , , , , , , , , , , , , , , , , , , , , , , , , , , , , , , , , , , , , , , , , , , , , , , , , , , , , , , , , , , , , , , , , , , , , , ,8,250,2021,853.7566515258312,28.0,1001.0
2021267N18094,2021,83,NI,BB,GULAB:SHAHEEN-GU,2021-09-24 00:00:00,TS,18.1,93.3, , , ,main,100,100,O______________,jtwc_io,IO032021,18.1,93.3, ,TD,30,1000,-1, , , , , , , , , , , , , , , , , , , , , , , , , , , , , , , , , , , , , , , , , , , , , , , , , , , , , , , , , , , , , , , , , , , , , , , , , , , , , , , , , , , , , , , , , , , , , , , , , , , , , , , , , , , , , , , , , , , , , , , , , , , , , , , , , , , , , , , , , , , , , , , , , , ,8,270,2021,816.0043738135291,30.0,1000.0
2021267N18094,2021,83,NI,BB,GULAB:SHAHEEN-GU,2021-09-24 03:00:00,TS,18.2,92.9, , , ,main,122,122,P______________, ,IO032021,18.2,92.9, ,TD,30,1004,-1, , , , , , , , , , , , , , , , , , , , , , , , , , , , , , , , , , , , , , , , , , , , , , , , , , , , , , , , , , , , , , , , , , , , , , , , , , , , , , , , , , , , , , , , , , , , , , , , , , , , , , , , , , , , , , , , , , , , , , , , , , , , , , , , , , , , , , , , , , , , , , , , , , ,9,285,2021,772.315101577255,30.0,1004.0
2021267N18094,2021,83,NI,BB,GULAB:SHAHEEN-GU,2021-09-24 06:00:00,TS,18.3,92.4, , , ,main,157,157,O______________,jtwc_io,IO032021,18.3,92.4, ,TD,30,1007,-1, , , , , , , , , , , , ,1009,100,40, , , , , , , , , , , , , , , , , , , , , , , , , , , , , , , , , , , , , , , , , , , , , , , , , , , , , , , , , , , , , , , , , , , , , , , , , , , , , , , , , , , , , , , , , , , , , , , , , , , , , , , , , , , , , , , , , , , , , , , , , , , , , , , , , , , ,9,280,2021,718.5112430091704,30.0,1007.0
2021267N18094,2021,83,NI,BB,GULAB:SHAHEEN-GU,2021-09-24 09:00:00,TS,18.3,91.9, , , ,main,205,205,P______________, ,IO032021,18.3,91.9, ,TD,30,1006,-1, , , , , , , , , , , , ,1009,100,38, , , , , , , , , , , , , , , , , , , , , , , , , , , , , , , , , , , , , , , , , , , , , , , , , , , , , , , , , , , , , , , , , , , , , , , , , , , , , , , , , , , , , , , , , , , , , , , , , , , , , , , , , , , , , , , , , , , , , , , , , , , , , , , , , , , ,10,270,2021,667.9943721474742,30.0,1006.0
2021267N18094,2021,83,NI,BB,GULAB:SHAHEEN-GU,2021-09-24 12:00:00,TS,18.3,91.4,25,1000,newdelhi,main,254,254,O____O_________,jtwc_io,IO032021,18.3,91.4, ,TD,30,1005,-1, , , , , , , , , , , , ,1009,100,35, , , , , , , , , , , , , , , , , , , , , , , , , , , , , , , , , , ,18.3,91.2,D,25,1000,1.50000,4, , , , , , , , , , , , , , , , , , , , , , , , , , , , , , , , , , , , , , , , , , , , , , , , , , , , , , , , , , , , , , , , , , , , , , , , , , , , , , , , , , , , , , , , , , ,10,270,2021,617.8086356932934,30.0,1005.0
2021267N18094,2021,83,NI,BB,GULAB:SHAHEEN-GU,2021-09-24 15:00:00,TS,18.3,90.9, , , ,main,290,290,P____P_________, ,IO032021,18.3,90.9, ,TD,30,1005,-1, , , , , , , , , , , , ,1008,115,35, , , , , , , , , , , , , , , , , , , , , , , , , , , , , , , , , , ,18.4,90.8,D,25,1000, ,4, , , , , , , , , , , , , , , , , , , , , , , , , , , , , , , , , , , , , , , , , , , , , , , , , , , , , , , , , , , , , , , , , , , , , , , , , , , , , , , , , , , , , , , , , , ,9,275,2021,568.0422740981271,30.0,1005.0
2021267N18094,2021,83,NI,BB,GULAB:SHAHEEN-GU,2021-09-24 18:00:00,TS,18.3,90.5,25,1000,newdelhi,main,321,321,O____O_________,jtwc_io,IO032021,18.3,90.5, ,TD,30,1004,-1, , , , , , , , , , , , ,1006,130,35, , , , , , , , , , , , , , , , , , , , , , , , , , , , , , , , , , ,18.4,90.4,D,25,1000,1.50000,4, , , , , , , , , , , , , , , , , , , , , , , , , , , , , , , , , , , , , , , , , , , , , , , , , , , , , , , , , , , , , , , , , , , , , , , , , , , , , , , , , , , , , , , , , , ,7,270,2021,528.6110807204673,30.0,1004.0
2021267N18094,2021,83,NI,BB,GULAB:SHAHEEN-GU,2021-09-24 21:00:00,TS,18.3,90.1, , , ,main,352,352,P____P_________, ,IO032021,18.2,90.1, ,TD,33,1003,-1, , , , , , , , , , , , ,1006,130,28, , , , , , , , , , , , , , , , , , , , , , , , , , , , , , , , , , ,18.4,90.1,D,28,1000, ,5, , , , , , , , , , , , , , , , , , , , , , , , , , , , , , , , , , , , , , , , , , , , , , , , , , , , , , , , , , , , , , , , , , , , , , , , , , , , , , , , , , , , , , , , , , ,7,265,2021,489.6085113245178,33.0,1003.0
2021267N18094,2021,83,NI,BB,GULAB:SHAHEEN-GU,2021-09-25 00:00:00,TS,18.3,89.8,30,999,newdelhi,main,376,361,O____O_________,jtwc_io,IO032021,18.2,89.8, ,TS,35,1002,0,30,20,20,30, , , , , , , , ,1006,130,20, , , , , , , , , , , , , , , , , , , , , , , , , , , , , , , , , , ,18.4,89.7,DD,30,999,2.00000,5, , , , , , , , , , , , , , , , , , , , , , , , , , , , , , , , , , , , , , , , , , , , , , , , , , , , , , , , , , , , , , , , , , , , , , , , , , , , , , , , , , , , , , , , , , ,7,265,2021,460.70354185159937,35.0,1002.0
2021267N18094,2021,83,NI,BB,GULAB:SHAHEEN-GU,2021-09-25 03:00:00,TS,18.3,89.4,30,998,newdelhi,main,361,321,P____O_________, ,IO032021,18.2,89.4, ,TS,35,1002,0,33,20,20,33, , , , , , , , ,1006,128,20, , , , , , , , , , , , , , , , , , , , , , , , , , , , , , , , , , ,18.4,89.3,DD,30,998,2.00000,6, , , , , , , , , , , , , , , , , , , , , , , , , , , , , , , , , , , , , , , , , , , , , , , , , , , , , , , , , , , , , , , , , , , , , , , , , , , , , , , , , , , , , , , , , , ,8,270,2021,422.74237138733383,35.0,1002.0
2021267N18094,2021,83,NI,BB,GULAB:SHAHEEN-GU,2021-09-25 06:00:00,TS,18.3,88.9,30,998,newdelhi,main,321,306,O____O_________,jtwc_io,IO032021,18.2,89.1, ,TS,35,1001,0,35,20,20,35, , , , , , , , ,1005,125,20, , , , , , , , , , , , , , , , , , , , , , , , , , , , , , , , , , ,18.4,88.7,DD,30,998,2.00000,6, , , , , , , , , , , , , , , , , , , , , , , , , , , , , , , , , , , , , , , , , , , , , , , , , , , , , , , , , , , , , , , , , , , , , , , , , , , , , , , , , , , , , , , , , , ,7,270,2021,376.502285265074,35.0,1001.0
2021267N18094,2021,83,NI,BB,GULAB:SHAHEEN-GU,2021-09-25 09:00:00,TS,18.3,88.6, , , ,main,299,291,P____P_________, ,IO032021,18.2,88.9, ,TS,38,999,0,35,23,23,35, , , , , , , , ,1004,125,20, , , , , , , , , , , , , , , , , , , , , , , , , , , , , , , , , , ,18.3,88.4,DD,33,998, ,7, , , , , , , , , , , , , , , , , , , , , , , , , , , , , , , , , , , , , , , , , , , , , , , , , , , , , , , , , , , , , , , , , , , , , , , , , , , , , , , , , , , , , , , , , , ,4,265,2021,349.609908542217,38.0,999.0
2021267N18094,2021,83,NI,BB,GULAB:SHAHEEN-GU,2021-09-25 12:00:00,TS,18.3,88.5,35,997,newdelhi,main,291,291,O____O_________,jtwc_io,IO032021,18.2,88.7, ,TS,40,996,0,35,25,25,35, , , , , , , , ,1002,125,20, , , , , , , , , , , , , , , , , , , , , , , , , , , , , , , , , , ,18.3,88.3,CS,35,997,2.50000,7, , , , , , , , , , , , , , , , , , , , , , , , , , , , , , , , , , , , , , , , , , , , , , , , , , , , , , , , , , , , , , , , , , , , , , , , , , , , , , , , , , , , , , , , , , ,3,265,2021,340.821616471713,40.0,996.0
2021267N18094,2021,83,NI,BB,GULAB:SHAHEEN-GU,2021-09-25 15:00:00,TS,18.2,88.4,35,997,newdelhi,main,291,276,P____O_________, ,IO032021,18.2,88.6, ,TS,40,996,0,35,25,25,43, , , , , , , , ,1003,125,20, , , , , , , , , , , , , , , , , , , , , , , , , , , , , , , , , , ,18.3,88.1,CS,35,997,2.50000,7, , , , , , , , , , , , , , , , , , , , , , , , , , , , , , , , , , , , , , , , , , , , , , , , , , , , , , , , , , , , , , , , , , , , , , , , , , , , , , , , , , , , , , , , , , ,3,270,2021,338.650356330268,40.0,996.0
2021267N18094,2021,83,NI,BB,GULAB:SHAHEEN-GU,2021-09-25 18:00:00,TS,18.3,88.2,35,996,newdelhi,main,268,240,O____O_________,jtwc_io,IO032021,18.2,88.4, ,TS,40,996,0,35,25,25,50, , , , , , , , ,1003,125,20, , , , , , , , , , , , , , , , , , , , , , , , , , , , , , , , , , ,18.3,87.9,CS,35,996,2.50000,7, , , , , , , , , , , , , , , , , , , , , , , , , , , , , , , , , , , , , , , , , , , , , , , , , , , , , , , , , , , , , , , , , , , , , , , , , , , , , , , , , , , , , , , , , , ,6,270,2021,315.0872917445255,40.0,996.0
2021267N18094,2021,83,NI,BB,GULAB:SHAHEEN-GU,2021-09-25 21:00:00,TS,18.3,87.7,35,996,newdelhi,main,234,212,P____O_________, ,IO032021,18.2,87.9, ,TS,38,997,0,33,25,25,60, , , , , , , , ,1003,133,23, , , , , , , , , , , , , , , , , , , , , , , , , , , , , , , , , , ,18.3,87.6,CS,35,996,2.50000,7, , , , , , , , , , , , , , , , , , , , , , , , , , , , , , , , , , , , , , , , , , , , , , , , , , , , , , , , , , , , , , , , , , , , , , , , , , , , , , , , , , , , , , , , , , ,9,275,2021,274.8824888090875,38.0,997.0
2021267N18094,2021,83,NI,BB,GULAB:SHAHEEN-GU,2021-09-26 00:00:00,TS,18.3,87.3,40,994,newdelhi,main,212,175,O____O_________,jtwc_io,IO032021,18.3,87.2, ,TS,35,998,0,30,25,25,70, , , , , , , , ,1003,140,25, , , , , , , , , , , , , , , , , , , , , , , , , , , , , , , , , , ,18.3,87.3,CS,40,994,2.50000,8, , , , , , , , , , , , , , , , , , , , , , , , , , , , , , , , , , , , , , , , , , , , , , , , , , , , , , , , , , , , , , , , , , , , , , , , , , , , , , , , , , , , , , , , , , ,11,275,2021,246.08169533315615,35.0,998.0
2021267N18094,2021,83,NI,BB,GULAB:SHAHEEN-GU,2021-09-26 03:00:00,TS,18.4,86.5,40,994,newdelhi,main,172,148,P____O_________, ,IO032021,18.4,86.7, ,TS,35,999,0,33,28,28,73, , , , , , , , ,1003,145,25, , , , , , , , , , , , , , , , , , , , , , , , , , , , , , , , , , ,18.4,86.4,CS,40,994,2.50000,8, , , , , , , , , , , , , , , , , , , , , , , , , , , , , , , , , , , , , , , , , , , , , , , , , , , , , , , , , , , , , , , , , , , , , , , , , , , , , , , , , , , , , , , , , , ,12,275,2021,192.49783528437297,35.0,999.0
2021267N18094,2021,83,NI,BB,GULAB:SHAHEEN-GU,2021-09-26 06:00:00,TS,18.5,86.0,45,992,newdelhi,main,138,86,O____O_________,jtwc_io,IO032021,18.5,86.1, ,TS,35,999,0,35,30,30,75, , , , , , , , ,1003,150,25, , , , , , , , , , , , , , , , , , , , , , , , , , , , , , , , , , ,18.4,85.9,CS,45,992,3.00000,10, , , , , , , , , , , , , , , , , , , , , , , , , , , , , , , , , , , , , , , , , , , , , , , , , , , , , , , , , , , , , , , , , , , , , , , , , , , , , , , , , , , , , , , , , , ,12,270,2021,168.1085404458817,35.0,999.0
2021267N18094,2021,83,NI,BB,GULAB:SHAHEEN-GU,2021-09-26 09:00:00,TS,18.4,85.3,45,992,newdelhi,main,86,30,P____O_________, ,IO032021,18.5,85.3, ,TS,38,995,0,38,33,33,58, , , , , , , , ,1002,150,25, , , , , , , , , , , , , , , , , , , , , , , , , , , , , , , , , , ,18.4,85.3,CS,45,992,3.00000,10, , , , , , , , , , , , , , , , , , , , , , , , , , , , , , , , , , , , , , , , , , , , , , , , , , , , , , , , , , , , , , , , , , , , , , , , , , , , , , , , , , , , , , , , , , ,14,270,2021,185.49706061316638,38.0,995.0
2021267N18094,2021,83,NI,BB,GULAB:SHAHEEN-GU,2021-09-26 12:00:00,TS,18.4,84.6,45,992,newdelhi,main,30,0,O____O_________,jtwc_io,IO032021,18.4,84.5, ,TS,40,991,0,40,35,35,40, , , , , , , , ,1001,150,25, , , , , , , , , , , , , , , , , , , , , , , , , , , , , , , , , , ,18.4,84.6,CS,45,992,3.00000,10, , , , , , , , , , , , , , , , , , , , , , , , , , , , , , , , , , , , , , , , , , , , , , , , , , , , , , , , , , , , , , , , , , , , , , , , , , , , , , , , , , , , , , , , , , ,14,265,2021,218.01410508233786,40.0,991.0
2021267N18094,2021,83,NI,BB,GULAB:SHAHEEN-GU,2021-09-26 15:00:00,TS,18.3,83.9,45,992,newdelhi,main,0,0,P____O_________, ,IO032021,18.4,83.9, ,TS,38,995,0,30,28,28,30, , , , , , , , ,1001,140,25, , , , , , , , , , , , , , , , , , , , , , , , , , , , , , , , , , ,18.3,83.8,CS,45,992,0.00000,10, , , , , , , , , , , , , , , , , , , , , , , , , , , , , , , , , , , , , , , , , , , , , , , , , , , , , , , , , , , , , , , , , , , , , , , , , , , , , , , , , , , , , , , , , , ,11,265,2021,274.8824888090864,38.0,995.0
2021267N18094,2021,83,NI,BB,GULAB:SHAHEEN-GU,2021-09-26 18:00:00,TS,18.3,83.4,35,994,newdelhi,main,0,0,O____O_________,jtwc_io,IO032021,18.3,83.4, ,TS,35,998,0,20,20,20,20, , , , , , , , ,1001,130,25, , , , , , , , , , , , , , , , , , , , , , , , , , , , , , , , , , ,18.4,83.4,CS,35,994,0.00000,7, , , , , , , , , , , , , , , , , , , , , , , , , , , , , , , , , , , , , , , , , , , , , , , , , , , , , , , , , , , , , , , , , , , , , , , , , , , , , , , , , , , , , , , , , , ,9,265,2021,315.0872917445243,35.0,998.0
2021267N18094,2021,83,NI,BB,GULAB:SHAHEEN-GU,2021-09-26 21:00:00,TS,18.2,82.9,30,996,newdelhi,main,0,0,P____O_________, ,IO032021,18.1,82.9, ,TS,33,998,-1, , , , , , , , , , , , ,1001,130,25, , , , , , , , , , , , , , , , , , , , , , , , , , , , , , , , , , ,18.4,83.0,DD,30,996,0.00000,6, , , , , , , , , , , , , , , , , , , , , , , , , , , , , , , , , , , , , , , , , , , , , , , , , , , , , , , , , , , , , , , , , , , , , , , , , , , , , , , , , , , , , , , , , , ,8,255,2021,364.551793736445,33.0,998.0
2021267N18094,2021,83,NI,BB,GULAB:SHAHEEN-GU,2021-09-27 00:00:00,TS,18.2,82.6,30,996,newdelhi,main,0,0,O____O_________,jtwc_io,IO032021,17.9,82.4, ,TD,30,997,-1, , , , , , , , , , , , ,1001,130,25, , , , , , , , , , , , , , , , , , , , , , , , , , , , , , , , , , ,18.4,82.8,DD,30,996,0.00000,6, , , , , , , , , , , , , , , , , , , , , , , , , , , , , , , , , , , , , , , , , , , , , , , , , , , , , , , , , , , , , , , , , , , , , , , , , , , , , , , , , , , , , , , , , , ,7,270,2021,391.27834272894927,30.0,997.0
2021267N18094,2021,83,NI,BB,GULAB:SHAHEEN-GU,2021-09-27 03:00:00,TS,18.2,82.2,30,996,newdelhi,main,0,0,P____O_________, ,IO032021,18.1,81.9, ,TD,28,999,-1, , , , , , , , , , , , ,1002,123,30, , , , , , , , , , , , , , , , , , , , , , , , , , , , , , , , , , ,18.4,82.5,DD,30,996,0.00000,6, , , , , , , , , , , , , , , , , , , , , , , , , , , , , , , , , , , , , , , , , , , , , , , , , , , , , , , , , , , , , , , , , , , , , , , , , , , , , , , , , , , , , , , , , , ,10,290,2021,427.92931681516706,28.0,999.0
2021267N18094,2021,83,NI,BB,GULAB:SHAHEEN-GU,2021-09-27 06:00:00,TS,18.5,81.7,30,996,newdelhi,main,0,0,O____O_________,jtwc_io,IO032021,18.4,81.3, ,TD,25,1000,-1, , , , , , , , , , , , ,1002,115,35, , , , , , , , , , , , , , , , , , , , , , , , , , , , , , , , , , ,18.5,82.0,DD,30,996,0.00000,6, , , , , , , , , , , , , , , , , , , , , , , , , , , , , , , , , , , , , , , , , , , , , , , , , , , , , , , , , , , , , , , , , , , , , , , , , , , , , , , , , , , , , , , , , , ,14,285,2021,461.57223417700885,25.0,1000.0
2021267N18094,2021,83,NI,BB,GULAB:SHAHEEN-GU,2021-09-27 09:00:00,TS,18.6,80.8, , , ,main,0,0,P____P_________, ,IO032021,18.7,80.5, ,TD,23,1000,-1, , , , , , , , , , , , ,1001,115,30, , , , , , , , , , , , , , , , , , , , , , , , , , , , , , , , , , ,18.6,81.1,DD,28,997, ,5, , , , , , , , , , , , , , , , , , , , , , , , , , , , , , , , , , , , , , , , , , , , , , , , , , , , , , , , , , , , , , , , , , , , , , , , , , , , , , , , , , , , , , , , , , ,17,280,2021,547.2998610147341,23.0,1000.0
2021267N18094,2021,83,NI,BB,GULAB:SHAHEEN-GU,2021-09-27 12:00:00,MX,18.8,80.0,25,998,newdelhi,main,0,0,O____O_________,jtwc_io,IO032021,19.0,79.8, ,DB,20,1000,-3, , , , , , , , , , , , ,1000,115,25, , , , , , , , , , , , , , , , , , , , , , , , , , , , , , , , , , ,18.6,80.1,D,25,998,0.00000,4, , , , , , , , , , , , , , , , , , , , , , , , , , , , , , , , , , , , , , , , , , , , , , , , , , , , , , , , , , , , , , , , , , , , , , , , , , , , , , , , , , , , , , , , , , ,12,285,2021,622.7326998672754,20.0,1000.0
2021267N18094,2021,83,NI,BB,GULAB:SHAHEEN-GU,2021-09-27 15:00:00,MX,18.9,79.5, , , ,main,0,0,P____P_________, ,IO032021,19.2,79.3, ,DB,20,1000,-3, , , , , , , , , , , , ,1000,115,25, , , , , , , , , , , , , , , , , , , , , , , , , , , , , , , , , , ,18.6,79.7,D,25,998, ,4, , , , , , , , , , , , , , , , , , , , , , , , , , , , , , , , , , , , , , , , , , , , , , , , , , , , , , , , , , , , , , , , , , , , , , , , , , , , , , , , , , , , , , , , , , ,8,290,2021,671.7296388954734,20.0,1000.0
2021267N18094,2021,83,NI,BB,GULAB:SHAHEEN-GU,2021-09-27 18:00:00,MX,19.1,79.2,25,998,newdelhi,main,0,0,O____O_________,jtwc_io,IO032021,19.4,79.0, ,DB,20,1000,-3, , , , , , , , , , , , ,1000,115,25, , , , , , , , , , , , , , , , , , , , , , , , , , , , , , , , , , ,18.7,79.4,D,25,998,0.00000,4, , , , , , , , , , , , , , , , , , , , , , , , , , , , , , , , , , , , , , , , , , , , , , , , , , , , , , , , , , , , , , , , , , , , , , , , , , , , , , , , , , , , , , , , , , ,8,290,2021,698.7289511544956,20.0,1000.0
2021267N18094,2021,83,NI,BB,GULAB:SHAHEEN-GU,2021-09-27 21:00:00,MX,19.2,78.8, , , ,main,0,0,P____P_________, ,IO032021,19.5,78.6, ,DB,18,1000,-3, , , , , , , , , , , , ,1000,115,25, , , , , , , , , , , , , , , , , , , , , , , , , , , , , , , , , , ,18.8,78.9,D,25,998, ,4, , , , , , , , , , , , , , , , , , , , , , , , , , , , , , , , , , , , , , , , , , , , , , , , , , , , , , , , , , , , , , , , , , , , , , , , , , , , , , , , , , , , , , , , , , ,10,295,2021,738.5810274615762,18.0,1000.0
2021267N18094,2021,83,NI,BB,GULAB:SHAHEEN-GU,2021-09-28 00:00:00,MX,19.5,78.3,25,998,newdelhi,main,0,0,O____O_________,jtwc_io,IO032021,19.7,78.3, ,DB,15,1000,-3, , , , , , , , , , , , ,1000,115,25, , , , , , , , , , , , , , , , , , , , , , , , , , , , , , , , , , ,19.0,78.2,D,25,998,0.00000,4, , , , , , , , , , , , , , , , , , , , , , , , , , , , , , , , , , , , , , , , , , , , , , , , , , , , , , , , , , , , , , , , , , , , , , , , , , , , , , , , , , , , , , , , , , ,11,300,2021,786.8042280935539,15.0,1000.0
2021267N18094,2021,83,NI,AS,GULAB:SHAHEEN-GU,2021-09-28 03:00:00,MX,19.8,77.8,20,999,newdelhi,main,0,0,P____O_________, ,IO032021,19.9,77.9, ,DB,15,1002,-3, , , , , , , , , , , , ,1002,115,25, , , , , , , , , , , , , , , , , , , , , , , , , , , , , , , , , , ,19.4,77.3,D,20,999,0.00000,3, , , , , , , , , , , , , , , , , , , , , , , , , , , , , , , , , , , , , , , , , , , , , , , , , , , , , , , , , , , , , , , , , , , , , , , , , , , , , , , , , , , , , , , , , , ,10,310,2021,836.6583250595005,15.0,1002.0
2021267N18094,2021,83,NI,AS,GULAB:SHAHEEN-GU,2021-09-28 06:00:00,DS,20.1,77.5, , , ,main,0,0,O____P_________,jtwc_io,IO032021,20.1,77.5, ,DB,15,1003,-3, , , , , , , , , , , , ,1003,115,25, , , , , , , , , , , , , , , , , , , , , , , , , , , , , , , , , , ,19.8,76.5,D, , , , , , , , , , , , , , , , , , , , , , , , , , , , , , , , , , , , , , , , , , , , , , , , , , , , , , , , , , , , , , , , , , , , , , , , , , , , , , , , , , , , , , , , , , , , , , ,9,305,2021,866.9652304910965,15.0,1003.0
2021267N18094,2021,83,NI,AS,GULAB:SHAHEEN-GU,2021-09-28 09:00:00,DS,20.3,77.0, , , ,main,0,0,P____P_________, ,IO032021,20.3,77.0, ,DB,15,1003,-3, , , , , , , , , , , , ,1003,108,25, , , , , , , , , , , , , , , , , , , , , , , , , , , , , , , , , , ,20.1,75.8,D, , , , , , , , , , , , , , , , , , , , , , , , , , , , , , , , , , , , , , , , , , , , , , , , , , , , , , , , , , , , , , , , , , , , , , , , , , , , , , , , , , , , , , , , , , , , , , ,10,295,2021,919.1210538928431,15.0,1003.0
2021267N18094,2021,83,NI,AS,GULAB:SHAHEEN-GU,2021-09-28 12:00:00,DS,20.5,76.5, , , ,main,0,0,O____P_________,jtwc_io,IO032021,20.5,76.5, ,DB,15,1002,-3, , , , , , , , , , , , ,1002,100,25, , , , , , , , , , , , , , , , , , , , , , , , , , , , , , , , , , ,20.5,75.2,D, , , , , , , , , , , , , , , , , , , , , , , , , , , , , , , , , , , , , , , , , , , , , , , , , , , , , , , , , , , , , , , , , , , , , , , , , , , , , , , , , , , , , , , , , , , , , , ,11,290,2021,971.6553951921114,15.0,1002.0
2021267N18094,2021,83,NI,AS,GULAB:SHAHEEN-GU,2021-09-28 15:00:00,DS,20.7,75.9, , , ,main,0,0,P____P_________, ,IO032021,20.7,75.9, ,DB,15,1003,-3, , , , , , , , , , , , ,1003,100,53, , , , , , , , , , , , , , , , , , , , , , , , , , , , , , , , , , ,20.8,74.7,D, , , , , , , , , , , , , , , , , , , , , , , , , , , , , , , , , , , , , , , , , , , , , , , , , , , , , , , , , , , , , , , , , , , , , , , , , , , , , , , , , , , , , , , , , , , , , , ,12,290,2021,1034.8889206672814,15.0,1003.0
2021267N18094,2021,83,NI,AS,GULAB:SHAHEEN-GU,2021-09-28 18:00:00,DS,20.9,75.3, , , ,main,0,0,O____P_________,jtwc_io,IO032021,20.9,75.3, ,DB,15,1004,-3, , , , , , , , , , , , ,1004,100,80, , , , , , , , , , , , , , , , , , , , , , , , , , , , , , , , , , ,21.1,74.3,D, , , , , , , , , , , , , , , , , , , , , , , , , , , , , , , , , , , , , , , , , , , , , , , , , , , , , , , , , , , , , , , , , , , , , , , , , , , , , , , , , , , , , , , , , , , , , , ,12,295,2021,1098.3303218869676,15.0,1004.0
2021267N18094,2021,83,NI,AS,GULAB:SHAHEEN-GU,2021-09-28 21:00:00,DS,21.2,74.7, , , ,main,0,0,P____P_________, ,IO032021,21.2,74.7, ,DB,18,1003,-3, , , , , , , , , , , , ,1004,100,80, , , , , , , , , , , , , , , , , , , , , , , , , , , , , , , , , , ,21.4,73.9,D, , , , , , , , , , , , , , , , , , , , , , , , , , , , , , , , , , , , , , , , , , , , , , , , , , , , , , , , , , , , , , , , , , , , , , , , , , , , , , , , , , , , , , , , , , , , , , ,13,300,2021,1162.771288962848,18.0,1003.0
2021267N18094,2021,83,NI,AS,GULAB:SHAHEEN-GU,2021-09-29 00:00:00,DS,21.5,74.1, , , ,main,0,0,O____P_________,jtwc_io,IO032021,21.5,74.1, ,DB,20,1002,-3, , , , , , , , , , , , ,1004,100,80, , , , , , , , , , , , , , , , , , , , , , , , , , , , , , , , , , ,21.6,73.6,D, , , , , , , , , , , , , , , , , , , , , , , , , , , , , , , , , , , , , , , , , , , , , , , , , , , , , , , , , , , , , , , , , , , , , , , , , , , , , , , , , , , , , , , , , , , , , , ,15,300,2021,1227.6599141285167,20.0,1002.0
2021267N18094,2021,83,NI,AS,GULAB:SHAHEEN-GU,2021-09-29 03:00:00,DS,21.9,73.3, , , ,main,0,0,P____P_________, ,IO032021,21.9,73.3, ,DB,23,1002,-3, , , , , , , , , , , , ,1004,113,80, , , , , , , , , , , , , , , , , , , , , , , , , , , , , , , , , , ,21.8,73.2,D, , , , , , , , , , , , , , , , , , , , , , , , , , , , , , , , , , , , , , , , , , , , , , , , , , , , , , , , , , , , , , , , , , , , , , , , , , , , , , , , , , , , , , , , , , , , , , ,16,295,2021,1314.7217392663097,23.0,1002.0
2021267N18094,2021,83,NI,AS,GULAB:SHAHEEN-GU,2021-09-29 06:00:00,TS,22.2,72.6, , , ,main,11,0,O____P_________,jtwc_io,IO032021,22.2,72.6, ,TD,25,1001,-1, , , , , , , , , , , , ,1004,125,80, , , , , , , , , , , , , , , , , , , , , , , , , , , , , , , , , , ,22.0,72.9,D, , , , , , , , , , , , , , , , , , , , , , , , , , , , , , , , , , , , , , , , , , , , , , , , , , , , , , , , , , , , , , , , , , , , , , , , , , , , , , , , , , , , , , , , , , , , , , ,13,295,2021,1390.5350878712497,25.0,1001.0
2021267N18094,2021,83,NI,AS,GULAB:SHAHEEN-GU,2021-09-29 09:00:00,TS,22.4,72.0, , , ,main,0,0,P____P_________, ,IO032021,22.4,72.0, ,TD,25,1001,-1, , , , , , , , , , , , ,1003,125,80, , , , , , , , , , , , , , , , , , , , , , , , , , , , , , , , , , ,22.2,72.5,D, , , , , , , , , , , , , , , , , , , , , , , , , , , , , , , , , , , , , , , , , , , , , , , , , , , , , , , , , , , , , , , , , , , , , , , , , , , , , , , , , , , , , , , , , , , , , , ,11,290,2021,1454.7228550281613,25.0,1001.0
2021267N18094,2021,83,NI,AS,GULAB:SHAHEEN-GU,2021-09-29 12:00:00,TS,22.6,71.5, , , ,main,0,0,O____P_________,jtwc_io,IO032021,22.6,71.5, ,TD,25,1001,-1, , , , , , , , , , , , ,1002,125,80, , , , , , , , , , , , , , , , , , , , , , , , , , , , , , , , , , ,22.4,72.0,D, , , , , , , , , , , , , , , , , , , , , , , , , , , , , , , , , , , , , , , , , , , , , , , , , , , , , , , , , , , , , , , , , , , , , , , , , , , , , , , , , , , , , , , , , , , , , , ,12,280,2021,1508.7337297539882,25.0,1001.0
2021267N18094,2021,83,NI,AS,GULAB:SHAHEEN-GU,2021-09-29 15:00:00,TS,22.7,70.8, , , ,main,0,0,P____P_________, ,IO032021,22.7,70.8, ,TD,25,1002,-1, , , , , , , , , , , , ,1003,110,80, , , , , , , , , , , , , , , , , , , , , , , , , , , , , , , , , , ,22.5,71.5,D, , , , , , , , , , , , , , , , , , , , , , , , , , , , , , , , , , , , , , , , , , , , , , , , , , , , , , , , , , , , , , , , , , , , , , , , , , , , , , , , , , , , , , , , , , , , , , ,13,275,2021,1581.4191620089111,25.0,1002.0
2021267N18094,2021,83,NI,AS,GULAB:SHAHEEN-GU,2021-09-29 18:00:00,TS,22.7,70.1, , , ,main,20,0,O____P_________,jtwc_io,IO032021,22.7,70.1, ,TD,25,1002,-1, , , , , , , , , , , , ,1003,95,80, , , , , , , , , , , , , , , , , , , , , , , , , , , , , , , , , , ,22.6,71.0,D, , , , , , , , , , , , , , , , , , , , , , , , , , , , , , , , , , , , , , , , , , , , , , , , , , , , , , , , , , , , , , , , , , , , , , , , , , , , , , , , , , , , , , , , , , , , , , ,11,270,2021,1652.557567164575,25.0,1002.0
2021267N18094,2021,83,NI,AS,GULAB:SHAHEEN-GU,2021-09-29 21:00:00,TS,22.7,69.6, , , ,main,10,10,P____P_________, ,IO032021,22.7,69.6, ,TD,28,1000,-1, , , , , , , , , , , , ,1003,95,80, , , , , , , , , , , , , , , , , , , , , , , , , , , , , , , , , , ,22.7,70.3,D, , , , , , , , , , , , , , , , , , , , , , , , , , , , , , , , , , , , , , , , , , , , , , , , , , , , , , , , , , , , , , , , , , , , , , , , , , , , , , , , , , , , , , , , , , , , , , ,8,265,2021,1703.4307584543824,28.0,1000.0
2021267N18094,2021,83,NI,AS,GULAB:SHAHEEN-GU,2021-09-30 00:00:00,TS,22.6,69.3,25,998,newdelhi,main,22,22,O____O_________,jtwc_io,IO032021,22.6,69.2, ,TD,30,998,-1, , , , , , , , , , , , ,1003,95,80, , , , , , , , , , , , , , , , , , , , , , , , , , , , , , , , , , ,22.7,69.5,D,25, ,1.50000,4, , , , , , , , , , , , , , , , , , , , , , , , , , , , , , , , , , , , , , , , , , , , , , , , , , , , , , , , , , , , , , , , , , , , , , , , , , , , , , , , , , , , , , , , , , ,8,265,2021,1732.6798136523385,30.0,998.0
2021267N18094,2021,83,NI,AS,GULAB:SHAHEEN-GU,2021-09-30 03:00:00,TS,22.6,68.7,25,998,newdelhi,main,38,38,P____O_________, ,IO032021,22.5,68.8, ,TD,30,999,-1, , , , , , , , , , , , ,1003,110,80, , , , , , , , , , , , , , , , , , , , , , , , , , , , , , , , , , ,22.7,68.6,D,25, ,1.50000,4, , , , , , , , , , , , , , , , , , , , , , , , , , , , , , , , , , , , , , , , , , , , , , , , , , , , , , , , , , , , , , , , , , , , , , , , , , , , , , , , , , , , , , , , , , ,9,270,2021,1793.9022111686795,30.0,999.0
2021267N18094,2021,83,NI,AS,GULAB:SHAHEEN-GU,2021-09-30 06:00:00,TS,22.6,68.3,25,998,newdelhi,main,69,69,O____O_________,jtwc_io,IO032021,22.5,68.3, ,TD,30,999,-1, , , , , , , , , , , , ,1003,125,80, , , , , , , , , , , , , , , , , , , , , , , , , , , , , , , , , , ,22.8,68.2,D,25, ,1.50000,4, , , , , , , , , , , , , , , , , , , , , , , , , , , , , , , , , , , , , , , , , , , , , , , , , , , , , , , , , , , , , , , , , , , , , , , , , , , , , , , , , , , , , , , , , , ,9,280,2021,1834.7449122239373,30.0,999.0
2021267N18094,2021,83,NI,AS,GULAB:SHAHEEN-GU,2021-09-30 09:00:00,TS,22.8,67.7, , , ,main,102,102,P____P_________, ,IO032021,22.6,67.7, ,TD,30,999,-1, , , , , , , , , , , , ,1002,138,78, , , , , , , , , , , , , , , , , , , , , , , , , , , , , , , , , , ,23.0,67.8,D,25, , ,4, , , , , , , , , , , , , , , , , , , , , , , , , , , , , , , , , , , , , , , , , , , , , , , , , , , , , , , , , , , , , , , , , , , , , , , , , , , , , , , , , , , , , , , , , , ,10,285,2021,1898.2567820161146,30.0,999.0
2021267N18094,2021,83,NI,AS,GULAB:SHAHEEN-GU,2021-09-30 12:00:00,TS,22.9,67.2,25,998,newdelhi,main,108,108,O____O_________,jtwc_io,IO032021,22.7,67.0, ,TD,30,999,-1, , , , , , , , , , , , ,1001,150,75, , , , , , , , , , , , , , , , , , , , , , , , , , , , , , , , , , ,23.1,67.4,D,25, ,1.50000,4, , , , , , , , , , , , , , , , , , , , , , , , , , , , , , , , , , , , , , , , , , , , , , , , , , , , , , , , , , , , , , , , , , , , , , , , , , , , , , , , , , , , , , , , , , ,9,280,2021,1950.3742145407361,30.0,999.0
2021267N18094,2021,83,NI,AS,GULAB:SHAHEEN-GU,2021-09-30 15:00:00,TS,22.9,66.8, , , ,main,129,129,P____P_________, ,IO032021,22.8,66.5, ,TD,33,998,-1, , , , , , , , , , , , ,1001,150,73, , , , , , , , , , , , , , , , , , , , , , , , , , , , , , , , , , ,23.1,67.1,D,28, , ,5, , , , , , , , , , , , , , , , , , , , , , , , , , , , , , , , , , , , , , , , , , , , , , , , , , , , , , , , , , , , , , , , , , , , , , , , , , , , , , , , , , , , , , , , , , ,7,275,2021,1991.132445517018,33.0,998.0
2021267N18094,2021,83,NI,AS,GULAB:SHAHEEN-GU,2021-09-30 18:00:00,TS,23.0,66.4,30,996,newdelhi,main,150,150,O____O_________,jtwc_io,IO032021,22.8,66.0, ,TS,35,997,0,100,125,60,100, , , , , , , , ,1001,150,70, , , , , , , , , , , , , , , , , , , , , , , , , , , , , , , , , , ,23.1,66.8,DD,30, ,2.00000,6, , , , , , , , , , , , , , , , , , , , , , , , , , , , , , , , , , , , , , , , , , , , , , , , , , , , , , , , , , , , , , , , , , , , , , , , , , , , , , , , , , , , , , , , , , ,8,275,2021,2032.996939232723,35.0,997.0
2021267N18094,2021,83,NI,AS,GULAB:SHAHEEN-GU,2021-09-30 21:00:00,TS,23.0,65.9, , , ,main,189,189,P____P_________, ,IO032021,22.8,65.6, ,TS,38,996,0,95,103,55,95, , , , , , , , ,1001,150,70, , , , , , , , , , , , , , , , , , , , , , , , , , , , , , , , , , ,23.2,66.2,DD,33, , ,7, , , , , , , , , , , , , , , , , , , , , , , , , , , , , , , , , , , , , , , , , , , , , , , , , , , , , , , , , , , , , , , , , , , , , , , , , , , , , , , , , , , , , , , , , , ,9,275,2021,2083.9307766039556,38.0,996.0
2021267N18094,2021,83,NI,AS,GULAB:SHAHEEN-GU,2021-10-01 00:00:00,TS,23.1,65.4,35,995,newdelhi,main,227,227,O____O_________,jtwc_io,IO032021,22.9,65.3, ,TS,40,994,0,90,80,50,90, , , , , , , , ,1001,150,70, , , , , , , , , , , , , , , , , , , , , , , , , , , , , , , , , , ,23.2,65.5,CS,35, ,2.50000,7, , , , , , , , , , , , , , , , , , , , , , , , , , , , , , , , , , , , , , , , , , , , , , , , , , , , , , , , , , , , , , , , , , , , , , , , , , , , , , , , , , , , , , , , , , ,9,280,2021,2135.9106085251697,40.0,994.0
2021267N18094,2021,83,NI,AS,GULAB:SHAHEEN-GU,2021-10-01 03:00:00,TS,23.1,64.9,40,994,newdelhi,main,235,223,P____O_________, ,IO032021,23.0,64.9, ,TS,45,991,0,88,60,45,85, , , , , , , , ,1001,148,45, , , , , , , , , , , , , , , , , , , , , , , , , , , , , , , , , , ,23.2,64.9,CS,40, ,2.50000,8, , , , , , , , , , , , , , , , , , , , , , , , , , , , , , , , , , , , , , , , , , , , , , , , , , , , , , , , , , , , , , , , , , , , , , , , , , , , , , , , , , , , , , , , , , ,8,280,2021,2186.8365331568957,45.0,991.0
2021267N18094,2021,83,NI,AS,GULAB:SHAHEEN-GU,2021-10-01 06:00:00,TS,23.2,64.6,45,992,newdelhi,main,223,212,O____O_________,jtwc_io,IO032021,23.2,64.6, ,TS,50,987,0,85,40,40,80, , , , , , , , ,1001,145,20, , , , , , , , , , , , , , , , , , , , , , , , , , , , , , , , , , ,23.2,64.5,CS,45, ,3.00000,10, , , , , , , , , , , , , , , , , , , , , , , , , , , , , , , , , , , , , , , , , , , , , , , , , , , , , , , , , , , , , , , , , , , , , , , , , , , , , , , , , , , , , , , , , , ,7,290,2021,2218.3802074428318,50.0,987.0
2021267N18094,2021,83,NI,AS,GULAB:SHAHEEN-GU,2021-10-01 09:00:00,TS,23.3,64.2,45,991,newdelhi,main,213,203,P____O_________, ,IO032021,23.4,64.3, ,TS,53,986,0,90,45,50,90, , , , , , , , ,1001,158,20, , , , , , , , , , , , , , , , , , , , , , , , , , , , , , , , , , ,23.3,64.1,CS,45, ,3.00000,11, , , , , , , , , , , , , , , , , , , , , , , , , , , , , , , , , , , , , , , , , , , , , , , , , , , , , , , , , , , , , , , , , , , , , , , , , , , , , , , , , , , , , , , , , , ,7,290,2021,2260.083932089674,53.0,986.0
2021267N18094,2021,83,NI,AS,GULAB:SHAHEEN-GU,2021-10-01 12:00:00,TS,23.5,63.9,55,987,newdelhi,main,194,178,O____O_________,jtwc_io,IO032021,23.5,64.0, ,TS,55,984,0,95,50,60,100,60,20,40,40, , , , ,1001,170,20, , , , , , , , , , , , , , , , , , , , , , , , , , , , , , , , , , ,23.4,63.7,SCS,55, ,3.50000,15, , , , , , , , , , , , , , , , , , , , , , , , , , , , , , , , , , , , , , , , , , , , , , , , , , , , , , , , , , , , , , , , , , , , , , , , , , , , , , , , , , , , , , , , , , ,7,295,2021,2292.6458705097857,55.0,984.0
2021267N18094,2021,83,NI,AS,GULAB:SHAHEEN-GU,2021-10-01 15:00:00,TS,23.6,63.5,55,986,newdelhi,main,178,178,P____O_________, ,IO032021,23.6,63.6, ,TS,55,984,0,98,53,65,93,55,20,35,38, , , , ,1001,170,20, , , , , , , , , , , , , , , , , , , , , , , , , , , , , , , , , , ,23.6,63.4,SCS,55, ,3.50000,16, , , , , , , , , , , , , , , , , , , , , , , , , , , , , , , , , , , , , , , , , , , , , , , , , , , , , , , , , , , , , , , , , , , , , , , , , , , , , , , , , , , , , , , , , , ,6,290,2021,2334.3032293826486,55.0,984.0
2021267N18094,2021,83,NI,AS,GULAB:SHAHEEN-GU,2021-10-01 18:00:00,TS,23.7,63.2,60,984,newdelhi,main,168,153,O____O_________,jtwc_io,IO032021,23.7,63.2, ,TS,55,983,0,100,55,70,85,50,20,30,35, , , , ,1001,170,20, , , , , , , , , , , , , , , , , , , , , , , , , , , , , , , , , , ,23.6,63.2,SCS,60, ,3.50000,18, , , , , , , , , , , , , , , , , , , , , , , , , , , , , , , , , , , , , , , , , , , , , , , , , , , , , , , , , , , , , , , , , , , , , , , , , , , , , , , , , , , , , , , , , , ,6,290,2021,2365.797179149137,55.0,983.0
2021267N18094,2021,83,NI,AS,GULAB:SHAHEEN-GU,2021-10-01 21:00:00,TS,23.8,62.8,60,984,newdelhi,main,150,145,P____O_________, ,IO032021,23.8,62.9, ,TS,58,983,0,100,55,65,83,48,18,25,40, , , , ,1002,150,20, , , , , , , , , , , , , , , , , , , , , , , , , , , , , , , , , , ,23.8,62.8,SCS,60, ,3.50000,18, , , , , , , , , , , , , , , , , , , , , , , , , , , , , , , , , , , , , , , , , , , , , , , , , , , , , , , , , , , , , , , , , , , , , , , , , , , , , , , , , , , , , , , , , , ,7,285,2021,2407.401570721732,58.0,983.0
2021267N18094,2021,83,NI,AS,GULAB:SHAHEEN-GU,2021-10-02 00:00:00,TS,23.8,62.5,60,984,newdelhi,main,134,126,O____O_________,jtwc_io,IO032021,23.9,62.5, ,TS,60,982,0,100,55,60,80,45,15,20,45, , , , ,1003,130,20, , , , , , , , , , , , , , , , , , , , , , , , , , , , , , , , , , ,23.8,62.4,SCS,60, ,3.50000,18, , , , , , , , , , , , , , , , , , , , , , , , , , , , , , , , , , , , , , , , , , , , , , , , , , , , , , , , , , , , , , , , , , , , , , , , , , , , , , , , , , , , , , , , , , ,7,285,2021,2437.7813799025444,60.0,982.0
2021267N18094,2021,83,NI,AS,GULAB:SHAHEEN-GU,2021-10-02 03:00:00,TS,24.0,62.1,60,984,newdelhi,main,115,100,P____O_________, ,IO032021,24.0,62.0, ,TS,63,980,0,93,55,60,78,43,18,23,50, , , , ,1003,120,20, , , , , , , , , , , , , , , , , , , , , , , , , , , , , , , , , , ,23.9,62.1,SCS,60, ,3.50000,18, , , , , , , , , , , , , , , , , , , , , , , , , , , , , , , , , , , , , , , , , , , , , , , , , , , , , , , , , , , , , , , , , , , , , , , , , , , , , , , , , , , , , , , , , , ,7,290,2021,2480.406950399889,63.0,980.0
2021267N18094,2021,83,NI,AS,GULAB:SHAHEEN-GU,2021-10-02 06:00:00,TS,24.1,61.7,60,984,newdelhi,main,101,94,O____O_________,jtwc_io,IO032021,24.1,61.6, ,TY,65,978,1,85,55,60,75,40,20,25,55,20,10,10,15,1002,110,20, , , , , , , , , , , , , , , , , , , , , , , , , , , , , , , , , , ,24.1,61.8,SCS,60, ,3.50000,18, , , , , , , , , , , , , , , , , , , , , , , , , , , , , , , , , , , , , , , , , , , , , , , , , , , , , , , , , , , , , , , , , , , , , , , , , , , , , , , , , , , , , , , , , , ,8,290,2021,2521.923489908945,65.0,978.0
2021267N18094,2021,83,NI,AS,GULAB:SHAHEEN-GU,2021-10-02 09:00:00,TS,24.2,61.3,60,984,newdelhi,main,101,91,P____O_________, ,IO032021,24.2,61.3, ,TY,65,978,1,73,53,58,70,38,23,28,50, , , , ,1002,125,20, , , , , , , , , , , , , , , , , , , , , , , , , , , , , , , , , , ,24.3,61.3,SCS,60, ,3.50000,18, , , , , , , , , , , , , , , , , , , , , , , , , , , , , , , , , , , , , , , , , , , , , , , , , , , , , , , , , , , , , , , , , , , , , , , , , , , , , , , , , , , , , , , , , , ,8,290,2021,2563.40707859501,65.0,978.0
2021267N18094,2021,83,NI,AS,GULAB:SHAHEEN-GU,2021-10-02 12:00:00,TS,24.4,60.9,60,984,newdelhi,main,89,89,O____O_________,jtwc_io,IO032021,24.2,61.0, ,TY,65,978,1,60,50,55,65,35,25,30,45, , , , ,1002,140,20, , , , , , , , , , , , , , , , , , , , , , , , , , , , , , , , , , ,24.5,60.7,SCS,60, ,3.50000,18, , , , , , , , , , , , , , , , , , , , , , , , , , , , , , , , , , , , , , , , , , , , , , , , , , , , , , , , , , , , , , , , , , , , , , , , , , , , , , , , , , , , , , , , , , ,8,280,2021,2605.9710883864414,65.0,978.0
2021267N18094,2021,83,NI,AS,GULAB:SHAHEEN-GU,2021-10-02 15:00:00,TS,24.4,60.5,60,984,newdelhi,main,100,100,P____O_________, ,IO032021,24.3,60.6, ,TY,68,977,1,53,50,53,58,30,28,33,38, , , , ,1002,128,20, , , , , , , , , , , , , , , , , , , , , , , , , , , , , , , , , , ,24.5,60.4,SCS,60, ,3.50000,18, , , , , , , , , , , , , , , , , , , , , , , , , , , , , , , , , , , , , , , , , , , , , , , , , , , , , , , , , , , , , , , , , , , , , , , , , , , , , , , , , , , , , , , , , , ,7,270,2021,2646.2733760291794,68.0,977.0
2021267N18094,2021,83,NI,AS,GULAB:SHAHEEN-GU,2021-10-02 18:00:00,TS,24.3,60.1,60,984,newdelhi,main,101,101,O____O_________,jtwc_io,IO032021,24.3,60.1, ,TY,70,976,1,45,50,50,50,25,30,35,30, , , , ,1002,115,20, , , , , , , , , , , , , , , , , , , , , , , , , , , , , , , , , , ,24.4,60.0,SCS,60, ,3.50000,18, , , , , , , , , , , , , , , , , , , , , , , , , , , , , , , , , , , , , , , , , , , , , , , , , , , , , , , , , , , , , , , , , , , , , , , , , , , , , , , , , , , , , , , , , , ,7,265,2021,2685.5731605406513,70.0,976.0
2021267N18094,2021,83,NI,AS,GULAB:SHAHEEN-GU,2021-10-02 21:00:00,TS,24.3,59.7,60,984,newdelhi,main,113,105,P____O_________, ,IO032021,24.2,59.7, ,TY,68,978,1,48,48,50,50,25,30,33,30, , , , ,1002,120,15, , , , , , , , , , , , , , , , , , , , , , , , , , , , , , , , , , ,24.4,59.7,SCS,60, ,3.50000,18, , , , , , , , , , , , , , , , , , , , , , , , , , , , , , , , , , , , , , , , , , , , , , , , , , , , , , , , , , , , , , , , , , , , , , , , , , , , , , , , , , , , , , , , , , ,6,255,2021,2725.9542826688125,68.0,978.0
2021267N18094,2021,83,NI,AS,GULAB:SHAHEEN-GU,2021-10-03 00:00:00,TS,24.2,59.5,60,984,newdelhi,main,105,73,O____O_________,jtwc_io,IO032021,24.1,59.4, ,TY,65,979,1,50,45,50,50,25,30,30,30, , , , ,1002,125,10, , , , , , , , , , , , , , , , , , , , , , , , , , , , , , , , , , ,24.3,59.5,SCS,60, ,3.50000,18, , , , , , , , , , , , , , , , , , , , , , , , , , , , , , , , , , , , , , , , , , , , , , , , , , , , , , , , , , , , , , , , , , , , , , , , , , , , , , , , ,80, , , , , , , , , ,6,255,2021,2745.2410124786434,65.0,979.0
2021267N18094,2021,83,NI,AS,GULAB:SHAHEEN-GU,2021-10-03 03:00:00,TS,24.1,59.1,60,984,newdelhi,main,73,67,P____O_________, ,IO032021,24.1,59.2, ,TY,68,978,1,53,45,53,53,25,30,30,30, , , , ,1003,120,8, , , , , , , , , , , , , , , , , , , , , , , , , , , , , , , , , , ,24.2,59.0,SCS,60, ,3.50000,18, , , , , , , , , , , , , , , , , , , , , , , , , , , , , , , , , , , , , , , , , , , , , , , , , , , , , , , , , , , , , , , , , , , , , , , , , , , , , , , , , , , , , , , , , , ,6,260,2021,2784.8629268995996,68.0,978.0
2021267N18094,2021,83,NI,AS,GULAB:SHAHEEN-GU,2021-10-03 06:00:00,TS,24.1,58.8,60,984,newdelhi,main,67,56,O____O_________,jtwc_io,IO032021,24.1,58.9, ,TY,70,977,1,55,45,55,55,25,30,30,30,15,10,10,10,1004,115,5,10, , , , , , , , , , , , , , , , , , , , , , , , , , , , , , , , , ,24.1,58.6,SCS,60, ,3.50000,18, , , , , , , , , , , , , , , , , , , , , , , , , , , , , , , , , , , , , , , , , , , , , , , , , , , , , , , , , , , , , , , , , , , , , , , , , , , , , , , , ,85, , , , , , , , , ,6,265,2021,2815.2372235288744,70.0,977.0
2021267N18094,2021,83,NI,AS,GULAB:SHAHEEN-GU,2021-10-03 09:00:00,TS,24.1,58.4,60,984,newdelhi,main,56,39,P____O_________, ,IO032021,24.1,58.5, ,TY,65,981,1,58,43,48,55,23,30,30,35,7,5,5,5,1004,115,8, , , , , , , , , , , , , , , , , , , , , , , , , , , , , , , , , , ,24.1,58.3,SCS,60, ,3.50000,18, , , , , , , , , , , , , , , , , , , , , , , , , , , , , , , , , , , , , , , , , , , , , , , , , , , , , , , , , , , , , , , , , , , , , , , , , , , , , , , , , , , , , , , , , , ,6,260,2021,2855.745564416491,65.0,981.0
2021267N18094,2021,83,NI,AS,GULAB:SHAHEEN-GU,2021-10-03 12:00:00,TS,24.0,58.1,60,984,newdelhi,main,39,33,O____O_________,jtwc_io,IO032021,24.0,58.1, ,TS,60,984,0,60,40,40,55,20,30,30,40, , , , ,1004,115,10, , , , , , , , , , , , , , , , , , , , , , , , , , , , , , , , , , ,24.0,58.0,SCS,60, ,3.50000,18, , , , , , , , , , , , , , , , , , , , , , , , , , , , , , , , , , , , , , , , , , , , , , , , , , , , , , , , , , , , , , , , , , , , , , , , , , , , , , , , , , , , , , , , , , ,5,260,2021,2885.454001100784,60.0,984.0
2021267N18094,2021,83,NI,AS,GULAB:SHAHEEN-GU,2021-10-03 15:00:00,TS,24.0,57.8,60,984,newdelhi,main,33,15,P____O_________, ,IO032021,24.0,58.0, ,TS,58,986,0,40,35,45,43, , , , , , , , ,1004,118,8, , , , , , , , , , , , , , , , , , , , , , , , , , , , , , , , , , ,24.0,57.7,SCS,60, ,3.50000,18, , , , , , , , , , , , , , , , , , , , , , , , , , , , , , , , , , , , , , , , , , , , , , , , , , , , , , , , , , , , , , , , , , , , , , , , , , , , , , , , , , , , , , , , , , ,5,260,2021,2915.8772436362556,58.0,986.0
2021267N18094,2021,83,NI,AS,GULAB:SHAHEEN-GU,2021-10-03 18:00:00,TS,23.9,57.6,55,986,newdelhi,main,15,0,O____O_________,jtwc_io,IO032021,23.9,57.8, ,TS,55,987,0,20,30,50,30, , , , , , , , ,1004,120,5, , , , , , , , , , , , , , , , , , , , , , , , , , , , , , , , , , ,23.9,57.3,SCS,55, ,3.50000,16, , , , , , , , , , , , , , , , , , , , , , , , , , , , , , , , , , , , , , , , , , , , , , , , , , , , , , , , , , , , , , , , , , , , , , , , , , , , , , , , , , , , , , , , , , ,5,250,2021,2935.5716556383372,55.0,987.0
2021267N18094,2021,83,NI,AS,GULAB:SHAHEEN-GU,2021-10-03 21:00:00,TS,23.8,57.3,55,988,newdelhi,main,0,0,P____O_________, ,IO032021,23.8,57.4, ,TS,45,992,0, , , , , , , , , , , , ,1004,120,8, , , , , , , , , , , , , , , , , , , , , , , , , , , , , , , , , , ,23.8,57.2,SCS,55, ,0.00000,14, , , , , , , , , , , , , , , , , , , , , , , , , , , , , , , , , , , , , , , , , , , , , , , , , , , , , , , , , , , , , , , , , , , , , , , , , , , , , , , , , , , , , , , , , , ,6,250,2021,2965.5088809418044,45.0,992.0
2021267N18094,2021,83,NI,AS,GULAB:SHAHEEN-GU,2021-10-04 00:00:00,TS,23.7,56.9,40,994,newdelhi,main,0,0,O____O_________,jtwc_io,IO032021,23.7,57.0, ,TS,35,996,0, , , , , , , , , , , , ,1004,120,10, , , , , , , , , , , , , , , , , , , , , , , , , , , , , , , , , , ,23.7,56.8,CS,40, ,0.00000,8, , , , , , , , , , , , , , , , , , , , , , , , , , , , , , , , , , , , , , , , , , , , , , , , , , , , , , , , , , , , , , , , , , , , , , , , , , , , , , , , , , , , , , , , , , ,8,250,2021,3005.718718809996,35.0,996.0
2021267N18094,2021,83,NI,AS,GULAB:SHAHEEN-GU,2021-10-04 03:00:00,TS,23.5,56.5,30,998,newdelhi,main,0,0,P____O_________, ,IO032021,23.6,56.6, ,TS,30,999,-1, , , , , , , , , , , , ,1004,115,13, , , , , , , , , , , , , , , , , , , , , , , , , , , , , , , , , , ,23.5,56.4,DD,30, ,0.00000,5, , , , , , , , , , , , , , , , , , , , , , , , , , , , , , , , , , , , , , , , , , , , , , , , , , , , , , , , , , , , , , , , , , , , , , , , , , , , , , , , , , , , , , , , , , ,8,250,2021,3045.709143385634,30.0,999.0
2021267N18094,2021,83,NI,AS,GULAB:SHAHEEN-GU,2021-10-04 06:00:00,TS,23.4,56.1,20,1000,newdelhi,main,0, ,O____O_________,jtwc_io,IO032021,23.5,56.2, ,TD,25,1001,-1, , , , , , , , , , , , ,1004,110,15, , , , , , , , , , , , , , , , , , , , , , , , , , , , , , , , , , ,23.3,56.0,D,20, ,0.00000,3, , , , , , , , , , , , , , , , , , , , , , , , , , , , , , , , , , , , , , , , , , , , , , , , , , , , , , , , , , , , , , , , , , , , , , , , , , , , , , , , , , , , , , , , , , ,8,250,2021,3086.2194017885527,25.0,1001.0
2021335N08096,2021,102,NI,BB,JAWAD,2021-11-30 18:00:00,DS,8.4,96.3, , , ,main,220,220,O______________,jtwc_io,IO052021,8.4,96.3, ,DB,20,1006,-3, , , , , , , , , , , , ,1008,180,60, , , , , , , , , , , , , , , , , , , , , , , , , , , , , , , , , , , , , , , , , , , , , , , , , , , , , , , , , , , , , , , , , , , , , , , , , , , , , , , , , , , , , , , , , , , , , , , , , , , , , , , , , , , , , , , , , , , , , , , , , , , , , , , , , , , ,8,205,2021,1714.4780853441653,20.0,1006.0
2021335N08096,2021,102,NI,BB,JAWAD,2021-11-30 21:00:00,DS,8.0,96.1, , , ,main,243,243,P______________, ,IO052021,8.0,96.1, ,DB,20,1007,-3, , , , , , , , , , , , ,1008,170,60, , , , , , , , , , , , , , , , , , , , , , , , , , , , , , , , , , , , , , , , , , , , , , , , , , , , , , , , , , , , , , , , , , , , , , , , , , , , , , , , , , , , , , , , , , , , , , , , , , , , , , , , , , , , , , , , , , , , , , , , , , , , , , , , , , , ,8,225,2021,1734.8944573552053,20.0,1007.0
2021335N08096,2021,102,NI,BB,JAWAD,2021-12-01 00:00:00,DS,7.8,95.7, , , ,main,247,246,O______________,jtwc_io,IO052021,7.8,95.7, ,DB,20,1008,-3, , , , , , , , , , , , ,1008,160,60, , , , , , , , , , , , , , , , , , , , , , , , , , , , , , , , , , , , , , , , , , , , , , , , , , , , , , , , , , , , , , , , , , , , , , , , , , , , , , , , , , , , , , , , , , , , , , , , , , , , , , , , , , , , , , , , , , , , , , , , , , , , , , , , , , , ,12,260,2021,1725.3740331585045,20.0,1008.0
2021335N08096,2021,102,NI,BB,JAWAD,2021-12-01 03:00:00,DS,7.8,94.9, , , ,main,248,248,P______________, ,IO052021,7.8,94.9, ,DB,20,1007,-3, , , , , , , , , , , , ,1008,160,60, , , , , , , , , , , , , , , , , , , , , , , , , , , , , , , , , , , , , , , , , , , , , , , , , , , , , , , , , , , , , , , , , , , , , , , , , , , , , , , , , , , , , , , , , , , , , , , , , , , , , , , , , , , , , , , , , , , , , , , , , , , , , , , , , , , ,17,275,2021,1673.5186881843094,20.0,1007.0
2021335N08096,2021,102,NI,BB,JAWAD,2021-12-01 06:00:00,DS,8.0,94.0, , , ,main,299,299,O______________,jtwc_io,IO052021,8.0,94.0, ,DB,20,1006,-3, , , , , , , , , , , , ,1008,160,60, , , , , , , , , , , , , , , , , , , , , , , , , , , , , , , , , , , , , , , , , , , , , , , , , , , , , , , , , , , , , , , , , , , , , , , , , , , , , , , , , , , , , , , , , , , , , , , , , , , , , , , , , , , , , , , , , , , , , , , , , , , , , , , , , , , ,15,280,2021,1599.9066632280847,20.0,1006.0
2021335N08096,2021,102,NI,BB,JAWAD,2021-12-01 09:00:00,DS,8.1,93.4, , , ,main,343,343,P______________, ,IO052021,8.1,93.4, ,DB,20,1007,-3, , , , , , , , , , , , ,1008,160,60, , , , , , , , , , , , , , , , , , , , , , , , , , , , , , , , , , , , , , , , , , , , , , , , , , , , , , , , , , , , , , , , , , , , , , , , , , , , , , , , , , , , , , , , , , , , , , , , , , , , , , , , , , , , , , , , , , , , , , , , , , , , , , , , , , , ,11,280,2021,1555.6510219597603,20.0,1007.0
2021335N08096,2021,102,NI,BB,JAWAD,2021-12-01 12:00:00,DS,8.2,92.9, , , ,main,386,386,O______________,jtwc_io,IO052021,8.2,92.9, ,DB,20,1008,-3, , , , , , , , , , , , ,1008,160,60, , , , , , , , , , , , , , , , , , , , , , , , , , , , , , , , , , , , , , , , , , , , , , , , , , , , , , , , , , , , , , , , , , , , , , , , , , , , , , , , , , , , , , , , , , , , , , , , , , , , , , , , , , , , , , , , , , , , , , , , , , , , , , , , , , , ,11,295,2021,1518.3504388323333,20.0,1008.0
2021335N08096,2021,102,NI,BB,JAWAD,2021-12-01 15:00:00,DS,8.5,92.3, , , ,main,456,456,P______________, ,IO052021,8.5,92.3, ,DB,23,1008,-3, , , , , , , , , , , , ,1009,175,60, , , , , , , , , , , , , , , , , , , , , , , , , , , , , , , , , , , , , , , , , , , , , , , , , , , , , , , , , , , , , , , , , , , , , , , , , , , , , , , , , , , , , , , , , , , , , , , , , , , , , , , , , , , , , , , , , , , , , , , , , , , , , , , , , , , ,13,305,2021,1457.3671453750496,23.0,1008.0
2021335N08096,2021,102,NI,BB,JAWAD,2021-12-01 18:00:00,TS,8.9,91.8, , , ,main,526,526,O______________,jtwc_io,IO052021,8.9,91.8, ,TD,25,1007,-1, , , , , , , , , , , , ,1009,190,60, , , , , , , , , , , , , , , , , , , , , , , , , , , , , , , , , , , , , , , , , , , , , , , , , , , , , , , , , , , , , , , , , , , , , , , , , , , , , , , , , , , , , , , , , , , , , , , , , , , , , , , , , , , , , , , , , , , , , , , , , , , , , , , , , , , ,12,305,2021,1392.5567997205515,25.0,1007.0
2021335N08096,2021,102,NI,BB,JAWAD,2021-12-01 21:00:00,TS,9.2,91.3, , , ,main,589,589,P______________, ,IO052021,9.2,91.3, ,TD,25,1006,-1, , , , , , , , , , , , ,1009,190,60, , , , , , , , , , , , , , , , , , , , , , , , , , , , , , , , , , , , , , , , , , , , , , , , , , , , , , , , , , , , , , , , , , , , , , , , , , , , , , , , , , , , , , , , , , , , , , , , , , , , , , , , , , , , , , , , , , , , , , , , , , , , , , , , , , , ,12,305,2021,1338.3430547003568,25.0,1006.0
2021335N08096,2021,102,NI,BB,JAWAD,2021-12-02 00:00:00,TS,9.6,90.8, , , ,main,660,660,O______________,jtwc_io,IO052021,9.6,90.8, ,TD,25,1005,-1, , , , , , , , , , , , ,1009,190,60, , , , , , , , , , , , , , , , , , , , , , , , , , , , , , , , , , , , , , , , , , , , , , , , , , , , , , , , , , , , , , , , , , , , , , , , , , , , , , , , , , , , , , , , , , , , , , , , , , , , , , , , , , , , , , , , , , , , , , , , , , , , , , , , , , , ,15,300,2021,1274.8683107649433,25.0,1005.0
2021335N08096,2021,102,NI,BB,JAWAD,2021-12-02 03:00:00,TS,10.0,90.1, , , ,main,747,747,P______________, ,IO052021,10.0,90.1, ,TD,25,1005,-1, , , , , , , , , , , , ,1010,205,58, , , , , , , , , , , , , , , , , , , , , , , , , , , , , , , , , , , , , , , , , , , , , , , , , , , , , , , , , , , , , , , , , , , , , , , , , , , , , , , , , , , , , , , , , , , , , , , , , , , , , , , , , , , , , , , , , , , , , , , , , , , , , , , , , , , ,17,300,2021,1203.772183982071,25.0,1005.0
2021335N08096,2021,102,NI,BB,JAWAD,2021-12-02 06:00:00,TS,10.5,89.3, , , ,main,810,809,O______________,jtwc_io,IO052021,10.5,89.3, ,TD,25,1005,-1, , , , , , , , , , , , ,1010,220,55, , , , , , , , , , , , , , , , , , , , , , , , , , , , , , , , , , , , , , , , , , , , , , , , , , , , , , , , , , , , , , , , , , , , , , , , , , , , , , , , , , , , , , , , , , , , , , , , , , , , , , , , , , , , , , , , , , , , , , , , , , , , , , , , , , , ,16,305,2021,1120.9212910848337,25.0,1005.0
2021335N08096,2021,102,NI,BB,JAWAD,2021-12-02 09:00:00,TS,11.0,88.7, , , ,main,816,809,P______________, ,IO052021,11.0,88.7, ,TD,25,1007,-1, , , , , , , , , , , , ,1010,220,55, , , , , , , , , , , , , , , , , , , , , , , , , , , , , , , , , , , , , , , , , , , , , , , , , , , , , , , , , , , , , , , , , , , , , , , , , , , , , , , , , , , , , , , , , , , , , , , , , , , , , , , , , , , , , , , , , , , , , , , , , , , , , , , , , , , ,13,315,2021,1047.7695135009926,25.0,1007.0
2021335N08096,2021,102,NI,BB,JAWAD,2021-12-02 12:00:00,TS,11.4,88.4,25,1004,newdelhi,main,811,802,O____O_________,jtwc_io,IO052021,11.5,88.2, ,TD,25,1009,-1, , , , , , , , , , , , ,1010,220,55, , , , , , , , , , , , , , , , , , , , , , , , , , , , , , , , , , ,11.0,89.0,D,25,1004,1.50000,4, , , , , , , , , , , , , , , , , , , , , , , , , , , , , , , , , , , , , , , , , , , , , , , , , , , , , , , , , , , , , , , , , , , , , , , , , , , , , , , , , , , , , , , , , , ,11,315,2021,995.8644097988694,25.0,1009.0
2021335N08096,2021,102,NI,BB,JAWAD,2021-12-02 15:00:00,TS,11.8,87.9, , , ,main,807,737,P____P_________, ,IO052021,11.9,87.7, ,TD,28,1008,-1, , , , , , , , , , , , ,1010,235,50, , , , , , , , , , , , , , , , , , , , , , , , , , , , , , , , , , ,11.5,88.2,D,25,1004, ,4, , , , , , , , , , , , , , , , , , , , , , , , , , , , , , , , , , , , , , , , , , , , , , , , , , , , , , , , , , , , , , , , , , , , , , , , , , , , , , , , , , , , , , , , , , ,13,310,2021,938.9904045825997,28.0,1008.0
2021335N08096,2021,102,NI,BB,JAWAD,2021-12-02 18:00:00,TS,12.2,87.3,25,1004,newdelhi,main,729,637,O____O_________,jtwc_io,IO052021,12.4,87.2, ,TD,30,1007,-1, , , , , , , , , , , , ,1010,250,45, , , , , , , , , , , , , , , , , , , , , , , , , , , , , , , , , , ,12.0,87.5,D,25,1004,1.50000,4, , , , , , , , , , , , , , , , , , , , , , , , , , , , , , , , , , , , , , , , , , , , , , , , , , , , , , , , , , , , , , , , , , , , , , , , , , , , , , , , , , , , , , , , , , ,16,315,2021,881.9723812654671,30.0,1007.0
2021335N08096,2021,102,NI,BB,JAWAD,2021-12-02 21:00:00,TS,12.9,86.7, , , ,main,628,536,P____P_________, ,IO052021,13.1,86.6, ,TD,33,1005,-1, , , , , , , , , , , , ,1010,245,40, , , , , , , , , , , , , , , , , , , , , , , , , , , , , , , , , , ,12.7,86.9,D,28,1003, ,5, , , , , , , , , , , , , , , , , , , , , , , , , , , , , , , , , , , , , , , , , , , , , , , , , , , , , , , , , , , , , , , , , , , , , , , , , , , , , , , , , , , , , , , , , , ,18,320,2021,795.2873955371498,33.0,1005.0
2021335N08096,2021,102,NI,BB,JAWAD,2021-12-03 00:00:00,TS,13.6,86.2,30,1002,newdelhi,main,536,483,O____O_________,jtwc_io,IO052021,13.8,86.0, ,TS,35,1003,0, , , , , , , , , , , , ,1009,240,35, , , , , , , , , , , , , , , , , , , , , , , , , , , , , , , , , , ,13.4,86.4,DD,30,1002,2.00000,5, , , , , , , , , , , , , , , , , , , , , , , , , , , , , , , , , , , , , , , , , , , , , , , , , , , , , , , , , , , , , , , , , , , , , , , , , , , , , , , , , , , , , , , , , , ,14,325,2021,712.9185299180524,35.0,1003.0
2021335N08096,2021,102,NI,BB,JAWAD,2021-12-03 03:00:00,TS,14.0,85.9,30,1002,newdelhi,main,483,437,P____O_________, ,IO052021,14.1,85.7, ,TS,35,1004,0, , , , , , , , , , , , ,1009,240,35, , , , , , , , , , , , , , , , , , , , , , , , , , , , , , , , , , ,14.0,86.0,DD,30,1002,2.00000,6, , , , , , , , , , , , , , , , , , , , , , , , , , , , , , , , , , , , , , , , , , , , , , , , , , , , , , , , , , , , , , , , , , , , , , , , , , , , , , , , , , , , , , , , , , ,10,320,2021,667.2541968472584,35.0,1004.0
2021335N08096,2021,102,NI,BB,JAWAD,2021-12-03 06:00:00,TS,14.4,85.6,35,1001,newdelhi,main,430,394,O____O_________,jtwc_io,IO052021,14.2,85.6, ,TS,35,1005,0, , , , , , , , , , , , ,1009,240,35, , , , , , , , , , , , , , , , , , , , , , , , , , , , , , , , , , ,14.5,85.6,CS,35,1001,2.50000,7, , , , , , , , , , , , , , , , , , , , , , , , , , , , , , , , , , , , , , , , , , , , , , , , , , , , , , , , , , , , , , , , , , , , , , , , , , , , , , , , , , , , , , , , , , ,8,320,2021,623.0535113205086,35.0,1005.0
2021335N08096,2021,102,NI,BB,JAWAD,2021-12-03 09:00:00,TS,14.7,85.3,35,1001,newdelhi,main,385,349,P____O_________, ,IO052021,14.3,85.4, ,TS,35,1004,0, , , , , , , , , , , , ,1009,240,35, , , , , , , , , , , , , , , , , , , , , , , , , , , , , , , , , , ,15.0,85.3,CS,35,1001,2.50000,7, , , , , , , , , , , , , , , , , , , , , , , , , , , , , , , , , , , , , , , , , , , , , , , , , , , , , , , , , , , , , , , , , , , , , , , , , , , , , , , , , , , , , , , , , , ,8,325,2021,591.7153979353468,35.0,1004.0
2021335N08096,2021,102,NI,BB,JAWAD,2021-12-03 12:00:00,TS,15.0,85.1,40,1000,newdelhi,main,349,328,O____O_________,jtwc_io,IO052021,14.5,85.2, ,TS,35,1003,0, , , , , , , , , , , , ,1008,240,35, , , , , , , , , , , , , , , , , , , , , , , , , , , , , , , , , , ,15.5,85.0,CS,40,1000,2.50000,8, , , , , , , , , , , , , , , , , , , , , , , , , , , , , , , , , , , , , , , , , , , , , , , , , , , , , , , , , , , , , , , , , , , , , , , , , , , , , , , , , , , , , , , , , , ,6,330,2021,560.9045580136126,35.0,1003.0
2021335N08096,2021,102,NI,BB,JAWAD,2021-12-03 15:00:00,TS,15.2,85.0,40,1000,newdelhi,main,328,305,P____O_________, ,IO052021,14.7,85.1, ,TS,35,1003,0, , , , , , , , , , , , ,1009,200,35, , , , , , , , , , , , , , , , , , , , , , , , , , , , , , , , , , ,15.7,85.0,CS,40,1000,2.50000,8, , , , , , , , , , , , , , , , , , , , , , , , , , , , , , , , , , , , , , , , , , , , , , , , , , , , , , , , , , , , , , , , , , , , , , , , , , , , , , , , , , , , , , , , , , ,5,335,2021,540.4238467974124,35.0,1003.0
2021335N08096,2021,102,NI,BB,JAWAD,2021-12-03 18:00:00,TS,15.5,84.9,40,1000,newdelhi,main,296,279,O____O_________,jtwc_io,IO052021,15.0,85.0, ,TS,35,1003,0, , , , , , , , , , , , ,1010,160,35, , , , , , , , , , , , , , , , , , , , , , , , , , , , , , , , , , ,15.9,84.8,CS,40,1000,2.50000,8, , , , , , , , , , , , , , , , , , , , , , , , , , , , , , , , , , , , , , , , , , , , , , , , , , , , , , , , , , , , , , , , , , , , , , , , , , , , , , , , , , , , , , , , , , ,5,340,2021,509.367701911903,35.0,1003.0
2021335N08096,2021,102,NI,BB,JAWAD,2021-12-03 21:00:00,TS,15.7,84.9,40,1000,newdelhi,main,279,255,P____O_________, ,IO052021,15.3,84.9, ,TS,35,1003,0, , , , , , , , , , , , ,1010,155,35, , , , , , , , , , , , , , , , , , , , , , , , , , , , , , , , , , ,16.0,84.9,CS,40,1000,2.50000,8, , , , , , , , , , , , , , , , , , , , , , , , , , , , , , , , , , , , , , , , , , , , , , , , , , , , , , , , , , , , , , , , , , , , , , , , , , , , , , , , , , , , , , , , , , ,5,345,2021,487.52908933169186,35.0,1003.0
2021335N08096,2021,102,NI,BB,JAWAD,2021-12-04 00:00:00,TS,16.0,84.8,40,1000,newdelhi,main,247,239,O____O_________,jtwc_io,IO052021,15.7,84.8, ,TS,35,1003,0, , , , , , , , , , , , ,1010,150,35, , , , , , , , , , , , , , , , , , , , , , , , , , , , , , , , , , ,16.2,84.7,CS,40,1000,2.50000,8, , , , , , , , , , , , , , , , , , , , , , , , , , , , , , , , , , , , , , , , , , , , , , , , , , , , , , , , , , , , , , , , , , , , , , , , , , , , , , , , , , , , , , , , , , ,5,350,2021,457.1724000330132,35.0,1003.0
2021335N08096,2021,102,NI,BB,JAWAD,2021-12-04 03:00:00,TS,16.2,84.8,40,1000,newdelhi,main,231,223,P____O_________, ,IO052021,16.0,84.9, ,TS,35,1003,0, , , , , , , , , , , , ,1010,170,30, , , , , , , , , , , , , , , , , , , , , , , , , , , , , , , , , , ,16.3,84.7,CS,40,1000,2.50000,8, , , , , , , , , , , , , , , , , , , , , , , , , , , , , , , , , , , , , , , , , , , , , , , , , , , , , , , , , , , , , , , , , , , , , , , , , , , , , , , , , , , , , , , , , , ,4,15,2021,435.552678888237,35.0,1003.0
2021335N08096,2021,102,NI,BB,JAWAD,2021-12-04 06:00:00,TS,16.3,84.9,35,1001,newdelhi,main,223,215,O____O_________,jtwc_io,IO052021,16.3,85.0, ,TS,35,1003,0, , , , , , , , , , , , ,1010,190,25, , , , , , , , , , , , , , , , , , , , , , , , , , , , , , , , , , ,16.4,84.7,CS,35,1001,2.50000,7, , , , , , , , , , , , , , , , , , , , , , , , , , , , , , , , , , , , , , , , , , , , , , , , , , , , , , , , , , , , , , , , , , , , , , , , , , , , , , , , , , , , , , , , , , ,4,20,2021,422.26356959301864,35.0,1003.0
2021335N08096,2021,102,NI,BB,JAWAD,2021-12-04 09:00:00,TS,16.5,84.9,35,1001,newdelhi,main,215,193,P____O_________, ,IO052021,16.6,85.1, ,TS,35,1003,0, , , , , , , , , , , , ,1010,185,25, , , , , , , , , , , , , , , , , , , , , , , , , , , , , , , , , , ,16.5,84.7,CS,35,1001,2.50000,7, , , , , , , , , , , , , , , , , , , , , , , , , , , , , , , , , , , , , , , , , , , , , , , , , , , , , , , , , , , , , , , , , , , , , , , , , , , , , , , , , , , , , , , , , , ,5,20,2021,400.6144920401397,35.0,1003.0
2021335N08096,2021,102,NI,BB,JAWAD,2021-12-04 12:00:00,TS,16.8,85.1,30,1002,newdelhi,main,189,171,O____O_________,jtwc_io,IO052021,16.8,85.3, ,TS,35,1002,0, , , , , , , , , , , , ,1009,180,25, , , , , , , , , , , , , , , , , , , , , , , , , , , , , , , , , , ,16.9,84.8,DD,30,1002,2.00000,6, , , , , , , , , , , , , , , , , , , , , , , , , , , , , , , , , , , , , , , , , , , , , , , , , , , , , , , , , , , , , , , , , , , , , , , , , , , , , , , , , , , , , , , , , , ,6,20,2021,363.40546675653934,35.0,1002.0
2021335N08096,2021,102,NI,BB,JAWAD,2021-12-04 15:00:00,TS,17.1,85.1, , , ,main,171,161,P____P_________, ,IO052021,17.0,85.4, ,TS,33,1001,-1, , , , , , , , , , , , ,1009,180,25, , , , , , , , , , , , , , , , , , , , , , , , , , , , , , , , , , ,17.2,84.9,DD,30,1002, ,6, , , , , , , , , , , , , , , , , , , , , , , , , , , , , , , , , , , , , , , , , , , , , , , , , , , , , , , , , , , , , , , , , , , , , , , , , , , , , , , , , , , , , , , , , , ,5,25,2021,330.79849130745464,33.0,1001.0
2021335N08096,2021,102,NI,BB,JAWAD,2021-12-04 18:00:00,TS,17.3,85.3,30,1002,newdelhi,main,169,162,O____O_________,jtwc_io,IO052021,17.1,85.5, ,TD,30,1000,-1, , , , , , , , , , , , ,1009,180,25, , , , , , , , , , , , , , , , , , , , , , , , , , , , , , , , , , ,17.5,85.0,DD,30,1002,2.00000,6, , , , , , , , , , , , , , , , , , , , , , , , , , , , , , , , , , , , , , , , , , , , , , , , , , , , , , , , , , , , , , , , , , , , , , , , , , , , , , , , , , , , , , , , , , ,4,40,2021,304.8116069537114,30.0,1000.0
2021335N08096,2021,102,NI,BB,JAWAD,2021-12-04 21:00:00,TS,17.4,85.4, , , ,main,169,161,P____P_________, ,IO052021,17.3,85.6, ,TD,30,1002,-1, , , , , , , , , , , , ,1009,180,25, , , , , , , , , , , , , , , , , , , , , , , , , , , , , , , , , , ,17.6,85.2,DD,30,1002, ,6, , , , , , , , , , , , , , , , , , , , , , , , , , , , , , , , , , , , , , , , , , , , , , , , , , , , , , , , , , , , , , , , , , , , , , , , , , , , , , , , , , , , , , , , , , ,6,45,2021,292.159670844778,30.0,1002.0
2021335N08096,2021,102,NI,BB,JAWAD,2021-12-05 00:00:00,TS,17.7,85.7,30,1002,newdelhi,main,169,138,O____O_________,jtwc_io,IO052021,17.5,85.8, ,TD,30,1004,-1, , , , , , , , , , , , ,1009,180,25, , , , , , , , , , , , , , , , , , , , , , , , , , , , , , , , , , ,17.9,85.5,DD,30,1002,2.00000,6, , , , , , , , , , , , , , , , , , , , , , , , , , , , , , , , , , , , , , , , , , , , , , , , , , , , , , , , , , , , , , , , , , , , , , , , , , , , , , , , , , , , , , , , , , ,10,25,2021,255.96469504675846,30.0,1004.0
2021335N08096,2021,102,NI,BB,JAWAD,2021-12-05 03:00:00,TS,18.3,85.8,30,1003,newdelhi,main,138,118,P____O_________, ,IO052021,17.9,86.0, ,TD,28,1006,-1, , , , , , , , , , , , ,1009,180,25, , , , , , , , , , , , , , , , , , , , , , , , , , , , , , , , , , ,18.7,85.7,DD,30,1003,2.00000,5, , , , , , , , , , , , , , , , , , , , , , , , , , , , , , , , , , , , , , , , , , , , , , , , , , , , , , , , , , , , , , , , , , , , , , , , , , , , , , , , , , , , , , , , , , ,11,20,2021,189.03137529574977,28.0,1006.0
2021335N08096,2021,102,NI,BB,JAWAD,2021-12-05 06:00:00,TS,18.7,86.1,30,1003,newdelhi,main,124,98,O____O_________,jtwc_io,IO052021,18.3,86.2, ,TD,25,1007,-1, , , , , , , , , , , , ,1009,180,25, , , , , , , , , , , , , , , , , , , , , , , , , , , , , , , , , , ,19.1,85.9,DD,30,1003,2.00000,5, , , , , , , , , , , , , , , , , , , , , , , , , , , , , , , , , , , , , , , , , , , , , , , , , , , , , , , , , , , , , , , , , , , , , , , , , , , , , , , , , , , , , , , , , , ,9,30,2021,147.94001881200285,25.0,1007.0
2021335N08096,2021,102,NI,BB,JAWAD,2021-12-05 09:00:00,TS,19.0,86.3,25,1004,newdelhi,main,102,70,P____O_________, ,IO052021,18.6,86.3, ,TD,23,1008,-1, , , , , , , , , , , , ,1009,175,25, , , , , , , , , , , , , , , , , , , , , , , , , , , , , , , , , , ,19.5,86.2,D,25,1004,1.50000,4, , , , , , , , , , , , , , , , , , , , , , , , , , , , , , , , , , , , , , , , , , , , , , , , , , , , , , , , , , , , , , , , , , , , , , , , , , , , , , , , , , , , , , , , , , ,10,35,2021,122.92624676276913,23.0,1008.0
2021335N08096,2021,102,NI,BB,JAWAD,2021-12-05 12:00:00,MX,19.5,86.7,25,1004,newdelhi,main,64,39,O____O_________,jtwc_io,IO052021,19.0,86.5, ,DB,20,1009,-3, , , , , , , , , , , , ,1009,170,25, , , , , , , , , , , , , , , , , , , , , , , , , , , , , , , , , , ,20.1,86.9,D,25,1004,1.50000,4, , , , , , , , , , , , , , , , , , , , , , , , , , , , , , , , , , , , , , , , , , , , , , , , , , , , , , , , , , , , , , , , , , , , , , , , , , , , , , , , , , , , , , , , , , ,12,35,2021,109.37308193320652,20.0,1009.0
2021335N08096,2021,102,NI,BB,JAWAD,2021-12-05 15:00:00,MX,20.0,87.0, , , ,main,45,23,P____P_________, ,IO052021,19.8,86.8, ,DB,20,1009,-3, , , , , , , , , , , , ,1009,170,25, , , , , , , , , , , , , , , , , , , , , , , , , , , , , , , , , , ,20.5,87.3,D,25,1004, ,4, , , , , , , , , , , , , , , , , , , , , , , , , , , , , , , , , , , , , , , , , , , , , , , , , , , , , , , , , , , , , , , , , , , , , , , , , , , , , , , , , , , , , , , , , , ,13,25,2021,125.38659435572204,20.0,1009.0
2021335N08096,2021,102,NI,BB,JAWAD,2021-12-05 18:00:00,MX,20.7,87.2,25,1004,newdelhi,main,20,20,O____O_________,jtwc_io,IO052021,20.7,87.2, ,DB,20,1009,-3, , , , , , , , , , , , ,1009,170,25, , , , , , , , , , , , , , , , , , , , , , , , , , , , , , , , , , ,20.6,87.3,D,25,1004,1.50000,4, , , , , , , , , , , , , , , , , , , , , , , , , , , , , , , , , , , , , , , , , , , , , , , , , , , , , , , , , , , , , , , , , , , , , , , , , , , , , , , , , , , , , , , , , , ,12,20,2021,165.41272244178015,20.0,1009.0
2021335N08096,2021,102,NI,BB,JAWAD,2021-12-05 21:00:00,DS,21.2,87.4, , , ,main,44,22,P______________, ,IO052021,21.2,87.4, ,DB,18,1010,-3, , , , , , , , , , , , ,1009,170,25, , , , , , , , , , , , , , , , , , , , , , , , , , , , , , , , , , , , , , , , , , , , , , , , , , , , , , , , , , , , , , , , , , , , , , , , , , , , , , , , , , , , , , , , , , , , , , , , , , , , , , , , , , , , , , , , , , , , , , , , , , , , , , , , , , , ,9,30,2021,213.39451619987784,18.0,1010.0
2021335N08096,2021,102,NI,BB,JAWAD,2021-12-06 00:00:00,DS,21.5,87.7, , , ,main,22,0,O______________,jtwc_io,IO052021,21.5,87.7, ,DB,15,1010,-3, , , , , , , , , , , , ,1009,170,25, , , , , , , , , , , , , , , , , , , , , , , , , , , , , , , , , , , , , , , , , , , , , , , , , , , , , , , , , , , , , , , , , , , , , , , , , , , , , , , , , , , , , , , , , , , , , , , , , , , , , , , , , , , , , , , , , , , , , , , , , , , , , , , , , , , ,9,40,2021,258.5508202031118,15.0,1010.0
2021335N08096,2021,102,NI,BB,JAWAD,2021-12-06 03:00:00,DS,21.9,88.1, , , ,main,10,0,P______________, ,IO052021,21.9,88.1, ,DB,13,1010,-3, , , , , , , , , , , , ,1009,170,25, , , , , , , , , , , , , , , , , , , , , , , , , , , , , , , , , , , , , , , , , , , , , , , , , , , , , , , , , , , , , , , , , , , , , , , , , , , , , , , , , , , , , , , , , , , , , , , , , , , , , , , , , , , , , , , , , , , , , , , , , , , , , , , , , , , ,11,45,2021,318.86036712504495,13.0,1010.0
2021335N08096,2021,102,NI,BB,JAWAD,2021-12-06 06:00:00,DS,22.3,88.5, , , ,main,0, ,O______________,jtwc_io,IO052021,22.3,88.5, ,DB,10,1009,-3, , , , , , , , , , , , ,1009,170,25, , , , , , , , , , , , , , , , , , , , , , , , , , , , , , , , , , , , , , , , , , , , , , , , , , , , , , , , , , , , , , , , , , , , , , , , , , , , , , , , , , , , , , , , , , , , , , , , , , , , , , , , , , , , , , , , , , , , , , , , , , , , , , , , , , , ,12,45,2021,379.19864335773156,10.0,1009.0
2022221N21086,2022,54,NI,BB,UNNAMED,2022-08-09 03:00:00,TS,20.8,85.6,25,990,newdelhi,main,0,0,_____O_________, , , , , , , , ,-5, , , , , , , , , , , , , , , , , , , , , , , , , , , , , , , , , , , , , , , , , , , , , , , , , ,20.8,85.6,D,25,990,0.00000,4, , , , , , , , , , , , , , , , , , , , , , , , , , , , , , , , , , , , , , , , , , , , , , , , , , , , , , , , , , , , , , , , , , , , , , , , , , , , , , , , , , , , , , , , , , ,6,270,2022,91.36536622299197,25.0,990.0
2022221N21086,2022,54,NI,BB,UNNAMED,2022-08-09 06:00:00,TS,20.8,85.3,25,990,newdelhi,main,0,0,_____O_________, , , , , , , , ,-5, , , , , , , , , , , , , , , , , , , , , , , , , , , , , , , , , , , , , , , , , , , , , , , , , ,20.8,85.3,D,25,990,0.00000,4, , , , , , , , , , , , , , , , , , , , , , , , , , , , , , , , , , , , , , , , , , , , , , , , , , , , , , , , , , , , , , , , , , , , , , , , , , , , , , , , , , , , , , , , , , ,8,280,2022,103.09509831744431,25.0,990.0
2022221N21086,2022,54,NI,BB,UNNAMED,2022-08-09 09:00:00,TS,21.0,84.8, , , ,main,0,0,_____P_________, , , , , , , , ,-5, , , , , , , , , , , , , , , , , , , , , , , , , , , , , , , , , , , , , , , , , , , , , , , , , ,21.0,84.8,D,25,990, ,4, , , , , , , , , , , , , , , , , , , , , , , , , , , , , , , , , , , , , , , , , , , , , , , , , , , , , , , , , , , , , , , , , , , , , , , , , , , , , , , , , , , , , , , , , , ,11,290,2022,152.35411114794897,,
2022221N21086,2022,54,NI,BB,UNNAMED,2022-08-09 12:00:00,TS,21.2,84.2,25,990,newdelhi,main,0,0,_____O_________, , , , , , , , ,-5, , , , , , , , , , , , , , , , , , , , , , , , , , , , , , , , , , , , , , , , , , , , , , , , , ,21.2,84.2,D,25,990,0.00000,4, , , , , , , , , , , , , , , , , , , , , , , , , , , , , , , , , , , , , , , , , , , , , , , , , , , , , , , , , , , , , , , , , , , , , , , , , , , , , , , , , , , , , , , , , , ,11,290,2022,213.39451619987668,25.0,990.0
2022221N21086,2022,54,NI,BB,UNNAMED,2022-08-09 15:00:00,TS,21.4,83.7, , , ,main,0,0,_____P_________, , , , , , , , ,-5, , , , , , , , , , , , , , , , , , , , , , , , , , , , , , , , , , , , , , , , , , , , , , , , , ,21.4,83.7,D,23,991, ,4, , , , , , , , , , , , , , , , , , , , , , , , , , , , , , , , , , , , , , , , , , , , , , , , , , , , , , , , , , , , , , , , , , , , , , , , , , , , , , , , , , , , , , , , , , ,9,290,2022,268.22343001986536,,
2022221N21086,2022,54,NI,BB,UNNAMED,2022-08-09 18:00:00,TS,21.5,83.3,20,991,newdelhi,main,0, ,_____O_________, , , , , , , , ,-5, , , , , , , , , , , , , , , , , , , , , , , , , , , , , , , , , , , , , , , , , , , , , , , , , ,21.5,83.3,D,20,991,0.00000,3, , , , , , , , , , , , , , , , , , , , , , , , , , , , , , , , , , , , , , , , , , , , , , , , , , , , , , , , , , , , , , , , , , , , , , , , , , , , , , , , , , , , , , , , , , ,8,290,2022,308.8524138449668,20.0,991.0
2022226N22088,2022,58,NI,BB,UNNAMED,2022-08-14 03:00:00,TS,21.7,87.8,25,994,newdelhi,main,0,0,_____O_________, , , , , , , , ,-5, , , , , , , , , , , , , , , , , , , , , , , , , , , , , , , , , , , , , , , , , , , , , , , , , ,21.7,87.8,D,25,994,1.50000,4, , , , , , , , , , , , , , , , , , , , , , , , , , , , , , , , , , , , , , , , , , , , , , , , , , , , , , , , , , , , , , , , , , , , , , , , , , , , , , , , , , , , , , , , , , ,6,290,2022,280.9265299939646,25.0,994.0
2022226N22088,2022,58,NI,BB,UNNAMED,2022-08-14 06:00:00,TS,21.8,87.5,25,994,newdelhi,main,0,0,_____O_________, , , , , , , , ,-5, , , , , , , , , , , , , , , , , , , , , , , , , , , , , , , , , , , , , , , , , , , , , , , , , ,21.8,87.5,D,25,994,0.00000,4, , , , , , , , , , , , , , , , , , , , , , , , , , , , , , , , , , , , , , , , , , , , , , , , , , , , , , , , , , , , , , , , , , , , , , , , , , , , , , , , , , , , , , , , , , ,9,285,2022,266.91162795251546,25.0,994.0
2022226N22088,2022,58,NI,BB,UNNAMED,2022-08-14 09:00:00,TS,22.0,86.9, , , ,main,0,0,_____P_________, , , , , , , , ,-5, , , , , , , , , , , , , , , , , , , , , , , , , , , , , , , , , , , , , , , , , , , , , , , , , ,22.0,86.9,D,25,994, ,4, , , , , , , , , , , , , , , , , , , , , , , , , , , , , , , , , , , , , , , , , , , , , , , , , , , , , , , , , , , , , , , , , , , , , , , , , , , , , , , , , , , , , , , , , , ,14,280,2022,249.98944282626914,,
2022226N22088,2022,58,NI,BB,UNNAMED,2022-08-14 12:00:00,TS,22.1,86.0,25,994,newdelhi,main,0,0,_____O_________, , , , , , , , ,-5, , , , , , , , , , , , , , , , , , , , , , , , , , , , , , , , , , , , , , , , , , , , , , , , , ,22.1,86.0,D,25,994,0.00000,4, , , , , , , , , , , , , , , , , , , , , , , , , , , , , , , , , , , , , , , , , , , , , , , , , , , , , , , , , , , , , , , , , , , , , , , , , , , , , , , , , , , , , , , , , , ,18,275,2022,234.42975831150179,25.0,994.0
2022226N22088,2022,58,NI,BB,UNNAMED,2022-08-14 15:00:00,TS,22.2,85.0, , , ,main,0,0,_____P_________, , , , , , , , ,-5, , , , , , , , , , , , , , , , , , , , , , , , , , , , , , , , , , , , , , , , , , , , , , , , , ,22.2,85.0,D,25,994, ,4, , , , , , , , , , , , , , , , , , , , , , , , , , , , , , , , , , , , , , , , , , , , , , , , , , , , , , , , , , , , , , , , , , , , , , , , , , , , , , , , , , , , , , , , , , ,19,275,2022,258.32085106063266,,
2022226N22088,2022,58,NI,BB,UNNAMED,2022-08-14 18:00:00,TS,22.2,84.0,25,994,newdelhi,main,0,0,_____O_________, , , , , , , , ,-5, , , , , , , , , , , , , , , , , , , , , , , , , , , , , , , , , , , , , , , , , , , , , , , , , ,22.2,84.0,D,25,994,0.00000,4, , , , , , , , , , , , , , , , , , , , , , , , , , , , , , , , , , , , , , , , , , , , , , , , , , , , , , , , , , , , , , , , , , , , , , , , , , , , , , , , , , , , , , , , , , ,15,275,2022,307.74232229692666,25.0,994.0
2022226N22088,2022,58,NI,BB,UNNAMED,2022-08-14 21:00:00,TS,22.3,83.4, , , ,main,0,0,_____P_________, , , , , , , , ,-5, , , , , , , , , , , , , , , , , , , , , , , , , , , , , , , , , , , , , , , , , , , , , , , , , ,22.3,83.4,D,25,994, ,4, , , , , , , , , , , , , , , , , , , , , , , , , , , , , , , , , , , , , , , , , , , , , , , , , , , , , , , , , , , , , , , , , , , , , , , , , , , , , , , , , , , , , , , , , , ,11,280,2022,356.8485353695079,,
2022226N22088,2022,58,NI,BB,UNNAMED,2022-08-15 00:00:00,TS,22.4,82.8,25,994,newdelhi,main,0,0,_____O_________, , , , , , , , ,-5, , , , , , , , , , , , , , , , , , , , , , , , , , , , , , , , , , , , , , , , , , , , , , , , , ,22.4,82.8,D,25,994,0.00000,4, , , , , , , , , , , , , , , , , , , , , , , , , , , , , , , , , , , , , , , , , , , , , , , , , , , , , , , , , , , , , , , , , , , , , , , , , , , , , , , , , , , , , , , , , , ,13,285,2022,409.7824213304872,25.0,994.0
2022226N22088,2022,58,NI,BB,UNNAMED,2022-08-15 03:00:00,TS,22.6,82.0,25,994,newdelhi,main,0,0,_____O_________, , , , , , , , ,-5, , , , , , , , , , , , , , , , , , , , , , , , , , , , , , , , , , , , , , , , , , , , , , , , , ,22.6,82.0,D,25,994,0.00000,4, , , , , , , , , , , , , , , , , , , , , , , , , , , , , , , , , , , , , , , , , , , , , , , , , , , , , , , , , , , , , , , , , , , , , , , , , , , , , , , , , , , , , , , , , , ,16,285,2022,488.3835371214178,25.0,994.0
2022226N22088,2022,58,NI,BB,UNNAMED,2022-08-15 06:00:00,TS,22.8,81.1,25,994,newdelhi,main,0,0,_____O_________, , , , , , , , ,-5, , , , , , , , , , , , , , , , , , , , , , , , , , , , , , , , , , , , , , , , , , , , , , , , , ,22.8,81.1,D,25,994,0.00000,4, , , , , , , , , , , , , , , , , , , , , , , , , , , , , , , , , , , , , , , , , , , , , , , , , , , , , , , , , , , , , , , , , , , , , , , , , , , , , , , , , , , , , , , , , , ,16,285,2022,577.593671656006,25.0,994.0
2022226N22088,2022,58,NI,BB,UNNAMED,2022-08-15 09:00:00,TS,23.1,80.4, , , ,main,0,0,_____P_________, , , , , , , , ,-5, , , , , , , , , , , , , , , , , , , , , , , , , , , , , , , , , , , , , , , , , , , , , , , , , ,23.1,80.4,D,25,994, ,4, , , , , , , , , , , , , , , , , , , , , , , , , , , , , , , , , , , , , , , , , , , , , , , , , , , , , , , , , , , , , , , , , , , , , , , , , , , , , , , , , , , , , , , , , , ,13,295,2022,656.1839503436879,,
2022226N22088,2022,58,NI,BB,UNNAMED,2022-08-15 12:00:00,TS,23.3,79.8,25,994,newdelhi,main,0,0,_____O_________, , , , , , , , ,-5, , , , , , , , , , , , , , , , , , , , , , , , , , , , , , , , , , , , , , , , , , , , , , , , , ,23.3,79.8,D,25,994,0.00000,4, , , , , , , , , , , , , , , , , , , , , , , , , , , , , , , , , , , , , , , , , , , , , , , , , , , , , , , , , , , , , , , , , , , , , , , , , , , , , , , , , , , , , , , , , , ,10,295,2022,720.3970129958816,25.0,994.0
2022226N22088,2022,58,NI,BB,UNNAMED,2022-08-15 15:00:00,TS,23.4,79.4, , , ,main,0,0,_____P_________, , , , , , , , ,-5, , , , , , , , , , , , , , , , , , , , , , , , , , , , , , , , , , , , , , , , , , , , , , , , , ,23.4,79.4,D,25,994, ,4, , , , , , , , , , , , , , , , , , , , , , , , , , , , , , , , , , , , , , , , , , , , , , , , , , , , , , , , , , , , , , , , , , , , , , , , , , , , , , , , , , , , , , , , , , ,8,290,2022,761.5018385936576,,
2022226N22088,2022,58,NI,BB,UNNAMED,2022-08-15 18:00:00,TS,23.6,79.0,25,994,newdelhi,main,0,0,_____O_________, , , , , , , , ,-5, , , , , , , , , , , , , , , , , , , , , , , , , , , , , , , , , , , , , , , , , , , , , , , , , ,23.6,79.0,D,25,994,0.00000,4, , , , , , , , , , , , , , , , , , , , , , , , , , , , , , , , , , , , , , , , , , , , , , , , , , , , , , , , , , , , , , , , , , , , , , , , , , , , , , , , , , , , , , , , , , ,10,300,2022,807.9593217526706,25.0,994.0
2022226N22088,2022,58,NI,BB,UNNAMED,2022-08-15 21:00:00,TS,23.9,78.4, , , ,main,0,0,_____P_________, , , , , , , , ,-5, , , , , , , , , , , , , , , , , , , , , , , , , , , , , , , , , , , , , , , , , , , , , , , , , ,23.9,78.4,D,25,994, ,4, , , , , , , , , , , , , , , , , , , , , , , , , , , , , , , , , , , , , , , , , , , , , , , , , , , , , , , , , , , , , , , , , , , , , , , , , , , , , , , , , , , , , , , , , , ,15,300,2022,877.5418885944156,,
2022226N22088,2022,58,NI,AS,UNNAMED,2022-08-16 00:00:00,TS,24.3,77.6,25,994,newdelhi,main,0,0,_____O_________, , , , , , , , ,-5, , , , , , , , , , , , , , , , , , , , , , , , , , , , , , , , , , , , , , , , , , , , , , , , , ,24.3,77.6,D,25,994,0.00000,4, , , , , , , , , , , , , , , , , , , , , , , , , , , , , , , , , , , , , , , , , , , , , , , , , , , , , , , , , , , , , , , , , , , , , , , , , , , , , , , , , , , , , , , , , , ,19,295,2022,970.1208443659556,25.0,994.0
2022226N22088,2022,58,NI,AS,UNNAMED,2022-08-16 03:00:00,TS,24.7,76.5,25,994,newdelhi,main,0,0,_____O_________, , , , , , , , ,-5, , , , , , , , , , , , , , , , , , , , , , , , , , , , , , , , , , , , , , , , , , , , , , , , , ,24.7,76.5,D,25,994,0.00000,4, , , , , , , , , , , , , , , , , , , , , , , , , , , , , , , , , , , , , , , , , , , , , , , , , , , , , , , , , , , , , , , , , , , , , , , , , , , , , , , , , , , , , , , , , , ,15,295,2022,1089.4118767531859,25.0,994.0
2022226N22088,2022,58,NI,AS,UNNAMED,2022-08-16 06:00:00,TS,24.9,76.1,20,995,newdelhi,main,0, ,_____O_________, , , , , , , , ,-5, , , , , , , , , , , , , , , , , , , , , , , , , , , , , , , , , , , , , , , , , , , , , , , , , ,24.9,76.1,D,20,995,0.00000,3, , , , , , , , , , , , , , , , , , , , , , , , , , , , , , , , , , , , , , , , , , , , , , , , , , , , , , , , , , , , , , , , , , , , , , , , , , , , , , , , , , , , , , , , , , ,8,300,2022,1135.4774375525499,20.0,995.0
2022230N18095,2022,59,NI,BB,UNNAMED,2022-08-17 12:00:00,TS,18.0,95.0, , , ,main,0,0,O______________,jtwc_io,IO042022,18.0,95.0, ,TD,30,999,-1, , , , , , , , , , , , , , , , , , , , , , , , , , , , , , , , , , , , , , , , , , , , , , , , , , , , , , , , , , , , , , , , , , , , , , , , , , , , , , , , , , , , , , , , , , , , , , , , , , , , , , , , , , , , , , , , , , , , , , , , , , , , , , , , , , , , , , , , , , , , , , , , , , ,10,300,2022,992.3231245223726,30.0,999.0
2022230N18095,2022,59,NI,BB,UNNAMED,2022-08-17 15:00:00,TS,18.3,94.5, , , ,main,0,0,P______________, ,IO042022,18.3,94.5, ,TD,30,998,-1, , , , , , , , , , , , , , , , , , , , , , , , , , , , , , , , , , , , , , , , , , , , , , , , , , , , , , , , , , , , , , , , , , , , , , , , , , , , , , , , , , , , , , , , , , , , , , , , , , , , , , , , , , , , , , , , , , , , , , , , , , , , , , , , , , , , , , , , , , , , , , , , , , ,10,300,2022,933.0713211989182,30.0,998.0
2022230N18095,2022,59,NI,BB,UNNAMED,2022-08-17 18:00:00,TS,18.5,94.1, , , ,main,15,15,O______________,jtwc_io,IO042022,18.5,94.1, ,TD,30,996,-1, , , , , , , , , , , , ,998,170,35, , , , , , , , , , , , , , , , , , , , , , , , , , , , , , , , , , , , , , , , , , , , , , , , , , , , , , , , , , , , , , , , , , , , , , , , , , , , , , , , , , , , , , , , , , , , , , , , , , , , , , , , , , , , , , , , , , , , , , , , , , , , , , , , , , , ,9,295,2022,887.0223101423345,30.0,996.0
2022230N18095,2022,59,NI,BB,UNNAMED,2022-08-17 21:00:00,TS,18.7,93.7, , , ,main,23,23,P______________, ,IO042022,18.7,93.7, ,TD,30,995,-1, , , , , , , , , , , , ,997,170,35, , , , , , , , , , , , , , , , , , , , , , , , , , , , , , , , , , , , , , , , , , , , , , , , , , , , , , , , , , , , , , , , , , , , , , , , , , , , , , , , , , , , , , , , , , , , , , , , , , , , , , , , , , , , , , , , , , , , , , , , , , , , , , , , , , , ,9,295,2022,841.2348927933356,30.0,995.0
2022230N18095,2022,59,NI,BB,UNNAMED,2022-08-18 00:00:00,TS,18.9,93.2, , , ,main,53,53,O______________,jtwc_io,IO042022,18.9,93.2, ,TD,30,994,-1, , , , , , , , , , , , ,996,170,35, , , , , , , , , , , , , , , , , , , , , , , , , , , , , , , , , , , , , , , , , , , , , , , , , , , , , , , , , , , , , , , , , , , , , , , , , , , , , , , , , , , , , , , , , , , , , , , , , , , , , , , , , , , , , , , , , , , , , , , , , , , , , , , , , , , ,10,300,2022,785.3914742726266,30.0,994.0
2022230N18095,2022,59,NI,BB,UNNAMED,2022-08-18 03:00:00,TS,19.2,92.7, , , ,main,95,91,P______________, ,IO042022,19.2,92.7, ,TD,33,994,-1, , , , , , , , , , , , ,996,170,35, , , , , , , , , , , , , , , , , , , , , , , , , , , , , , , , , , , , , , , , , , , , , , , , , , , , , , , , , , , , , , , , , , , , , , , , , , , , , , , , , , , , , , , , , , , , , , , , , , , , , , , , , , , , , , , , , , , , , , , , , , , , , , , , , , , ,11,300,2022,728.1854478415254,33.0,994.0
2022230N18095,2022,59,NI,BB,UNNAMED,2022-08-18 06:00:00,TS,19.5,92.2, , , ,main,99,99,O______________,jtwc_io,IO042022,19.5,92.2, ,TS,35,993,0, , , , , , , , , , , , ,996,170,35, , , , , , , , , , , , , , , , , , , , , , , , , , , , , , , , , , , , , , , , , , , , , , , , , , , , , , , , , , , , , , , , , , , , , , , , , , , , , , , , , , , , , , , , , , , , , , , , , , , , , , , , , , , , , , , , , , , , , , , , , , , , , , , , , , , ,14,300,2022,672.0465327954232,35.0,993.0
2022230N18095,2022,59,NI,BB,UNNAMED,2022-08-18 09:00:00,TS,19.9,91.4, , , ,main,137,137,P______________, ,IO042022,19.9,91.4, ,TS,35,993,0, , , , , , , , , , , , ,996,170,35, , , , , , , , , , , , , , , , , , , , , , , , , , , , , , , , , , , , , , , , , , , , , , , , , , , , , , , , , , , , , , , , , , , , , , , , , , , , , , , , , , , , , , , , , , , , , , , , , , , , , , , , , , , , , , , , , , , , , , , , , , , , , , , , , , , ,16,295,2022,585.40268835891,35.0,993.0
2022230N18095,2022,59,NI,BB,UNNAMED,2022-08-18 12:00:00,TS,20.2,90.7, , , ,main,183,170,O______________,jtwc_io,IO042022,20.2,90.7, ,TS,35,993,0,20,65,45,20, , , , , , , , ,996,170,35, , , , , , , , , , , , , , , , , , , , , , , , , , , , , , , , , , , , , , , , , , , , , , , , , , , , , , , , , , , , , , , , , , , , , , , , , , , , , , , , , , , , , , , , , , , , , , , , , , , , , , , , , , , , , , , , , , , , , , , , , , , , , , , , , , , ,10,295,2022,512.1346211525623,35.0,993.0
2022230N18095,2022,59,NI,BB,UNNAMED,2022-08-18 15:00:00,TS,20.3,90.5, , , ,main,170,156,P______________, ,IO042022,20.3,90.5, ,TS,35,995,0,28,68,48,28, , , , , , , , ,998,175,35, , , , , , , , , , , , , , , , , , , , , , , , , , , , , , , , , , , , , , , , , , , , , , , , , , , , , , , , , , , , , , , , , , , , , , , , , , , , , , , , , , , , , , , , , , , , , , , , , , , , , , , , , , , , , , , , , , , , , , , , , , , , , , , , , , , ,4,300,2022,491.7445623097564,35.0,995.0
2022230N18095,2022,59,NI,BB,UNNAMED,2022-08-18 18:00:00,TS,20.4,90.3, , , ,main,156,119,O______________,jtwc_io,IO042022,20.4,90.3, ,TS,35,997,0,35,70,50,35, , , , , , , , ,1000,180,35, , , , , , , , , , , , , , , , , , , , , , , , , , , , , , , , , , , , , , , , , , , , , , , , , , , , , , , , , , , , , , , , , , , , , , , , , , , , , , , , , , , , , , , , , , , , , , , , , , , , , , , , , , , , , , , , , , , , , , , , , , , , , , , , , , , ,7,300,2022,471.68646444633185,35.0,997.0
2022230N18095,2022,59,NI,BB,UNNAMED,2022-08-18 21:00:00,TS,20.7,89.8, , , ,main,119,84,P______________, ,IO042022,20.7,89.8, ,TS,38,996,0,43,73,53,43, , , , , , , , ,1000,180,35, , , , , , , , , , , , , , , , , , , , , , , , , , , , , , , , , , , , , , , , , , , , , , , , , , , , , , , , , , , , , , , , , , , , , , , , , , , , , , , , , , , , , , , , , , , , , , , , , , , , , , , , , , , , , , , , , , , , , , , , , , , , , , , , , , , ,10,300,2022,424.2073537114179,38.0,996.0
2022230N18095,2022,59,NI,BB,UNNAMED,2022-08-19 00:00:00,TS,20.9,89.4,25,994,newdelhi,main,84,67,O____O_________,jtwc_io,IO042022,21.0,89.3, ,TS,40,995,0,50,75,55,50, , , , , , , , ,1000,180,35, , , , , , , , , , , , , , , , , , , , , , , , , , , , , , , , , , ,20.5,89.7,D,25,994,1.50000,4, , , , , , , , , , , , , , , , , , , , , , , , , , , , , , , , , , , , , , , , , , , , , , , , , , , , , , , , , , , , , , , , , , , , , , , , , , , , , , , , , , , , , , , , , , ,7,295,2022,388.1824574532313,40.0,995.0
2022230N18095,2022,59,NI,BB,UNNAMED,2022-08-19 03:00:00,TS,21.0,89.2,25,994,newdelhi,main,67,55,P____O_________, ,IO042022,21.1,89.1, ,TS,43,993,0,60,80,58,60, , , , , , , , ,1001,190,33, , , , , , , , , , , , , , , , , , , , , , , , , , , , , , , , , , ,20.8,89.2,D,25,994,1.50000,4, , , , , , , , , , , , , , , , , , , , , , , , , , , , , , , , , , , , , , , , , , , , , , , , , , , , , , , , , , , , , , , , , , , , , , , , , , , , , , , , , , , , , , , , , , ,5,300,2022,371.1561194791226,43.0,993.0
2022230N18095,2022,59,NI,BB,UNNAMED,2022-08-19 06:00:00,TS,21.2,88.9,30,993,newdelhi,main,44,35,O____O_________,jtwc_io,IO042022,21.2,89.0, ,TS,45,990,0,70,85,60,70, , , , , , , , ,1002,200,30, , , , , , , , , , , , , , , , , , , , , , , , , , , , , , , , , , ,21.1,88.8,DD,30,993,2.00000,5, , , , , , , , , , , , , , , , , , , , , , , , , , , , , , , , , , , , , , , , , , , , , , , , , , , , , , , , , , , , , , , , , , , , , , , , , , , , , , , , , , , , , , , , , , ,7,305,2022,349.1531496871585,45.0,990.0
2022230N18095,2022,59,NI,BB,UNNAMED,2022-08-19 09:00:00,TS,21.4,88.6, , , ,main,24,0,P____P_________, ,IO042022,21.4,88.7, ,TS,43,991,0,55,73,55,55, , , , , , , , ,1002,200,30, , , , , , , , , , , , , , , , , , , , , , , , , , , , , , , , , , ,21.3,88.5,DD,30,993, ,6, , , , , , , , , , , , , , , , , , , , , , , , , , , , , , , , , , , , , , , , , , , , , , , , , , , , , , , , , , , , , , , , , , , , , , , , , , , , , , , , , , , , , , , , , , ,8,300,2022,330.22791269700735,43.0,991.0
2022230N18095,2022,59,NI,BB,UNNAMED,2022-08-19 12:00:00,TS,21.6,88.1,30,992,newdelhi,main,0,0,O____O_________,jtwc_io,IO042022,21.7,88.2, ,TS,40,991,0,40,60,50,40, , , , , , , , ,1002,200,30, , , , , , , , , , , , , , , , , , , , , , , , , , , , , , , , , , ,21.5,88.1,DD,30,992,2.00000,6, , , , , , , , , , , , , , , , , , , , , , , , , , , , , , , , , , , , , , , , , , , , , , , , , , , , , , , , , , , , , , , , , , , , , , , , , , , , , , , , , , , , , , , , , , ,10,300,2022,298.0027593645577,40.0,991.0
2022230N18095,2022,59,NI,BB,UNNAMED,2022-08-19 15:00:00,TS,21.9,87.6,30,992,newdelhi,main,0,0,P____O_________, ,IO042022,22.0,87.6, ,TS,38,994,0,30,50,45,30, , , , , , , , ,1002,200,30, , , , , , , , , , , , , , , , , , , , , , , , , , , , , , , , , , ,21.8,87.6,DD,30,992,0.00000,6, , , , , , , , , , , , , , , , , , , , , , , , , , , , , , , , , , , , , , , , , , , , , , , , , , , , , , , , , , , , , , , , , , , , , , , , , , , , , , , , , , , , , , , , , , ,12,300,2022,282.0799013702422,38.0,994.0
2022230N18095,2022,59,NI,BB,UNNAMED,2022-08-19 18:00:00,TS,22.2,87.0,30,992,newdelhi,main,0,0,O____O_________,jtwc_io,IO042022,22.3,87.0, ,TS,35,996,0,20,40,40,20, , , , , , , , ,1002,200,30, , , , , , , , , , , , , , , , , , , , , , , , , , , , , , , , , , ,22.1,87.0,DD,30,992,0.00000,6, , , , , , , , , , , , , , , , , , , , , , , , , , , , , , , , , , , , , , , , , , , , , , , , , , , , , , , , , , , , , , , , , , , , , , , , , , , , , , , , , , , , , , , , , , ,12,295,2022,274.4769809131402,35.0,996.0
2022230N18095,2022,59,NI,BB,UNNAMED,2022-08-19 21:00:00,TS,22.4,86.4, , , ,main,0,0,P____P_________, ,IO042022,22.5,86.4, ,TS,33,997,-1, , , , , , , , , , , , ,1002,200,30, , , , , , , , , , , , , , , , , , , , , , , , , , , , , , , , , , ,22.3,86.5,DD,30,992, ,6, , , , , , , , , , , , , , , , , , , , , , , , , , , , , , , , , , , , , , , , , , , , , , , , , , , , , , , , , , , , , , , , , , , , , , , , , , , , , , , , , , , , , , , , , , ,11,290,2022,274.0194781339988,33.0,997.0
2022230N18095,2022,59,NI,BB,UNNAMED,2022-08-20 00:00:00,TS,22.6,85.9,30,992,newdelhi,main,0,0,O____O_________,jtwc_io,IO042022,22.7,85.8, ,TD,30,998,-1, , , , , , , , , , , , ,1002,200,30, , , , , , , , , , , , , , , , , , , , , , , , , , , , , , , , , , ,22.5,86.0,DD,30,992,0.00000,6, , , , , , , , , , , , , , , , , , , , , , , , , , , , , , , , , , , , , , , , , , , , , , , , , , , , , , , , , , , , , , , , , , , , , , , , , , , , , , , , , , , , , , , , , , ,10,285,2022,289.29232374039685,30.0,998.0
2022230N18095,2022,59,NI,BB,UNNAMED,2022-08-20 03:00:00,TS,22.7,85.4,30,992,newdelhi,main,0,0,P____O_________, ,IO042022,22.9,85.1, ,TD,28,999,-1, , , , , , , , , , , , ,1003,215,30, , , , , , , , , , , , , , , , , , , , , , , , , , , , , , , , , , ,22.6,85.6,DD,30,992,0.00000,6, , , , , , , , , , , , , , , , , , , , , , , , , , , , , , , , , , , , , , , , , , , , , , , , , , , , , , , , , , , , , , , , , , , , , , , , , , , , , , , , , , , , , , , , , , ,12,290,2022,303.0700418436697,28.0,999.0
2022230N18095,2022,59,NI,BB,UNNAMED,2022-08-20 06:00:00,TS,22.9,84.7,30,993,newdelhi,main,0,0,O____O_________,jtwc_io,IO042022,23.1,84.4, ,TD,25,999,-1, , , , , , , , , , , , ,1003,230,30, , , , , , , , , , , , , , , , , , , , , , , , , , , , , , , , , , ,22.9,84.8,DD,30,993,0.00000,5, , , , , , , , , , , , , , , , , , , , , , , , , , , , , , , , , , , , , , , , , , , , , , , , , , , , , , , , , , , , , , , , , , , , , , , , , , , , , , , , , , , , , , , , , , ,13,290,2022,341.9647473712484,25.0,999.0
2022230N18095,2022,59,NI,BB,UNNAMED,2022-08-20 09:00:00,TS,23.1,84.1, , , ,main,0,0,_____P_________, ,IO042022, , , ,TD, , ,-5, , , , , , , , , , , , , , , , , , , , , , , , , , , , , , , , , , , , , , , , , , , , , , , , , ,23.1,84.1,DD,30,993, ,5, , , , , , , , , , , , , , , , , , , , , , , , , , , , , , , , , , , , , , , , , , , , , , , , , , , , , , , , , , , , , , , , , , , , , , , , , , , , , , , , , , , , , , , , , , ,11,290,2022,386.9386035855406,,
2022230N18095,2022,59,NI,BB,UNNAMED,2022-08-20 12:00:00,TS,23.3,83.6,30,993,newdelhi,main,0,0,_____O_________, , , , , , , , ,-5, , , , , , , , , , , , , , , , , , , , , , , , , , , , , , , , , , , , , , , , , , , , , , , , , ,23.3,83.6,DD,30,993,0.00000,5, , , , , , , , , , , , , , , , , , , , , , , , , , , , , , , , , , , , , , , , , , , , , , , , , , , , , , , , , , , , , , , , , , , , , , , , , , , , , , , , , , , , , , , , , , ,9,290,2022,431.65174001867837,30.0,993.0
2022230N18095,2022,59,NI,BB,UNNAMED,2022-08-20 15:00:00,TS,23.4,83.2, , , ,main,0,0,_____P_________, , , , , , , , ,-5, , , , , , , , , , , , , , , , , , , , , , , , , , , , , , , , , , , , , , , , , , , , , , , , , ,23.4,83.2,DD,30,993, ,5, , , , , , , , , , , , , , , , , , , , , , , , , , , , , , , , , , , , , , , , , , , , , , , , , , , , , , , , , , , , , , , , , , , , , , , , , , , , , , , , , , , , , , , , , , ,7,285,2022,463.7396233631722,,
2022230N18095,2022,59,NI,BB,UNNAMED,2022-08-20 18:00:00,TS,23.5,82.9,30,993,newdelhi,main,0,0,_____O_________, , , , , , , , ,-5, , , , , , , , , , , , , , , , , , , , , , , , , , , , , , , , , , , , , , , , , , , , , , , , , ,23.5,82.9,DD,30,993,0.00000,5, , , , , , , , , , , , , , , , , , , , , , , , , , , , , , , , , , , , , , , , , , , , , , , , , , , , , , , , , , , , , , , , , , , , , , , , , , , , , , , , , , , , , , , , , , ,6,290,2022,491.044305171395,30.0,993.0
2022230N18095,2022,59,NI,BB,UNNAMED,2022-08-20 21:00:00,TS,23.6,82.6, , , ,main,0,0,_____P_________, , , , , , , , ,-5, , , , , , , , , , , , , , , , , , , , , , , , , , , , , , , , , , , , , , , , , , , , , , , , , ,23.6,82.6,DD,28,994, ,5, , , , , , , , , , , , , , , , , , , , , , , , , , , , , , , , , , , , , , , , , , , , , , , , , , , , , , , , , , , , , , , , , , , , , , , , , , , , , , , , , , , , , , , , , , ,7,285,2022,518.9735902901019,,
2022230N18095,2022,59,NI,BB,UNNAMED,2022-08-21 00:00:00,TS,23.7,82.2,25,994,newdelhi,main,0,0,_____O_________, , , , , , , , ,-5, , , , , , , , , , , , , , , , , , , , , , , , , , , , , , , , , , , , , , , , , , , , , , , , , ,23.7,82.2,D,25,994,0.00000,4, , , , , , , , , , , , , , , , , , , , , , , , , , , , , , , , , , , , , , , , , , , , , , , , , , , , , , , , , , , , , , , , , , , , , , , , , , , , , , , , , , , , , , , , , , ,8,285,2022,554.2881974879996,25.0,994.0
2022230N18095,2022,59,NI,BB,UNNAMED,2022-08-21 03:00:00,TS,23.8,81.7,25,994,newdelhi,main,0,0,_____O_________, , , , , , , , ,-5, , , , , , , , , , , , , , , , , , , , , , , , , , , , , , , , , , , , , , , , , , , , , , , , , ,23.8,81.7,D,25,994,0.00000,4, , , , , , , , , , , , , , , , , , , , , , , , , , , , , , , , , , , , , , , , , , , , , , , , , , , , , , , , , , , , , , , , , , , , , , , , , , , , , , , , , , , , , , , , , , ,10,290,2022,597.7971711899652,25.0,994.0
2022230N18095,2022,59,NI,BB,UNNAMED,2022-08-21 06:00:00,TS,24.0,81.2,25,994,newdelhi,main,0,0,_____O_________, , , , , , , , ,-5, , , , , , , , , , , , , , , , , , , , , , , , , , , , , , , , , , , , , , , , , , , , , , , , , ,24.0,81.2,D,25,994,0.00000,4, , , , , , , , , , , , , , , , , , , , , , , , , , , , , , , , , , , , , , , , , , , , , , , , , , , , , , , , , , , , , , , , , , , , , , , , , , , , , , , , , , , , , , , , , , ,9,290,2022,650.0694808637168,25.0,994.0
2022230N18095,2022,59,NI,BB,UNNAMED,2022-08-21 09:00:00,TS,24.1,80.8, , , ,main,0,0,_____P_________, , , , , , , , ,-5, , , , , , , , , , , , , , , , , , , , , , , , , , , , , , , , , , , , , , , , , , , , , , , , , ,24.1,80.8,D,25,994, ,4, , , , , , , , , , , , , , , , , , , , , , , , , , , , , , , , , , , , , , , , , , , , , , , , , , , , , , , , , , , , , , , , , , , , , , , , , , , , , , , , , , , , , , , , , , ,7,285,2022,687.8911874226342,,
2022230N18095,2022,59,NI,BB,UNNAMED,2022-08-21 12:00:00,TS,24.2,80.5,25,994,newdelhi,main,0,0,_____O_________, , , , , , , , ,-5, , , , , , , , , , , , , , , , , , , , , , , , , , , , , , , , , , , , , , , , , , , , , , , , , ,24.2,80.5,D,25,994,0.00000,4, , , , , , , , , , , , , , , , , , , , , , , , , , , , , , , , , , , , , , , , , , , , , , , , , , , , , , , , , , , , , , , , , , , , , , , , , , , , , , , , , , , , , , , , , , ,6,285,2022,718.3521750392416,25.0,994.0
2022230N18095,2022,59,NI,BB,UNNAMED,2022-08-21 15:00:00,TS,24.3,80.1, , , ,main,0,0,_____P_________, , , , , , , , ,-5, , , , , , , , , , , , , , , , , , , , , , , , , , , , , , , , , , , , , , , , , , , , , , , , , ,24.3,80.1,D,25,995, ,4, , , , , , , , , , , , , , , , , , , , , , , , , , , , , , , , , , , , , , , , , , , , , , , , , , , , , , , , , , , , , , , , , , , , , , , , , , , , , , , , , , , , , , , , , , ,6,280,2022,756.9309448649129,,
2022230N18095,2022,59,NI,BB,UNNAMED,2022-08-21 18:00:00,TS,24.3,79.8,25,995,newdelhi,main,0,0,_____O_________, , , , , , , , ,-5, , , , , , , , , , , , , , , , , , , , , , , , , , , , , , , , , , , , , , , , , , , , , , , , , ,24.3,79.8,D,25,995,0.00000,4, , , , , , , , , , , , , , , , , , , , , , , , , , , , , , , , , , , , , , , , , , , , , , , , , , , , , , , , , , , , , , , , , , , , , , , , , , , , , , , , , , , , , , , , , , ,6,275,2022,781.1136346385429,25.0,995.0
2022230N18095,2022,59,NI,BB,UNNAMED,2022-08-21 21:00:00,TS,24.3,79.5, , , ,main,0,0,_____P_________, , , , , , , , ,-5, , , , , , , , , , , , , , , , , , , , , , , , , , , , , , , , , , , , , , , , , , , , , , , , , ,24.3,79.5,D,25,995, ,4, , , , , , , , , , , , , , , , , , , , , , , , , , , , , , , , , , , , , , , , , , , , , , , , , , , , , , , , , , , , , , , , , , , , , , , , , , , , , , , , , , , , , , , , , , ,6,270,2022,805.753642051819,,
2022230N18095,2022,59,NI,BB,UNNAMED,2022-08-22 00:00:00,TS,24.3,79.1,25,995,newdelhi,main,0,0,_____O_________, , , , , , , , ,-5, , , , , , , , , , , , , , , , , , , , , , , , , , , , , , , , , , , , , , , , , , , , , , , , , ,24.3,79.1,D,25,995,0.00000,4, , , , , , , , , , , , , , , , , , , , , , , , , , , , , , , , , , , , , , , , , , , , , , , , , , , , , , , , , , , , , , , , , , , , , , , , , , , , , , , , , , , , , , , , , , ,10,270,2022,839.2484850888401,25.0,995.0
2022230N18095,2022,59,NI,BB,UNNAMED,2022-08-22 03:00:00,TS,24.3,78.4,25,995,newdelhi,main,0,0,_____O_________, , , , , , , , ,-5, , , , , , , , , , , , , , , , , , , , , , , , , , , , , , , , , , , , , , , , , , , , , , , , , ,24.3,78.4,D,25,995,0.00000,4, , , , , , , , , , , , , , , , , , , , , , , , , , , , , , , , , , , , , , , , , , , , , , , , , , , , , , , , , , , , , , , , , , , , , , , , , , , , , , , , , , , , , , , , , , ,12,275,2022,899.3968019447599,25.0,995.0
2022230N18095,2022,59,NI,AS,UNNAMED,2022-08-22 06:00:00,TS,24.4,77.8,25,996,newdelhi,main,0,0,_____O_________, , , , , , , , ,-5, , , , , , , , , , , , , , , , , , , , , , , , , , , , , , , , , , , , , , , , , , , , , , , , , ,24.4,77.8,D,25,996,0.00000,4, , , , , , , , , , , , , , , , , , , , , , , , , , , , , , , , , , , , , , , , , , , , , , , , , , , , , , , , , , , , , , , , , , , , , , , , , , , , , , , , , , , , , , , , , , ,8,280,2022,957.6325109292503,25.0,996.0
2022230N18095,2022,59,NI,AS,UNNAMED,2022-08-22 09:00:00,TS,24.4,77.5, , , ,main,0,0,_____P_________, , , , , , , , ,-5, , , , , , , , , , , , , , , , , , , , , , , , , , , , , , , , , , , , , , , , , , , , , , , , , ,24.4,77.5,D,25,996, ,4, , , , , , , , , , , , , , , , , , , , , , , , , , , , , , , , , , , , , , , , , , , , , , , , , , , , , , , , , , , , , , , , , , , , , , , , , , , , , , , , , , , , , , , , , , ,4,270,2022,984.2898684506544,,
2022230N18095,2022,59,NI,AS,UNNAMED,2022-08-22 12:00:00,TS,24.4,77.4,25,996,newdelhi,main,0,0,_____O_________, , , , , , , , ,-5, , , , , , , , , , , , , , , , , , , , , , , , , , , , , , , , , , , , , , , , , , , , , , , , , ,24.4,77.4,D,25,996,0.00000,4, , , , , , , , , , , , , , , , , , , , , , , , , , , , , , , , , , , , , , , , , , , , , , , , , , , , , , , , , , , , , , , , , , , , , , , , , , , , , , , , , , , , , , , , , , ,5,280,2022,993.2296189917334,25.0,996.0
2022230N18095,2022,59,NI,AS,UNNAMED,2022-08-22 15:00:00,TS,24.5,77.0, , , ,main,0,0,_____P_________, , , , , , , , ,-5, , , , , , , , , , , , , , , , , , , , , , , , , , , , , , , , , , , , , , , , , , , , , , , , , ,24.5,77.0,D,23,997, ,4, , , , , , , , , , , , , , , , , , , , , , , , , , , , , , , , , , , , , , , , , , , , , , , , , , , , , , , , , , , , , , , , , , , , , , , , , , , , , , , , , , , , , , , , , , ,8,285,2022,1034.2746025477745,,
2022230N18095,2022,59,NI,AS,UNNAMED,2022-08-22 18:00:00,TS,24.6,76.6,20,997,newdelhi,main,0,0,_____O_________, , , , , , , , ,-5, , , , , , , , , , , , , , , , , , , , , , , , , , , , , , , , , , , , , , , , , , , , , , , , , ,24.6,76.6,D,20,997,0.00000,3, , , , , , , , , , , , , , , , , , , , , , , , , , , , , , , , , , , , , , , , , , , , , , , , , , , , , , , , , , , , , , , , , , , , , , , , , , , , , , , , , , , , , , , , , , ,6,290,2022,1075.3870433846503,20.0,997.0
2022230N18095,2022,59,NI,AS,UNNAMED,2022-08-22 21:00:00,TS,24.7,76.3, , , ,main,0,0,_____P_________, , , , , , , , ,-5, , , , , , , , , , , , , , , , , , , , , , , , , , , , , , , , , , , , , , , , , , , , , , , , , ,24.7,76.3,D,20,997, ,3, , , , , , , , , , , , , , , , , , , , , , , , , , , , , , , , , , , , , , , , , , , , , , , , , , , , , , , , , , , , , , , , , , , , , , , , , , , , , , , , , , , , , , , , , , ,4,300,2022,1107.4863750059149,,
2022230N18095,2022,59,NI,AS,UNNAMED,2022-08-23 00:00:00,TS,24.8,76.2,20,997,newdelhi,main,0, ,_____O_________, , , , , , , , ,-5, , , , , , , , , , , , , , , , , , , , , , , , , , , , , , , , , , , , , , , , , , , , , , , , , ,24.8,76.2,D,20,997,0.00000,3, , , , , , , , , , , , , , , , , , , , , , , , , , , , , , , , , , , , , , , , , , , , , , , , , , , , , , , , , , , , , , , , , , , , , , , , , , , , , , , , , , , , , , , , , , ,3,305,2022,1121.474456224793,20.0,997.0
2022254N20085,2022,70,NI,BB,UNNAMED,2022-09-11 00:00:00,TS,19.5,84.7,25,998,newdelhi,main,0,0,_____O_________, , , , , , , , ,-5, , , , , , , , , , , , , , , , , , , , , , , , , , , , , , , , , , , , , , , , , , , , , , , , , ,19.5,84.7,D,25,998,0.00000,4, , , , , , , , , , , , , , , , , , , , , , , , , , , , , , , , , , , , , , , , , , , , , , , , , , , , , , , , , , , , , , , , , , , , , , , , , , , , , , , , , , , , , , , , , , ,14,285,2022,127.8412709602998,25.0,998.0
2022254N20085,2022,70,NI,BB,UNNAMED,2022-09-11 03:00:00,TS,19.7,84.0,25,998,newdelhi,main,0,0,_____O_________, , , , , , , , ,-5, , , , , , , , , , , , , , , , , , , , , , , , , , , , , , , , , , , , , , , , , , , , , , , , , ,19.7,84.0,D,25,998,0.00000,4, , , , , , , , , , , , , , , , , , , , , , , , , , , , , , , , , , , , , , , , , , , , , , , , , , , , , , , , , , , , , , , , , , , , , , , , , , , , , , , , , , , , , , , , , , ,14,285,2022,191.19032318612784,25.0,998.0
2022254N20085,2022,70,NI,BB,UNNAMED,2022-09-11 06:00:00,TS,19.8,83.3,25,998,newdelhi,main,0,0,_____O_________, , , , , , , , ,-5, , , , , , , , , , , , , , , , , , , , , , , , , , , , , , , , , , , , , , , , , , , , , , , , , ,19.8,83.3,D,25,998,0.00000,4, , , , , , , , , , , , , , , , , , , , , , , , , , , , , , , , , , , , , , , , , , , , , , , , , , , , , , , , , , , , , , , , , , , , , , , , , , , , , , , , , , , , , , , , , , ,15,275,2022,262.32993890695985,25.0,998.0
2022254N20085,2022,70,NI,BB,UNNAMED,2022-09-11 09:00:00,TS,19.9,82.4, , , ,main,0,0,_____P_________, , , , , , , , ,-5, , , , , , , , , , , , , , , , , , , , , , , , , , , , , , , , , , , , , , , , , , , , , , , , , ,19.9,82.4,D,25,998, ,4, , , , , , , , , , , , , , , , , , , , , , , , , , , , , , , , , , , , , , , , , , , , , , , , , , , , , , , , , , , , , , , , , , , , , , , , , , , , , , , , , , , , , , , , , , ,15,275,2022,355.54326823227285,,
2022254N20085,2022,70,NI,BB,UNNAMED,2022-09-11 12:00:00,TS,19.9,81.7,25,998,newdelhi,main,0,0,_____O_________, , , , , , , , ,-5, , , , , , , , , , , , , , , , , , , , , , , , , , , , , , , , , , , , , , , , , , , , , , , , , ,19.9,81.7,D,25,998,0.00000,4, , , , , , , , , , , , , , , , , , , , , , , , , , , , , , , , , , , , , , , , , , , , , , , , , , , , , , , , , , , , , , , , , , , , , , , , , , , , , , , , , , , , , , , , , , ,10,275,2022,428.6745367555676,25.0,998.0
2022254N20085,2022,70,NI,BB,UNNAMED,2022-09-11 15:00:00,TS,20.0,81.4, , , ,main,0,0,_____P_________, , , , , , , , ,-5, , , , , , , , , , , , , , , , , , , , , , , , , , , , , , , , , , , , , , , , , , , , , , , , , ,20.0,81.4,D,25,998, ,4, , , , , , , , , , , , , , , , , , , , , , , , , , , , , , , , , , , , , , , , , , , , , , , , , , , , , , , , , , , , , , , , , , , , , , , , , , , , , , , , , , , , , , , , , , ,5,295,2022,459.7386069312655,,
2022254N20085,2022,70,NI,BB,UNNAMED,2022-09-11 18:00:00,TS,20.1,81.2,25,998,newdelhi,main,0,0,_____O_________, , , , , , , , ,-5, , , , , , , , , , , , , , , , , , , , , , , , , , , , , , , , , , , , , , , , , , , , , , , , , ,20.1,81.2,D,25,998,0.00000,4, , , , , , , , , , , , , , , , , , , , , , , , , , , , , , , , , , , , , , , , , , , , , , , , , , , , , , , , , , , , , , , , , , , , , , , , , , , , , , , , , , , , , , , , , , ,6,325,2022,480.61017713581913,25.0,998.0
2022254N20085,2022,70,NI,BB,UNNAMED,2022-09-11 21:00:00,TS,20.4,81.0, , , ,main,0,0,_____P_________, , , , , , , , ,-5, , , , , , , , , , , , , , , , , , , , , , , , , , , , , , , , , , , , , , , , , , , , , , , , , ,20.4,81.0,D,23,999, ,4, , , , , , , , , , , , , , , , , , , , , , , , , , , , , , , , , , , , , , , , , , , , , , , , , , , , , , , , , , , , , , , , , , , , , , , , , , , , , , , , , , , , , , , , , , ,8,330,2022,502.8591791778869,,
2022254N20085,2022,70,NI,BB,UNNAMED,2022-09-12 00:00:00,TS,20.8,80.8,20,999,newdelhi,main,0, ,_____O_________, , , , , , , , ,-5, , , , , , , , , , , , , , , , , , , , , , , , , , , , , , , , , , , , , , , , , , , , , , , , , ,20.8,80.8,D,20,999,0.00000,3, , , , , , , , , , , , , , , , , , , , , , , , , , , , , , , , , , , , , , , , , , , , , , , , , , , , , , , , , , , , , , , , , , , , , , , , , , , , , , , , , , , , , , , , , , ,9,335,2022,528.61743822355,20.0,999.0
2023293N12089,2023,78,NI,BB,HAMOON,2023-10-20 06:00:00,DS,12.4,88.6, , , ,main,725,719,O______________,jtwc_io,IO062023,12.4,88.6, ,DB,15,1010,-3, , , , , , , , , , , , , , , , , , , , , , , , , , , , , , , , , , , , , , , , , , , , , , , , , , , , , , , , , , , , , , , , , , , , , , , , , , , , , , , , , , , , , , , , , , , , , , , , , , , , , , , , , , , , , , , , , , , , , , , , , , , , , , , , , , , , , , , , , , , , , , , , , , ,4,335,2023,896.3191293851041,15.0,1010.0
2023293N12089,2023,78,NI,BB,HAMOON,2023-10-20 09:00:00,DS,12.6,88.5, , , ,main,722,716,P______________, ,IO062023,12.6,88.5, ,DB,15,1010,-3, , , , , , , , , , , , , , , , , , , , , , , , , , , , , , , , , , , , , , , , , , , , , , , , , , , , , , , , , , , , , , , , , , , , , , , , , , , , , , , , , , , , , , , , , , , , , , , , , , , , , , , , , , , , , , , , , , , , , , , , , , , , , , , , , , , , , , , , , , , , , , , , , , ,4,325,2023,871.7562007199389,15.0,1010.0
2023293N12089,2023,78,NI,BB,HAMOON,2023-10-20 12:00:00,DS,12.7,88.4, , , ,main,726,726,O______________,jtwc_io,IO062023,12.7,88.4, ,DB,15,1010,-3, , , , , , , , , , , , , , , , , , , , , , , , , , , , , , , , , , , , , , , , , , , , , , , , , , , , , , , , , , , , , , , , , , , , , , , , , , , , , , , , , , , , , , , , , , , , , , , , , , , , , , , , , , , , , , , , , , , , , , , , , , , , , , , , , , , , , , , , , , , , , , , , , , ,3,300,2023,857.7419962819157,15.0,1010.0
2023293N12089,2023,78,NI,BB,HAMOON,2023-10-20 15:00:00,DS,12.7,88.2, , , ,main,744,739,P______________, ,IO062023,12.7,88.2, ,DB,15, ,-3, , , , , , , , , , , , , , , , , , , , , , , , , , , , , , , , , , , , , , , , , , , , , , , , , , , , , , , , , , , , , , , , , , , , , , , , , , , , , , , , , , , , , , , , , , , , , , , , , , , , , , , , , , , , , , , , , , , , , , , , , , , , , , , , , , , , , , , , , , , , , , , , , , ,4,285,2023,851.0913583217039,15.0,
2023293N12089,2023,78,NI,BB,HAMOON,2023-10-20 18:00:00,DS,12.8,88.0, , , ,main,743,713,O______________,jtwc_io,IO062023,12.8,88.0, ,DB,15, ,-3, , , , , , , , , , , , , , , , , , , , , , , , , , , , , , , , , , , , , , , , , , , , , , , , , , , , , , , , , , , , , , , , , , , , , , , , , , , , , , , , , , , , , , , , , , , , , , , , , , , , , , , , , , , , , , , , , , , , , , , , , , , , , , , , , , , , , , , , , , , , , , , , , , ,5,295,2023,834.2342523030532,15.0,
2023293N12089,2023,78,NI,BB,HAMOON,2023-10-20 21:00:00,DS,13.0,87.8, , , ,main,713,674,P______________, ,IO062023,13.0,87.8, ,DB,15, ,-3, , , , , , , , , , , , , , , , , , , , , , , , , , , , , , , , , , , , , , , , , , , , , , , , , , , , , , , , , , , , , , , , , , , , , , , , , , , , , , , , , , , , , , , , , , , , , , , , , , , , , , , , , , , , , , , , , , , , , , , , , , , , , , , , , , , , , , , , , , , , , , , , , , ,6,310,2023,806.9988951589169,15.0,
2023293N12089,2023,78,NI,BB,HAMOON,2023-10-21 00:00:00,DS,13.2,87.5, , , ,main,674,659,O______________,jtwc_io,IO062023,13.2,87.5, ,DB,15, ,-3, , , , , , , , , , , , , , , , , , , , , , , , , , , , , , , , , , , , , , , , , , , , , , , , , , , , , , , , , , , , , , , , , , , , , , , , , , , , , , , , , , , , , , , , , , , , , , , , , , , , , , , , , , , , , , , , , , , , , , , , , , , , , , , , , , , , , , , , , , , , , , , , , , ,5,315,2023,777.4915994745803,15.0,
2023293N12089,2023,78,NI,BB,HAMOON,2023-10-21 03:00:00,DS,13.4,87.3, , , ,main,643,612,P______________, ,IO062023,13.4,87.3, ,DB,18, ,-3, , , , , , , , , , , , , , , , , , , , , , , , , , , , , , , , , , , , , , , , , , , , , , , , , , , , , , , , , , , , , , , , , , , , , , , , , , , , , , , , , , , , , , , , , , , , , , , , , , , , , , , , , , , , , , , , , , , , , , , , , , , , , , , , , , , , , , , , , , , , , , , , , , ,6,315,2023,751.0498651924717,18.0,
2023293N12089,2023,78,NI,BB,HAMOON,2023-10-21 06:00:00,DS,13.6,87.1, , , ,main,612,534,O______________,jtwc_io,IO062023,13.6,87.1, ,DB,20,1008,-3, , , , , , , , , , , , , , , , , , , , , , , , , , , , , , , , , , , , , , , , , , , , , , , , , , , , , , , , , , , , , , , , , , , , , , , , , , , , , , , , , , , , , , , , , , , , , , , , , , , , , , , , , , , , , , , , , , , , , , , , , , , , , , , , , , , , , , , , , , , , , , , , , , ,11,315,2023,724.9598930308546,20.0,1008.0
2023293N12089,2023,78,NI,BB,HAMOON,2023-10-21 09:00:00,DS,14.1,86.5, , , ,main,527,449,P______________, ,IO062023,14.1,86.5, ,DB,23,1007,-3, , , , , , , , , , , , , , , , , , , , , , , , , , , , , , , , , , , , , , , , , , , , , , , , , , , , , , , , , , , , , , , , , , , , , , , , , , , , , , , , , , , , , , , , , , , , , , , , , , , , , , , , , , , , , , , , , , , , , , , , , , , , , , , , , , , , , , , , , , , , , , , , , , ,15,315,2023,660.2522790563204,23.0,1007.0
2023293N12089,2023,78,NI,BB,HAMOON,2023-10-21 12:00:00,TS,14.6,86.0, , , ,main,449,410,O______________,jtwc_io,IO062023,14.6,86.0, ,TD,25,1005,-1, , , , , , , , , , , , ,1011,225,25, , , , , , , , , , , , , , , , , , , , , , , , , , , , , , , , , , , , , , , , , , , , , , , , , , , , , , , , , , , , , , , , , , , , , , , , , , , , , , , , , , , , , , , , , , , , , , , , , , , , , , , , , , , , , , , , , , , , , , , , , , , , , , , , , , , ,11,325,2023,600.8275418379616,25.0,1005.0
2023293N12089,2023,78,NI,BB,HAMOON,2023-10-21 15:00:00,TS,15.0,85.8, , , ,main,402,401,P______________, ,IO062023,15.0,85.8, ,TD,25,1003,-1, , , , , , , , , , , , ,1011,225,25, , , , , , , , , , , , , , , , , , , , , , , , , , , , , , , , , , , , , , , , , , , , , , , , , , , , , , , , , , , , , , , , , , , , , , , , , , , , , , , , , , , , , , , , , , , , , , , , , , , , , , , , , , , , , , , , , , , , , , , , , , , , , , , , , , , ,5,0,2023,555.9746332227936,25.0,1003.0
2023293N12089,2023,78,NI,BB,HAMOON,2023-10-21 18:00:00,TS,15.1,86.0,25,1003,newdelhi,main,409,407,O____O_________,jtwc_io,IO062023,15.2,85.9, ,TD,25,1001,-1, , , , , , , , , , , , ,1011,225,25, , , , , , , , , , , , , , , , , , , , , , , , , , , , , , , , , , ,14.7,86.4,D,25,1003,1.50000,3, , , , , , , , , , , , , , , , , , , , , , , , , , , , , , , , , , , , , , , , , , , , , , , , , , , , , , , , , , , , , , , , , , , , , , , , , , , , , , , , , , , , , , , , , , ,4,50,2023,545.2672475144319,25.0,1001.0
2023293N12089,2023,78,NI,BB,HAMOON,2023-10-21 21:00:00,TS,15.2,86.1,25,1003,newdelhi,main,407,407,P____O_________, ,IO062023,15.4,86.0, ,TD,28,1000,-1, , , , , , , , , , , , ,1011,225,25, , , , , , , , , , , , , , , , , , , , , , , , , , , , , , , , , , ,14.8,86.3,D,25,1003,1.50000,3, , , , , , , , , , , , , , , , , , , , , , , , , , , , , , , , , , , , , , , , , , , , , , , , , , , , , , , , , , , , , , , , , , , , , , , , , , , , , , , , , , , , , , , , , , ,3,60,2023,534.6812323019736,28.0,1000.0
2023293N12089,2023,78,NI,BB,HAMOON,2023-10-22 00:00:00,TS,15.2,86.2,25,1003,newdelhi,main,412,403,O____O_________,jtwc_io,IO062023,15.5,86.2, ,TD,30,999,-1, , , , , , , , , , , , ,1011,225,25, , , , , , , , , , , , , , , , , , , , , , , , , , , , , , , , , , ,14.9,86.3,D,25,1003,1.50000,3, , , , , , , , , , , , , , , , , , , , , , , , , , , , , , , , , , , , , , , , , , , , , , , , , , , , , , , , , , , , , , , , , , , , , , , , , , , , , , , , , , , , , , , , , , ,2,45,2023,535.4155320198223,30.0,999.0
2023293N12089,2023,78,NI,BB,HAMOON,2023-10-22 03:00:00,TS,15.3,86.2,25,1003,newdelhi,main,403,391,P____O_________, ,IO062023,15.6,86.3, ,TD,30,999,-1, , , , , , , , , , , , ,1012,230,25, , , , , , , , , , , , , , , , , , , , , , , , , , , , , , , , , , ,15.0,86.2,D,25,1003,1.50000,3, , , , , , , , , , , , , , , , , , , , , , , , , , , , , , , , , , , , , , , , , , , , , , , , , , , , , , , , , , , , , , , , , , , , , , , , , , , , , , , , , , , , , , , , , , ,3,10,2023,524.3307684685153,30.0,999.0
2023293N12089,2023,78,NI,BB,HAMOON,2023-10-22 06:00:00,TS,15.5,86.3,25,1003,newdelhi,main,391,380,O____O_________,jtwc_io,IO062023,15.7,86.4, ,TD,30,999,-1, , , , , , , , , , , , ,1012,235,25, , , , , , , , , , , , , , , , , , , , , , , , , , , , , , , , , , ,15.3,86.2,D,25,1003,1.50000,4, , , , , , , , , , , , , , , , , , , , , , , , , , , , , , , , , , , , , , , , , , , , , , , , , , , , , , , , , , , , , , , , , , , , , , , , , , , , , , , , , , , , , , , , , , ,4,25,2023,503.1691684114779,30.0,999.0
2023293N12089,2023,78,NI,BB,HAMOON,2023-10-22 09:00:00,TS,15.7,86.4,25,1002,newdelhi,main,380,378,P____O_________, ,IO062023,15.8,86.7, ,TD,30,998,-1, , , , , , , , , , , , ,1011,200,25, , , , , , , , , , , , , , , , , , , , , , , , , , , , , , , , , , ,15.6,86.2,D,25,1002,1.50000,4, , , , , , , , , , , , , , , , , , , , , , , , , , , , , , , , , , , , , , , , , , , , , , , , , , , , , , , , , , , , , , , , , , , , , , , , , , , , , , , , , , , , , , , , , , ,5,40,2023,482.3344976408108,30.0,998.0
2023293N12089,2023,78,NI,BB,HAMOON,2023-10-22 12:00:00,TS,15.9,86.6,30,1001,newdelhi,main,377,369,O____O_________,jtwc_io,IO062023,15.9,86.9, ,TD,30,997,-1, , , , , , , , , , , , ,1010,165,25, , , , , , , , , , , , , , , , , , , , , , , , , , , , , , , , , , ,15.8,86.3,DD,30,1001,2.00000,5, , , , , , , , , , , , , , , , , , , , , , , , , , , , , , , , , , , , , , , , , , , , , , , , , , , , , , , , , , , , , , , , , , , , , , , , , , , , , , , , , , , , , , , , , , ,5,30,2023,463.68267609203195,30.0,997.0
2023293N12089,2023,78,NI,BB,HAMOON,2023-10-22 15:00:00,TS,16.2,86.7,30,1001,newdelhi,main,362,362,P____O_________, ,IO062023,15.9,87.0, ,TD,30,997,-1, , , , , , , , , , , , ,1010,165,25, , , , , , , , , , , , , , , , , , , , , , , , , , , , , , , , , , ,16.4,86.4,DD,30,1001,2.00000,5, , , , , , , , , , , , , , , , , , , , , , , , , , , , , , , , , , , , , , , , , , , , , , , , , , , , , , , , , , , , , , , , , , , , , , , , , , , , , , , , , , , , , , , , , , ,4,20,2023,433.1104940541733,30.0,997.0
2023293N12089,2023,78,NI,BB,HAMOON,2023-10-22 18:00:00,TS,16.2,86.8,30,1001,newdelhi,main,369,354,O____O_________,jtwc_io,IO062023,16.0,87.0, ,TD,30,997,-1, , , , , , , , , , , , ,1010,165,25, , , , , , , , , , , , , , , , , , , , , , , , , , , , , , , , , , ,16.4,86.5,DD,30,1001,2.00000,5, , , , , , , , , , , , , , , , , , , , , , , , , , , , , , , , , , , , , , , , , , , , , , , , , , , , , , , , , , , , , , , , , , , , , , , , , , , , , , , , , , , , , , , , , , ,3,25,2023,435.552678888237,30.0,997.0
2023293N12089,2023,78,NI,BB,HAMOON,2023-10-22 21:00:00,TS,16.4,86.8,30,1001,newdelhi,main,354,330,P____O_________, ,IO062023,16.4,87.0, ,TD,30,997,-1, , , , , , , , , , , , ,1010,165,25, , , , , , , , , , , , , , , , , , , , , , , , , , , , , , , , , , ,16.4,86.6,DD,30,1001,2.00000,5, , , , , , , , , , , , , , , , , , , , , , , , , , , , , , , , , , , , , , , , , , , , , , , , , , , , , , , , , , , , , , , , , , , , , , , , , , , , , , , , , , , , , , , , , , ,6,10,2023,413.99846003739833,30.0,997.0
2023293N12089,2023,78,NI,BB,HAMOON,2023-10-23 00:00:00,TS,16.8,86.9,30,1001,newdelhi,main,330,315,O____O_________,jtwc_io,IO062023,16.8,87.0, ,TD,30,997,-1, , , , , , , , , , , , ,1010,165,25, , , , , , , , , , , , , , , , , , , , , , , , , , , , , , , , , , ,16.7,86.7,DD,30,1001,2.00000,5, , , , , , , , , , , , , , , , , , , , , , , , , , , , , , , , , , , , , , , , , , , , , , , , , , , , , , , , , , , , , , , , , , , , , , , , , , , , , , , , , , , , , , , , , , ,7,5,2023,374.26735461404843,30.0,997.0
2023293N12089,2023,78,NI,BB,HAMOON,2023-10-23 03:00:00,TS,17.1,86.9,30,1001,newdelhi,main,308,295,P____O_________, ,IO062023,17.1,87.0, ,TD,38,998,0,47,30,10,15, , , , , , , , ,1010,168,25, , , , , , , , , , , , , , , , , , , , , , , , , , , , , , , , , , ,17.0,86.8,DD,30,1001,2.00000,5, , , , , , , , , , , , , , , , , , , , , , , , , , , , , , , , , , , , , , , , , , , , , , , , , , , , , , , , , , , , , , , , , , , , , , , , , , , , , , , , , , , , , , , , , , ,7,10,2023,342.67570844388683,38.0,998.0
2023293N12089,2023,78,NI,BB,HAMOON,2023-10-23 06:00:00,TS,17.5,87.0,30,1000,newdelhi,main,284,249,O____O_________,jtwc_io,IO062023,17.5,87.0, ,TS,45,999,0,95,60,20,30, , , , , , , , ,1010,170,25, , , , , , , , , , , , , , , , , , , , , , , , , , , , , , , , , , ,17.4,87.0,DD,30,1000,2.00000,6, , , , , , , , , , , , , , , , , , , , , , , , , , , , , , , , , , , , , , , , , , , , , , , , , , , , , , , , , , , , , , , , , , , , , , , , , , , , , , , , , , , , , , , , , , ,9,20,2023,305.3497282020136,45.0,999.0
2023293N12089,2023,78,NI,BB,HAMOON,2023-10-23 09:00:00,TS,17.9,87.2,30,1000,newdelhi,main,249,207,P____O_________, ,IO062023,18.0,87.2, ,TS,45,998,0,98,65,25,40, , , , , , , , ,1009,173,33, , , , , , , , , , , , , , , , , , , , , , , , , , , , , , , , , , ,17.9,87.2,DD,30,1000,2.00000,6, , , , , , , , , , , , , , , , , , , , , , , , , , , , , , , , , , , , , , , , , , , , , , , , , , , , , , , , , , , , , , , , , , , , , , , , , , , , , , , , , , , , , , , , , , ,10,20,2023,276.0463602612078,45.0,998.0
2023293N12089,2023,78,NI,BB,HAMOON,2023-10-23 12:00:00,TS,18.4,87.4,35,999,newdelhi,main,207,191,O____O_________,jtwc_io,IO062023,18.5,87.5, ,TS,45,997,0,100,70,30,50, , , , , , , , ,1008,175,40, , , , , , , , , , , , , , , , , , , , , , , , , , , , , , , , , , ,18.3,87.3,CS,35,999,2.50000,7, , , , , , , , , , , , , , , , , , , , , , , , , , , , , , , , , , , , , , , , , , , , , , , , , , , , , , , , , , , , , , , , , , , , , , , , , , , , , , , , , , , , , , , , , , ,10,30,2023,244.7023481925806,45.0,997.0
2023293N12089,2023,78,NI,BB,HAMOON,2023-10-23 15:00:00,TS,18.8,87.8,40,998,newdelhi,main,198,191,P____O_________, ,IO062023,18.9,87.9, ,TS,50,996,0,80,60,35,60,17,12,15,15, , , , ,1009,188,28, , , , , , , , , , , , , , , , , , , , , , , , , , , , , , , , , , ,18.7,87.6,CS,40,998,2.50000,8, , , , , , , , , , , , , , , , , , , , , , , , , , , , , , , , , , , , , , , , , , , , , , , , , , , , , , , , , , , , , , , , , , , , , , , , , , , , , , , , , , , , , , , , , , ,11,45,2023,248.60106088209025,50.0,996.0
2023293N12089,2023,78,NI,BB,HAMOON,2023-10-23 18:00:00,TS,19.2,88.2,40,998,newdelhi,main,199,199,O____O_________,jtwc_io,IO062023,19.3,88.4, ,TS,55,994,0,60,50,40,70,35,25,30,30, , , , ,1010,200,15, , , , , , , , , , , , , , , , , , , , , , , , , , , , , , , , , , ,19.1,88.0,CS,40,998,3.00000,8, , , , , , , , , , , , , , , , , , , , , , , , , , , , , , , , , , , , , , , , , , , , , , , , , , , , , , , , , , , , , , , , , , , , , , , , , , , , , , , , , , , , , , , , , , ,10,50,2023,266.67412074433736,55.0,994.0
2023293N12089,2023,78,NI,BB,HAMOON,2023-10-23 21:00:00,TS,19.4,88.6,50,994,newdelhi,main,221,212,P____O_________, ,IO062023,19.5,88.7, ,TS,65,988,1,63,43,43,65,30,25,30,30,10,10,10,10,1010,200,15, , , , , , , , , , , , , , , , , , , , , , , , , , , , , , , , , , ,19.3,88.4,SCS,50,994,3.50000,12, , , , , , , , , , , , , , , , , , , , , , , , , , , , , , , , , , , , , , , , , , , , , , , , , , , , , , , , , , , , , , , , , , , , , , , , , , , , , , , , , , , , , , , , , , ,9,55,2023,300.61462536742215,65.0,988.0
2023293N12089,2023,78,NI,BB,HAMOON,2023-10-24 00:00:00,TS,19.7,89.0,55,990,newdelhi,main,212,183,O____O_________,jtwc_io,IO062023,19.7,89.1, ,TY,75,982,1,65,35,45,60,25,25,30,30,20,20,20,20,1010,200,15, , , , , , , , , , , , , , , , , , , , , , , , , , , , , , , , , , ,19.7,88.8,SCS,55,990,3.50000,16, , , , , , , , , , , , , , , , , , , , , , , , , , , , , , , , , , , , , , , , , , , , , , , , , , , , , , , , , , , , , , , , , , , , , , , , , , , , , , , , , , , , , , , , , , ,12,60,2023,336.3352511449889,75.0,982.0
2023293N12089,2023,78,NI,BB,HAMOON,2023-10-24 03:00:00,TS,20.0,89.6,65,984,newdelhi,main,186,167,P____O_________, ,IO062023,20.0,89.7, ,TY,75,982,1,63,40,43,58,28,33,30,30,23,23,23,20,1010,200,13, , , , , , , , , , , , , , , , , , , , , , , , , , , , , , , , , , ,20.0,89.5,VSCS,65,984,4.00000,22, , , , , , , , , , , , , , , , , , , , , , , , , , , , , , , , , , , , , , , , , , , , , , , , , , , , , , , , , , , , , , , , , , , , , , , , , , , , , , , , , , , , , , , , , , ,13,60,2023,397.04988176483675,75.0,982.0
2023293N12089,2023,78,NI,BB,HAMOON,2023-10-24 06:00:00,TS,20.3,90.2,65,985,newdelhi,main,156,133,O____O_________,jtwc_io,IO062023,20.4,90.4, ,TY,75,981,1,60,45,40,55,30,40,30,30,25,25,25,20,1010,200,10, , , , , , , , , , , , , , , , , , , , , , , , , , , , , , , , , , ,20.3,90.0,VSCS,65,985,4.00000,21, , , , , , , , , , , , , , , , , , , , , , , , , , , , , , , , , , , , , , , , , , , , , , , , , , , , , , , , , , , , , , , , , , , , , , , , , , , , , , , , , , , , , , , , , , ,13,55,2023,460.50784013581375,75.0,981.0
2023293N12089,2023,78,NI,BB,HAMOON,2023-10-24 09:00:00,TS,20.7,90.8,65,986,newdelhi,main,137,106,P____O_________, ,IO062023,20.9,91.2, ,TY,83,976,2,60,48,38,50,30,35,30,33,23,23,23,25,1010,180,10, , , , , , , , , , , , , , , , , , , , , , , , , , , , , , , , , , ,20.6,90.4,VSCS,65,986,4.00000,20, , , , , , , , , , , , , , , , , , , , , , , , , , , , , , , , , , , , , , , , , , , , , , , , , , , , , , , , , , , , , , , , , , , , , , , , , , , , , , , , , , , , , , , , , , ,11,55,2023,527.0288244791936,83.0,976.0
2023293N12089,2023,78,NI,BB,HAMOON,2023-10-24 12:00:00,TS,21.0,91.2,55,988,newdelhi,main,91,91,O____O_________,jtwc_io,IO062023,21.1,91.5, ,TY,90,970,2,60,50,35,45,30,30,30,35,20,20,20,30,1010,160,10, , , , , , , , , , , , , , , , , , , , , , , , , , , , , , , , , , ,20.8,90.8,SCS,55,988,3.50000,17, , , , , , , , , , , , , , , , , , , , , , , , , , , , , , , , , , , , , , , , , , , , , , , , , , , , , , , , , , , , , , , , , , , , , , , , , , , , , , , , , , , , , , , , , , ,3,50,2023,573.2788070265455,90.0,970.0
2023293N12089,2023,78,NI,BB,HAMOON,2023-10-24 15:00:00,TS,20.9,91.0,55,990,newdelhi,main,114,114,P____O_________, ,IO062023,20.5,90.7, ,TY,75,980,1,55,45,30,38,30,25,25,28,10,10,10,15,1010,160,10, , , , , , , , , , , , , , , , , , , , , , , , , , , , , , , , , , ,21.3,91.3,SCS,55,990,3.50000,16, , , , , , , , , , , , , , , , , , , , , , , , , , , , , , , , , , , , , , , , , , , , , , , , , , , , , , , , , , , , , , , , , , , , , , , , , , , , , , , , , , , , , , , , , , ,3,255,2023,550.9083770792589,75.0,980.0
2023293N12089,2023,78,NI,BB,HAMOON,2023-10-24 18:00:00,TS,20.9,90.8,50,994,newdelhi,main,118,51,O____O_________,jtwc_io,IO062023,20.1,90.0, ,TS,60,990,0,50,40,25,30,30,20,20,20, , , , ,1010,160,10, , , , , , , , , , , , , , , , , , , , , , , , , , , , , , , , , , ,21.6,91.6,SCS,50,994,3.00000,12, , , , , , , , , , , , , , , , , , , , , , , , , , , , , , , , , , , , , , , , , , , , , , , , , , , , , , , , , , , , , , , , , , , , , , , , , , , , , , , , , , , , , , , , , , ,8,35,2023,530.4339185710376,60.0,990.0
2023293N12089,2023,78,NI,BB,HAMOON,2023-10-24 21:00:00,TS,21.5,91.5,45,996,newdelhi,main,41,0,P____O_________, ,IO062023,21.0,90.9, ,TS,48,997,0,55,45,38,43, , , , , , , , ,1010,160,10, , , , , , , , , , , , , , , , , , , , , , , , , , , , , , , , , , ,22.0,92.0,CS,45,996,0.00000,10, , , , , , , , , , , , , , , , , , , , , , , , , , , , , , , , , , , , , , , , , , , , , , , , , , , , , , , , , , , , , , , , , , , , , , , , , , , , , , , , , , , , , , , , , , ,19,45,2023,615.6677409030895,48.0,997.0
2023293N12089,2023,78,NI,BB,HAMOON,2023-10-25 00:00:00,TS,22.2,92.2,35,999,newdelhi,main,0,0,O____O_________,jtwc_io,IO062023,22.2,92.1, ,TS,35,1004,0,60,50,50,55, , , , , , , , ,1010,160,10, , , , , , , , , , , , , , , , , , , , , , , , , , , , , , , , , , ,22.2,92.2,CS,35,999,0.00000,7, , , , , , , , , , , , , , , , , , , , , , , , , , , , , , , , , , , , , , , , , , , , , , , , , , , , , , , , , , , , , , , , , , , , , , , , , , , , , , , , , , , , , , , , , , ,14,40,2023,707.4700655170979,35.0,1004.0
2023293N12089,2023,78,NI,BB,HAMOON,2023-10-25 03:00:00,TS,22.5,92.4,30,1003,newdelhi,main,0,0,P____O_________, ,IO062023,22.7,92.4, ,TS,30,1006,-1, , , , , , , , , , , , , , ,13, , , , , , , , , , , , , , , , , , , , , , , , , , , , , , , , , , ,22.4,92.4,DD,30,1003,0.00000,5, , , , , , , , , , , , , , , , , , , , , , , , , , , , , , , , , , , , , , , , , , , , , , , , , , , , , , , , , , , , , , , , , , , , , , , , , , , , , , , , , , , , , , , , , , ,6,30,2023,738.2009041853612,30.0,1006.0
2023293N12089,2023,78,NI,BB,HAMOON,2023-10-25 06:00:00,TS,22.7,92.5,25,1004,newdelhi,main,0, ,O____O_________,jtwc_io,IO062023,22.7,92.2, ,TD,25,1007,-1, , , , , , , , , , , , , , ,15, , , , , , , , , , , , , , , , , , , , , , , , , , , , , , , , , , ,22.7,92.7,D,25,1004,0.00000,4, , , , , , , , , , , , , , , , , , , , , , , , , , , , , , , , , , , , , , , , , , , , , , , , , , , , , , , , , , , , , , , , , , , , , , , , , , , , , , , , , , , , , , , , , , ,3,5,2023,755.9109047025394,25.0,1007.0
2023317N10094,2023,84,NI,BB,MIDHILI,2023-11-13 06:00:00,DS,9.9,94.1, , , ,main,474,474,O______________,jtwc_io,IO072023,9.9,94.1, ,DB,15,1010,-3, , , , , , , , , , , , , , , , , , , , , , , , , , , , , , , , , , , , , , , , , , , , , , , , , , , , , , , , , , , , , , , , , , , , , , , , , , , , , , , , , , , , , , , , , , , , , , , , , , , , , , , , , , , , , , , , , , , , , , , , , , , , , , , , , , , , , , , , , , , , , , , , , , ,11,335,2023,1433.1009778866737,15.0,1010.0
2023317N10094,2023,84,NI,BB,MIDHILI,2023-11-13 09:00:00,DS,10.4,93.9, , , ,main,503,503,P______________, ,IO072023,10.4,93.9, ,DB,18,1009,-3, , , , , , , , , , , , , , , , , , , , , , , , , , , , , , , , , , , , , , , , , , , , , , , , , , , , , , , , , , , , , , , , , , , , , , , , , , , , , , , , , , , , , , , , , , , , , , , , , , , , , , , , , , , , , , , , , , , , , , , , , , , , , , , , , , , , , , , , , , , , , , , , , , ,12,325,2023,1375.7555754021225,18.0,1009.0
2023317N10094,2023,84,NI,BB,MIDHILI,2023-11-13 12:00:00,DS,10.9,93.4, , , ,main,558,529,O______________,jtwc_io,IO072023,10.9,93.4, ,DB,20,1007,-3, , , , , , , , , , , , , , , , , , , , , , , , , , , , , , , , , , , , , , , , , , , , , , , , , , , , , , , , , , , , , , , , , , , , , , , , , , , , , , , , , , , , , , , , , , , , , , , , , , , , , , , , , , , , , , , , , , , , , , , , , , , , , , , , , , , , , , , , , , , , , , , , , , ,16,310,2023,1298.3002537808413,20.0,1007.0
2023317N10094,2023,84,NI,BB,MIDHILI,2023-11-13 15:00:00,DS,11.4,92.6, , , ,main,529,526,P______________, ,IO072023,11.4,92.6, ,DB,20,1007,-3, , , , , , , , , , , , , , , , , , , , , , , , , , , , , , , , , , , , , , , , , , , , , , , , , , , , , , , , , , , , , , , , , , , , , , , , , , , , , , , , , , , , , , , , , , , , , , , , , , , , , , , , , , , , , , , , , , , , , , , , , , , , , , , , , , , , , , , , , , , , , , , , , , ,19,300,2023,1201.269537838796,20.0,1007.0
2023317N10094,2023,84,NI,BB,MIDHILI,2023-11-13 18:00:00,DS,11.8,91.7, , , ,main,534,531,O______________,jtwc_io,IO072023,11.8,91.7, ,DB,20,1006,-3, , , , , , , , , , , , , , , , , , , , , , , , , , , , , , , , , , , , , , , , , , , , , , , , , , , , , , , , , , , , , , , , , , , , , , , , , , , , , , , , , , , , , , , , , , , , , , , , , , , , , , , , , , , , , , , , , , , , , , , , , , , , , , , , , , , , , , , , , , , , , , , , , , ,16,300,2023,1108.4235391623297,20.0,1006.0
2023317N10094,2023,84,NI,BB,MIDHILI,2023-11-13 21:00:00,DS,12.1,91.1, , , ,main,546,537,P______________, ,IO072023,12.1,91.1, ,DB,20,1006,-3, , , , , , , , , , , , , , , , , , , , , , , , , , , , , , , , , , , , , , , , , , , , , , , , , , , , , , , , , , , , , , , , , , , , , , , , , , , , , , , , , , , , , , , , , , , , , , , , , , , , , , , , , , , , , , , , , , , , , , , , , , , , , , , , , , , , , , , , , , , , , , , , , , ,12,300,2023,1044.877777113758,20.0,1006.0
2023317N10094,2023,84,NI,BB,MIDHILI,2023-11-14 00:00:00,DS,12.4,90.6, , , ,main,559,559,O______________,jtwc_io,IO072023,12.4,90.6, ,DB,20,1006,-3, , , , , , , , , , , , , , , , , , , , , , , , , , , , , , , , , , , , , , , , , , , , , , , , , , , , , , , , , , , , , , , , , , , , , , , , , , , , , , , , , , , , , , , , , , , , , , , , , , , , , , , , , , , , , , , , , , , , , , , , , , , , , , , , , , , , , , , , , , , , , , , , , , ,12,295,2023,988.1133216928407,20.0,1006.0
2023317N10094,2023,84,NI,BB,MIDHILI,2023-11-14 03:00:00,DS,12.7,90.0, , , ,main,584,584,P______________, ,IO072023,12.7,90.0, ,DB,20,1006,-3, , , , , , , , , , , , , , , , , , , , , , , , , , , , , , , , , , , , , , , , , , , , , , , , , , , , , , , , , , , , , , , , , , , , , , , , , , , , , , , , , , , , , , , , , , , , , , , , , , , , , , , , , , , , , , , , , , , , , , , , , , , , , , , , , , , , , , , , , , , , , , , , , , ,13,295,2023,927.0208871932073,20.0,1006.0
2023317N10094,2023,84,NI,BB,MIDHILI,2023-11-14 06:00:00,DS,12.9,89.4, , , ,main,622,622,O______________,jtwc_io,IO072023,12.9,89.4, ,DB,20,1006,-3, , , , , , , , , , , , , , , , , , , , , , , , , , , , , , , , , , , , , , , , , , , , , , , , , , , , , , , , , , , , , , , , , , , , , , , , , , , , , , , , , , , , , , , , , , , , , , , , , , , , , , , , , , , , , , , , , , , , , , , , , , , , , , , , , , , , , , , , , , , , , , , , , , ,15,290,2023,877.7440958512678,20.0,1006.0
2023317N10094,2023,84,NI,BB,MIDHILI,2023-11-14 09:00:00,DS,13.2,88.6, , , ,main,679,679,P______________, ,IO072023,13.2,88.6, ,DB,20,1006,-3, , , , , , , , , , , , , , , , , , , , , , , , , , , , , , , , , , , , , , , , , , , , , , , , , , , , , , , , , , , , , , , , , , , , , , , , , , , , , , , , , , , , , , , , , , , , , , , , , , , , , , , , , , , , , , , , , , , , , , , , , , , , , , , , , , , , , , , , , , , , , , , , , , ,15,290,2023,812.7831116779613,20.0,1006.0
2023317N10094,2023,84,NI,BB,MIDHILI,2023-11-14 12:00:00,DS,13.4,87.9, , , ,main,682,648,O______________,jtwc_io,IO072023,13.4,87.9, ,DB,20,1005,-3, , , , , , , , , , , , , , , , , , , , , , , , , , , , , , , , , , , , , , , , , , , , , , , , , , , , , , , , , , , , , , , , , , , , , , , , , , , , , , , , , , , , , , , , , , , , , , , , , , , , , , , , , , , , , , , , , , , , , , , , , , , , , , , , , , , , , , , , , , , , , , , , , , ,12,285,2023,767.1653635679895,20.0,1005.0
2023317N10094,2023,84,NI,BB,MIDHILI,2023-11-14 15:00:00,DS,13.5,87.4, , , ,main,642,612,P______________, ,IO072023,13.5,87.4, ,DB,20,1005,-3, , , , , , , , , , , , , , , , , , , , , , , , , , , , , , , , , , , , , , , , , , , , , , , , , , , , , , , , , , , , , , , , , , , , , , , , , , , , , , , , , , , , , , , , , , , , , , , , , , , , , , , , , , , , , , , , , , , , , , , , , , , , , , , , , , , , , , , , , , , , , , , , , , ,8,285,2023,742.5470165999787,20.0,1005.0
2023317N10094,2023,84,NI,BB,MIDHILI,2023-11-14 18:00:00,DS,13.6,87.1, , , ,main,612,579,O______________,jtwc_io,IO072023,13.6,87.1, ,DB,20,1005,-3, , , , , , , , , , , , , , , , , , , , , , , , , , , , , , , , , , , , , , , , , , , , , , , , , , , , , , , , , , , , , , , , , , , , , , , , , , , , , , , , , , , , , , , , , , , , , , , , , , , , , , , , , , , , , , , , , , , , , , , , , , , , , , , , , , , , , , , , , , , , , , , , , , ,7,280,2023,724.9598930308546,20.0,1005.0
2023317N10094,2023,84,NI,BB,MIDHILI,2023-11-14 21:00:00,DS,13.6,86.7, , , ,main,579,549,P______________, ,IO072023,13.6,86.7, ,DB,20,1005,-3, , , , , , , , , , , , , , , , , , , , , , , , , , , , , , , , , , , , , , , , , , , , , , , , , , , , , , , , , , , , , , , , , , , , , , , , , , , , , , , , , , , , , , , , , , , , , , , , , , , , , , , , , , , , , , , , , , , , , , , , , , , , , , , , , , , , , , , , , , , , , , , , , , ,6,290,2023,718.0588220341652,20.0,1005.0
2023317N10094,2023,84,NI,BB,MIDHILI,2023-11-15 00:00:00,DS,13.8,86.5, , , ,main,549,518,O______________,jtwc_io,IO072023,13.8,86.5, ,DB,20,1004,-3, , , , , , , , , , , , , , , , , , , , , , , , , , , , , , , , , , , , , , , , , , , , , , , , , , , , , , , , , , , , , , , , , , , , , , , , , , , , , , , , , , , , , , , , , , , , , , , , , , , , , , , , , , , , , , , , , , , , , , , , , , , , , , , , , , , , , , , , , , , , , , , , , , ,7,355,2023,693.4145543221471,20.0,1004.0
2023317N10094,2023,84,NI,BB,MIDHILI,2023-11-15 03:00:00,MX,14.3,86.6,25,1005,newdelhi,main,518,489,P____O_________, ,IO072023,14.3,86.6, ,DB,20,1004,-3, , , , , , , , , , , , , , , , , , , , , , , , , , , , , , , , , , , , , , , , , , , , , , , , , ,14.5,86.8,D,25,1005,1.50000,3, , , , , , , , , , , , , , , , , , , , , , , , , , , , , , , , , , , , , , , , , , , , , , , , , , , , , , , , , , , , , , , , , , , , , , , , , , , , , , , , , , , , , , , , , , ,10,15,2023,639.4794109791128,20.0,1004.0
2023317N10094,2023,84,NI,BB,MIDHILI,2023-11-15 06:00:00,MX,14.8,86.7,25,1005,newdelhi,main,479,452,O____O_________,jtwc_io,IO072023,14.8,86.8, ,DB,20,1003,-3, , , , , , , , , , , , , , , , , , , , , , , , , , , , , , , , , , , , , , , , , , , , , , , , , ,14.7,86.6,D,25,1005,1.50000,3, , , , , , , , , , , , , , , , , , , , , , , , , , , , , , , , , , , , , , , , , , , , , , , , , , , , , , , , , , , , , , , , , , , , , , , , , , , , , , , , , , , , , , , , , , ,8,5,2023,586.0395504764352,20.0,1003.0
2023317N10094,2023,84,NI,BB,MIDHILI,2023-11-15 09:00:00,MX,15.1,86.7, , , ,main,452,426,P____P_________, ,IO072023,15.2,86.9, ,DB,20,1003,-3, , , , , , , , , , , , , , , , , , , , , , , , , , , , , , , , , , , , , , , , , , , , , , , , , ,15.0,86.5,D,25,1005, ,4, , , , , , , , , , , , , , , , , , , , , , , , , , , , , , , , , , , , , , , , , , , , , , , , , , , , , , , , , , , , , , , , , , , , , , , , , , , , , , , , , , , , , , , , , , ,6,355,2023,553.1404524279928,20.0,1003.0
2023317N10094,2023,84,NI,BB,MIDHILI,2023-11-15 12:00:00,MX,15.4,86.7,25,1004,newdelhi,main,426,394,O____O_________,jtwc_io,IO072023,15.5,86.9, ,DB,20,1002,-3, , , , , , , , , , , , , , , , , , , , , , , , , , , , , , , , , , , , , , , , , , , , , , , , , ,15.3,86.4,D,25,1004,1.50000,4, , , , , , , , , , , , , , , , , , , , , , , , , , , , , , , , , , , , , , , , , , , , , , , , , , , , , , , , , , , , , , , , , , , , , , , , , , , , , , , , , , , , , , , , , , ,6,355,2023,520.2997016151243,20.0,1002.0
2023317N10094,2023,84,NI,BB,MIDHILI,2023-11-15 15:00:00,MX,15.7,86.6, , , ,main,394,362,P____P_________, ,IO072023,15.8,86.9, ,DB,23,1001,-3, , , , , , , , , , , , , , , , , , , , , , , , , , , , , , , , , , , , , , , , , , , , , , , , , ,15.6,86.4,D,25,1004, ,4, , , , , , , , , , , , , , , , , , , , , , , , , , , , , , , , , , , , , , , , , , , , , , , , , , , , , , , , , , , , , , , , , , , , , , , , , , , , , , , , , , , , , , , , , , ,7,0,2023,485.5732206881625,23.0,1001.0
2023317N10094,2023,84,NI,BB,MIDHILI,2023-11-15 18:00:00,TS,16.1,86.7,25,1004,newdelhi,main,370,338,O____O_________,jtwc_io,IO072023,16.2,86.9, ,TD,25,999,-1, , , , , , , , , , , , ,1009,105,65, , , , , , , , , , , , , , , , , , , , , , , , , , , , , , , , , , ,16.0,86.4,D,25,1004,1.50000,4, , , , , , , , , , , , , , , , , , , , , , , , , , , , , , , , , , , , , , , , , , , , , , , , , , , , , , , , , , , , , , , , , , , , , , , , , , , , , , , , , , , , , , , , , , ,9,10,2023,443.97088435775123,25.0,999.0
2023317N10094,2023,84,NI,BB,MIDHILI,2023-11-15 21:00:00,TS,16.6,86.8, , , ,main,338,308,P____P_________, ,IO072023,16.8,87.0, ,TD,28,999,-1, , , , , , , , , , , , ,1010,150,65, , , , , , , , , , , , , , , , , , , , , , , , , , , , , , , , , , ,16.4,86.6,D,28,1004, ,5, , , , , , , , , , , , , , , , , , , , , , , , , , , , , , , , , , , , , , , , , , , , , , , , , , , , , , , , , , , , , , , , , , , , , , , , , , , , , , , , , , , , , , , , , , ,11,15,2023,392.5205343008627,28.0,999.0
2023317N10094,2023,84,NI,BB,MIDHILI,2023-11-16 00:00:00,TS,17.2,87.0,30,1003,newdelhi,main,310,288,O____O_________,jtwc_io,IO072023,17.4,87.1, ,TD,30,998,-1, , , , , , , , , , , , ,1010,195,65, , , , , , , , , , , , , , , , , , , , , , , , , , , , , , , , , , ,16.9,86.8,DD,30,1003,2.00000,5, , , , , , , , , , , , , , , , , , , , , , , , , , , , , , , , , , , , , , , , , , , , , , , , , , , , , , , , , , , , , , , , , , , , , , , , , , , , , , , , , , , , , , , , , , ,10,20,2023,336.04335407108323,30.0,998.0
2023317N10094,2023,84,NI,BB,MIDHILI,2023-11-16 03:00:00,TS,17.5,87.1,30,1003,newdelhi,main,288,253,P____O_________, ,IO072023,17.7,87.2, ,TD,28,999,-1, , , , , , , , , , , , ,1010,175,58, , , , , , , , , , , , , , , , , , , , , , , , , , , , , , , , , , ,17.4,87.0,DD,30,1003,2.00000,5, , , , , , , , , , , , , , , , , , , , , , , , , , , , , , , , , , , , , , , , , , , , , , , , , , , , , , , , , , , , , , , , , , , , , , , , , , , , , , , , , , , , , , , , , , ,8,25,2023,309.85406147634984,28.0,999.0
2023317N10094,2023,84,NI,BB,MIDHILI,2023-11-16 06:00:00,TS,17.9,87.3,30,1003,newdelhi,main,253,227,O____O_________,jtwc_io,IO072023,17.9,87.3, ,TD,25,1000,-1, , , , , , , , , , , , ,1010,155,50, , , , , , , , , , , , , , , , , , , , , , , , , , , , , , , , , , ,17.9,87.3,DD,30,1003,2.00000,5, , , , , , , , , , , , , , , , , , , , , , , , , , , , , , , , , , , , , , , , , , , , , , , , , , , , , , , , , , , , , , , , , , , , , , , , , , , , , , , , , , , , , , , , , , ,8,25,2023,281.7952905734589,25.0,1000.0
2023317N10094,2023,84,NI,BB,MIDHILI,2023-11-16 09:00:00,TS,18.3,87.5, , , ,main,222,200,P____P_________, ,IO072023,18.2,87.4, ,TD,28,999,-1, , , , , , , , , , , , ,1010,155,50, , , , , , , , , , , , , , , , , , , , , , , , , , , , , , , , , , ,18.3,87.5,DD,30,1003, ,5, , , , , , , , , , , , , , , , , , , , , , , , , , , , , , , , , , , , , , , , , , , , , , , , , , , , , , , , , , , , , , , , , , , , , , , , , , , , , , , , , , , , , , , , , , ,8,25,2023,260.0327020674739,28.0,999.0
2023317N10094,2023,84,NI,BB,MIDHILI,2023-11-16 12:00:00,TS,18.6,87.6,30,1003,newdelhi,main,207,198,O____O_________,jtwc_io,IO072023,18.6,87.6, ,TD,30,998,-1, , , , , , , , , , , , ,1010,155,50, , , , , , , , , , , , , , , , , , , , , , , , , , , , , , , , , , ,18.6,87.7,DD,30,1003,2.00000,5, , , , , , , , , , , , , , , , , , , , , , , , , , , , , , , , , , , , , , , , , , , , , , , , , , , , , , , , , , , , , , , , , , , , , , , , , , , , , , , , , , , , , , , , , , ,7,30,2023,244.7764003616259,30.0,998.0
2023317N10094,2023,84,NI,BB,MIDHILI,2023-11-16 15:00:00,TS,18.8,87.9, , , ,main,206,191,P____P_________, ,IO072023,18.9,87.9, ,TD,30,999,-1, , , , , , , , , , , , ,1011,155,43, , , , , , , , , , , , , , , , , , , , , , , , , , , , , , , , , , ,18.8,87.8,DD,30,1003, ,6, , , , , , , , , , , , , , , , , , , , , , , , , , , , , , , , , , , , , , , , , , , , , , , , , , , , , , , , , , , , , , , , , , , , , , , , , , , , , , , , , , , , , , , , , , ,7,40,2023,257.5115809152039,30.0,999.0
2023317N10094,2023,84,NI,BB,MIDHILI,2023-11-16 18:00:00,TS,19.2,88.1,30,1002,newdelhi,main,191,183,O____O_________,jtwc_io,IO072023,19.2,88.2, ,TD,30,999,-1, , , , , , , , , , , , ,1012,155,35, , , , , , , , , , , , , , , , , , , , , , , , , , , , , , , , , , ,19.1,88.0,DD,30,1002,2.00000,6, , , , , , , , , , , , , , , , , , , , , , , , , , , , , , , , , , , , , , , , , , , , , , , , , , , , , , , , , , , , , , , , , , , , , , , , , , , , , , , , , , , , , , , , , , ,9,30,2023,256.8230187023529,30.0,999.0
2023317N10094,2023,84,NI,BB,MIDHILI,2023-11-16 21:00:00,TS,19.6,88.3, , , ,main,183,157,P____P_________, ,IO072023,19.7,88.5, ,TD,33,998,-1, , , , , , , , , , , , ,1012,155,35, , , , , , , , , , , , , , , , , , , , , , , , , , , , , , , , , , ,19.5,88.2,DD,33,1002, ,7, , , , , , , , , , , , , , , , , , , , , , , , , , , , , , , , , , , , , , , , , , , , , , , , , , , , , , , , , , , , , , , , , , , , , , , , , , , , , , , , , , , , , , , , , , ,12,30,2023,265.30470870204084,33.0,998.0
2023317N10094,2023,84,NI,BB,MIDHILI,2023-11-17 00:00:00,TS,20.2,88.7,35,1001,newdelhi,main,157,100,O____O_________,jtwc_io,IO072023,20.3,88.9, ,TS,35,997,0,60,55,55,60, , , , , , , , ,1012,155,35, , , , , , , , , , , , , , , , , , , , , , , , , , , , , , , , , , ,20.1,88.5,CS,35,1001,2.50000,7, , , , , , , , , , , , , , , , , , , , , , , , , , , , , , , , , , , , , , , , , , , , , , , , , , , , , , , , , , , , , , , , , , , , , , , , , , , , , , , , , , , , , , , , , , ,14,35,2023,303.63677360821134,35.0,997.0
2023317N10094,2023,84,NI,BB,MIDHILI,2023-11-17 03:00:00,TS,20.8,89.2,40,1000,newdelhi,main,90,49,P____O_________, ,IO072023,20.9,89.4, ,TS,38,996,0,60,55,55,60, , , , , , , , ,1013,155,30, , , , , , , , , , , , , , , , , , , , , , , , , , , , , , , , , , ,20.7,89.1,CS,40,1000,2.50000,8, , , , , , , , , , , , , , , , , , , , , , , , , , , , , , , , , , , , , , , , , , , , , , , , , , , , , , , , , , , , , , , , , , , , , , , , , , , , , , , , , , , , , , , , , , ,15,40,2023,365.33643978566414,38.0,996.0
2023317N10094,2023,84,NI,BB,MIDHILI,2023-11-17 06:00:00,TS,21.4,89.7,45,998,newdelhi,main,44,0,O____O_________,jtwc_io,IO072023,21.5,89.9, ,TS,40,995,0,60,55,55,60, , , , , , , , ,1013,155,25, , , , , , , , , , , , , , , , , , , , , , , , , , , , , , , , , , ,21.2,89.5,CS,45,998,2.50000,10, , , , , , , , , , , , , , , , , , , , , , , , , , , , , , , , , , , , , , , , , , , , , , , , , , , , , , , , , , , , , , , , , , , , , , , , , , , , , , , , , , , , , , , , , , ,17,35,2023,434.486352029438,40.0,995.0
2023317N10094,2023,84,NI,BB,MIDHILI,2023-11-17 09:00:00,TS,22.1,90.3,50,996,newdelhi,main,0,0,P____O_________, ,IO072023,22.4,90.6, ,TS,35,997,0,30,27,27,30, , , , , , , , ,1012,143,25, , , , , , , , , , , , , , , , , , , , , , , , , , , , , , , , , , ,21.8,90.0,SCS,50,996,3.00000,12, , , , , , , , , , , , , , , , , , , , , , , , , , , , , , , , , , , , , , , , , , , , , , , , , , , , , , , , , , , , , , , , , , , , , , , , , , , , , , , , , , , , , , , , , , ,20,35,2023,522.0656011230568,35.0,997.0
2023317N10094,2023,84,NI,BB,MIDHILI,2023-11-17 12:00:00,TS,23.0,91.0,40,998,newdelhi,main,0,0,O____O_________,jtwc_io,IO072023,23.2,91.2, ,TD,30,998,-1, , , , , , , , , , , , ,1011,130,25, , , , , , , , , , , , , , , , , , , , , , , , , , , , , , , , , , ,22.8,90.8,CS,40,998,0.00000,8, , , , , , , , , , , , , , , , , , , , , , , , , , , , , , , , , , , , , , , , , , , , , , , , , , , , , , , , , , , , , , , , , , , , , , , , , , , , , , , , , , , , , , , , , , ,15,35,2023,632.9121349876525,30.0,998.0
2023317N10094,2023,84,NI,BB,MIDHILI,2023-11-17 15:00:00,TS,23.3,91.2,35,1000,newdelhi,main,0,0,P____O_________, ,IO072023,23.6,91.5, ,TD,30,999,-1, , , , , , , , , , , , ,1011,130,25, , , , , , , , , , , , , , , , , , , , , , , , , , , , , , , , , , ,23.1,91.1,CS,35,1000,0.00000,7, , , , , , , , , , , , , , , , , , , , , , , , , , , , , , , , , , , , , , , , , , , , , , , , , , , , , , , , , , , , , , , , , , , , , , , , , , , , , , , , , , , , , , , , , , ,6,45,2023,667.8005539095216,30.0,999.0
2023317N10094,2023,84,NI,BB,MIDHILI,2023-11-17 18:00:00,TS,23.4,91.4,30,1003,newdelhi,main,0,0,O____O_________,jtwc_io,IO072023,23.7,91.7, ,TD,30,1000,-1, , , , , , , , , , , , ,1011,130,25, , , , , , , , , , , , , , , , , , , , , , , , , , , , , , , , , , ,23.3,91.3,DD,30,1003,0.00000,5, , , , , , , , , , , , , , , , , , , , , , , , , , , , , , , , , , , , , , , , , , , , , , , , , , , , , , , , , , , , , , , , , , , , , , , , , , , , , , , , , , , , , , , , , , ,3,45,2023,691.003060691023,30.0,1000.0
2023317N10094,2023,84,NI,BB,MIDHILI,2023-11-17 21:00:00,TS,23.5,91.5, , , ,main,0,0,_____P_________, ,IO072023, , , ,TD, , ,-5, , , , , , , , , , , , , , , , , , , , , , , , , , , , , , , , , , , , , , , , , , , , , , , , , ,23.5,91.5,DD,25,1004, ,4, , , , , , , , , , , , , , , , , , , , , , , , , , , , , , , , , , , , , , , , , , , , , , , , , , , , , , , , , , , , , , , , , , , , , , , , , , , , , , , , , , , , , , , , , , ,4,40,2023,705.5635504726741,,
2023317N10094,2023,84,NI,BB,MIDHILI,2023-11-18 00:00:00,TS,23.7,91.7,20,1005,newdelhi,main,0, ,_____O_________, , , , , , , , ,-5, , , , , , , , , , , , , , , , , , , , , , , , , , , , , , , , , , , , , , , , , , , , , , , , , ,23.7,91.7,D,20,1005,0.00000,3, , , , , , , , , , , , , , , , , , , , , , , , , , , , , , , , , , , , , , , , , , , , , , , , , , , , , , , , , , , , , , , , , , , , , , , , , , , , , , , , , , , , , , , , , , ,6,40,2023,734.7209728317274,20.0,1005.0
2024201N19086,2024,32,NI,BB,UNNAMED,2024-07-19 03:00:00,TS,19.1,86.2,25,992,newdelhi,main,88,70,_____O_________, , , , , , , , ,-5, , , , , , , , , , , , , , , , , , , , , , , , , , , , , , , , , , , , , , , , , , , , , , , , , ,19.1,86.2,D,25,992,1.50000,3, , , , , , , , , , , , , , , , , , , , , , , , , , , , , , , , , , , , , , , , , , , , , , , , , , , , , , , , , , , , , , , , , , , , , , , , , , , , , , , , , , , , , , , , , , ,4,300,2024,108.49796869720005,25.0,992.0
2024201N19086,2024,32,NI,BB,UNNAMED,2024-07-19 06:00:00,TS,19.2,86.0,25,992,newdelhi,main,70,53,_____O_________, , , , , , , , ,-5, , , , , , , , , , , , , , , , , , , , , , , , , , , , , , , , , , , , , , , , , , , , , , , , , ,19.2,86.0,D,25,992,1.50000,3, , , , , , , , , , , , , , , , , , , , , , , , , , , , , , , , , , , , , , , , , , , , , , , , , , , , , , , , , , , , , , , , , , , , , , , , , , , , , , , , , , , , , , , , , , ,4,300,2024,91.38965444975663,25.0,992.0
2024201N19086,2024,32,NI,BB,UNNAMED,2024-07-19 09:00:00,TS,19.3,85.8, , , ,main,53,38,_____P_________, , , , , , , , ,-5, , , , , , , , , , , , , , , , , , , , , , , , , , , , , , , , , , , , , , , , , , , , , , , , , ,19.3,85.8,D,25,991, ,4, , , , , , , , , , , , , , , , , , , , , , , , , , , , , , , , , , , , , , , , , , , , , , , , , , , , , , , , , , , , , , , , , , , , , , , , , , , , , , , , , , , , , , , , , , ,3,305,2024,77.83644865119103,,
2024201N19086,2024,32,NI,BB,UNNAMED,2024-07-19 12:00:00,TS,19.4,85.7,25,990,newdelhi,main,38,23,_____O_________, , , , , , , , ,-5, , , , , , , , , , , , , , , , , , , , , , , , , , , , , , , , , , , , , , , , , , , , , , , , , ,19.4,85.7,D,25,990,1.50000,4, , , , , , , , , , , , , , , , , , , , , , , , , , , , , , , , , , , , , , , , , , , , , , , , , , , , , , , , , , , , , , , , , , , , , , , , , , , , , , , , , , , , , , , , , , ,2,310,2024,67.53328052658715,25.0,990.0
2024201N19086,2024,32,NI,BB,UNNAMED,2024-07-19 15:00:00,TS,19.5,85.6, , , ,main,23,23,_____P_________, , , , , , , , ,-5, , , , , , , , , , , , , , , , , , , , , , , , , , , , , , , , , , , , , , , , , , , , , , , , , ,19.5,85.6,D,25,990, ,4, , , , , , , , , , , , , , , , , , , , , , , , , , , , , , , , , , , , , , , , , , , , , , , , , , , , , , , , , , , , , , , , , , , , , , , , , , , , , , , , , , , , , , , , , , ,1,315,2024,59.406837933986004,,
2024201N19086,2024,32,NI,BB,UNNAMED,2024-07-19 18:00:00,TS,19.5,85.6,25,990,newdelhi,main,23,10,_____O_________, , , , , , , , ,-5, , , , , , , , , , , , , , , , , , , , , , , , , , , , , , , , , , , , , , , , , , , , , , , , , ,19.5,85.6,D,25,990,1.50000,4, , , , , , , , , , , , , , , , , , , , , , , , , , , , , , , , , , , , , , , , , , , , , , , , , , , , , , , , , , , , , , , , , , , , , , , , , , , , , , , , , , , , , , , , , , ,1,320,2024,59.406837933986004,25.0,990.0
2024201N19086,2024,32,NI,BB,UNNAMED,2024-07-19 21:00:00,TS,19.6,85.5, , , ,main,10,10,_____P_________, , , , , , , , ,-5, , , , , , , , , , , , , , , , , , , , , , , , , , , , , , , , , , , , , , , , , , , , , , , , , ,19.6,85.5,D,25,991, ,4, , , , , , , , , , , , , , , , , , , , , , , , , , , , , , , , , , , , , , , , , , , , , , , , , , , , , , , , , , , , , , , , , , , , , , , , , , , , , , , , , , , , , , , , , , ,1,315,2024,54.43700076009345,,
2024201N19086,2024,32,NI,BB,UNNAMED,2024-07-20 00:00:00,TS,19.6,85.5,25,991,newdelhi,main,10,10,_____O_________, , , , , , , , ,-5, , , , , , , , , , , , , , , , , , , , , , , , , , , , , , , , , , , , , , , , , , , , , , , , , ,19.6,85.5,D,25,991,1.50000,4, , , , , , , , , , , , , , , , , , , , , , , , , , , , , , , , , , , , , , , , , , , , , , , , , , , , , , , , , , , , , , , , , , , , , , , , , , , , , , , , , , , , , , , , , , ,1,315,2024,54.43700076009345,25.0,991.0
2024201N19086,2024,32,NI,BB,UNNAMED,2024-07-20 03:00:00,TS,19.6,85.5,25,992,newdelhi,main,10,0,_____O_________, , , , , , , , ,-5, , , , , , , , , , , , , , , , , , , , , , , , , , , , , , , , , , , , , , , , , , , , , , , , , ,19.6,85.5,D,25,992,1.50000,3, , , , , , , , , , , , , , , , , , , , , , , , , , , , , , , , , , , , , , , , , , , , , , , , , , , , , , , , , , , , , , , , , , , , , , , , , , , , , , , , , , , , , , , , , , ,1,315,2024,54.43700076009345,25.0,992.0
2024201N19086,2024,32,NI,BB,UNNAMED,2024-07-20 06:00:00,TS,19.7,85.4,25,992,newdelhi,main,0, ,_____O_________, , , , , , , , ,-5, , , , , , , , , , , , , , , , , , , , , , , , , , , , , , , , , , , , , , , , , , , , , , , , , ,19.7,85.4,D,25,992,1.50000,3, , , , , , , , , , , , , , , , , , , , , , , , , , , , , , , , , , , , , , , , , , , , , , , , , , , , , , , , , , , , , , , , , , , , , , , , , , , , , , , , , , , , , , , , , , ,3,315,2024,53.50676857902147,25.0,992.0
2024244N18085,2024,52,NI,BB,UNNAMED,2024-08-31 00:00:00,TS,17.5,84.6,25,998,newdelhi,main,103,79,_____O_________, , , , , , , , ,-5, , , , , , , , , , , , , , , , , , , , , , , , , , , , , , , , , , , , , , , , , , , , , , , , , ,17.5,84.6,D,25,998,1.50000,3, , , , , , , , , , , , , , , , , , , , , , , , , , , , , , , , , , , , , , , , , , , , , , , , , , , , , , , , , , , , , , , , , , , , , , , , , , , , , , , , , , , , , , , , , , ,4,335,2024,305.3497282020136,25.0,998.0
2024244N18085,2024,52,NI,BB,UNNAMED,2024-08-31 03:00:00,TS,17.7,84.5,25,997,newdelhi,main,79,49,_____O_________, , , , , , , , ,-5, , , , , , , , , , , , , , , , , , , , , , , , , , , , , , , , , , , , , , , , , , , , , , , , , ,17.7,84.5,D,25,997,1.50000,3, , , , , , , , , , , , , , , , , , , , , , , , , , , , , , , , , , , , , , , , , , , , , , , , , , , , , , , , , , , , , , , , , , , , , , , , , , , , , , , , , , , , , , , , , , ,5,325,2024,290.0313018725913,25.0,997.0
2024244N18085,2024,52,NI,BB,UNNAMED,2024-08-31 06:00:00,TS,17.9,84.3,25,996,newdelhi,main,49,30,_____O_________, , , , , , , , ,-5, , , , , , , , , , , , , , , , , , , , , , , , , , , , , , , , , , , , , , , , , , , , , , , , , ,17.9,84.3,D,25,996,1.50000,3, , , , , , , , , , , , , , , , , , , , , , , , , , , , , , , , , , , , , , , , , , , , , , , , , , , , , , , , , , , , , , , , , , , , , , , , , , , , , , , , , , , , , , , , , , ,5,315,2024,281.7952905734589,25.0,996.0
2024244N18085,2024,52,NI,BB,UNNAMED,2024-08-31 09:00:00,TS,18.0,84.1, , , ,main,30,15,_____P_________, , , , , , , , ,-5, , , , , , , , , , , , , , , , , , , , , , , , , , , , , , , , , , , , , , , , , , , , , , , , , ,18.0,84.1,D,25,997, ,4, , , , , , , , , , , , , , , , , , , , , , , , , , , , , , , , , , , , , , , , , , , , , , , , , , , , , , , , , , , , , , , , , , , , , , , , , , , , , , , , , , , , , , , , , , ,3,305,2024,285.3032955250821,,
2024244N18085,2024,52,NI,BB,UNNAMED,2024-08-31 12:00:00,TS,18.1,84.0,25,997,newdelhi,main,15,11,_____O_________, , , , , , , , ,-5, , , , , , , , , , , , , , , , , , , , , , , , , , , , , , , , , , , , , , , , , , , , , , , , , ,18.1,84.0,D,25,997,1.50000,4, , , , , , , , , , , , , , , , , , , , , , , , , , , , , , , , , , , , , , , , , , , , , , , , , , , , , , , , , , , , , , , , , , , , , , , , , , , , , , , , , , , , , , , , , , ,2,300,2024,283.58955749921876,25.0,997.0
2024244N18085,2024,52,NI,BB,UNNAMED,2024-08-31 15:00:00,TS,18.1,83.9, , , ,main,11,0,_____P_________, , , , , , , , ,-5, , , , , , , , , , , , , , , , , , , , , , , , , , , , , , , , , , , , , , , , , , , , , , , , , ,18.1,83.9,D,25,997, ,4, , , , , , , , , , , , , , , , , , , , , , , , , , , , , , , , , , , , , , , , , , , , , , , , , , , , , , , , , , , , , , , , , , , , , , , , , , , , , , , , , , , , , , , , , , ,2,300,2024,290.7058372291464,,
2024244N18085,2024,52,NI,BB,UNNAMED,2024-08-31 18:00:00,TS,18.2,83.8,25,997,newdelhi,main,0,0,_____O_________, , , , , , , , ,-5, , , , , , , , , , , , , , , , , , , , , , , , , , , , , , , , , , , , , , , , , , , , , , , , , ,18.2,83.8,D,25,997,1.50000,4, , , , , , , , , , , , , , , , , , , , , , , , , , , , , , , , , , , , , , , , , , , , , , , , , , , , , , , , , , , , , , , , , , , , , , , , , , , , , , , , , , , , , , , , , , ,5,295,2024,290.20119452987024,25.0,997.0
2024244N18085,2024,52,NI,BB,UNNAMED,2024-08-31 21:00:00,TS,18.3,83.5, , , ,main,0,0,_____P_________, , , , , , , , ,-5, , , , , , , , , , , , , , , , , , , , , , , , , , , , , , , , , , , , , , , , , , , , , , , , , ,18.3,83.5,D,25,997, ,4, , , , , , , , , , , , , , , , , , , , , , , , , , , , , , , , , , , , , , , , , , , , , , , , , , , , , , , , , , , , , , , , , , , , , , , , , , , , , , , , , , , , , , , , , , ,8,290,2024,306.7487673116684,,
2024244N18085,2024,52,NI,BB,UNNAMED,2024-09-01 00:00:00,TS,18.5,83.0,25,997,newdelhi,main,0,0,_____O_________, , , , , , , , ,-5, , , , , , , , , , , , , , , , , , , , , , , , , , , , , , , , , , , , , , , , , , , , , , , , , ,18.5,83.0,D,25,997,1.50000,4, , , , , , , , , , , , , , , , , , , , , , , , , , , , , , , , , , , , , , , , , , , , , , , , , , , , , , , , , , , , , , , , , , , , , , , , , , , , , , , , , , , , , , , , , , ,11,290,2024,337.9507731207827,25.0,997.0
2024244N18085,2024,52,NI,BB,UNNAMED,2024-09-01 03:00:00,TS,18.7,82.4,25,998,newdelhi,main,0,0,_____O_________, , , , , , , , ,-5, , , , , , , , , , , , , , , , , , , , , , , , , , , , , , , , , , , , , , , , , , , , , , , , , ,18.7,82.4,D,25,998,1.50000,3, , , , , , , , , , , , , , , , , , , , , , , , , , , , , , , , , , , , , , , , , , , , , , , , , , , , , , , , , , , , , , , , , , , , , , , , , , , , , , , , , , , , , , , , , , ,9,285,2024,384.8686159038641,25.0,998.0
2024244N18085,2024,52,NI,BB,UNNAMED,2024-09-01 06:00:00,TS,18.7,82.1,20,999,newdelhi,main,0,0,_____O_________, , , , , , , , ,-5, , , , , , , , , , , , , , , , , , , , , , , , , , , , , , , , , , , , , , , , , , , , , , , , , ,18.7,82.1,D,20,999,1.50000,3, , , , , , , , , , , , , , , , , , , , , , , , , , , , , , , , , , , , , , , , , , , , , , , , , , , , , , , , , , , , , , , , , , , , , , , , , , , , , , , , , , , , , , , , , , ,7,280,2024,414.2046789828078,20.0,999.0
2024244N18085,2024,52,NI,BB,UNNAMED,2024-09-01 09:00:00,TS,18.8,81.7, , , ,main,0,0,_____P_________, , , , , , , , ,-5, , , , , , , , , , , , , , , , , , , , , , , , , , , , , , , , , , , , , , , , , , , , , , , , , ,18.8,81.7,D,20,999, ,3, , , , , , , , , , , , , , , , , , , , , , , , , , , , , , , , , , , , , , , , , , , , , , , , , , , , , , , , , , , , , , , , , , , , , , , , , , , , , , , , , , , , , , , , , , ,9,290,2024,450.22111808584486,,
2024244N18085,2024,52,NI,BB,UNNAMED,2024-09-01 12:00:00,TS,19.0,81.2,20,999,newdelhi,main,0,0,_____O_________, , , , , , , , ,-5, , , , , , , , , , , , , , , , , , , , , , , , , , , , , , , , , , , , , , , , , , , , , , , , , ,19.0,81.2,D,20,999,1.50000,3, , , , , , , , , , , , , , , , , , , , , , , , , , , , , , , , , , , , , , , , , , , , , , , , , , , , , , , , , , , , , , , , , , , , , , , , , , , , , , , , , , , , , , , , , , ,9,290,2024,494.7914527106671,20.0,999.0
2024244N18085,2024,52,NI,BB,UNNAMED,2024-09-01 15:00:00,TS,19.2,80.8, , , ,main,0,0,_____P_________, , , , , , , , ,-5, , , , , , , , , , , , , , , , , , , , , , , , , , , , , , , , , , , , , , , , , , , , , , , , , ,19.2,80.8,D,20,999, ,3, , , , , , , , , , , , , , , , , , , , , , , , , , , , , , , , , , , , , , , , , , , , , , , , , , , , , , , , , , , , , , , , , , , , , , , , , , , , , , , , , , , , , , , , , , ,8,290,2024,531.2362846820123,,
2024244N18085,2024,52,NI,BB,UNNAMED,2024-09-01 18:00:00,TS,19.3,80.4,20,999,newdelhi,main,0,0,_____O_________, , , , , , , , ,-5, , , , , , , , , , , , , , , , , , , , , , , , , , , , , , , , , , , , , , , , , , , , , , , , , ,19.3,80.4,D,20,999,1.50000,3, , , , , , , , , , , , , , , , , , , , , , , , , , , , , , , , , , , , , , , , , , , , , , , , , , , , , , , , , , , , , , , , , , , , , , , , , , , , , , , , , , , , , , , , , , ,6,300,2024,570.7883617220967,20.0,999.0
2024244N18085,2024,52,NI,BB,UNNAMED,2024-09-01 21:00:00,TS,19.5,80.2, , , ,main,0,0,_____P_________, , , , , , , , ,-5, , , , , , , , , , , , , , , , , , , , , , , , , , , , , , , , , , , , , , , , , , , , , , , , , ,19.5,80.2,D,20,999, ,3, , , , , , , , , , , , , , , , , , , , , , , , , , , , , , , , , , , , , , , , , , , , , , , , , , , , , , , , , , , , , , , , , , , , , , , , , , , , , , , , , , , , , , , , , , ,5,310,2024,588.6645318209916,,
2024244N18085,2024,52,NI,BB,UNNAMED,2024-09-02 00:00:00,TS,19.6,80.0,20,999,newdelhi,main,0,0,_____O_________, , , , , , , , ,-5, , , , , , , , , , , , , , , , , , , , , , , , , , , , , , , , , , , , , , , , , , , , , , , , , ,19.6,80.0,D,20,999,1.50000,3, , , , , , , , , , , , , , , , , , , , , , , , , , , , , , , , , , , , , , , , , , , , , , , , , , , , , , , , , , , , , , , , , , , , , , , , , , , , , , , , , , , , , , , , , , ,5,295,2024,608.3993013159811,20.0,999.0
2024244N18085,2024,52,NI,BB,UNNAMED,2024-09-02 03:00:00,TS,19.7,79.7,20,999,newdelhi,main,0,0,_____O_________, , , , , , , , ,-5, , , , , , , , , , , , , , , , , , , , , , , , , , , , , , , , , , , , , , , , , , , , , , , , , ,19.7,79.7,D,20,999,1.50000,3, , , , , , , , , , , , , , , , , , , , , , , , , , , , , , , , , , , , , , , , , , , , , , , , , , , , , , , , , , , , , , , , , , , , , , , , , , , , , , , , , , , , , , , , , , ,5,295,2024,638.824147750482,20.0,999.0
2024244N18085,2024,52,NI,BB,UNNAMED,2024-09-02 06:00:00,TS,19.8,79.5,20,999,newdelhi,main,0, ,_____O_________, , , , , , , , ,-5, , , , , , , , , , , , , , , , , , , , , , , , , , , , , , , , , , , , , , , , , , , , , , , , , ,19.8,79.5,D,20,999,1.50000,3, , , , , , , , , , , , , , , , , , , , , , , , , , , , , , , , , , , , , , , , , , , , , , , , , , , , , , , , , , , , , , , , , , , , , , , , , , , , , , , , , , , , , , , , , , ,4,300,2024,659.0345771626951,20.0,999.0
2024252N18087,2024,55,NI,BB,UNNAMED,2024-09-08 00:00:00,TS,17.9,87.0,25,998,newdelhi,main,242,203,_____O_________, , , , , , , , ,-5, , , , , , , , , , , , , , , , , , , , , , , , , , , , , , , , , , , , , , , , , , , , , , , , , ,17.9,87.0,D,25,998,1.50000,3, , , , , , , , , , , , , , , , , , , , , , , , , , , , , , , , , , , , , , , , , , , , , , , , , , , , , , , , , , , , , , , , , , , , , , , , , , , , , , , , , , , , , , , , , , ,7,330,2024,265.4262811602229,25.0,998.0
2024252N18087,2024,55,NI,BB,UNNAMED,2024-09-08 03:00:00,TS,18.2,86.8,25,998,newdelhi,main,203,179,_____O_________, , , , , , , , ,-5, , , , , , , , , , , , , , , , , , , , , , , , , , , , , , , , , , , , , , , , , , , , , , , , , ,18.2,86.8,D,25,998,1.50000,3, , , , , , , , , , , , , , , , , , , , , , , , , , , , , , , , , , , , , , , , , , , , , , , , , , , , , , , , , , , , , , , , , , , , , , , , , , , , , , , , , , , , , , , , , , ,6,330,2024,226.05209763507395,25.0,998.0
2024252N18087,2024,55,NI,BB,UNNAMED,2024-09-08 06:00:00,TS,18.4,86.7,25,997,newdelhi,main,179,165,_____O_________, , , , , , , , ,-5, , , , , , , , , , , , , , , , , , , , , , , , , , , , , , , , , , , , , , , , , , , , , , , , , ,18.4,86.7,D,25,997,1.50000,3, , , , , , , , , , , , , , , , , , , , , , , , , , , , , , , , , , , , , , , , , , , , , , , , , , , , , , , , , , , , , , , , , , , , , , , , , , , , , , , , , , , , , , , , , , ,4,320,2024,201.45409887459206,25.0,997.0
2024252N18087,2024,55,NI,BB,UNNAMED,2024-09-08 09:00:00,TS,18.5,86.5, , , ,main,162,148,_____P_________, , , , , , , , ,-5, , , , , , , , , , , , , , , , , , , , , , , , , , , , , , , , , , , , , , , , , , , , , , , , , ,18.5,86.5,D,25,996, ,4, , , , , , , , , , , , , , , , , , , , , , , , , , , , , , , , , , , , , , , , , , , , , , , , , , , , , , , , , , , , , , , , , , , , , , , , , , , , , , , , , , , , , , , , , , ,3,305,2024,182.26148767514658,,
2024252N18087,2024,55,NI,BB,UNNAMED,2024-09-08 12:00:00,TS,18.6,86.4,25,995,newdelhi,main,148,133,_____O_________, , , , , , , , ,-5, , , , , , , , , , , , , , , , , , , , , , , , , , , , , , , , , , , , , , , , , , , , , , , , , ,18.6,86.4,D,25,995,1.50000,4, , , , , , , , , , , , , , , , , , , , , , , , , , , , , , , , , , , , , , , , , , , , , , , , , , , , , , , , , , , , , , , , , , , , , , , , , , , , , , , , , , , , , , , , , , ,3,320,2024,167.92464542448144,25.0,995.0
2024252N18087,2024,55,NI,BB,UNNAMED,2024-09-08 15:00:00,TS,18.7,86.3, , , ,main,133,113,_____P_________, , , , , , , , ,-5, , , , , , , , , , , , , , , , , , , , , , , , , , , , , , , , , , , , , , , , , , , , , , , , , ,18.7,86.3,D,28,994, ,5, , , , , , , , , , , , , , , , , , , , , , , , , , , , , , , , , , , , , , , , , , , , , , , , , , , , , , , , , , , , , , , , , , , , , , , , , , , , , , , , , , , , , , , , , , ,3,345,2024,153.7766162794442,,
2024252N18087,2024,55,NI,BB,UNNAMED,2024-09-08 18:00:00,TS,18.9,86.3,30,993,newdelhi,main,113,88,_____O_________, , , , , , , , ,-5, , , , , , , , , , , , , , , , , , , , , , , , , , , , , , , , , , , , , , , , , , , , , , , , , ,18.9,86.3,DD,30,993,1.50000,5, , , , , , , , , , , , , , , , , , , , , , , , , , , , , , , , , , , , , , , , , , , , , , , , , , , , , , , , , , , , , , , , , , , , , , , , , , , , , , , , , , , , , , , , , , ,4,345,2024,133.0753294562578,30.0,993.0
2024252N18087,2024,55,NI,BB,UNNAMED,2024-09-08 21:00:00,TS,19.1,86.2, , , ,main,88,67,_____P_________, , , , , , , , ,-5, , , , , , , , , , , , , , , , , , , , , , , , , , , , , , , , , , , , , , , , , , , , , , , , , ,19.1,86.2,DD,30,992, ,6, , , , , , , , , , , , , , , , , , , , , , , , , , , , , , , , , , , , , , , , , , , , , , , , , , , , , , , , , , , , , , , , , , , , , , , , , , , , , , , , , , , , , , , , , , ,4,345,2024,108.49796869720005,,
2024252N18087,2024,55,NI,BB,UNNAMED,2024-09-09 00:00:00,TS,19.3,86.2,30,991,newdelhi,main,67,35,_____O_________, , , , , , , , ,-5, , , , , , , , , , , , , , , , , , , , , , , , , , , , , , , , , , , , , , , , , , , , , , , , , ,19.3,86.2,DD,30,991,1.50000,6, , , , , , , , , , , , , , , , , , , , , , , , , , , , , , , , , , , , , , , , , , , , , , , , , , , , , , , , , , , , , , , , , , , , , , , , , , , , , , , , , , , , , , , , , , ,5,355,2024,88.39155402396126,30.0,991.0
2024252N18087,2024,55,NI,BB,UNNAMED,2024-09-09 03:00:00,TS,19.6,86.2,30,991,newdelhi,main,35,0,_____O_________, , , , , , , , ,-5, , , , , , , , , , , , , , , , , , , , , , , , , , , , , , , , , , , , , , , , , , , , , , , , , ,19.6,86.2,DD,30,991,1.50000,6, , , , , , , , , , , , , , , , , , , , , , , , , , , , , , , , , , , , , , , , , , , , , , , , , , , , , , , , , , , , , , , , , , , , , , , , , , , , , , , , , , , , , , , , , , ,7,345,2024,61.070233245079564,30.0,991.0
2024252N18087,2024,55,NI,BB,UNNAMED,2024-09-09 06:00:00,TS,20.0,86.0,30,992,newdelhi,main,0,0,_____O_________, , , , , , , , ,-5, , , , , , , , , , , , , , , , , , , , , , , , , , , , , , , , , , , , , , , , , , , , , , , , , ,20.0,86.0,DD,30,992,0.00000,6, , , , , , , , , , , , , , , , , , , , , , , , , , , , , , , , , , , , , , , , , , , , , , , , , , , , , , , , , , , , , , , , , , , , , , , , , , , , , , , , , , , , , , , , , , ,10,325,2024,20.89780916624096,30.0,992.0
2024252N18087,2024,55,NI,BB,UNNAMED,2024-09-09 09:00:00,TS,20.4,85.6, , , ,main,0,0,_____P_________, , , , , , , , ,-5, , , , , , , , , , , , , , , , , , , , , , , , , , , , , , , , , , , , , , , , , , , , , , , , , ,20.4,85.6,DD,30,993, ,6, , , , , , , , , , , , , , , , , , , , , , , , , , , , , , , , , , , , , , , , , , , , , , , , , , , , , , , , , , , , , , , , , , , , , , , , , , , , , , , , , , , , , , , , , , ,12,315,2024,49.1313698961553,,
2024252N18087,2024,55,NI,BB,UNNAMED,2024-09-09 12:00:00,TS,20.8,85.1,30,994,newdelhi,main,0,0,_____O_________, , , , , , , , ,-5, , , , , , , , , , , , , , , , , , , , , , , , , , , , , , , , , , , , , , , , , , , , , , , , , ,20.8,85.1,DD,30,994,0.00000,5, , , , , , , , , , , , , , , , , , , , , , , , , , , , , , , , , , , , , , , , , , , , , , , , , , , , , , , , , , , , , , , , , , , , , , , , , , , , , , , , , , , , , , , , , , ,10,310,2024,115.04528485190617,30.0,994.0
2024252N18087,2024,55,NI,BB,UNNAMED,2024-09-09 15:00:00,TS,21.1,84.8, , , ,main,0,0,_____P_________, , , , , , , , ,-5, , , , , , , , , , , , , , , , , , , , , , , , , , , , , , , , , , , , , , , , , , , , , , , , , ,21.1,84.8,DD,28,995, ,5, , , , , , , , , , , , , , , , , , , , , , , , , , , , , , , , , , , , , , , , , , , , , , , , , , , , , , , , , , , , , , , , , , , , , , , , , , , , , , , , , , , , , , , , , , ,8,305,2024,160.62724575225528,,
2024252N18087,2024,55,NI,BB,UNNAMED,2024-09-09 18:00:00,TS,21.3,84.4,25,995,newdelhi,main,0,0,_____O_________, , , , , , , , ,-5, , , , , , , , , , , , , , , , , , , , , , , , , , , , , , , , , , , , , , , , , , , , , , , , , ,21.3,84.4,D,25,995,0.00000,4, , , , , , , , , , , , , , , , , , , , , , , , , , , , , , , , , , , , , , , , , , , , , , , , , , , , , , , , , , , , , , , , , , , , , , , , , , , , , , , , , , , , , , , , , , ,10,300,2024,205.21785817993293,25.0,995.0
2024252N18087,2024,55,NI,BB,UNNAMED,2024-09-09 21:00:00,TS,21.5,83.9, , , ,main,0,0,_____P_________, , , , , , , , ,-5, , , , , , , , , , , , , , , , , , , , , , , , , , , , , , , , , , , , , , , , , , , , , , , , , ,21.5,83.9,D,25,995, ,4, , , , , , , , , , , , , , , , , , , , , , , , , , , , , , , , , , , , , , , , , , , , , , , , , , , , , , , , , , , , , , , , , , , , , , , , , , , , , , , , , , , , , , , , , , ,11,290,2024,258.5508202031106,,
2024252N18087,2024,55,NI,BB,UNNAMED,2024-09-10 00:00:00,TS,21.7,83.3,25,995,newdelhi,main,0,0,_____O_________, , , , , , , , ,-5, , , , , , , , , , , , , , , , , , , , , , , , , , , , , , , , , , , , , , , , , , , , , , , , , ,21.7,83.3,D,25,995,0.00000,4, , , , , , , , , , , , , , , , , , , , , , , , , , , , , , , , , , , , , , , , , , , , , , , , , , , , , , , , , , , , , , , , , , , , , , , , , , , , , , , , , , , , , , , , , , ,10,285,2024,321.2659837628457,25.0,995.0
2024252N18087,2024,55,NI,BB,UNNAMED,2024-09-10 03:00:00,TS,21.8,82.8,25,996,newdelhi,main,0,0,_____O_________, , , , , , , , ,-5, , , , , , , , , , , , , , , , , , , , , , , , , , , , , , , , , , , , , , , , , , , , , , , , , ,21.8,82.8,D,25,996,0.00000,3, , , , , , , , , , , , , , , , , , , , , , , , , , , , , , , , , , , , , , , , , , , , , , , , , , , , , , , , , , , , , , , , , , , , , , , , , , , , , , , , , , , , , , , , , , ,11,280,2024,370.35564637851877,25.0,996.0
2024252N18087,2024,55,NI,BB,UNNAMED,2024-09-10 06:00:00,TS,21.9,82.1,25,996,newdelhi,main,0, ,_____O_________, , , , , , , , ,-5, , , , , , , , , , , , , , , , , , , , , , , , , , , , , , , , , , , , , , , , , , , , , , , , , ,21.9,82.1,D,25,996,0.00000,3, , , , , , , , , , , , , , , , , , , , , , , , , , , , , , , , , , , , , , , , , , , , , , , , , , , , , , , , , , , , , , , , , , , , , , , , , , , , , , , , , , , , , , , , , , ,13,280,2024,438.4480447702324,25.0,996.0
2024295N15092,2024,84,NI,BB,DANA,2024-10-21 06:00:00,DS,15.3,92.1, , , ,main,238,238,O______________,jtwc_io,IO032024,15.3,92.1, ,DB,20,1004,-3, , , , , , , , , , , , ,1008,300,75, , , , , , , , , , , , , , , , , , , , , , , , , , , , , , , , , , , , , , , , , , , , , , , , , , , , , , , , , , , , , , , , , , , , , , , , , , , , , , , , , , , , , , , , , , , , , , , , , , , , , , , , , , , , , , , , , , , , , , , , , , , , , , , , , , , ,1,0,2024,847.5763380240708,20.0,1004.0
2024295N15092,2024,84,NI,BB,DANA,2024-10-21 09:00:00,DS,15.2,92.1, , , ,main,242,242,P______________, ,IO032024,15.2,92.1, ,DB,20,1003,-3, , , , , , , , , , , , ,1008,300,75, , , , , , , , , , , , , , , , , , , , , , , , , , , , , , , , , , , , , , , , , , , , , , , , , , , , , , , , , , , , , , , , , , , , , , , , , , , , , , , , , , , , , , , , , , , , , , , , , , , , , , , , , , , , , , , , , , , , , , , , , , , , , , , , , , , ,1,0,2024,854.6141706473894,20.0,1003.0
2024295N15092,2024,84,NI,BB,DANA,2024-10-21 12:00:00,DS,15.2,92.1, , , ,main,242,242,O______________,jtwc_io,IO032024,15.2,92.1, ,DB,20,1002,-3, , , , , , , , , , , , ,1008,300,75, , , , , , , , , , , , , , , , , , , , , , , , , , , , , , , , , , , , , , , , , , , , , , , , , , , , , , , , , , , , , , , , , , , , , , , , , , , , , , , , , , , , , , , , , , , , , , , , , , , , , , , , , , , , , , , , , , , , , , , , , , , , , , , , , , , ,1,235,2024,854.6141706473894,20.0,1002.0
2024295N15092,2024,84,NI,BB,DANA,2024-10-21 15:00:00,DS,15.2,92.1, , , ,main,242,242,P______________, ,IO032024,15.2,92.1, ,DB,20,1001,-3, , , , , , , , , , , , ,1008,300,75, , , , , , , , , , , , , , , , , , , , , , , , , , , , , , , , , , , , , , , , , , , , , , , , , , , , , , , , , , , , , , , , , , , , , , , , , , , , , , , , , , , , , , , , , , , , , , , , , , , , , , , , , , , , , , , , , , , , , , , , , , , , , , , , , , , ,1,270,2024,854.6141706473894,20.0,1001.0
2024295N15092,2024,84,NI,BB,DANA,2024-10-21 18:00:00,DS,15.2,92.0, , , ,main,252,252,O______________,jtwc_io,IO032024,15.2,92.0, ,DB,20,999,-3, , , , , , , , , , , , ,1008,300,75, , , , , , , , , , , , , , , , , , , , , , , , , , , , , , , , , , , , , , , , , , , , , , , , , , , , , , , , , , , , , , , , , , , , , , , , , , , , , , , , , , , , , , , , , , , , , , , , , , , , , , , , , , , , , , , , , , , , , , , , , , , , , , , , , , , ,1,225,2024,846.3665221723388,20.0,999.0
2024295N15092,2024,84,NI,BB,DANA,2024-10-21 21:00:00,DS,15.1,92.0, , , ,main,252,252,P______________, ,IO032024,15.1,92.0, ,DB,20,999,-3, , , , , , , , , , , , ,1008,300,75, , , , , , , , , , , , , , , , , , , , , , , , , , , , , , , , , , , , , , , , , , , , , , , , , , , , , , , , , , , , , , , , , , , , , , , , , , , , , , , , , , , , , , , , , , , , , , , , , , , , , , , , , , , , , , , , , , , , , , , , , , , , , , , , , , , ,1,245,2024,853.5543853459233,20.0,999.0
2024295N15092,2024,84,NI,BB,DANA,2024-10-22 00:00:00,MX,15.2,91.9,20,1003,newdelhi,main,262,262,O____O_________,jtwc_io,IO032024,15.1,92.0, ,DB,20,998,-3, , , , , , , , , , , , ,1008,300,75, , , , , , , , , , , , , , , , , , , , , , , , , , , , , , , , , , ,15.4,91.6,D,20,1003,1.50000,3, , , , , , , , , , , , , , , , , , , , , , , , , , , , , , , , , , , , , , , , , , , , , , , , , , , , , , , , , , , , , , , , , , , , , , , , , , , , , , , , , , , , , , , , , , ,2,290,2024,838.1715722579681,20.0,998.0
2024295N15092,2024,84,NI,BB,DANA,2024-10-22 03:00:00,MX,15.2,91.8,20,1002,newdelhi,main,272,272,P____O_________, ,IO032024,15.1,92.0, ,DB,23,998,-3, , , , , , , , , , , , ,1008,255,75, , , , , , , , , , , , , , , , , , , , , , , , , , , , , , , , , , ,15.5,91.4,D,20,1002,1.50000,3, , , , , , , , , , , , , , , , , , , , , , , , , , , , , , , , , , , , , , , , , , , , , , , , , , , , , , , , , , , , , , , , , , , , , , , , , , , , , , , , , , , , , , , , , , ,3,295,2024,830.0308841298122,23.0,998.0
2024295N15092,2024,84,NI,BB,DANA,2024-10-22 06:00:00,TS,15.3,91.6,25,1000,newdelhi,main,289,289,O____O_________,jtwc_io,IO032024,15.1,91.9, ,TD,25,997,-1, , , , , , , , , , , , ,1008,210,75, , , , , , , , , , , , , , , , , , , , , , , , , , , , , , , , , , ,15.5,91.3,D,25,1000,1.50000,4, , , , , , , , , , , , , , , , , , , , , , , , , , , , , , , , , , , , , , , , , , , , , , , , , , , , , , , , , , , , , , , , , , , , , , , , , , , , , , , , , , , , , , , , , , ,2,295,2024,806.5480317081015,25.0,997.0
2024295N15092,2024,84,NI,BB,DANA,2024-10-22 09:00:00,TS,15.3,91.5, , , ,main,299,296,P____P_________, ,IO032024,15.1,92.0, ,TD,25,997,-1, , , , , , , , , , , , ,1008,210,75, , , , , , , , , , , , , , , , , , , , , , , , , , , , , , , , , , ,15.5,91.1,D,28,1000, ,5, , , , , , , , , , , , , , , , , , , , , , , , , , , , , , , , , , , , , , , , , , , , , , , , , , , , , , , , , , , , , , , , , , , , , , , , , , , , , , , , , , , , , , , , , , ,3,300,2024,798.5107235577125,25.0,997.0
2024295N15092,2024,84,NI,BB,DANA,2024-10-22 12:00:00,TS,15.4,91.4,30,999,newdelhi,main,307,307,O____O_________,jtwc_io,IO032024,15.2,91.9, ,TD,25,996,-1, , , , , , , , , , , , ,1008,210,75, , , , , , , , , , , , , , , , , , , , , , , , , , , , , , , , , , ,15.6,90.9,DD,30,999,2.00000,5, , , , , , , , , , , , , , , , , , , , , , , , , , , , , , , , , , , , , , , , , , , , , , , , , , , , , , , , , , , , , , , , , , , , , , , , , , , , , , , , , , , , , , , , , , ,5,290,2024,783.108699194667,25.0,996.0
2024295N15092,2024,84,NI,BB,DANA,2024-10-22 15:00:00,TS,15.5,91.1, , , ,main,336,336,P____P_________, ,IO032024,15.3,91.5, ,TD,28,996,-1, , , , , , , , , , , , ,1008,223,70, , , , , , , , , , , , , , , , , , , , , , , , , , , , , , , , , , ,15.7,90.7,DD,30,999, ,6, , , , , , , , , , , , , , , , , , , , , , , , , , , , , , , , , , , , , , , , , , , , , , , , , , , , , , , , , , , , , , , , , , , , , , , , , , , , , , , , , , , , , , , , , , ,7,285,2024,751.7832373869778,28.0,996.0
2024295N15092,2024,84,NI,BB,DANA,2024-10-22 18:00:00,TS,15.6,90.7,30,998,newdelhi,main,377,377,O____O_________,jtwc_io,IO032024,15.4,90.9, ,TD,30,995,-1, , , , , , , , , , , , ,1008,235,65, , , , , , , , , , , , , , , , , , , , , , , , , , , , , , , , , , ,15.8,90.5,DD,30,998,2.00000,6, , , , , , , , , , , , , , , , , , , , , , , , , , , , , , , , , , , , , , , , , , , , , , , , , , , , , , , , , , , , , , , , , , , , , , , , , , , , , , , , , , , , , , , , , , ,8,290,2024,712.9582859825379,30.0,995.0
2024295N15092,2024,84,NI,BB,DANA,2024-10-22 21:00:00,TS,15.8,90.3, , , ,main,417,417,P____P_________, ,IO032024,15.6,90.4, ,TD,33,995,-1, , , , , , , , , , , , ,1008,223,58, , , , , , , , , , , , , , , , , , , , , , , , , , , , , , , , , , ,16.0,90.1,DD,33,998, ,7, , , , , , , , , , , , , , , , , , , , , , , , , , , , , , , , , , , , , , , , , , , , , , , , , , , , , , , , , , , , , , , , , , , , , , , , , , , , , , , , , , , , , , , , , , ,9,300,2024,666.8483700583971,33.0,995.0
2024295N15092,2024,84,NI,BB,DANA,2024-10-23 00:00:00,TS,16.1,89.9,35,997,newdelhi,main,459,459,O____O_________,jtwc_io,IO032024,15.9,90.0, ,TS,35,994,0, , , , , , , , , , , , ,1008,210,50, , , , , , , , , , , , , , , , , , , , , , , , , , , , , , , , , , ,16.2,89.8,CS,35,997,2.50000,7, , , , , , , , , , , , , , , , , , , , , , , , , , , , , , , , , , , , , , , , , , , , , , , , , , , , , , , , , , , , , , , , , , , , , , , , , , , , , , , , , , , , , , , , , , ,9,310,2024,613.0642661200145,35.0,994.0
2024295N15092,2024,84,NI,BB,DANA,2024-10-23 03:00:00,TS,16.4,89.6,35,996,newdelhi,main,493,488,P____O_________, ,IO032024,16.2,89.6, ,TS,38,994,0, , , , , , , , , , , , ,1008,210,40, , , , , , , , , , , , , , , , , , , , , , , , , , , , , , , , , , ,16.5,89.6,CS,35,996,2.50000,8, , , , , , , , , , , , , , , , , , , , , , , , , , , , , , , , , , , , , , , , , , , , , , , , , , , , , , , , , , , , , , , , , , , , , , , , , , , , , , , , , , , , , , , , , , ,9,315,2024,566.8235779426662,38.0,994.0
2024295N15092,2024,84,NI,BB,DANA,2024-10-23 06:00:00,TS,16.7,89.3,40,995,newdelhi,main,479,448,O____O_________,jtwc_io,IO032024,16.6,89.3, ,TS,40,993,0, , , , , , , , , , , , ,1008,210,30, , , , , , , , , , , , , , , , , , , , , , , , , , , , , , , , , , ,16.7,89.2,CS,40,995,2.50000,9, , , , , , , , , , , , , , , , , , , , , , , , , , , , , , , , , , , , , , , , , , , , , , , , , , , , , , , , , , , , , , , , , , , , , , , , , , , , , , , , , , , , , , , , , , ,7,320,2024,520.6188400614747,40.0,993.0
2024295N15092,2024,84,NI,BB,DANA,2024-10-23 09:00:00,TS,16.9,89.1,45,994,newdelhi,main,448,416,P____O_________, ,IO032024,16.9,89.1, ,TS,45,992,0, , , , , , , , , , , , ,1008,210,30, , , , , , , , , , , , , , , , , , , , , , , , , , , , , , , , , , ,16.9,89.1,CS,45,994,3.00000,10, , , , , , , , , , , , , , , , , , , , , , , , , , , , , , , , , , , , , , , , , , , , , , , , , , , , , , , , , , , , , , , , , , , , , , , , , , , , , , , , , , , , , , , , , , ,7,335,2024,489.8363356220907,45.0,992.0
2024295N15092,2024,84,NI,BB,DANA,2024-10-23 12:00:00,TS,17.3,89.0,45,992,newdelhi,main,407,368,O____O_________,jtwc_io,IO032024,17.3,89.0, ,TS,50,991,0, , , , , , , , , , , , ,1008,210,30, , , , , , , , , , , , , , , , , , , , , , , , , , , , , , , , , , ,17.2,88.9,CS,45,992,3.00000,12, , , , , , , , , , , , , , , , , , , , , , , , , , , , , , , , , , , , , , , , , , , , , , , , , , , , , , , , , , , , , , , , , , , , , , , , , , , , , , , , , , , , , , , , , , ,8,340,2024,451.4061678140341,50.0,991.0
2024295N15092,2024,84,NI,BB,DANA,2024-10-23 15:00:00,TS,17.6,88.8,45,992,newdelhi,main,368,337,P____O_________, ,IO032024,17.6,88.9, ,TS,53,991,0, , , , , , , , , , , , ,1007,205,25, , , , , , , , , , , , , , , , , , , , , , , , , , , , , , , , , , ,17.6,88.7,CS,45,992,3.00000,12, , , , , , , , , , , , , , , , , , , , , , , , , , , , , , , , , , , , , , , , , , , , , , , , , , , , , , , , , , , , , , , , , , , , , , , , , , , , , , , , , , , , , , , , , , ,8,340,2024,413.42271500979695,53.0,991.0
2024295N15092,2024,84,NI,BB,DANA,2024-10-23 18:00:00,TS,18.0,88.7,50,990,newdelhi,main,329,283,O____O_________,jtwc_io,IO032024,18.0,88.8, ,TS,55,990,0,80,80,60,50, , , , , , , , ,1006,200,20, , , , , , , , , , , , , , , , , , , , , , , , , , , , , , , , , , ,17.9,88.5,SCS,50,990,3.00000,14, , , , , , , , , , , , , , , , , , , , , , , , , , , , , , , , , , , , , , , , , , , , , , , , , , , , , , , , , , , , , , , , , , , , , , , , , , , , , , , , , , , , , , , , , , ,8,330,2024,377.3651760925414,55.0,990.0
2024295N15092,2024,84,NI,BB,DANA,2024-10-23 21:00:00,TS,18.3,88.4,50,990,newdelhi,main,283,245,P____O_________, ,IO032024,18.4,88.5, ,TS,58,989,0,98,88,75,73, , , , , , , , ,1007,210,20, , , , , , , , , , , , , , , , , , , , , , , , , , , , , , , , , , ,18.3,88.3,SCS,50,990,3.00000,14, , , , , , , , , , , , , , , , , , , , , , , , , , , , , , , , , , , , , , , , , , , , , , , , , , , , , , , , , , , , , , , , , , , , , , , , , , , , , , , , , , , , , , , , , , ,8,330,2024,332.13293608562185,58.0,989.0
2024295N15092,2024,84,NI,BB,DANA,2024-10-24 00:00:00,TS,18.7,88.2,55,988,newdelhi,main,238,199,O____O_________,jtwc_io,IO032024,18.7,88.2, ,TS,60,988,0,115,95,90,95,45,50,35,40, , , , ,1007,220,20, , , , , , , , , , , , , , , , , , , , , , , , , , , , , , , , , , ,18.6,88.2,SCS,55,988,3.50000,16, , , , , , , , , , , , , , , , , , , , , , , , , , , , , , , , , , , , , , , , , , , , , , , , , , , , , , , , , , , , , , , , , , , , , , , , , , , , , , , , , , , , , , , , , , ,8,325,2024,290.3285666341597,60.0,988.0
2024295N15092,2024,84,NI,BB,DANA,2024-10-24 03:00:00,TS,19.0,88.0,55,988,newdelhi,main,199,160,P____O_________, ,IO032024,19.1,87.9, ,TS,63,987,0,115,95,90,95,55,55,45,50, , , , ,1008,238,20, , , , , , , , , , , , , , , , , , , , , , , , , , , , , , , , , , ,18.9,88.0,SCS,55,988,3.50000,16, , , , , , , , , , , , , , , , , , , , , , , , , , , , , , , , , , , , , , , , , , , , , , , , , , , , , , , , , , , , , , , , , , , , , , , , , , , , , , , , , , , , , , , , , , ,8,325,2024,256.00163582763855,63.0,987.0
2024295N15092,2024,84,NI,BB,DANA,2024-10-24 06:00:00,TS,19.3,87.8,55,988,newdelhi,main,160,129,O____O_________,jtwc_io,IO032024,19.4,87.7, ,TY,65,986,1,115,95,90,95,65,60,55,60,40,30,25,35,1008,255,20, , , , , , , , , , , , , , , , , , , , , , , , , , , , , , , , , , ,19.2,87.8,SCS,55,988,3.50000,16, , , , , , , , , , , , , , , , , , , , , , , , , , , , , , , , , , , , , , , , , , , , , , , , , , , , , , , , , , , , , , , , , , , , , , , , , , , , , , , , , , , , , , , , , , ,6,325,2024,223.43205065965572,65.0,986.0
2024295N15092,2024,84,NI,BB,DANA,2024-10-24 09:00:00,TS,19.5,87.6,60,986,newdelhi,main,129,100,P____O_________, ,IO032024,19.6,87.6, ,TY,65,986,1,115,95,83,95,68,65,48,60, , , , ,1008,260,25, , , , , , , , , , , , , , , , , , , , , , , , , , , , , , , , , , ,19.4,87.6,SCS,60,986,3.50000,18, , , , , , , , , , , , , , , , , , , , , , , , , , , , , , , , , , , , , , , , , , , , , , , , , , , , , , , , , , , , , , , , , , , , , , , , , , , , , , , , , , , , , , , , , , ,6,335,2024,196.40875856227223,65.0,986.0
2024295N15092,2024,84,NI,BB,DANA,2024-10-24 12:00:00,TS,19.8,87.5,60,986,newdelhi,main,100,66,O____O_________,jtwc_io,IO032024,19.8,87.5, ,TY,65,985,1,115,95,75,95,70,70,40,60, , , , ,1008,265,30, , , , , , , , , , , , , , , , , , , , , , , , , , , , , , , , , , ,19.8,87.5,SCS,60,986,3.50000,18, , , , , , , , , , , , , , , , , , , , , , , , , , , , , , , , , , , , , , , , , , , , , , , , , , , , , , , , , , , , , , , , , , , , , , , , , , , , , , , , , , , , , , , , , , ,7,335,2024,179.12893058642135,65.0,985.0
2024295N15092,2024,84,NI,BB,DANA,2024-10-24 15:00:00,TS,20.1,87.3,60,986,newdelhi,main,66,23,P____O_________, ,IO032024,20.2,87.3, ,TY,63,987,0,115,95,75,95,70,70,40,60, , , , ,1008,265,30, , , , , , , , , , , , , , , , , , , , , , , , , , , , , , , , , , ,20.1,87.3,SCS,60,986,3.50000,18, , , , , , , , , , , , , , , , , , , , , , , , , , , , , , , , , , , , , , , , , , , , , , , , , , , , , , , , , , , , , , , , , , , , , , , , , , , , , , , , , , , , , , , , , , ,8,330,2024,157.07725078674335,63.0,987.0
2024295N15092,2024,84,NI,BB,DANA,2024-10-24 18:00:00,TS,20.5,87.1,55,988,newdelhi,main,23,0,O____O_________,jtwc_io,IO032024,20.5,87.1, ,TS,60,988,0,115,95,75,95,70,70,40,60, , , , ,1008,265,30, , , , , , , , , , , , , , , , , , , , , , , , , , , , , , , , , , ,20.5,87.1,SCS,55,988,3.50000,16, , , , , , , , , , , , , , , , , , , , , , , , , , , , , , , , , , , , , , , , , , , , , , , , , , , , , , , , , , , , , , , , , , , , , , , , , , , , , , , , , , , , , , , , , , ,6,335,2024,146.57170551920282,60.0,988.0
2024295N15092,2024,84,NI,BB,DANA,2024-10-24 21:00:00,TS,20.7,87.0,55,988,newdelhi,main,0,0,P____O_________, ,IO032024,20.7,87.0, ,TS,58,990,0,115,95,75,95,70,70,40,60, , , , ,1008,265,30, , , , , , , , , , , , , , , , , , , , , , , , , , , , , , , , , , ,20.7,87.0,SCS,55,988,0.00000,16, , , , , , , , , , , , , , , , , , , , , , , , , , , , , , , , , , , , , , , , , , , , , , , , , , , , , , , , , , , , , , , , , , , , , , , , , , , , , , , , , , , , , , , , , , ,5,330,2024,147.34183251609065,58.0,990.0
2024295N15092,2024,84,NI,BB,DANA,2024-10-25 00:00:00,TS,20.9,86.9,50,990,newdelhi,main,0,0,O____O_________,jtwc_io,IO032024,20.8,86.9, ,TS,55,991,0,115,95,75,95,70,70,40,60, , , , ,1008,265,30, , , , , , , , , , , , , , , , , , , , , , , , , , , , , , , , , , ,21.0,86.8,SCS,50,990,0.00000,14, , , , , , , , , , , , , , , , , , , , , , , , , , , , , , , , , , , , , , , , , , , , , , , , , , , , , , , , , , , , , , , , , , , , , , , , , , , , , , , , , , , , , , , , , , ,4,335,2024,152.14848626146227,55.0,991.0
2024295N15092,2024,84,NI,BB,DANA,2024-10-25 03:00:00,TS,21.1,86.8,45,994,newdelhi,main,0,0,P____O_________, ,IO032024,21.0,86.8, ,TS,53,992,0,98,95,65,80, , , , , , , , ,1008,273,25, , , , , , , , , , , , , , , , , , , , , , , , , , , , , , , , , , ,21.2,86.7,CS,45,994,0.00000,10, , , , , , , , , , , , , , , , , , , , , , , , , , , , , , , , , , , , , , , , , , , , , , , , , , , , , , , , , , , , , , , , , , , , , , , , , , , , , , , , , , , , , , , , , , ,3,335,2024,160.62724575225528,53.0,992.0
2024295N15092,2024,84,NI,BB,DANA,2024-10-25 06:00:00,TS,21.2,86.7,35,997,newdelhi,main,0,0,O____O_________,jtwc_io,IO032024,21.1,86.8, ,TS,50,993,0,80,95,55,65, , , , , , , , ,1008,280,20, , , , , , , , , , , , , , , , , , , , , , , , , , , , , , , , , , ,21.3,86.6,CS,35,997,0.00000,7, , , , , , , , , , , , , , , , , , , , , , , , , , , , , , , , , , , , , , , , , , , , , , , , , , , , , , , , , , , , , , , , , , , , , , , , , , , , , , , , , , , , , , , , , , ,3,315,2024,163.03198606303704,50.0,993.0
2024295N15092,2024,84,NI,BB,DANA,2024-10-25 09:00:00,TS,21.3,86.6,30,998,newdelhi,main,0,0,P____O_________, ,IO032024,21.2,86.7, ,TS,45,995,0,55,95,43,48, , , , , , , , ,1007,260,20, , , , , , , , , , , , , , , , , , , , , , , , , , , , , , , , , , ,21.4,86.4,DD,30,998,0.00000,6, , , , , , , , , , , , , , , , , , , , , , , , , , , , , , , , , , , , , , , , , , , , , , , , , , , , , , , , , , , , , , , , , , , , , , , , , , , , , , , , , , , , , , , , , , ,2,290,2024,166.806070239728,45.0,995.0
2024295N15092,2024,84,NI,BB,DANA,2024-10-25 12:00:00,TS,21.3,86.5,30,999,newdelhi,main,0,0,O____O_________,jtwc_io,IO032024,21.2,86.6, ,TS,40,996,0,30,95,30,30, , , , , , , , ,1006,240,20, , , , , , , , , , , , , , , , , , , , , , , , , , , , , , , , , , ,21.4,86.3,DD,30,999,0.00000,5, , , , , , , , , , , , , , , , , , , , , , , , , , , , , , , , , , , , , , , , , , , , , , , , , , , , , , , , , , , , , , , , , , , , , , , , , , , , , , , , , , , , , , , , , , ,1,260,2024,161.8653207080524,40.0,996.0
2024295N15092,2024,84,NI,BB,DANA,2024-10-25 15:00:00,TS,21.3,86.4, , , ,main,0,0,P____P_________, ,IO032024,21.2,86.5, ,TS,35,997,0,15,47,15,15, , , , , , , , ,1006,235,23, , , , , , , , , , , , , , , , , , , , , , , , , , , , , , , , , , ,21.4,86.2,DD,28,1000, ,5, , , , , , , , , , , , , , , , , , , , , , , , , , , , , , , , , , , , , , , , , , , , , , , , , , , , , , , , , , , , , , , , , , , , , , , , , , , , , , , , , , , , , , , , , , ,1,230,2024,157.45798016860832,35.0,997.0
2024295N15092,2024,84,NI,BB,DANA,2024-10-25 18:00:00,TS,21.3,86.4,25,1000,newdelhi,main,0,0,O____O_________,jtwc_io,IO032024,21.2,86.5, ,TD,30,997,-1, , , , , , , , , , , , ,1005,230,25, , , , , , , , , , , , , , , , , , , , , , , , , , , , , , , , , , ,21.4,86.2,D,25,1000,0.00000,4, , , , , , , , , , , , , , , , , , , , , , , , , , , , , , , , , , , , , , , , , , , , , , , , , , , , , , , , , , , , , , , , , , , , , , , , , , , , , , , , , , , , , , , , , , ,1,0,2024,157.45798016860832,30.0,997.0
2024295N15092,2024,84,NI,BB,DANA,2024-10-25 21:00:00,TS,21.2,86.5, , , ,main,0,0,P______________, ,IO032024,21.2,86.5, ,TD,25,999,-1, , , , , , , , , , , , ,1005,230,25, , , , , , , , , , , , , , , , , , , , , , , , , , , , , , , , , , , , , , , , , , , , , , , , , , , , , , , , , , , , , , , , , , , , , , , , , , , , , , , , , , , , , , , , , , , , , , , , , , , , , , , , , , , , , , , , , , , , , , , , , , , , , , , , , , , ,1,205,2024,152.02907095377677,25.0,999.0
2024295N15092,2024,84,NI,BB,DANA,2024-10-26 00:00:00,DS,21.2,86.4, , , ,main,0, ,O______________,jtwc_io,IO032024,21.2,86.4, ,DB,20,1000,-3, , , , , , , , , , , , ,1005,230,25, , , , , , , , , , , , , , , , , , , , , , , , , , , , , , , , , , , , , , , , , , , , , , , , , , , , , , , , , , , , , , , , , , , , , , , , , , , , , , , , , , , , , , , , , , , , , , , , , , , , , , , , , , , , , , , , , , , , , , , , , , , , , , , , , , , ,1,275,2024,147.32458793233872,20.0,1000.0
2025149N21088,2025,30,NI,BB,UNNAMED,2025-05-29 00:00:00,TS,20.8,88.3,25,988,newdelhi,main,89,33,_____O_________, , , , , , , , ,-5, , , , , , , , , , , , , , , , , , , , , , , , , , , , , , , , , , , , , , , , , , , , , , , , , ,20.8,88.3,D,25,988,1.50000,4, , , , , , , , , , , , , , , , , , , , , , , , , , , , , , , , , , , , , , , , , , , , , , , , , , , , , , , , , , , , , , , , , , , , , , , , , , , , , , , , , , , , , , , , , , ,10,0,2025,275.3141804339402,25.0,988.0
2025149N21088,2025,30,NI,BB,UNNAMED,2025-05-29 03:00:00,TS,21.3,88.3,30,986,newdelhi,main,33,0,_____O_________, , , , , , , , ,-5, , , , , , , , , , , , , , , , , , , , , , , , , , , , , , , , , , , , , , , , , , , , , , , , , ,21.3,88.3,DD,30,986,2.00000,5, , , , , , , , , , , , , , , , , , , , , , , , , , , , , , , , , , , , , , , , , , , , , , , , , , , , , , , , , , , , , , , , , , , , , , , , , , , , , , , , , , , , , , , , , , ,12,5,2025,297.58424894389833,30.0,986.0
2025149N21088,2025,30,NI,BB,UNNAMED,2025-05-29 06:00:00,TS,22.0,88.4,30,986,newdelhi,main,0,0,_____O_________, , , , , , , , ,-5, , , , , , , , , , , , , , , , , , , , , , , , , , , , , , , , , , , , , , , , , , , , , , , , , ,22.0,88.4,DD,30,986,0.00000,5, , , , , , , , , , , , , , , , , , , , , , , , , , , , , , , , , , , , , , , , , , , , , , , , , , , , , , , , , , , , , , , , , , , , , , , , , , , , , , , , , , , , , , , , , , ,9,10,2025,349.7047182151574,30.0,986.0
2025149N21088,2025,30,NI,BB,UNNAMED,2025-05-29 09:00:00,TS,22.2,88.5, , , ,main,0,0,_____P_________, , , , , , , , ,-5, , , , , , , , , , , , , , , , , , , , , , , , , , , , , , , , , , , , , , , , , , , , , , , , , ,22.2,88.5,DD,30,987, ,5, , , , , , , , , , , , , , , , , , , , , , , , , , , , , , , , , , , , , , , , , , , , , , , , , , , , , , , , , , , , , , , , , , , , , , , , , , , , , , , , , , , , , , , , , , ,3,45,2025,371.86271161405796,,
2025149N21088,2025,30,NI,BB,UNNAMED,2025-05-29 12:00:00,TS,22.2,88.6,30,987,newdelhi,main,0,0,_____O_________, , , , , , , , ,-5, , , , , , , , , , , , , , , , , , , , , , , , , , , , , , , , , , , , , , , , , , , , , , , , , ,22.2,88.6,DD,30,987,0.00000,5, , , , , , , , , , , , , , , , , , , , , , , , , , , , , , , , , , , , , , , , , , , , , , , , , , , , , , , , , , , , , , , , , , , , , , , , , , , , , , , , , , , , , , , , , , ,5,50,2025,379.73620881174566,30.0,987.0
2025149N21088,2025,30,NI,BB,UNNAMED,2025-05-29 15:00:00,TS,22.5,88.9, , , ,main,0,0,_____P_________, , , , , , , , ,-5, , , , , , , , , , , , , , , , , , , , , , , , , , , , , , , , , , , , , , , , , , , , , , , , , ,22.5,88.9,DD,30,988, ,5, , , , , , , , , , , , , , , , , , , , , , , , , , , , , , , , , , , , , , , , , , , , , , , , , , , , , , , , , , , , , , , , , , , , , , , , , , , , , , , , , , , , , , , , , , ,10,35,2025,424.80863756019,,
2025149N21088,2025,30,NI,BB,UNNAMED,2025-05-29 18:00:00,TS,23.0,89.2,30,988,newdelhi,main,0,0,_____O_________, , , , , , , , ,-5, , , , , , , , , , , , , , , , , , , , , , , , , , , , , , , , , , , , , , , , , , , , , , , , , ,23.0,89.2,DD,30,988,0.00000,5, , , , , , , , , , , , , , , , , , , , , , , , , , , , , , , , , , , , , , , , , , , , , , , , , , , , , , , , , , , , , , , , , , , , , , , , , , , , , , , , , , , , , , , , , , ,11,20,2025,484.7318166904491,30.0,988.0
2025149N21088,2025,30,NI,BB,UNNAMED,2025-05-29 21:00:00,TS,23.6,89.3, , , ,main,0,0,_____P_________, , , , , , , , ,-5, , , , , , , , , , , , , , , , , , , , , , , , , , , , , , , , , , , , , , , , , , , , , , , , , ,23.6,89.3,DD,28,989, ,5, , , , , , , , , , , , , , , , , , , , , , , , , , , , , , , , , , , , , , , , , , , , , , , , , , , , , , , , , , , , , , , , , , , , , , , , , , , , , , , , , , , , , , , , , , ,11,10,2025,539.2089157020293,,
2025149N21088,2025,30,NI,BB,UNNAMED,2025-05-30 00:00:00,TS,24.1,89.4,25,990,newdelhi,main,0,0,_____O_________, , , , , , , , ,-5, , , , , , , , , , , , , , , , , , , , , , , , , , , , , , , , , , , , , , , , , , , , , , , , , ,24.1,89.4,D,25,990,0.00000,4, , , , , , , , , , , , , , , , , , , , , , , , , , , , , , , , , , , , , , , , , , , , , , , , , , , , , , , , , , , , , , , , , , , , , , , , , , , , , , , , , , , , , , , , , , ,8,20,2025,587.7138492931253,25.0,990.0
2025149N21088,2025,30,NI,BB,UNNAMED,2025-05-30 03:00:00,TS,24.3,89.6,20,992,newdelhi,main,0,0,_____O_________, , , , , , , , ,-5, , , , , , , , , , , , , , , , , , , , , , , , , , , , , , , , , , , , , , , , , , , , , , , , , ,24.3,89.6,D,20,992,0.00000,3, , , , , , , , , , , , , , , , , , , , , , , , , , , , , , , , , , , , , , , , , , , , , , , , , , , , , , , , , , , , , , , , , , , , , , , , , , , , , , , , , , , , , , , , , , ,12,35,2025,617.7871299146702,20.0,992.0
2025149N21088,2025,30,NI,BB,UNNAMED,2025-05-30 06:00:00,TS,25.1,90.2,20,992,newdelhi,main,0, ,_____O_________, , , , , , , , ,-5, , , , , , , , , , , , , , , , , , , , , , , , , , , , , , , , , , , , , , , , , , , , , , , , , ,25.1,90.2,D,20,992,0.00000,3, , , , , , , , , , , , , , , , , , , , , , , , , , , , , , , , , , , , , , , , , , , , , , , , , , , , , , , , , , , , , , , , , , , , , , , , , , , , , , , , , , , , , , , , , , ,19,35,2025,724.9456681065112,20.0,992.0
2025231N19085,2025,70,NI,BB,UNNAMED,2025-08-18 12:00:00,TS,18.9,85.0,20,996,newdelhi,main,33,21,_____O_________, , , , , , , , ,-5, , , , , , , , , , , , , , , , , , , , , , , , , , , , , , , , , , , , , , , , , , , , , , , , , ,18.9,85.0,D,20,996,1.50000,3, , , , , , , , , , , , , , , , , , , , , , , , , , , , , , , , , , , , , , , , , , , , , , , , , , , , , , , , , , , , , , , , , , , , , , , , , , , , , , , , , , , , , , , , , , ,2,300,2025,148.31138986129963,20.0,996.0
2025231N19085,2025,70,NI,BB,UNNAMED,2025-08-18 15:00:00,TS,19.0,84.9, , , ,main,21,21,_____P_________, , , , , , , , ,-5, , , , , , , , , , , , , , , , , , , , , , , , , , , , , , , , , , , , , , , , , , , , , , , , , ,19.0,84.9,D,20,996, ,3, , , , , , , , , , , , , , , , , , , , , , , , , , , , , , , , , , , , , , , , , , , , , , , , , , , , , , , , , , , , , , , , , , , , , , , , , , , , , , , , , , , , , , , , , , ,1,315,2025,145.81879512770715,,
2025231N19085,2025,70,NI,BB,UNNAMED,2025-08-18 18:00:00,TS,19.0,84.9,20,996,newdelhi,main,21,21,_____O_________, , , , , , , , ,-5, , , , , , , , , , , , , , , , , , , , , , , , , , , , , , , , , , , , , , , , , , , , , , , , , ,19.0,84.9,D,20,996,1.50000,3, , , , , , , , , , , , , , , , , , , , , , , , , , , , , , , , , , , , , , , , , , , , , , , , , , , , , , , , , , , , , , , , , , , , , , , , , , , , , , , , , , , , , , , , , , ,1,40,2025,145.81879512770715,20.0,996.0
2025231N19085,2025,70,NI,BB,UNNAMED,2025-08-18 21:00:00,TS,19.1,85.0, , , ,main,23,0,_____P_________, , , , , , , , ,-5, , , , , , , , , , , , , , , , , , , , , , , , , , , , , , , , , , , , , , , , , , , , , , , , , ,19.1,85.0,D,20,996, ,3, , , , , , , , , , , , , , , , , , , , , , , , , , , , , , , , , , , , , , , , , , , , , , , , , , , , , , , , , , , , , , , , , , , , , , , , , , , , , , , , , , , , , , , , , , ,3,345,2025,130.54481911653468,,
2025231N19085,2025,70,NI,BB,UNNAMED,2025-08-19 00:00:00,TS,19.3,84.8,20,996,newdelhi,main,0,0,_____O_________, , , , , , , , ,-5, , , , , , , , , , , , , , , , , , , , , , , , , , , , , , , , , , , , , , , , , , , , , , , , , ,19.3,84.8,D,20,996,0.00000,3, , , , , , , , , , , , , , , , , , , , , , , , , , , , , , , , , , , , , , , , , , , , , , , , , , , , , , , , , , , , , , , , , , , , , , , , , , , , , , , , , , , , , , , , , , ,12,310,2025,130.47777328255486,20.0,996.0
2025231N19085,2025,70,NI,BB,UNNAMED,2025-08-19 03:00:00,TS,19.8,84.0,20,996,newdelhi,main,0,0,_____O_________, , , , , , , , ,-5, , , , , , , , , , , , , , , , , , , , , , , , , , , , , , , , , , , , , , , , , , , , , , , , , ,19.8,84.0,D,20,996,0.00000,3, , , , , , , , , , , , , , , , , , , , , , , , , , , , , , , , , , , , , , , , , , , , , , , , , , , , , , , , , , , , , , , , , , , , , , , , , , , , , , , , , , , , , , , , , , ,16,295,2025,189.50786498642674,20.0,996.0
2025231N19085,2025,70,NI,BB,UNNAMED,2025-08-19 06:00:00,TS,20.0,83.3,20,996,newdelhi,main,0, ,_____O_________, , , , , , , , ,-5, , , , , , , , , , , , , , , , , , , , , , , , , , , , , , , , , , , , , , , , , , , , , , , , , ,20.0,83.3,D,20,996,0.00000,3, , , , , , , , , , , , , , , , , , , , , , , , , , , , , , , , , , , , , , , , , , , , , , , , , , , , , , , , , , , , , , , , , , , , , , , , , , , , , , , , , , , , , , , , , , ,14,285,2025,261.22020566271914,20.0,996.0
2025270N19086,2025,89,NI,BB,UNNAMED,2025-09-26 12:00:00,TS,19.3,86.1,25,998,newdelhi,main,64,53,_____O_________, , , , , , , , ,-5, , , , , , , , , , , , , , , , , , , , , , , , , , , , , , , , , , , , , , , , , , , , , , , , , ,19.3,86.1,D,25,998,1.50000,4, , , , , , , , , , , , , , , , , , , , , , , , , , , , , , , , , , , , , , , , , , , , , , , , , , , , , , , , , , , , , , , , , , , , , , , , , , , , , , , , , , , , , , , , , , ,6,270,2025,83.93717656248835,25.0,998.0
2025270N19086,2025,89,NI,BB,UNNAMED,2025-09-26 15:00:00,TS,19.3,85.8, , , ,main,53,35,_____P_________, , , , , , , , ,-5, , , , , , , , , , , , , , , , , , , , , , , , , , , , , , , , , , , , , , , , , , , , , , , , , ,19.3,85.8,D,25,998, ,4, , , , , , , , , , , , , , , , , , , , , , , , , , , , , , , , , , , , , , , , , , , , , , , , , , , , , , , , , , , , , , , , , , , , , , , , , , , , , , , , , , , , , , , , , , ,6,270,2025,77.83644865119103,,
2025270N19086,2025,89,NI,BB,UNNAMED,2025-09-26 18:00:00,TS,19.3,85.5,25,998,newdelhi,main,35,22,_____O_________, , , , , , , , ,-5, , , , , , , , , , , , , , , , , , , , , , , , , , , , , , , , , , , , , , , , , , , , , , , , , ,19.3,85.5,D,25,998,1.50000,4, , , , , , , , , , , , , , , , , , , , , , , , , , , , , , , , , , , , , , , , , , , , , , , , , , , , , , , , , , , , , , , , , , , , , , , , , , , , , , , , , , , , , , , , , , ,6,270,2025,83.93717656248835,25.0,998.0
2025270N19086,2025,89,NI,BB,UNNAMED,2025-09-26 21:00:00,TS,19.3,85.2, , , ,main,22,0,_____P_________, , , , , , , , ,-5, , , , , , , , , , , , , , , , , , , , , , , , , , , , , , , , , , , , , , , , , , , , , , , , , ,19.3,85.2,D,25,998, ,4, , , , , , , , , , , , , , , , , , , , , , , , , , , , , , , , , , , , , , , , , , , , , , , , , , , , , , , , , , , , , , , , , , , , , , , , , , , , , , , , , , , , , , , , , , ,7,270,2025,100.03128091441553,,
2025270N19086,2025,89,NI,BB,UNNAMED,2025-09-27 00:00:00,TS,19.3,84.8,25,998,newdelhi,main,0,0,_____O_________, , , , , , , , ,-5, , , , , , , , , , , , , , , , , , , , , , , , , , , , , , , , , , , , , , , , , , , , , , , , , ,19.3,84.8,D,25,998,0.00000,4, , , , , , , , , , , , , , , , , , , , , , , , , , , , , , , , , , , , , , , , , , , , , , , , , , , , , , , , , , , , , , , , , , , , , , , , , , , , , , , , , , , , , , , , , , ,10,270,2025,130.47777328255486,25.0,998.0
2025270N19086,2025,89,NI,BB,UNNAMED,2025-09-27 03:00:00,TS,19.3,84.2,25,998,newdelhi,main,0,0,_____O_________, , , , , , , , ,-5, , , , , , , , , , , , , , , , , , , , , , , , , , , , , , , , , , , , , , , , , , , , , , , , , ,19.3,84.2,D,25,998,0.00000,4, , , , , , , , , , , , , , , , , , , , , , , , , , , , , , , , , , , , , , , , , , , , , , , , , , , , , , , , , , , , , , , , , , , , , , , , , , , , , , , , , , , , , , , , , , ,13,270,2025,184.74627103144138,25.0,998.0
2025270N19086,2025,89,NI,BB,UNNAMED,2025-09-27 06:00:00,TS,19.3,83.4,25,998,newdelhi,main,0,0,_____O_________, , , , , , , , ,-5, , , , , , , , , , , , , , , , , , , , , , , , , , , , , , , , , , , , , , , , , , , , , , , , , ,19.3,83.4,D,25,998,0.00000,4, , , , , , , , , , , , , , , , , , , , , , , , , , , , , , , , , , , , , , , , , , , , , , , , , , , , , , , , , , , , , , , , , , , , , , , , , , , , , , , , , , , , , , , , , , ,16,275,2025,263.09968491636437,25.0,998.0
2025270N19086,2025,89,NI,BB,UNNAMED,2025-09-27 09:00:00,TS,19.4,82.5, , , ,main,0,0,_____P_________, , , , , , , , ,-5, , , , , , , , , , , , , , , , , , , , , , , , , , , , , , , , , , , , , , , , , , , , , , , , , ,19.4,82.5,D,23,999, ,4, , , , , , , , , , , , , , , , , , , , , , , , , , , , , , , , , , , , , , , , , , , , , , , , , , , , , , , , , , , , , , , , , , , , , , , , , , , , , , , , , , , , , , , , , , ,18,285,2025,351.84205957536125,,
2025270N19086,2025,89,NI,BB,UNNAMED,2025-09-27 12:00:00,TS,19.7,81.5,20,999,newdelhi,main,0,0,_____O_________, , , , , , , , ,-5, , , , , , , , , , , , , , , , , , , , , , , , , , , , , , , , , , , , , , , , , , , , , , , , , ,19.7,81.5,D,20,999,0.00000,3, , , , , , , , , , , , , , , , , , , , , , , , , , , , , , , , , , , , , , , , , , , , , , , , , , , , , , , , , , , , , , , , , , , , , , , , , , , , , , , , , , , , , , , , , , ,19,290,2025,450.9521348800011,20.0,999.0
2025270N19086,2025,89,NI,BB,UNNAMED,2025-09-27 15:00:00,TS,20.0,80.5, , , ,main,0,0,_____P_________, , , , , , , , ,-5, , , , , , , , , , , , , , , , , , , , , , , , , , , , , , , , , , , , , , , , , , , , , , , , , ,20.0,80.5,D,20,999, ,3, , , , , , , , , , , , , , , , , , , , , , , , , , , , , , , , , , , , , , , , , , , , , , , , , , , , , , , , , , , , , , , , , , , , , , , , , , , , , , , , , , , , , , , , , , ,20,290,2025,553.7688621687779,,
2025270N19086,2025,89,NI,BB,UNNAMED,2025-09-27 18:00:00,TS,20.3,79.5,20,999,newdelhi,main,0,0,_____O_________, , , , , , , , ,-5, , , , , , , , , , , , , , , , , , , , , , , , , , , , , , , , , , , , , , , , , , , , , , , , , ,20.3,79.5,D,20,999,0.00000,3, , , , , , , , , , , , , , , , , , , , , , , , , , , , , , , , , , , , , , , , , , , , , , , , , , , , , , , , , , , , , , , , , , , , , , , , , , , , , , , , , , , , , , , , , , ,21,280,2025,658.4566451313481,20.0,999.0
2025270N19086,2025,89,NI,BB,UNNAMED,2025-09-27 21:00:00,TS,20.4,78.3, , , ,main,0,0,_____P_________, , , , , , , , ,-5, , , , , , , , , , , , , , , , , , , , , , , , , , , , , , , , , , , , , , , , , , , , , , , , , ,20.4,78.3,D,20,999, ,3, , , , , , , , , , , , , , , , , , , , , , , , , , , , , , , , , , , , , , , , , , , , , , , , , , , , , , , , , , , , , , , , , , , , , , , , , , , , , , , , , , , , , , , , , , ,23,270,2025,783.8614169168095,,
2025270N19086,2025,89,NI,AS,UNNAMED,2025-09-28 00:00:00,TS,20.3,77.0,20,999,newdelhi,main,0, ,_____O_________, , , , , , , , ,-5, , , , , , , , , , , , , , , , , , , , , , , , , , , , , , , , , , , , , , , , , , , , , , , , , ,20.3,77.0,D,20,999,0.00000,3, , , , , , , , , , , , , , , , , , , , , , , , , , , , , , , , , , , , , , , , , , , , , , , , , , , , , , , , , , , , , , , , , , , , , , , , , , , , , , , , , , , , , , , , , , ,24,265,2025,919.1210538928431,20.0,999.0
2025274N16087,2025,93,NI,BB,UNNAMED,2025-10-01 06:00:00,TS,15.9,86.5,25,998,newdelhi,US-PROVISIONAL,370,338,O____O_________,tcvitals,IO012025,15.9,86.5, , ,35,997,0, , , , , , , , , , , , ,1002,170,94, , , , , , , , , , , , , , , , , , , , , , , , , , , , , , , , , , ,15.8,86.5,D,25,998,1.50000,3, , , , , , , , , , , , , , , , , , , , , , , , , , , , , , , , , , , , , , , , , , , , , , , , , , , , , , , , , , , , , , , , , , , , , , , , , , , , , , , , , , , , , , , , , , ,8,350,2025,461.8701946036601,35.0,997.0
2025274N16087,2025,93,NI,BB,UNNAMED,2025-10-01 09:00:00,TS,16.3,86.4, , , ,US-PROVISIONAL,331,300,P____P_________, ,IO012025,16.4,86.4, , ,35,996,0, , , , , , , , , , , , ,1002,195,87, , , , , , , , , , , , , , , , , , , , , , , , , , , , , , , , , , ,16.1,86.4,D,25,998, ,4, , , , , , , , , , , , , , , , , , , , , , , , , , , , , , , , , , , , , , , , , , , , , , , , , , , , , , , , , , , , , , , , , , , , , , , , , , , , , , , , , , , , , , , , , , ,7,345,2025,416.27491792216654,35.0,996.0
2025274N16087,2025,93,NI,BB,UNNAMED,2025-10-01 12:00:00,TS,16.6,86.3,25,997,newdelhi,US-PROVISIONAL,300,277,O____O_________,tcvitals,IO012025,16.7,86.3, , ,35,994,0, , , , , , , , , , , , ,1002,220,80, , , , , , , , , , , , , , , , , , , , , , , , , , , , , , , , , , ,16.3,86.3,D,25,997,1.50000,4, , , , , , , , , , , , , , , , , , , , , , , , , , , , , , , , , , , , , , , , , , , , , , , , , , , , , , , , , , , , , , , , , , , , , , , , , , , , , , , , , , , , , , , , , , ,5,325,2025,381.7285426008253,35.0,994.0
2025274N16087,2025,93,NI,BB,UNNAMED,2025-10-01 15:00:00,TS,16.7,86.1, , , ,US-PROVISIONAL,277,254,P____P_________, ,IO012025,16.8,86.1, , ,35,994,0, , , , , , , , , , , , , , , , , , , , , , , , , , , , , , , , , , , , , , , , , , , , , , , , , ,16.5,86.2,D,28,997, ,5, , , , , , , , , , , , , , , , , , , , , , , , , , , , , , , , , , , , , , , , , , , , , , , , , , , , , , , , , , , , , , , , , , , , , , , , , , , , , , , , , , , , , , , , , , ,5,300,2025,368.3062351897046,35.0,994.0
2025274N16087,2025,93,NI,BB,UNNAMED,2025-10-01 18:00:00,TS,16.8,85.8,30,996,newdelhi,US-PROVISIONAL,246,215,I____O_________,tcvitals,IO012025,16.8,85.8, , ,35,994,0, , , , , , , , , , , , , , , , , , , , , , , , , , , , , , , , , , , , , , , , , , , , , , , , , ,16.8,86.0,DD,30,996,2.00000,5, , , , , , , , , , , , , , , , , , , , , , , , , , , , , , , , , , , , , , , , , , , , , , , , , , , , , , , , , , , , , , , , , , , , , , , , , , , , , , , , , , , , , , , , , , ,6,305,2025,355.82376526258787,35.0,994.0
2025274N16087,2025,93,NI,BB,UNNAMED,2025-10-01 21:00:00,TS,17.0,85.6, , , ,US-PROVISIONAL,215,177,P____P_________, ,IO012025,16.9,85.5, , ,35,994,0, , , , , , , , , , , , , , , , , , , , , , , , , , , , , , , , , , , , , , , , , , , , , , , , , ,17.3,85.8,DD,30,996, ,5, , , , , , , , , , , , , , , , , , , , , , , , , , , , , , , , , , , , , , , , , , , , , , , , , , , , , , , , , , , , , , , , , , , , , , , , , , , , , , , , , , , , , , , , , , ,7,320,2025,334.25057577131497,35.0,994.0
2025274N16087,2025,93,NI,BB,UNNAMED,2025-10-02 00:00:00,TS,17.4,85.4,30,996,newdelhi,US-PROVISIONAL,169,115,O____O_________,tcvitals,IO012025,17.2,85.2, , ,35,994,0, , , , , , , , , , , , ,1002,160,80, , , , , , , , , , , , , , , , , , , , , , , , , , , , , , , , , , ,17.7,85.7,DD,30,996,2.00000,5, , , , , , , , , , , , , , , , , , , , , , , , , , , , , , , , , , , , , , , , , , , , , , , , , , , , , , , , , , , , , , , , , , , , , , , , , , , , , , , , , , , , , , , , , , ,9,340,2025,292.159670844778,35.0,994.0
2025274N16087,2025,93,NI,BB,UNNAMED,2025-10-02 03:00:00,TS,17.9,85.2,30,995,newdelhi,US-PROVISIONAL,115,57,P____O_________, ,IO012025,17.9,85.0, , ,35,995,0, , , , , , , , , , , , ,1002,160,73, , , , , , , , , , , , , , , , , , , , , , , , , , , , , , , , , , ,18.0,85.6,DD,30,995,2.00000,6, , , , , , , , , , , , , , , , , , , , , , , , , , , , , , , , , , , , , , , , , , , , , , , , , , , , , , , , , , , , , , , , , , , , , , , , , , , , , , , , , , , , , , , , , , ,13,345,2025,241.8837534544437,35.0,995.0
2025274N16087,2025,93,NI,BB,UNNAMED,2025-10-02 06:00:00,TS,18.6,85.1,30,995,newdelhi,US-PROVISIONAL,57,15,O____O_________,tcvitals,IO012025,18.6,84.9, , ,35,995,0, , , , , , , , , , , , ,1002,160,65, , , , , , , , , , , , , , , , , , , , , , , , , , , , , , , , , , ,18.6,85.3,DD,30,995,2.00000,6, , , , , , , , , , , , , , , , , , , , , , , , , , , , , , , , , , , , , , , , , , , , , , , , , , , , , , , , , , , , , , , , , , , , , , , , , , , , , , , , , , , , , , , , , , ,12,350,2025,172.13471049405462,35.0,995.0
2025274N16087,2025,93,NI,BB,UNNAMED,2025-10-02 09:00:00,TS,19.1,84.9, , , ,US-PROVISIONAL,15,0,P____P_________, ,IO012025,19.1,84.8, , ,35,995,0, , , , , , , , , , , , ,1002,160,65, , , , , , , , , , , , , , , , , , , , , , , , , , , , , , , , , , ,19.1,85.1,DD,30,996, ,6, , , , , , , , , , , , , , , , , , , , , , , , , , , , , , , , , , , , , , , , , , , , , , , , , , , , , , , , , , , , , , , , , , , , , , , , , , , , , , , , , , , , , , , , , , ,9,345,2025,137.50801603379458,35.0,995.0
2025274N16087,2025,93,NI,BB,UNNAMED,2025-10-02 12:00:00,TS,19.4,84.8,30,996,newdelhi,US-PROVISIONAL,0,0,O____O_________,tcvitals,IO012025,19.5,84.7, , ,35,995,0, , , , , , , , , , , , ,1002,160,65, , , , , , , , , , , , , , , , , , , , , , , , , , , , , , , , , , ,19.4,84.9,DD,30,996,0.00000,5, , , , , , , , , , , , , , , , , , , , , , , , , , , , , , , , , , , , , , , , , , , , , , , , , , , , , , , , , , , , , , , , , , , , , , , , , , , , , , , , , , , , , , , , , , ,6,330,2025,124.13821801712712,35.0,995.0
2025274N16087,2025,93,NI,BB,UNNAMED,2025-10-02 15:00:00,TS,19.6,84.6, , , ,US-PROVISIONAL,0,0,_____P_________, ,IO012025, , , , , , ,-5, , , , , , , , , , , , , , , , , , , , , , , , , , , , , , , , , , , , , , , , , , , , , , , , , ,19.6,84.6,DD,30,997, ,5, , , , , , , , , , , , , , , , , , , , , , , , , , , , , , , , , , , , , , , , , , , , , , , , , , , , , , , , , , , , , , , , , , , , , , , , , , , , , , , , , , , , , , , , , , ,6,310,2025,133.1907757294271,,
2025274N16087,2025,93,NI,BB,UNNAMED,2025-10-02 18:00:00,TS,19.8,84.4,30,997,newdelhi,US-PROVISIONAL,0,0,_____O_________, , , , , , , , ,-5, , , , , , , , , , , , , , , , , , , , , , , , , , , , , , , , , , , , , , , , , , , , , , , , , ,19.8,84.4,DD,30,997,0.00000,5, , , , , , , , , , , , , , , , , , , , , , , , , , , , , , , , , , , , , , , , , , , , , , , , , , , , , , , , , , , , , , , , , , , , , , , , , , , , , , , , , , , , , , , , , , ,5,315,2025,148.05659441127358,30.0,997.0
2025274N16087,2025,93,NI,BB,UNNAMED,2025-10-02 21:00:00,TS,19.9,84.3, , , ,US-PROVISIONAL,0,0,_____P_________, , , , , , , , ,-5, , , , , , , , , , , , , , , , , , , , , , , , , , , , , , , , , , , , , , , , , , , , , , , , , ,19.9,84.3,DD,28,998, ,5, , , , , , , , , , , , , , , , , , , , , , , , , , , , , , , , , , , , , , , , , , , , , , , , , , , , , , , , , , , , , , , , , , , , , , , , , , , , , , , , , , , , , , , , , , ,5,325,2025,157.17657056986485,,
2025274N16087,2025,93,NI,BB,UNNAMED,2025-10-03 00:00:00,TS,20.2,84.1,25,999,newdelhi,US-PROVISIONAL,0,0,_____O_________, , , , , , , , ,-5, , , , , , , , , , , , , , , , , , , , , , , , , , , , , , , , , , , , , , , , , , , , , , , , , ,20.2,84.1,D,25,999,0.00000,4, , , , , , , , , , , , , , , , , , , , , , , , , , , , , , , , , , , , , , , , , , , , , , , , , , , , , , , , , , , , , , , , , , , , , , , , , , , , , , , , , , , , , , , , , , ,9,325,2025,178.90498480414175,25.0,999.0
2025274N16087,2025,93,NI,BB,UNNAMED,2025-10-03 03:00:00,TS,20.7,83.7,25,1000,newdelhi,US-PROVISIONAL,0,0,_____O_________, , , , , , , , ,-5, , , , , , , , , , , , , , , , , , , , , , , , , , , , , , , , , , , , , , , , , , , , , , , , , ,20.7,83.7,D,25,1000,0.00000,4, , , , , , , , , , , , , , , , , , , , , , , , , , , , , , , , , , , , , , , , , , , , , , , , , , , , , , , , , , , , , , , , , , , , , , , , , , , , , , , , , , , , , , , , , , ,11,335,2025,232.3565754921189,25.0,1000.0
2025274N16087,2025,93,NI,BB,UNNAMED,2025-10-03 06:00:00,TS,21.2,83.6,25,1001,newdelhi,US-PROVISIONAL,0, ,_____O_________, , , , , , , , ,-5, , , , , , , , , , , , , , , , , , , , , , , , , , , , , , , , , , , , , , , , , , , , , , , , , ,21.2,83.6,D,25,1001,0.00000,3, , , , , , , , , , , , , , , , , , , , , , , , , , , , , , , , , , , , , , , , , , , , , , , , , , , , , , , , , , , , , , , , , , , , , , , , , , , , , , , , , , , , , , , , , , ,10,350,2025,265.0211314836337,25.0,1001.0
