cell_id,road_km,hospital_count,power_substation_count
c00000,0.0,0.0,0.0
c00001,8.213860031734242,0.0,0.0
c00002,3.648935238378026,0.0,0.0
c00003,0.0,0.0,0.0
c00004,0.0,0.0,0.0
c00005,0.0,0.0,0.0
c00006,9.774650302877237,0.0,0.0
c00007,12.00110847128288,0.0,0.0
c00008,4.0226169014841595,0.0,0.0
c00009,0.0,0.0,0.0
c00010,0.0,0.0,0.0
c00011,0.0,0.0,0.0
c00012,0.0,0.0,0.0
c00013,0.0,0.0,0.0
c00014,0.0,0.0,0.0
c00015,0.0,0.0,0.0
c00016,0.0,0.0,0.0
c00017,0.0,0.0,0.0
c00018,0.0,0.0,0.0
c00019,0.0,0.0,0.0
c00020,0.0,0.0,0.0
c00021,16.698630176347116,0.0,0.0
c00022,0.0,0.0,0.0
c00023,0.0,0.0,0.0
c00024,0.0,0.0,0.0
c00025,0.0,0.0,0.0
c00026,0.0,0.0,0.0
c00027,0.0,0.0,0.0
c00028,0.0,0.0,0.0
c00029,0.0,0.0,0.0
c00030,0.0,0.0,0.0
c00031,0.0,0.0,0.0
c00032,0.0,0.0,0.0
c00033,0.0,0.0,0.0
c00034,0.0,0.0,0.0
c00035,0.0,0.0,0.0
c00036,0.0,0.0,0.0
c00037,0.0,0.0,0.0
c00038,0.0,0.0,0.0
c00039,0.0,0.0,0.0
c00040,0.0,0.0,0.0
c00041,0.0,0.0,0.0
c00042,0.0,0.0,0.0
c00043,0.0,0.0,0.0
c00044,0.0,0.0,0.0
c00045,0.0,0.0,0.0
c00046,0.0,0.0,0.0
c00047,0.0,0.0,0.0
c00048,0.0,0.0,0.0
c00049,0.0,0.0,0.0
c00050,0.0,0.0,0.0
c00051,0.0,0.0,0.0
c00052,0.0,0.0,0.0
c00053,0.0,0.0,0.0
c00054,0.0,0.0,0.0
c00055,0.0,0.0,0.0
c00056,0.0,0.0,0.0
c00057,0.0,0.0,0.0
c00058,0.0,0.0,0.0
c00059,0.0,0.0,0.0
c00060,22.90663205305185,0.0,0.0
c00061,0.0,0.0,0.0
c00062,0.0,0.0,0.0
c00063,0.0,0.0,0.0
c00064,0.0,0.0,0.0
c00065,0.0,0.0,0.0
c00066,0.0,0.0,0.0
c00067,0.0,0.0,0.0
c00068,0.0,0.0,0.0
c00069,0.0,0.0,0.0
c00070,0.0,0.0,0.0
c00071,0.0,0.0,0.0
c00072,0.0,0.0,0.0
c00073,0.0,0.0,0.0
c00074,0.0,0.0,0.0
c00075,0.0,0.0,0.0
c00076,25.800177658737198,0.0,0.0
c00077,5.113482760391637,0.0,0.0
c00078,0.0,0.0,0.0
c00079,0.0,0.0,0.0
c00080,0.0,0.0,0.0
c00081,0.0,0.0,0.0
c00082,0.0,0.0,0.0
c00083,0.0,0.0,0.0
c00084,0.0,0.0,0.0
c00085,0.0,0.0,0.0
c00086,0.0,0.0,0.0
c00087,0.0,0.0,0.0
c00088,0.0,0.0,0.0
c00089,0.0,0.0,0.0
c00090,0.0,0.0,0.0
c00091,0.0,0.0,0.0
c00092,0.0,0.0,0.0
c00093,0.0,0.0,0.0
c00094,0.0,0.0,0.0
c00095,3.545142622126077,0.0,0.0
c00096,8.938059718893419,0.0,0.0
c00097,8.938059718893419,0.0,0.0
c00098,0.0,0.0,0.0
c00099,0.0,0.0,0.0
c00100,0.0,0.0,0.0
c00101,0.0,0.0,0.0
c00102,0.0,0.0,0.0
c00103,0.0,0.0,0.0
c00104,0.0,0.0,0.0
c00105,0.0,0.0,0.0
c00106,0.0,0.0,0.0
c00107,0.0,0.0,0.0
c00108,0.0,0.0,0.0
c00109,24.670701076559222,0.0,0.0
c00110,0.0,0.0,0.0
c00111,0.0,0.0,0.0
c00112,0.0,0.0,0.0
c00113,0.0,0.0,0.0
c00114,0.0,0.0,0.0
c00115,0.0,0.0,0.0
c00116,0.0,0.0,0.0
c00117,0.0,0.0,0.0
c00118,0.0,0.0,0.0
c00119,0.0,0.0,0.0
c00120,0.0,0.0,0.0
c00121,4.5537274938865036,0.0,0.0
c00122,4.5537274938865036,0.0,0.0
c00123,0.0,0.0,0.0
c00124,0.0,0.0,0.0
c00125,0.0,0.0,0.0
c00126,9.774650302877237,0.0,0.0
c00127,9.774650302877237,0.0,0.0
c00128,0.0,0.0,0.0
c00129,1.7900570552745592,0.0,0.0
c00130,10.002512836435328,0.0,0.0
c00131,0.0,0.0,0.0
c00132,0.0,0.0,0.0
c00133,0.0,0.0,0.0
c00134,0.0,0.0,0.0
c00135,0.0,0.0,0.0
c00136,0.0,0.0,0.0
c00137,0.0,0.0,0.0
c00138,0.0,1.0,0.0
c00139,0.0,0.0,0.0
c00140,0.0,0.0,0.0
c00141,0.0,0.0,0.0
c00142,16.698630176347116,0.0,0.0
c00143,0.0,0.0,0.0
c00144,0.0,0.0,0.0
c00145,0.0,0.0,0.0
c00146,0.0,0.0,0.0
c00147,0.0,0.0,0.0
c00148,0.0,0.0,0.0
c00149,0.0,0.0,0.0
c00150,0.0,0.0,0.0
c00151,0.0,0.0,0.0
c00152,0.0,0.0,0.0
c00153,0.0,0.0,0.0
c00154,0.0,0.0,0.0
c00155,0.0,0.0,0.0
c00156,0.0,0.0,0.0
c00157,0.0,0.0,0.0
c00158,0.0,0.0,0.0
c00159,0.0,0.0,0.0
c00160,0.0,0.0,0.0
c00161,0.0,0.0,0.0
c00162,0.0,0.0,0.0
c00163,0.0,0.0,0.0
c00164,0.0,0.0,0.0
c00165,0.0,0.0,0.0
c00166,0.0,0.0,0.0
c00167,0.0,0.0,0.0
c00168,0.0,0.0,0.0
c00169,0.0,0.0,0.0
c00170,0.0,0.0,0.0
c00171,0.0,0.0,0.0
c00172,0.0,0.0,0.0
c00173,0.0,0.0,0.0
c00174,0.0,0.0,0.0
c00175,0.0,0.0,0.0
c00176,0.0,0.0,0.0
c00177,0.0,0.0,0.0
c00178,0.0,0.0,0.0
c00179,0.0,0.0,0.0
c00180,0.0,0.0,0.0
c00181,8.819731121273014,0.0,0.0
c00182,8.819731121273014,0.0,0.0
c00183,0.0,0.0,0.0
c00184,0.0,0.0,0.0
c00185,0.0,0.0,0.0
c00186,0.0,0.0,0.0
c00187,0.0,0.0,0.0
c00188,0.0,0.0,0.0
c00189,0.0,0.0,0.0
c00190,0.0,0.0,0.0
c00191,0.0,0.0,0.0
c00192,0.0,0.0,0.0
c00193,0.0,0.0,0.0
c00194,0.0,0.0,0.0
c00195,0.0,0.0,0.0
c00196,0.0,0.0,0.0
c00197,20.117113269692254,0.0,0.0
c00198,0.0,0.0,0.0
c00199,0.0,0.0,0.0
c00200,0.0,0.0,0.0
c00201,0.0,0.0,0.0
c00202,0.0,0.0,0.0
c00203,0.0,0.0,0.0
c00204,0.0,0.0,0.0
c00205,0.0,0.0,0.0
c00206,0.0,0.0,0.0
c00207,0.0,0.0,0.0
c00208,0.0,0.0,0.0
c00209,0.0,0.0,0.0
c00210,0.0,0.0,0.0
c00211,0.0,0.0,0.0
c00212,0.0,0.0,0.0
c00213,0.0,0.0,0.0
c00214,0.0,0.0,0.0
c00215,20.51315940578591,0.0,0.0
c00216,24.093412591610065,0.0,0.0
c00217,0.0,0.0,0.0
c00218,8.938059718893419,0.0,0.0
c00219,8.938059718893419,0.0,0.0
c00220,0.0,0.0,0.0
c00221,0.0,0.0,0.0
c00222,0.0,0.0,0.0
c00223,0.0,0.0,0.0
c00224,0.0,0.0,0.0
c00225,0.0,0.0,0.0
c00226,0.0,0.0,0.0
c00227,0.0,0.0,0.0
c00228,0.0,0.0,0.0
c00229,0.0,0.0,0.0
c00230,24.670701076559222,0.0,0.0
c00231,0.0,0.0,0.0
c00232,0.0,0.0,0.0
c00233,0.0,0.0,0.0
c00234,0.0,0.0,0.0
c00235,0.0,0.0,0.0
c00236,0.0,0.0,0.0
c00237,0.0,0.0,0.0
c00238,0.0,0.0,0.0
c00239,0.0,0.0,0.0
c00240,0.0,0.0,0.0
c00241,0.0,0.0,0.0
c00242,4.5537274938865036,0.0,0.0
c00243,0.0,0.0,0.0
c00244,0.0,0.0,0.0
c00245,9.774650302877237,0.0,0.0
c00246,9.774650302877237,0.0,0.0
c00247,9.774650302877237,0.0,0.0
c00248,0.0,0.0,0.0
c00249,0.0,0.0,0.0
c00250,0.0,0.0,0.0
c00251,8.191405590605608,0.0,0.0
c00252,0.0,0.0,0.0
c00253,0.0,0.0,0.0
c00254,0.0,0.0,0.0
c00255,0.0,0.0,0.0
c00256,0.0,0.0,0.0
c00257,0.0,0.0,0.0
c00258,0.0,0.0,0.0
c00259,0.0,0.0,0.0
c00260,0.0,0.0,0.0
c00261,0.0,0.0,0.0
c00262,0.0,0.0,0.0
c00263,16.698630176347116,0.0,0.0
c00264,0.0,0.0,0.0
c00265,0.0,0.0,0.0
c00266,0.0,0.0,0.0
c00267,0.0,0.0,0.0
c00268,0.0,0.0,0.0
c00269,0.0,0.0,0.0
c00270,0.0,0.0,0.0
c00271,0.0,0.0,0.0
c00272,0.0,0.0,0.0
c00273,0.0,0.0,0.0
c00274,0.0,0.0,0.0
c00275,0.0,0.0,0.0
c00276,0.0,0.0,0.0
c00277,0.0,0.0,0.0
c00278,0.0,0.0,0.0
c00279,0.0,0.0,0.0
c00280,0.0,0.0,0.0
c00281,0.0,0.0,0.0
c00282,0.0,0.0,0.0
c00283,0.0,0.0,0.0
c00284,0.0,0.0,0.0
c00285,0.0,0.0,0.0
c00286,0.0,0.0,0.0
c00287,0.0,0.0,0.0
c00288,0.0,0.0,0.0
c00289,0.0,0.0,0.0
c00290,0.0,0.0,0.0
c00291,0.0,0.0,0.0
c00292,0.0,0.0,0.0
c00293,0.0,0.0,0.0
c00294,0.0,0.0,0.0
c00295,0.0,0.0,0.0
c00296,0.0,0.0,0.0
c00297,0.0,0.0,0.0
c00298,0.0,0.0,0.0
c00299,0.0,0.0,0.0
c00300,0.0,0.0,0.0
c00301,0.0,0.0,0.0
c00302,0.0,0.0,0.0
c00303,8.819731121273014,0.0,0.0
c00304,0.0,0.0,0.0
c00305,0.0,0.0,0.0
c00306,0.0,0.0,0.0
c00307,0.0,0.0,0.0
c00308,0.0,0.0,0.0
c00309,0.0,0.0,0.0
c00310,0.0,0.0,0.0
c00311,0.0,0.0,0.0
c00312,0.0,0.0,0.0
c00313,0.0,0.0,0.0
c00314,0.0,0.0,0.0
c00315,0.0,0.0,0.0
c00316,0.0,0.0,0.0
c00317,0.0,0.0,0.0
c00318,20.117113269692254,0.0,0.0
c00319,0.0,0.0,0.0
c00320,0.0,0.0,0.0
c00321,0.0,0.0,0.0
c00322,0.0,0.0,0.0
c00323,0.0,0.0,0.0
c00324,0.0,0.0,0.0
c00325,0.0,0.0,0.0
c00326,0.0,0.0,0.0
c00327,0.0,0.0,0.0
c00328,0.0,0.0,0.0
c00329,0.0,0.0,0.0
c00330,0.0,0.0,0.0
c00331,0.0,0.0,0.0
c00332,0.0,0.0,0.0
c00333,0.0,0.0,0.0
c00334,0.0,0.0,0.0
c00335,0.0,0.0,0.0
c00336,20.51315940578591,0.0,0.0
c00337,0.0,0.0,0.0
c00338,0.0,0.0,0.0
c00339,0.0,0.0,0.0
c00340,8.938059718893419,0.0,0.0
c00341,8.938059718893419,0.0,0.0
c00342,0.0,0.0,0.0
c00343,0.0,0.0,0.0
c00344,0.0,0.0,0.0
c00345,0.0,0.0,0.0
c00346,0.0,0.0,0.0
c00347,0.0,0.0,0.0
c00348,0.0,0.0,0.0
c00349,0.0,0.0,0.0
c00350,24.670701076559222,0.0,0.0
c00351,24.670701076559222,0.0,0.0
c00352,0.0,0.0,0.0
c00353,0.0,0.0,0.0
c00354,0.0,0.0,0.0
c00355,0.0,0.0,0.0
c00356,0.0,0.0,0.0
c00357,0.0,0.0,0.0
c00358,0.0,0.0,0.0
c00359,0.0,0.0,0.0
c00360,0.0,0.0,0.0
c00361,0.0,0.0,0.0
c00362,0.0,0.0,0.0
c00363,0.0,0.0,0.0
c00364,0.0,0.0,0.0
c00365,0.0,0.0,0.0
c00366,9.774650302877237,0.0,0.0
c00367,0.0,0.0,0.0
c00368,0.0,0.0,0.0
c00369,0.0,0.0,0.0
c00370,0.0,0.0,0.0
c00371,8.191405590605608,0.0,0.0
c00372,8.191405590605608,0.0,0.0
c00373,0.0,0.0,0.0
c00374,0.0,0.0,0.0
c00375,0.0,0.0,0.0
c00376,0.0,0.0,0.0
c00377,0.0,0.0,0.0
c00378,0.0,0.0,0.0
c00379,0.0,0.0,0.0
c00380,0.0,0.0,0.0
c00381,0.0,0.0,0.0
c00382,0.0,0.0,0.0
c00383,16.698630176347116,0.0,0.0
c00384,16.698630176347116,0.0,0.0
c00385,0.0,0.0,0.0
c00386,0.0,0.0,0.0
c00387,0.0,0.0,0.0
c00388,0.0,0.0,0.0
c00389,0.0,0.0,0.0
c00390,0.0,0.0,0.0
c00391,0.0,0.0,0.0
c00392,0.0,0.0,0.0
c00393,0.0,0.0,0.0
c00394,0.0,0.0,0.0
c00395,0.0,0.0,0.0
c00396,0.0,0.0,0.0
c00397,0.0,0.0,0.0
c00398,0.0,0.0,0.0
c00399,0.0,0.0,0.0
c00400,0.0,0.0,0.0
c00401,0.0,0.0,0.0
c00402,0.0,0.0,0.0
c00403,0.0,0.0,0.0
c00404,0.0,0.0,0.0
c00405,0.0,0.0,0.0
c00406,0.0,0.0,0.0
c00407,0.0,0.0,0.0
c00408,0.0,0.0,0.0
c00409,0.0,0.0,0.0
c00410,0.0,0.0,0.0
c00411,0.0,0.0,0.0
c00412,0.0,0.0,0.0
c00413,0.0,0.0,0.0
c00414,0.0,0.0,0.0
c00415,0.0,0.0,0.0
c00416,0.0,0.0,0.0
c00417,0.0,0.0,0.0
c00418,0.0,0.0,0.0
c00419,0.0,0.0,0.0
c00420,0.0,0.0,0.0
c00421,0.0,0.0,0.0
c00422,0.0,0.0,0.0
c00423,0.0,0.0,0.0
c00424,8.819731121273014,0.0,0.0
c00425,0.0,0.0,0.0
c00426,0.0,0.0,0.0
c00427,0.0,0.0,0.0
c00428,0.0,0.0,0.0
c00429,0.0,0.0,0.0
c00430,0.0,0.0,0.0
c00431,0.0,0.0,0.0
c00432,0.0,0.0,0.0
c00433,0.0,0.0,0.0
c00434,0.0,0.0,0.0
c00435,0.0,0.0,0.0
c00436,0.0,0.0,0.0
c00437,0.0,0.0,0.0
c00438,20.117113269692254,0.0,0.0
c00439,20.117113269692254,0.0,0.0
c00440,0.0,0.0,0.0
c00441,0.0,0.0,0.0
c00442,0.0,0.0,0.0
c00443,0.0,0.0,0.0
c00444,0.0,0.0,0.0
c00445,0.0,0.0,0.0
c00446,0.0,0.0,0.0
c00447,0.0,0.0,0.0
c00448,0.0,0.0,0.0
c00449,0.0,0.0,0.0
c00450,0.0,0.0,0.0
c00451,0.0,0.0,0.0
c00452,0.0,0.0,0.0
c00453,0.0,0.0,0.0
c00454,0.0,0.0,0.0
c00455,0.0,0.0,0.0
c00456,0.0,0.0,0.0
c00457,20.51315940578591,0.0,0.0
c00458,20.51315940578591,0.0,0.0
c00459,0.0,0.0,0.0
c00460,0.0,0.0,0.0
c00461,0.0,0.0,0.0
c00462,8.938059718893419,0.0,0.0
c00463,0.0,0.0,0.0
c00464,0.0,0.0,0.0
c00465,0.0,0.0,0.0
c00466,0.0,0.0,0.0
c00467,0.0,0.0,0.0
c00468,0.0,0.0,0.0
c00469,0.0,0.0,0.0
c00470,0.0,0.0,0.0
c00471,24.670701076559222,0.0,0.0
c00472,0.0,0.0,0.0
c00473,0.0,0.0,0.0
c00474,0.0,0.0,0.0
c00475,0.0,0.0,0.0
c00476,0.0,0.0,0.0
c00477,0.0,0.0,0.0
c00478,0.0,0.0,0.0
c00479,0.0,0.0,0.0
c00480,0.0,0.0,0.0
c00481,0.0,0.0,0.0
c00482,0.0,0.0,0.0
c00483,0.0,0.0,0.0
c00484,0.0,0.0,0.0
c00485,0.0,0.0,0.0
c00486,0.0,0.0,0.0
c00487,9.774650302877237,0.0,0.0
c00488,0.0,0.0,0.0
c00489,0.0,0.0,0.0
c00490,0.0,0.0,0.0
c00491,0.0,0.0,0.0
c00492,8.191405590605608,0.0,0.0
c00493,0.0,0.0,0.0
c00494,0.0,0.0,0.0
c00495,0.0,0.0,0.0
c00496,0.0,0.0,0.0
c00497,0.0,0.0,0.0
c00498,0.0,0.0,0.0
c00499,0.0,0.0,0.0
c00500,0.0,0.0,0.0
c00501,0.0,0.0,0.0
c00502,0.0,0.0,0.0
c00503,0.0,0.0,0.0
c00504,16.698630176347116,0.0,0.0
c00505,0.0,0.0,0.0
c00506,0.0,0.0,0.0
c00507,0.0,0.0,0.0
c00508,0.0,0.0,0.0
c00509,0.0,0.0,0.0
c00510,0.0,0.0,0.0
c00511,0.0,0.0,0.0
c00512,0.0,0.0,0.0
c00513,0.0,0.0,0.0
c00514,0.0,0.0,0.0
c00515,0.0,0.0,0.0
c00516,0.0,0.0,0.0
c00517,0.0,0.0,0.0
c00518,0.0,0.0,0.0
c00519,0.0,0.0,0.0
c00520,0.0,0.0,0.0
c00521,0.0,0.0,0.0
c00522,0.0,0.0,0.0
c00523,0.0,0.0,0.0
c00524,0.0,0.0,0.0
c00525,0.0,0.0,0.0
c00526,0.0,0.0,0.0
c00527,0.0,0.0,0.0
c00528,0.0,0.0,0.0
c00529,0.0,0.0,0.0
c00530,0.0,0.0,0.0
c00531,0.0,0.0,0.0
c00532,0.0,0.0,0.0
c00533,0.0,0.0,0.0
c00534,0.0,0.0,0.0
c00535,0.0,0.0,0.0
c00536,0.0,0.0,0.0
c00537,0.0,0.0,0.0
c00538,0.0,0.0,0.0
c00539,0.0,0.0,0.0
c00540,0.0,0.0,0.0
c00541,0.0,0.0,0.0
c00542,0.0,0.0,0.0
c00543,0.0,0.0,0.0
c00544,0.0,0.0,0.0
c00545,8.819731121273014,0.0,0.0
c00546,0.0,0.0,0.0
c00547,0.0,0.0,0.0
c00548,0.0,0.0,0.0
c00549,0.0,0.0,0.0
c00550,0.0,0.0,0.0
c00551,0.0,0.0,0.0
c00552,0.0,0.0,0.0
c00553,0.0,0.0,0.0
c00554,0.0,0.0,0.0
c00555,0.0,0.0,0.0
c00556,0.0,0.0,0.0
c00557,0.0,0.0,0.0
c00558,0.0,0.0,0.0
c00559,20.117113269692254,0.0,0.0
c00560,0.0,0.0,0.0
c00561,0.0,0.0,0.0
c00562,0.0,0.0,0.0
c00563,0.0,0.0,0.0
c00564,0.0,0.0,0.0
c00565,0.0,0.0,0.0
c00566,0.0,0.0,0.0
c00567,0.0,0.0,0.0
c00568,0.0,0.0,0.0
c00569,0.0,0.0,0.0
c00570,0.0,0.0,0.0
c00571,0.0,0.0,0.0
c00572,0.0,0.0,0.0
c00573,0.0,0.0,0.0
c00574,0.0,0.0,0.0
c00575,0.0,0.0,0.0
c00576,0.0,0.0,0.0
c00577,0.0,0.0,0.0
c00578,0.0,0.0,0.0
c00579,20.51315940578591,0.0,0.0
c00580,0.0,0.0,0.0
c00581,0.0,0.0,0.0
c00582,0.0,0.0,0.0
c00583,18.398401092929348,1.0,0.0
c00584,8.938059718893419,1.0,0.0
c00585,0.0,0.0,0.0
c00586,0.0,0.0,0.0
c00587,0.0,0.0,0.0
c00588,3.3988342076477673,0.0,0.0
c00589,0.0,0.0,0.0
c00590,0.0,0.0,0.0
c00591,24.670701076559222,0.0,0.0
c00592,24.670701076559222,0.0,0.0
c00593,0.0,0.0,0.0
c00594,0.0,0.0,0.0
c00595,0.0,0.0,0.0
c00596,0.0,0.0,0.0
c00597,0.0,0.0,0.0
c00598,0.0,0.0,0.0
c00599,0.0,0.0,0.0
c00600,0.0,0.0,0.0
c00601,0.0,0.0,0.0
c00602,0.0,0.0,0.0
c00603,0.0,0.0,0.0
c00604,0.0,0.0,0.0
c00605,0.0,0.0,0.0
c00606,0.0,0.0,0.0
c00607,0.0,0.0,0.0
c00608,9.774650302877237,0.0,0.0
c00609,0.0,0.0,0.0
c00610,0.0,0.0,0.0
c00611,0.0,0.0,0.0
c00612,0.0,0.0,0.0
c00613,8.191405590605608,0.0,0.0
c00614,0.0,0.0,0.0
c00615,0.0,0.0,0.0
c00616,0.0,0.0,0.0
c00617,0.0,0.0,0.0
c00618,0.0,0.0,0.0
c00619,0.0,0.0,0.0
c00620,0.0,0.0,0.0
c00621,0.0,0.0,0.0
c00622,0.0,0.0,0.0
c00623,0.0,0.0,0.0
c00624,0.0,0.0,0.0
c00625,16.698630176347116,0.0,0.0
c00626,0.0,0.0,0.0
c00627,0.0,0.0,0.0
c00628,0.0,0.0,0.0
c00629,0.0,0.0,0.0
c00630,0.0,0.0,0.0
c00631,0.0,0.0,0.0
c00632,0.0,0.0,0.0
c00633,0.0,0.0,0.0
c00634,0.0,0.0,0.0
c00635,0.0,0.0,0.0
c00636,0.0,0.0,0.0
c00637,0.0,0.0,0.0
c00638,0.0,0.0,0.0
c00639,0.0,0.0,0.0
c00640,4.043817817842794,0.0,0.0
c00641,4.043817817842794,0.0,0.0
c00642,0.0,0.0,0.0
c00643,0.0,0.0,0.0
c00644,0.0,0.0,0.0
c00645,0.0,0.0,0.0
c00646,0.0,0.0,0.0
c00647,0.0,0.0,0.0
c00648,0.0,0.0,0.0
c00649,0.0,0.0,0.0
c00650,0.0,0.0,0.0
c00651,0.0,0.0,0.0
c00652,0.0,0.0,0.0
c00653,0.0,0.0,0.0
c00654,0.0,0.0,0.0
c00655,0.0,0.0,0.0
c00656,0.0,0.0,0.0
c00657,0.0,0.0,0.0
c00658,0.0,0.0,0.0
c00659,0.0,0.0,0.0
c00660,0.0,0.0,0.0
c00661,0.0,0.0,0.0
c00662,0.0,0.0,0.0
c00663,0.0,0.0,0.0
c00664,0.0,0.0,0.0
c00665,0.0,0.0,0.0
c00666,8.819731121273014,0.0,0.0
c00667,0.0,0.0,0.0
c00668,0.0,0.0,0.0
c00669,0.0,0.0,0.0
c00670,0.0,0.0,0.0
c00671,0.0,0.0,0.0
c00672,0.0,0.0,0.0
c00673,0.0,0.0,0.0
c00674,0.0,0.0,0.0
c00675,0.0,0.0,0.0
c00676,0.0,0.0,0.0
c00677,0.0,0.0,0.0
c00678,0.0,0.0,0.0
c00679,0.0,0.0,0.0
c00680,20.117113269692254,0.0,0.0
c00681,0.0,0.0,0.0
c00682,0.0,0.0,0.0
c00683,0.0,0.0,0.0
c00684,0.0,0.0,0.0
c00685,0.0,0.0,0.0
c00686,0.0,0.0,0.0
c00687,0.0,0.0,0.0
c00688,0.0,0.0,0.0
c00689,0.0,0.0,0.0
c00690,0.0,0.0,0.0
c00691,0.0,0.0,0.0
c00692,0.0,0.0,0.0
c00693,0.0,0.0,0.0
c00694,0.0,0.0,0.0
c00695,0.0,0.0,0.0
c00696,0.0,0.0,0.0
c00697,0.0,0.0,0.0
c00698,0.0,0.0,0.0
c00699,20.51315940578591,0.0,0.0
c00700,20.51315940578591,0.0,0.0
c00701,0.0,0.0,0.0
c00702,0.0,0.0,0.0
c00703,0.0,0.0,0.0
c00704,9.460341374035927,0.0,0.0
c00705,0.0,0.0,0.0
c00706,0.0,0.0,0.0
c00707,0.0,0.0,0.0
c00708,0.0,0.0,0.0
c00709,3.3988342076477673,0.0,0.0
c00710,3.3988342076477673,0.0,0.0
c00711,0.0,0.0,0.0
c00712,24.670701076559222,0.0,0.0
c00713,0.0,0.0,0.0
c00714,0.0,0.0,0.0
c00715,0.0,0.0,0.0
c00716,0.0,0.0,0.0
c00717,0.0,0.0,0.0
c00718,0.0,0.0,0.0
c00719,0.0,0.0,0.0
c00720,0.0,0.0,0.0
c00721,0.0,0.0,0.0
c00722,0.0,0.0,0.0
c00723,0.0,0.0,0.0
c00724,0.0,0.0,0.0
c00725,0.0,0.0,0.0
c00726,22.86393532305104,0.0,0.0
c00727,12.984152412971216,0.0,0.0
c00728,0.0,0.0,0.0
c00729,10.828966921410652,0.0,0.0
c00730,0.0,0.0,0.0
c00731,0.0,0.0,0.0
c00732,0.0,0.0,0.0
c00733,0.0,0.0,0.0
c00734,8.191405590605608,0.0,0.0
c00735,8.191405590605608,0.0,0.0
c00736,0.0,0.0,0.0
c00737,0.0,0.0,0.0
c00738,0.0,0.0,0.0
c00739,0.0,0.0,0.0
c00740,0.0,0.0,0.0
c00741,0.0,0.0,0.0
c00742,0.0,0.0,0.0
c00743,6.8009515303394315,0.0,0.0
c00744,6.8009515303394315,0.0,0.0
c00745,6.8009515303394315,0.0,0.0
c00746,23.49958170668655,0.0,0.0
c00747,0.0,0.0,0.0
c00748,0.0,0.0,0.0
c00749,0.0,0.0,0.0
c00750,0.0,0.0,0.0
c00751,0.0,0.0,0.0
c00752,0.0,0.0,0.0
c00753,0.0,0.0,0.0
c00754,0.0,0.0,0.0
c00755,0.0,0.0,0.0
c00756,0.0,0.0,0.0
c00757,0.0,0.0,0.0
c00758,0.0,0.0,0.0
c00759,0.0,0.0,0.0
c00760,0.0,0.0,0.0
c00761,0.0,0.0,0.0
c00762,4.043817817842794,0.0,0.0
c00763,4.043817817842794,0.0,0.0
c00764,19.144207161141495,0.0,0.0
c00765,15.1003893432987,0.0,0.0
c00766,0.0,0.0,0.0
c00767,0.0,0.0,0.0
c00768,0.0,0.0,0.0
c00769,0.0,0.0,0.0
c00770,0.0,0.0,0.0
c00771,0.0,0.0,0.0
c00772,0.0,0.0,0.0
c00773,0.0,0.0,0.0
c00774,0.0,0.0,0.0
c00775,0.0,0.0,0.0
c00776,0.0,0.0,0.0
c00777,0.0,0.0,0.0
c00778,0.0,0.0,0.0
c00779,0.0,0.0,0.0
c00780,0.0,0.0,0.0
c00781,0.0,0.0,0.0
c00782,0.0,0.0,0.0
c00783,0.0,0.0,0.0
c00784,0.0,0.0,0.0
c00785,0.0,0.0,0.0
c00786,0.0,0.0,0.0
c00787,8.819731121273014,0.0,0.0
c00788,8.819731121273014,0.0,0.0
c00789,0.0,0.0,0.0
c00790,0.0,0.0,0.0
c00791,0.0,0.0,0.0
c00792,0.0,0.0,0.0
c00793,0.0,0.0,0.0
c00794,0.0,0.0,0.0
c00795,0.0,0.0,0.0
c00796,0.0,0.0,0.0
c00797,0.0,0.0,0.0
c00798,0.0,0.0,0.0
c00799,0.0,0.0,0.0
c00800,20.117113269692254,0.0,0.0
c00801,20.117113269692254,0.0,0.0
c00802,0.0,0.0,0.0
c00803,0.0,0.0,0.0
c00804,0.0,0.0,0.0
c00805,0.0,0.0,0.0
c00806,0.0,0.0,0.0
c00807,0.0,0.0,0.0
c00808,0.0,0.0,0.0
c00809,0.0,0.0,0.0
c00810,0.0,0.0,0.0
c00811,0.0,0.0,0.0
c00812,0.0,0.0,0.0
c00813,0.0,0.0,0.0
c00814,0.0,0.0,0.0
c00815,0.0,0.0,0.0
c00816,0.0,0.0,0.0
c00817,0.0,0.0,0.0
c00818,0.0,0.0,0.0
c00819,0.0,0.0,0.0
c00820,20.51315940578591,0.0,0.0
c00821,0.0,0.0,0.0
c00822,0.0,0.0,0.0
c00823,0.0,0.0,0.0
c00824,0.0,0.0,0.0
c00825,9.460341374035927,0.0,0.0
c00826,0.0,0.0,0.0
c00827,0.0,0.0,0.0
c00828,0.0,0.0,0.0
c00829,0.0,0.0,0.0
c00830,0.0,0.0,0.0
c00831,3.3988342076477673,0.0,0.0
c00832,24.670701076559222,0.0,0.0
c00833,24.670701076559222,0.0,0.0
c00834,0.0,0.0,0.0
c00835,0.0,0.0,0.0
c00836,0.0,0.0,0.0
c00837,0.0,0.0,0.0
c00838,0.0,0.0,0.0
c00839,0.0,0.0,0.0
c00840,0.0,0.0,0.0
c00841,0.0,0.0,0.0
c00842,0.0,0.0,0.0
c00843,0.0,0.0,0.0
c00844,0.0,0.0,0.0
c00845,0.0,0.0,0.0
c00846,0.0,0.0,0.0
c00847,0.0,0.0,0.0
c00848,8.844535428507282,0.0,0.0
c00849,9.884542848302939,1.0,0.0
c00850,9.884542848302939,0.0,0.0
c00851,13.123969843938093,0.0,0.0
c00852,2.1552306303500743,0.0,0.0
c00853,0.0,0.0,0.0
c00854,0.0,0.0,0.0
c00855,0.0,0.0,0.0
c00856,8.191405590605608,0.0,0.0
c00857,8.191405590605608,0.0,0.0
c00858,0.0,0.0,0.0
c00859,0.0,0.0,0.0
c00860,0.0,0.0,0.0
c00861,0.0,0.0,0.0
c00862,0.0,0.0,0.0
c00863,6.8009515303394315,0.0,1.0
c00864,6.8009515303394315,0.0,0.0
c00865,0.0,0.0,0.0
c00866,0.0,0.0,0.0
c00867,16.698630176347116,0.0,0.0
c00868,0.0,0.0,0.0
c00869,0.0,0.0,0.0
c00870,0.0,0.0,0.0
c00871,0.0,0.0,0.0
c00872,0.0,0.0,0.0
c00873,0.0,0.0,0.0
c00874,0.0,0.0,0.0
c00875,0.0,0.0,0.0
c00876,0.0,0.0,0.0
c00877,0.0,0.0,0.0
c00878,0.0,0.0,0.0
c00879,0.0,0.0,0.0
c00880,0.0,0.0,0.0
c00881,0.0,0.0,0.0
c00882,0.0,0.0,0.0
c00883,0.0,0.0,0.0
c00884,0.0,0.0,0.0
c00885,0.0,0.0,0.0
c00886,15.1003893432987,0.0,0.0
c00887,0.0,0.0,0.0
c00888,0.0,0.0,0.0
c00889,0.0,0.0,0.0
c00890,0.0,0.0,0.0
c00891,0.0,0.0,0.0
c00892,0.0,0.0,0.0
c00893,0.0,0.0,0.0
c00894,0.0,0.0,0.0
c00895,0.0,0.0,0.0
c00896,0.0,0.0,0.0
c00897,0.0,0.0,0.0
c00898,0.0,0.0,0.0
c00899,0.0,0.0,0.0
c00900,0.0,0.0,0.0
c00901,0.0,0.0,0.0
c00902,0.0,0.0,0.0
c00903,0.0,0.0,0.0
c00904,0.0,0.0,0.0
c00905,0.0,0.0,0.0
c00906,0.0,0.0,0.0
c00907,0.0,0.0,0.0
c00908,0.0,0.0,0.0
c00909,22.726149553165506,0.0,0.0
c00910,13.415037312051506,0.0,0.0
c00911,13.415037312051506,0.0,0.0
c00912,13.415037312051506,0.0,0.0
c00913,0.0,0.0,0.0
c00914,0.0,0.0,0.0
c00915,0.0,0.0,0.0
c00916,0.0,0.0,0.0
c00917,0.0,0.0,0.0
c00918,0.0,0.0,0.0
c00919,0.0,0.0,0.0
c00920,0.0,0.0,0.0
c00921,20.117113269692254,0.0,0.0
c00922,0.0,0.0,0.0
c00923,0.0,0.0,0.0
c00924,0.0,0.0,0.0
c00925,0.0,0.0,0.0
c00926,0.0,0.0,0.0
c00927,0.0,0.0,0.0
c00928,0.0,0.0,0.0
c00929,0.0,0.0,0.0
c00930,0.0,0.0,0.0
c00931,0.0,0.0,0.0
c00932,0.0,0.0,0.0
c00933,0.0,0.0,0.0
c00934,0.0,0.0,0.0
c00935,0.0,0.0,0.0
c00936,0.0,0.0,0.0
c00937,0.0,0.0,0.0
c00938,0.0,0.0,0.0
c00939,0.0,0.0,0.0
c00940,0.0,0.0,0.0
c00941,20.51315940578591,0.0,0.0
c00942,0.0,0.0,0.0
c00943,0.0,0.0,0.0
c00944,0.0,0.0,0.0
c00945,9.460341374035927,0.0,0.0
c00946,9.460341374035927,1.0,0.0
c00947,0.0,0.0,0.0
c00948,0.0,0.0,0.0
c00949,0.0,0.0,0.0
c00950,0.0,0.0,0.0
c00951,0.0,0.0,0.0
c00952,16.933182430292167,1.0,1.0
c00953,33.86448250097243,0.0,0.0
c00954,6.398856324342579,0.0,0.0
c00955,6.398856324342579,0.0,0.0
c00956,6.398856324342579,0.0,0.0
c00957,6.398856324342579,0.0,0.0
c00958,0.0,0.0,0.0
c00959,0.0,0.0,0.0
c00960,0.0,0.0,0.0
c00961,0.0,0.0,0.0
c00962,0.0,0.0,0.0
c00963,0.0,0.0,0.0
c00964,0.0,0.0,0.0
c00965,0.0,0.0,0.0
c00966,0.0,0.0,0.0
c00967,0.0,0.0,0.0
c00968,0.0,0.0,0.0
c00969,0.0,0.0,0.0
c00970,0.0,0.0,0.0
c00971,0.0,0.0,0.0
c00972,2.052714693817202,0.0,0.0
c00973,4.059706170122507,0.0,0.0
c00974,6.2028875391805025,0.0,0.0
c00975,6.609405312980702,0.0,0.0
c00976,5.731572598213121,0.0,0.0
c00977,5.274608805663086,0.0,0.0
c00978,24.88245544921316,0.0,0.0
c00979,11.365903835258381,0.0,0.0
c00980,6.700535965583816,0.0,0.0
c00981,18.052759080486528,0.0,0.0
c00982,7.798137790347519,0.0,0.0
c00983,12.642000117340435,0.0,0.0
c00984,6.8009515303394315,0.0,0.0
c00985,0.0,0.0,0.0
c00986,0.0,0.0,0.0
c00987,0.0,0.0,0.0
c00988,16.698630176347116,0.0,0.0
c00989,0.0,0.0,0.0
c00990,0.0,0.0,0.0
c00991,0.0,0.0,0.0
c00992,0.0,0.0,0.0
c00993,0.0,0.0,0.0
c00994,0.0,0.0,0.0
c00995,0.0,0.0,0.0
c00996,0.0,0.0,0.0
c00997,0.0,0.0,0.0
c00998,0.0,0.0,0.0
c00999,0.0,0.0,0.0
c01000,0.0,0.0,0.0
c01001,0.0,0.0,0.0
c01002,0.0,0.0,0.0
c01003,0.0,0.0,0.0
c01004,0.0,0.0,0.0
c01005,15.1003893432987,0.0,0.0
c01006,15.1003893432987,0.0,0.0
c01007,15.1003893432987,0.0,0.0
c01008,0.0,0.0,0.0
c01009,0.0,0.0,0.0
c01010,0.0,0.0,0.0
c01011,0.0,0.0,0.0
c01012,0.0,0.0,0.0
c01013,0.0,0.0,0.0
c01014,0.0,0.0,0.0
c01015,0.0,0.0,0.0
c01016,0.0,0.0,0.0
c01017,0.0,0.0,0.0
c01018,0.0,0.0,0.0
c01019,0.0,0.0,0.0
c01020,0.0,0.0,0.0
c01021,0.0,0.0,0.0
c01022,0.0,0.0,0.0
c01023,0.0,0.0,0.0
c01024,0.0,0.0,0.0
c01025,0.0,0.0,0.0
c01026,0.0,0.0,0.0
c01027,0.0,0.0,0.0
c01028,0.0,0.0,0.0
c01029,0.0,0.0,0.0
c01030,13.415037312051506,0.0,0.0
c01031,13.415037312051506,0.0,0.0
c01032,0.0,0.0,0.0
c01033,13.415037312051506,0.0,0.0
c01034,13.415037312051506,0.0,0.0
c01035,0.0,0.0,0.0
c01036,0.0,0.0,0.0
c01037,0.0,0.0,0.0
c01038,0.0,0.0,0.0
c01039,0.0,0.0,0.0
c01040,0.0,0.0,0.0
c01041,20.117113269692254,0.0,0.0
c01042,20.117113269692254,0.0,0.0
c01043,0.0,0.0,0.0
c01044,0.0,0.0,0.0
c01045,0.0,0.0,0.0
c01046,0.0,0.0,0.0
c01047,0.0,0.0,0.0
c01048,0.0,0.0,0.0
c01049,0.0,0.0,0.0
c01050,0.0,0.0,0.0
c01051,0.0,0.0,0.0
c01052,0.0,0.0,0.0
c01053,0.0,0.0,0.0
c01054,0.0,0.0,0.0
c01055,0.0,0.0,0.0
c01056,0.0,0.0,0.0
c01057,0.0,0.0,0.0
c01058,0.0,0.0,0.0
c01059,0.0,0.0,0.0
c01060,0.0,0.0,0.0
c01061,0.0,0.0,0.0
c01062,20.51315940578591,0.0,0.0
c01063,0.0,0.0,0.0
c01064,0.0,0.0,0.0
c01065,0.0,0.0,0.0
c01066,9.460341374035927,0.0,0.0
c01067,0.0,0.0,0.0
c01068,0.0,0.0,0.0
c01069,0.0,0.0,0.0
c01070,0.0,0.0,0.0
c01071,0.0,0.0,0.0
c01072,9.476326737401044,0.0,0.0
c01073,9.832849219384649,0.0,0.0
c01074,77.45686996714663,0.0,0.0
c01075,25.041939013894748,0.0,0.0
c01076,0.0,0.0,0.0
c01077,0.0,0.0,0.0
c01078,6.398856324342579,0.0,0.0
c01079,6.398856324342579,0.0,0.0
c01080,0.0,0.0,0.0
c01081,0.0,0.0,0.0
c01082,0.0,0.0,0.0
c01083,0.0,0.0,0.0
c01084,0.0,0.0,0.0
c01085,0.0,0.0,0.0
c01086,0.0,0.0,0.0
c01087,0.0,0.0,0.0
c01088,0.0,0.0,0.0
c01089,0.0,0.0,0.0
c01090,0.0,0.0,0.0
c01091,0.0,0.0,0.0
c01092,0.0,0.0,0.0
c01093,2.052714693817202,0.0,0.0
c01094,7.330236329676416,0.0,0.0
c01095,0.0,0.0,0.0
c01096,0.0,0.0,0.0
c01097,0.0,0.0,0.0
c01098,0.0,0.0,0.0
c01099,0.0,0.0,0.0
c01100,3.888557902549155,0.0,0.0
c01101,3.888557902549155,0.0,0.0
c01102,7.093596243129838,0.0,0.0
c01103,2.38562258223329,0.0,1.0
c01104,24.877748955507858,0.0,0.0
c01105,12.62222978439334,0.0,0.0
c01106,12.62222978439334,0.0,0.0
c01107,0.0,0.0,0.0
c01108,0.0,0.0,0.0
c01109,16.698630176347116,0.0,0.0
c01110,0.0,0.0,0.0
c01111,0.0,0.0,0.0
c01112,0.0,0.0,0.0
c01113,0.0,0.0,0.0
c01114,0.0,0.0,0.0
c01115,0.0,0.0,0.0
c01116,0.0,0.0,0.0
c01117,0.0,0.0,0.0
c01118,0.0,0.0,0.0
c01119,0.0,0.0,0.0
c01120,0.0,0.0,0.0
c01121,0.0,0.0,0.0
c01122,0.0,0.0,0.0
c01123,0.0,0.0,0.0
c01124,0.0,0.0,0.0
c01125,15.1003893432987,0.0,0.0
c01126,15.1003893432987,0.0,0.0
c01127,0.0,0.0,0.0
c01128,0.0,0.0,0.0
c01129,0.0,0.0,0.0
c01130,0.0,0.0,0.0
c01131,0.0,0.0,0.0
c01132,0.0,0.0,0.0
c01133,0.0,0.0,0.0
c01134,0.0,0.0,0.0
c01135,0.0,0.0,0.0
c01136,0.0,0.0,0.0
c01137,0.0,0.0,0.0
c01138,0.0,0.0,0.0
c01139,0.0,0.0,0.0
c01140,0.0,0.0,0.0
c01141,0.0,0.0,0.0
c01142,0.0,0.0,0.0
c01143,0.0,0.0,0.0
c01144,0.0,0.0,0.0
c01145,0.0,0.0,0.0
c01146,0.0,0.0,0.0
c01147,0.0,0.0,0.0
c01148,0.0,0.0,0.0
c01149,0.0,0.0,0.0
c01150,0.0,0.0,0.0
c01151,0.0,0.0,0.0
c01152,0.0,0.0,0.0
c01153,0.0,0.0,0.0
c01154,0.0,0.0,0.0
c01155,13.415037312051506,0.0,0.0
c01156,13.415037312051506,0.0,0.0
c01157,13.415037312051506,1.0,0.0
c01158,13.415037312051506,0.0,0.0
c01159,13.415037312051506,0.0,0.0
c01160,13.415037312051506,0.0,0.0
c01161,20.117113269692254,0.0,0.0
c01162,20.117113269692254,0.0,0.0
c01163,0.0,0.0,0.0
c01164,0.0,0.0,0.0
c01165,0.0,0.0,0.0
c01166,0.0,0.0,0.0
c01167,0.0,0.0,0.0
c01168,0.0,0.0,0.0
c01169,0.0,0.0,0.0
c01170,0.0,0.0,0.0
c01171,0.0,0.0,0.0
c01172,0.0,0.0,0.0
c01173,0.0,0.0,0.0
c01174,0.0,0.0,0.0
c01175,0.0,0.0,0.0
c01176,0.0,0.0,0.0
c01177,0.0,0.0,0.0
c01178,0.0,0.0,0.0
c01179,0.0,0.0,0.0
c01180,0.0,0.0,0.0
c01181,0.0,0.0,0.0
c01182,0.0,0.0,0.0
c01183,20.51315940578591,0.0,0.0
c01184,0.0,0.0,0.0
c01185,0.0,0.0,0.0
c01186,0.0,0.0,0.0
c01187,9.460341374035927,0.0,0.0
c01188,0.0,0.0,0.0
c01189,0.0,0.0,0.0
c01190,0.0,0.0,0.0
c01191,9.476326737401044,0.0,0.0
c01192,12.252961687331332,0.0,0.0
c01193,9.476326737401044,0.0,0.0
c01194,17.234175296231612,0.0,0.0
c01195,17.234175296231612,0.0,0.0
c01196,25.041939013894748,0.0,0.0
c01197,30.344134211504798,0.0,0.0
c01198,0.0,0.0,0.0
c01199,0.0,0.0,0.0
c01200,0.0,0.0,0.0
c01201,0.0,0.0,0.0
c01202,0.0,0.0,0.0
c01203,0.0,0.0,0.0
c01204,0.0,0.0,0.0
c01205,0.0,0.0,0.0
c01206,0.0,0.0,0.0
c01207,0.0,0.0,0.0
c01208,0.0,0.0,0.0
c01209,0.0,0.0,0.0
c01210,0.0,0.0,0.0
c01211,0.0,0.0,0.0
c01212,0.0,0.0,0.0
c01213,0.0,0.0,0.0
c01214,0.0,0.0,0.0
c01215,5.277521635859214,0.0,0.0
c01216,0.0,0.0,0.0
c01217,0.0,0.0,0.0
c01218,0.0,0.0,0.0
c01219,0.0,0.0,0.0
c01220,0.0,0.0,0.0
c01221,0.0,0.0,0.0
c01222,0.0,0.0,0.0
c01223,0.0,0.0,0.0
c01224,0.0,0.0,0.0
c01225,0.0,0.0,0.0
c01226,0.0,0.0,0.0
c01227,12.62222978439334,0.0,0.0
c01228,12.62222978439334,0.0,0.0
c01229,12.62222978439334,0.0,0.0
c01230,16.698630176347116,0.0,0.0
c01231,0.0,0.0,0.0
c01232,0.0,0.0,0.0
c01233,0.0,0.0,0.0
c01234,0.0,0.0,0.0
c01235,0.0,0.0,0.0
c01236,0.0,0.0,0.0
c01237,0.0,0.0,0.0
c01238,0.0,0.0,0.0
c01239,0.0,0.0,0.0
c01240,0.0,0.0,0.0
c01241,0.0,0.0,0.0
c01242,0.0,0.0,0.0
c01243,0.0,0.0,0.0
c01244,0.0,0.0,0.0
c01245,0.0,0.0,0.0
c01246,15.1003893432987,0.0,0.0
c01247,15.1003893432987,0.0,0.0
c01248,0.0,0.0,0.0
c01249,0.0,0.0,0.0
c01250,0.0,0.0,0.0
c01251,0.0,0.0,0.0
c01252,0.0,0.0,0.0
c01253,0.0,0.0,0.0
c01254,0.0,0.0,0.0
c01255,0.0,0.0,0.0
c01256,0.0,0.0,0.0
c01257,0.0,0.0,0.0
c01258,0.0,0.0,0.0
c01259,0.0,0.0,0.0
c01260,0.0,0.0,0.0
c01261,0.0,0.0,0.0
c01262,0.0,0.0,0.0
c01263,0.0,0.0,0.0
c01264,0.0,0.0,0.0
c01265,0.0,0.0,0.0
c01266,0.0,0.0,0.0
c01267,0.0,0.0,0.0
c01268,0.0,0.0,0.0
c01269,0.0,0.0,0.0
c01270,0.0,0.0,0.0
c01271,0.0,0.0,0.0
c01272,0.0,0.0,0.0
c01273,0.0,0.0,0.0
c01274,0.0,0.0,0.0
c01275,0.0,0.0,0.0
c01276,0.0,0.0,0.0
c01277,0.0,0.0,0.0
c01278,0.0,0.0,0.0
c01279,0.0,0.0,0.0
c01280,0.0,0.0,0.0
c01281,13.415037312051506,0.0,0.0
c01282,35.83764657553672,3.0,0.0
c01283,2.3054959937929658,0.0,0.0
c01284,3.6816364632485943,0.0,0.0
c01285,1.1727149642948815,0.0,0.0
c01286,1.0300258496085823,0.0,0.0
c01287,0.0,0.0,0.0
c01288,0.0,0.0,0.0
c01289,0.0,0.0,0.0
c01290,0.0,0.0,0.0
c01291,0.0,0.0,0.0
c01292,0.0,0.0,0.0
c01293,0.0,0.0,0.0
c01294,0.0,0.0,0.0
c01295,0.0,0.0,0.0
c01296,0.0,0.0,0.0
c01297,0.0,0.0,0.0
c01298,0.0,0.0,0.0
c01299,0.0,0.0,0.0
c01300,0.0,0.0,0.0
c01301,0.0,0.0,0.0
c01302,0.0,0.0,0.0
c01303,20.51315940578591,0.0,0.0
c01304,20.51315940578591,0.0,0.0
c01305,0.0,0.0,0.0
c01306,0.0,0.0,0.0
c01307,9.460341374035927,0.0,0.0
c01308,9.460341374035927,0.0,0.0
c01309,0.0,0.0,0.0
c01310,0.0,0.0,0.0
c01311,9.476326737401044,0.0,0.0
c01312,9.476326737401044,0.0,0.0
c01313,2.776634949930289,0.0,0.0
c01314,20.010810246161903,0.0,0.0
c01315,17.234175296231612,0.0,0.0
c01316,0.0,0.0,0.0
c01317,5.302195197610049,0.0,0.0
c01318,34.0468253124597,0.0,0.0
c01319,25.041939013894748,0.0,0.0
c01320,25.041939013894748,0.0,0.0
c01321,25.041939013894748,0.0,0.0
c01322,0.0,0.0,0.0
c01323,0.0,0.0,0.0
c01324,0.0,0.0,0.0
c01325,0.0,0.0,0.0
c01326,0.0,0.0,0.0
c01327,0.0,0.0,0.0
c01328,0.0,0.0,0.0
c01329,0.0,0.0,0.0
c01330,0.0,0.0,0.0
c01331,0.0,0.0,0.0
c01332,0.0,0.0,0.0
c01333,0.0,0.0,0.0
c01334,0.0,0.0,0.0
c01335,0.0,0.0,0.0
c01336,5.277521635859214,0.0,0.0
c01337,0.0,0.0,0.0
c01338,0.0,0.0,0.0
c01339,0.0,0.0,0.0
c01340,0.0,0.0,0.0
c01341,0.0,0.0,0.0
c01342,0.0,0.0,0.0
c01343,0.0,0.0,0.0
c01344,0.0,0.0,0.0
c01345,0.0,0.0,0.0
c01346,0.0,0.0,0.0
c01347,0.0,0.0,0.0
c01348,0.0,0.0,0.0
c01349,0.0,0.0,0.0
c01350,12.62222978439334,0.0,0.0
c01351,32.468692680190564,0.0,0.0
c01352,2.472066378591485,0.0,0.0
c01353,0.0,0.0,0.0
c01354,0.0,0.0,0.0
c01355,0.0,0.0,0.0
c01356,0.0,0.0,0.0
c01357,0.0,0.0,0.0
c01358,0.0,0.0,0.0
c01359,0.0,0.0,0.0
c01360,0.0,0.0,0.0
c01361,0.0,0.0,0.0
c01362,0.0,0.0,0.0
c01363,0.0,0.0,0.0
c01364,0.0,0.0,0.0
c01365,0.0,0.0,0.0
c01366,0.0,0.0,0.0
c01367,0.0,0.0,0.0
c01368,15.1003893432987,0.0,0.0
c01369,0.0,0.0,0.0
c01370,0.0,0.0,0.0
c01371,0.0,0.0,0.0
c01372,0.0,0.0,0.0
c01373,0.0,0.0,0.0
c01374,0.0,0.0,0.0
c01375,0.0,0.0,0.0
c01376,0.0,0.0,0.0
c01377,0.0,0.0,0.0
c01378,0.0,0.0,0.0
c01379,0.0,0.0,0.0
c01380,0.0,0.0,0.0
c01381,0.0,0.0,0.0
c01382,0.0,0.0,0.0
c01383,0.0,0.0,0.0
c01384,0.0,0.0,0.0
c01385,0.0,0.0,0.0
c01386,0.0,0.0,0.0
c01387,0.0,0.0,0.0
c01388,0.0,0.0,0.0
c01389,0.0,0.0,0.0
c01390,0.0,0.0,0.0
c01391,0.0,0.0,0.0
c01392,0.0,1.0,0.0
c01393,0.0,0.0,0.0
c01394,0.0,0.0,0.0
c01395,0.0,0.0,0.0
c01396,0.0,0.0,0.0
c01397,0.0,0.0,0.0
c01398,0.0,0.0,0.0
c01399,0.0,0.0,0.0
c01400,0.0,0.0,0.0
c01401,0.0,0.0,0.0
c01402,0.0,0.0,0.0
c01403,20.117113269692254,2.0,0.0
c01404,0.0,0.0,0.0
c01405,0.0,0.0,0.0
c01406,1.2759812828554413,0.0,0.0
c01407,1.208177282047828,0.0,0.0
c01408,1.4022533851922299,0.0,1.0
c01409,13.801286077092339,0.0,0.0
c01410,12.473917805778795,0.0,0.0
c01411,0.0,0.0,0.0
c01412,0.0,0.0,0.0
c01413,0.0,0.0,0.0
c01414,0.0,0.0,0.0
c01415,0.0,0.0,0.0
c01416,0.0,0.0,0.0
c01417,0.0,0.0,0.0
c01418,0.0,0.0,0.0
c01419,0.0,0.0,0.0
c01420,0.0,0.0,0.0
c01421,0.0,0.0,0.0
c01422,0.0,0.0,0.0
c01423,0.0,0.0,0.0
c01424,20.51315940578591,0.0,0.0
c01425,0.0,0.0,0.0
c01426,0.0,0.0,0.0
c01427,0.0,0.0,0.0
c01428,19.72695775320048,0.0,0.0
c01429,9.460341374035927,0.0,0.0
c01430,11.054315594830864,0.0,0.0
c01431,1.5939742207949381,0.0,0.0
c01432,9.476326737401044,0.0,0.0
c01433,0.0,0.0,0.0
c01434,0.0,0.0,0.0
c01435,25.31300544377195,0.0,0.0
c01436,5.302195197610049,0.0,0.0
c01437,6.1448289356499926,0.0,0.0
c01438,9.681112218516795,0.0,0.0
c01439,3.702691100954904,0.0,0.0
c01440,0.0,0.0,0.0
c01441,0.0,0.0,0.0
c01442,25.041939013894748,0.0,0.0
c01443,25.041939013894748,0.0,0.0
c01444,25.041939013894748,0.0,0.0
c01445,25.041939013894748,0.0,0.0
c01446,0.0,0.0,0.0
c01447,0.0,0.0,0.0
c01448,0.0,0.0,0.0
c01449,0.0,0.0,0.0
c01450,0.0,0.0,0.0
c01451,0.0,0.0,0.0
c01452,0.0,0.0,0.0
c01453,0.0,0.0,0.0
c01454,0.0,0.0,0.0
c01455,0.0,0.0,0.0
c01456,0.0,0.0,0.0
c01457,5.277521635859214,0.0,0.0
c01458,0.0,0.0,0.0
c01459,0.0,0.0,0.0
c01460,0.0,0.0,0.0
c01461,0.0,0.0,0.0
c01462,0.0,0.0,0.0
c01463,0.0,0.0,0.0
c01464,0.0,0.0,0.0
c01465,0.0,0.0,0.0
c01466,0.0,0.0,0.0
c01467,0.0,0.0,0.0
c01468,0.0,0.0,0.0
c01469,0.0,0.0,0.0
c01470,0.0,0.0,0.0
c01471,0.0,0.0,0.0
c01472,0.0,0.0,0.0
c01473,6.424709787803308,0.0,0.0
c01474,6.443850674195486,0.0,0.0
c01475,0.0,0.0,0.0
c01476,0.0,0.0,0.0
c01477,0.0,0.0,0.0
c01478,0.0,0.0,0.0
c01479,0.0,0.0,0.0
c01480,0.0,0.0,0.0
c01481,0.0,0.0,0.0
c01482,0.0,0.0,0.0
c01483,0.0,0.0,0.0
c01484,0.0,0.0,0.0
c01485,0.0,0.0,0.0
c01486,0.0,0.0,0.0
c01487,0.0,0.0,0.0
c01488,0.0,0.0,0.0
c01489,15.1003893432987,0.0,0.0
c01490,0.0,0.0,0.0
c01491,0.0,0.0,0.0
c01492,0.0,0.0,0.0
c01493,0.0,0.0,0.0
c01494,0.0,0.0,0.0
c01495,0.0,0.0,0.0
c01496,0.0,0.0,0.0
c01497,0.0,0.0,0.0
c01498,0.0,0.0,0.0
c01499,0.0,0.0,0.0
c01500,0.0,0.0,0.0
c01501,0.0,0.0,0.0
c01502,0.0,0.0,0.0
c01503,0.0,0.0,0.0
c01504,0.0,0.0,0.0
c01505,0.0,0.0,0.0
c01506,0.0,0.0,0.0
c01507,0.0,0.0,0.0
c01508,0.0,0.0,0.0
c01509,0.0,0.0,0.0
c01510,0.0,0.0,0.0
c01511,0.0,0.0,0.0
c01512,0.0,0.0,0.0
c01513,0.0,0.0,0.0
c01514,0.0,0.0,0.0
c01515,0.0,0.0,0.0
c01516,0.0,0.0,0.0
c01517,0.0,0.0,0.0
c01518,0.0,0.0,0.0
c01519,0.0,0.0,0.0
c01520,0.0,0.0,0.0
c01521,0.0,0.0,0.0
c01522,0.0,0.0,0.0
c01523,0.0,0.0,0.0
c01524,20.117113269692254,0.0,0.0
c01525,20.117113269692254,0.0,0.0
c01526,0.0,0.0,0.0
c01527,0.0,0.0,0.0
c01528,0.0,0.0,0.0
c01529,0.0,0.0,0.0
c01530,0.0,0.0,0.0
c01531,12.473917805778795,0.0,0.0
c01532,12.473917805778795,0.0,0.0
c01533,0.0,0.0,0.0
c01534,0.0,0.0,0.0
c01535,0.0,0.0,0.0
c01536,0.0,0.0,0.0
c01537,0.0,0.0,0.0
c01538,0.0,0.0,0.0
c01539,0.0,0.0,0.0
c01540,0.0,0.0,0.0
c01541,0.0,0.0,0.0
c01542,0.0,0.0,0.0
c01543,0.0,0.0,0.0
c01544,20.51315940578591,0.0,0.0
c01545,20.51315940578591,0.0,0.0
c01546,0.0,0.0,0.0
c01547,0.0,0.0,0.0
c01548,0.0,0.0,0.0
c01549,10.266616379164555,0.0,0.0
c01550,0.0,0.0,0.0
c01551,0.0,0.0,0.0
c01552,7.893213960861345,0.0,0.0
c01553,22.12993391634162,1.0,0.0
c01554,0.0,0.0,0.0
c01555,0.0,0.0,0.0
c01556,17.234175296231612,0.0,0.0
c01557,0.0,0.0,0.0
c01558,4.633769724973474,0.0,0.0
c01559,8.170053007840277,0.0,0.0
c01560,0.0,0.0,0.0
c01561,0.0,0.0,0.0
c01562,0.0,0.0,0.0
c01563,0.0,0.0,0.0
c01564,0.0,0.0,0.0
c01565,0.0,0.0,0.0
c01566,25.041939013894748,0.0,0.0
c01567,25.041939013894748,0.0,0.0
c01568,0.0,0.0,0.0
c01569,0.0,0.0,0.0
c01570,0.0,0.0,0.0
c01571,0.0,0.0,0.0
c01572,0.0,0.0,0.0
c01573,0.0,0.0,0.0
c01574,0.0,0.0,0.0
c01575,0.0,0.0,0.0
c01576,0.0,0.0,0.0
c01577,0.0,0.0,0.0
c01578,5.277521635859214,0.0,0.0
c01579,17.523884091589196,0.0,0.0
c01580,0.0,0.0,0.0
c01581,0.0,0.0,0.0
c01582,0.0,0.0,0.0
c01583,0.0,0.0,0.0
c01584,0.0,0.0,0.0
c01585,0.0,0.0,0.0
c01586,0.0,0.0,0.0
c01587,0.0,0.0,0.0
c01588,0.0,0.0,0.0
c01589,0.0,0.0,0.0
c01590,0.0,0.0,0.0
c01591,0.0,0.0,0.0
c01592,0.0,0.0,0.0
c01593,0.0,0.0,0.0
c01594,0.0,0.0,0.0
c01595,4.595208272313958,0.0,0.0
c01596,9.10200929839197,0.0,0.0
c01597,0.0,0.0,0.0
c01598,0.0,0.0,0.0
c01599,0.0,0.0,0.0
c01600,0.0,0.0,0.0
c01601,0.0,0.0,0.0
c01602,0.0,0.0,0.0
c01603,0.0,0.0,0.0
c01604,0.0,0.0,0.0
c01605,0.0,0.0,0.0
c01606,0.0,0.0,0.0
c01607,0.0,0.0,0.0
c01608,0.0,0.0,0.0
c01609,0.0,0.0,0.0
c01610,15.1003893432987,0.0,0.0
c01611,0.0,0.0,0.0
c01612,0.0,0.0,0.0
c01613,0.0,0.0,0.0
c01614,0.0,0.0,0.0
c01615,0.0,0.0,0.0
c01616,0.0,0.0,0.0
c01617,0.0,0.0,0.0
c01618,0.0,0.0,0.0
c01619,0.0,0.0,0.0
c01620,0.0,0.0,0.0
c01621,0.0,0.0,0.0
c01622,0.0,0.0,0.0
c01623,0.0,0.0,0.0
c01624,0.0,0.0,0.0
c01625,0.0,0.0,0.0
c01626,0.0,0.0,0.0
c01627,0.0,0.0,0.0
c01628,0.0,0.0,0.0
c01629,0.0,0.0,0.0
c01630,0.0,0.0,0.0
c01631,0.0,0.0,0.0
c01632,0.0,0.0,0.0
c01633,0.0,0.0,0.0
c01634,0.0,0.0,0.0
c01635,0.0,0.0,0.0
c01636,0.0,0.0,0.0
c01637,0.0,0.0,0.0
c01638,0.0,0.0,0.0
c01639,0.0,0.0,0.0
c01640,0.0,0.0,0.0
c01641,0.0,0.0,0.0
c01642,0.0,0.0,0.0
c01643,0.0,0.0,0.0
c01644,0.0,0.0,0.0
c01645,0.0,0.0,0.0
c01646,20.117113269692254,0.0,0.0
c01647,0.0,0.0,0.0
c01648,0.0,0.0,0.0
c01649,0.0,0.0,0.0
c01650,0.0,0.0,0.0
c01651,0.0,0.0,0.0
c01652,0.0,0.0,0.0
c01653,12.473917805778795,0.0,0.0
c01654,0.0,0.0,0.0
c01655,0.0,0.0,0.0
c01656,0.0,0.0,0.0
c01657,0.0,0.0,0.0
c01658,0.0,0.0,0.0
c01659,0.0,0.0,0.0
c01660,0.0,0.0,0.0
c01661,0.0,0.0,0.0
c01662,0.0,0.0,0.0
c01663,0.0,0.0,0.0
c01664,20.51315940578591,0.0,0.0
c01665,20.51315940578591,0.0,0.0
c01666,0.0,0.0,0.0
c01667,0.0,0.0,0.0
c01668,0.0,0.0,0.0
c01669,10.266616379164555,0.0,0.0
c01670,10.266616379164555,0.0,0.0
c01671,0.0,0.0,0.0
c01672,0.0,0.0,0.0
c01673,6.299239740066407,0.0,0.0
c01674,4.760393218079233,0.0,0.0
c01675,4.760393218079233,0.0,0.0
c01676,4.760393218079233,0.0,0.0
c01677,21.994568514310846,0.0,0.0
c01678,0.0,0.0,0.0
c01679,3.791135986933531,0.0,0.0
c01680,0.0,0.0,0.0
c01681,0.0,0.0,0.0
c01682,0.0,0.0,0.0
c01683,0.0,0.0,0.0
c01684,0.0,0.0,0.0
c01685,0.0,0.0,0.0
c01686,0.0,0.0,0.0
c01687,0.0,0.0,0.0
c01688,25.041939013894748,0.0,0.0
c01689,25.041939013894748,0.0,0.0
c01690,25.041939013894748,0.0,0.0
c01691,0.0,0.0,0.0
c01692,0.0,0.0,0.0
c01693,0.0,0.0,0.0
c01694,0.0,0.0,0.0
c01695,0.0,0.0,0.0
c01696,0.0,0.0,0.0
c01697,0.0,0.0,0.0
c01698,0.0,0.0,0.0
c01699,0.0,0.0,0.0
c01700,12.210814759609518,0.0,0.0
c01701,12.210814759609518,0.0,0.0
c01702,0.0,0.0,0.0
c01703,0.0,0.0,0.0
c01704,0.0,0.0,0.0
c01705,0.0,0.0,0.0
c01706,0.0,0.0,0.0
c01707,0.0,0.0,0.0
c01708,0.0,0.0,0.0
c01709,0.0,0.0,0.0
c01710,0.0,0.0,0.0
c01711,0.0,0.0,0.0
c01712,0.0,0.0,0.0
c01713,0.0,0.0,0.0
c01714,0.0,0.0,0.0
c01715,0.0,0.0,0.0
c01716,0.0,0.0,0.0
c01717,7.217847061612825,0.0,0.0
c01718,9.222090933012606,0.0,0.0
c01719,4.259761850355351,0.0,0.0
c01720,0.0,0.0,0.0
c01721,0.0,0.0,0.0
c01722,0.0,0.0,0.0
c01723,0.0,0.0,0.0
c01724,0.0,0.0,0.0
c01725,0.0,0.0,0.0
c01726,0.0,0.0,0.0
c01727,0.0,0.0,0.0
c01728,0.0,0.0,0.0
c01729,0.0,0.0,0.0
c01730,0.0,0.0,0.0
c01731,15.1003893432987,0.0,0.0
c01732,0.0,0.0,0.0
c01733,0.0,0.0,0.0
c01734,0.0,0.0,0.0
c01735,0.0,0.0,0.0
c01736,0.0,0.0,0.0
c01737,0.0,0.0,0.0
c01738,0.0,0.0,0.0
c01739,0.0,0.0,0.0
c01740,0.0,0.0,0.0
c01741,0.0,0.0,0.0
c01742,0.0,0.0,0.0
c01743,0.0,0.0,0.0
c01744,0.0,0.0,0.0
c01745,0.0,0.0,0.0
c01746,0.0,0.0,0.0
c01747,0.0,0.0,0.0
c01748,0.0,0.0,0.0
c01749,0.0,0.0,0.0
c01750,0.0,0.0,0.0
c01751,0.0,0.0,0.0
c01752,0.0,0.0,0.0
c01753,0.0,0.0,0.0
c01754,0.0,0.0,0.0
c01755,0.0,0.0,0.0
c01756,0.0,0.0,0.0
c01757,0.0,0.0,0.0
c01758,0.0,0.0,0.0
c01759,0.0,1.0,0.0
c01760,0.0,0.0,0.0
c01761,0.0,0.0,0.0
c01762,0.0,0.0,0.0
c01763,0.0,0.0,0.0
c01764,0.0,0.0,0.0
c01765,0.0,0.0,1.0
c01766,3.603241823878322,0.0,0.0
c01767,23.720355093570575,0.0,0.0
c01768,20.117113269692254,0.0,0.0
c01769,0.0,0.0,0.0
c01770,0.0,0.0,0.0
c01771,0.0,0.0,0.0
c01772,0.0,0.0,0.0
c01773,0.0,0.0,0.0
c01774,12.473917805778795,0.0,0.0
c01775,12.473917805778795,0.0,0.0
c01776,12.473917805778795,0.0,0.0
c01777,12.473917805778795,0.0,0.0
c01778,0.0,0.0,0.0
c01779,0.0,0.0,0.0
c01780,0.0,0.0,0.0
c01781,0.0,0.0,0.0
c01782,0.0,0.0,0.0
c01783,0.0,0.0,0.0
c01784,20.51315940578591,0.0,0.0
c01785,20.51315940578591,0.0,0.0
c01786,0.0,0.0,0.0
c01787,0.0,0.0,0.0
c01788,0.0,0.0,0.0
c01789,0.0,0.0,0.0
c01790,10.266616379164555,0.0,0.0
c01791,0.0,0.0,0.0
c01792,0.0,0.0,0.0
c01793,6.299239740066407,0.0,0.0
c01794,6.299239740066407,0.0,0.0
c01795,0.0,0.0,0.0
c01796,0.0,0.0,0.0
c01797,17.234175296231612,0.0,0.0
c01798,17.234175296231612,0.0,0.0
c01799,3.7815286291919947,0.0,0.0
c01800,7.572664616125525,2.0,0.0
c01801,0.0,0.0,0.0
c01802,0.0,0.0,0.0
c01803,0.0,0.0,0.0
c01804,0.0,0.0,0.0
c01805,0.0,0.0,0.0
c01806,0.0,0.0,0.0
c01807,0.0,0.0,0.0
c01808,0.0,0.0,0.0
c01809,0.0,0.0,0.0
c01810,0.0,0.0,0.0
c01811,25.041939013894748,0.0,0.0
c01812,0.0,0.0,0.0
c01813,0.0,0.0,0.0
c01814,0.0,0.0,0.0
c01815,0.0,0.0,0.0
c01816,0.0,0.0,0.0
c01817,0.0,0.0,0.0
c01818,0.0,0.0,0.0
c01819,0.0,0.0,0.0
c01820,0.0,0.0,0.0
c01821,0.0,0.0,0.0
c01822,12.210814759609518,0.0,0.0
c01823,0.0,0.0,0.0
c01824,0.0,0.0,0.0
c01825,0.0,0.0,0.0
c01826,0.0,0.0,0.0
c01827,0.0,0.0,0.0
c01828,0.0,0.0,0.0
c01829,0.0,0.0,0.0
c01830,0.0,0.0,0.0
c01831,0.0,0.0,0.0
c01832,0.0,0.0,0.0
c01833,0.0,0.0,0.0
c01834,0.0,0.0,0.0
c01835,0.0,0.0,0.0
c01836,0.0,0.0,0.0
c01837,0.0,0.0,0.0
c01838,4.373443943721477,0.0,0.0
c01839,2.1842279799005913,0.0,0.0
c01840,7.3230088778730345,0.0,0.0
c01841,3.2382741895035716,0.0,0.0
c01842,0.0,0.0,0.0
c01843,0.0,0.0,0.0
c01844,0.0,0.0,0.0
c01845,0.0,0.0,0.0
c01846,0.0,0.0,0.0
c01847,0.0,0.0,0.0
c01848,0.0,0.0,0.0
c01849,0.0,0.0,0.0
c01850,0.0,0.0,0.0
c01851,0.0,0.0,0.0
c01852,15.1003893432987,0.0,0.0
c01853,0.0,0.0,0.0
c01854,0.0,0.0,0.0
c01855,0.0,0.0,0.0
c01856,0.0,0.0,0.0
c01857,0.0,0.0,0.0
c01858,0.0,0.0,0.0
c01859,0.0,0.0,0.0
c01860,0.0,0.0,0.0
c01861,0.0,0.0,0.0
c01862,0.0,0.0,0.0
c01863,0.0,0.0,0.0
c01864,0.0,0.0,0.0
c01865,0.0,0.0,0.0
c01866,0.0,0.0,0.0
c01867,0.0,0.0,0.0
c01868,0.0,0.0,0.0
c01869,0.0,0.0,0.0
c01870,0.0,0.0,0.0
c01871,0.0,0.0,0.0
c01872,0.0,0.0,0.0
c01873,0.0,0.0,0.0
c01874,0.0,0.0,0.0
c01875,0.0,0.0,0.0
c01876,0.0,0.0,0.0
c01877,0.0,0.0,0.0
c01878,0.0,0.0,0.0
c01879,0.0,0.0,0.0
c01880,0.0,0.0,0.0
c01881,0.0,0.0,0.0
c01882,0.0,0.0,0.0
c01883,0.0,0.0,0.0
c01884,0.0,0.0,0.0
c01885,4.912359768856321,0.0,0.0
c01886,3.603241823878322,1.0,0.0
c01887,3.603241823878322,0.0,0.0
c01888,0.0,0.0,0.0
c01889,22.517884521863476,0.0,0.0
c01890,2.400771252171222,0.0,0.0
c01891,7.556845304033915,0.0,0.0
c01892,5.066737636730064,0.0,0.0
c01893,0.0,0.0,0.0
c01894,0.0,0.0,0.0
c01895,0.0,0.0,0.0
c01896,0.0,0.0,0.0
c01897,0.0,0.0,0.0
c01898,12.473917805778795,0.0,0.0
c01899,12.473917805778795,0.0,0.0
c01900,0.0,0.0,0.0
c01901,0.0,0.0,0.0
c01902,0.0,0.0,0.0
c01903,0.0,0.0,0.0
c01904,20.51315940578591,0.0,0.0
c01905,20.51315940578591,0.0,0.0
c01906,0.0,0.0,0.0
c01907,0.0,0.0,0.0
c01908,0.0,0.0,0.0
c01909,0.0,0.0,0.0
c01910,0.0,0.0,0.0
c01911,10.266616379164555,0.0,0.0
c01912,0.0,0.0,0.0
c01913,0.0,0.0,0.0
c01914,0.0,0.0,0.0
c01915,6.299239740066407,0.0,0.0
c01916,0.0,0.0,0.0
c01917,0.0,0.0,0.0
c01918,17.234175296231612,0.0,0.0
c01919,0.0,0.0,0.0
c01920,0.0,0.0,0.0
c01921,3.7815286291919947,0.0,0.0
c01922,0.0,0.0,0.0
c01923,0.0,0.0,0.0
c01924,0.0,0.0,0.0
c01925,0.0,0.0,0.0
c01926,0.0,0.0,0.0
c01927,0.0,0.0,0.0
c01928,0.0,0.0,0.0
c01929,0.0,0.0,0.0
c01930,0.0,0.0,0.0
c01931,0.0,0.0,0.0
c01932,25.041939013894748,0.0,0.0
c01933,25.041939013894748,0.0,0.0
c01934,0.0,0.0,0.0
c01935,0.0,0.0,0.0
c01936,0.0,0.0,0.0
c01937,0.0,0.0,0.0
c01938,0.0,0.0,0.0
c01939,0.0,0.0,0.0
c01940,0.0,0.0,0.0
c01941,0.0,0.0,0.0
c01942,0.0,0.0,0.0
c01943,12.210814759609518,0.0,0.0
c01944,0.0,0.0,0.0
c01945,0.0,0.0,0.0
c01946,0.0,0.0,0.0
c01947,0.0,0.0,0.0
c01948,0.0,0.0,0.0
c01949,0.0,0.0,0.0
c01950,0.0,0.0,0.0
c01951,0.0,0.0,0.0
c01952,0.0,0.0,0.0
c01953,0.0,0.0,0.0
c01954,0.0,0.0,0.0
c01955,0.0,0.0,0.0
c01956,0.0,0.0,0.0
c01957,0.0,0.0,0.0
c01958,0.0,0.0,0.0
c01959,4.373443943721477,0.0,0.0
c01960,3.7316941349599215,0.0,0.0
c01961,0.0,0.0,0.0
c01962,7.946297550237781,0.0,0.0
c01963,5.9345554005876435,0.0,0.0
c01964,0.0,0.0,0.0
c01965,0.0,0.0,0.0
c01966,0.0,0.0,0.0
c01967,0.0,0.0,0.0
c01968,0.0,0.0,0.0
c01969,0.0,0.0,0.0
c01970,0.0,0.0,0.0
c01971,0.0,0.0,0.0
c01972,0.0,0.0,0.0
c01973,15.374638899480473,0.0,0.0
c01974,0.27424955618177355,0.0,0.0
c01975,0.0,0.0,0.0
c01976,0.0,0.0,0.0
c01977,0.0,0.0,0.0
c01978,0.0,0.0,0.0
c01979,0.0,0.0,0.0
c01980,0.0,0.0,0.0
c01981,0.0,0.0,0.0
c01982,0.0,0.0,0.0
c01983,0.0,0.0,0.0
c01984,0.0,0.0,0.0
c01985,0.0,0.0,0.0
c01986,0.0,0.0,0.0
c01987,0.0,0.0,0.0
c01988,0.0,0.0,0.0
c01989,0.0,0.0,0.0
c01990,0.0,0.0,0.0
c01991,0.0,0.0,0.0
c01992,0.0,0.0,0.0
c01993,0.0,0.0,0.0
c01994,0.0,0.0,0.0
c01995,0.0,0.0,0.0
c01996,0.0,0.0,0.0
c01997,0.0,0.0,0.0
c01998,0.0,0.0,0.0
c01999,0.0,0.0,0.0
c02000,0.0,0.0,0.0
c02001,0.0,0.0,0.0
c02002,0.0,0.0,0.0
c02003,0.0,0.0,0.0
c02004,0.0,0.0,0.0
c02005,22.12328739492044,0.0,0.0
c02006,1.2400704924936143,0.0,0.0
c02007,0.0,0.0,0.0
c02008,0.0,0.0,0.0
c02009,0.0,0.0,0.0
c02010,20.117113269692254,0.0,0.0
c02011,20.117113269692254,0.0,0.0
c02012,5.066737636730064,0.0,0.0
c02013,5.066737636730064,0.0,0.0
c02014,5.066737636730064,0.0,0.0
c02015,5.066737636730064,0.0,0.0
c02016,5.066737636730064,0.0,0.0
c02017,0.0,0.0,0.0
c02018,0.0,0.0,0.0
c02019,0.0,0.0,0.0
c02020,12.473917805778795,0.0,0.0
c02021,12.473917805778795,0.0,0.0
c02022,12.473917805778795,0.0,0.0
c02023,0.0,0.0,0.0
c02024,20.51315940578591,0.0,0.0
c02025,20.51315940578591,0.0,0.0
c02026,5.109889205912058,0.0,0.0
c02027,5.109889205912058,0.0,0.0
c02028,10.831544546026656,0.0,0.0
c02029,5.525708608066949,0.0,0.0
c02030,7.162379163424589,0.0,0.0
c02031,1.6366705553576404,0.0,0.0
c02032,11.903286934522196,0.0,0.0
c02033,0.0,0.0,0.0
c02034,0.0,0.0,0.0
c02035,0.0,0.0,0.0
c02036,9.482807424632808,0.0,0.0
c02037,9.082273199354917,0.0,0.0
c02038,20.017208755520123,0.0,0.0
c02039,20.017208755520123,0.0,0.0
c02040,0.0,0.0,0.0
c02041,0.0,0.0,0.0
c02042,3.7815286291919947,0.0,0.0
c02043,0.0,0.0,0.0
c02044,0.0,0.0,0.0
c02045,0.0,0.0,0.0
c02046,0.0,0.0,0.0
c02047,0.0,0.0,0.0
c02048,0.0,0.0,0.0
c02049,0.0,0.0,0.0
c02050,0.0,0.0,0.0
c02051,0.0,0.0,0.0
c02052,0.0,0.0,0.0
c02053,0.0,0.0,0.0
c02054,25.041939013894748,0.0,0.0
c02055,25.041939013894748,0.0,0.0
c02056,0.0,0.0,0.0
c02057,0.0,0.0,0.0
c02058,0.0,0.0,0.0
c02059,0.0,0.0,0.0
c02060,0.0,0.0,0.0
c02061,0.0,0.0,0.0
c02062,0.0,0.0,0.0
c02063,0.0,0.0,0.0
c02064,12.210814759609518,0.0,0.0
c02065,12.210814759609518,0.0,0.0
c02066,12.210814759609518,0.0,0.0
c02067,0.0,0.0,0.0
c02068,0.0,0.0,0.0
c02069,0.0,0.0,0.0
c02070,0.0,0.0,0.0
c02071,0.0,0.0,0.0
c02072,0.0,0.0,0.0
c02073,0.0,0.0,0.0
c02074,0.0,0.0,0.0
c02075,0.0,0.0,0.0
c02076,0.0,0.0,0.0
c02077,0.0,0.0,0.0
c02078,0.0,0.0,0.0
c02079,0.0,0.0,0.0
c02080,5.946824655807989,0.0,1.0
c02081,1.5474661550593305,0.0,0.0
c02082,0.0,0.0,0.0
c02083,0.0,0.0,0.0
c02084,5.9345554005876435,0.0,0.0
c02085,8.360299499116344,0.0,0.0
c02086,5.79092872901839,0.0,1.0
c02087,1.7935247180878213,0.0,0.0
c02088,0.0,0.0,0.0
c02089,0.0,0.0,0.0
c02090,0.0,0.0,0.0
c02091,0.0,0.0,0.0
c02092,0.0,0.0,0.0
c02093,2.988122556243134,0.0,0.0
c02094,18.969058072194688,0.0,0.0
c02095,1.743198754621465,0.0,0.0
c02096,2.7581640780287833,0.0,0.0
c02097,0.0,0.0,0.0
c02098,6.387502071634075,0.0,0.0
c02099,6.387502071634075,0.0,0.0
c02100,0.0,0.0,0.0
c02101,0.0,0.0,0.0
c02102,0.0,0.0,0.0
c02103,0.0,0.0,0.0
c02104,0.0,0.0,0.0
c02105,0.0,0.0,0.0
c02106,0.0,0.0,0.0
c02107,0.0,0.0,0.0
c02108,0.0,0.0,0.0
c02109,0.0,0.0,0.0
c02110,0.0,0.0,0.0
c02111,0.0,0.0,0.0
c02112,0.0,0.0,0.0
c02113,0.0,0.0,0.0
c02114,0.0,0.0,0.0
c02115,0.0,0.0,0.0
c02116,0.0,0.0,0.0
c02117,0.0,0.0,0.0
c02118,0.0,0.0,0.0
c02119,0.0,0.0,0.0
c02120,0.0,0.0,0.0
c02121,0.0,0.0,0.0
c02122,0.0,0.0,0.0
c02123,0.0,0.0,0.0
c02124,0.0,0.0,0.0
c02125,20.811023464149436,0.0,0.0
c02126,20.811023464149436,0.0,0.0
c02127,0.0,0.0,0.0
c02128,0.0,0.0,0.0
c02129,0.0,0.0,0.0
c02130,0.0,0.0,0.0
c02131,0.0,0.0,0.0
c02132,29.67050470583456,0.0,0.0
c02133,0.0,0.0,0.0
c02134,0.0,0.0,0.0
c02135,0.0,0.0,0.0
c02136,0.0,0.0,0.0
c02137,0.0,0.0,0.0
c02138,0.0,0.0,0.0
c02139,0.0,0.0,0.0
c02140,0.0,0.0,0.0
c02141,0.0,0.0,0.0
c02142,1.609225802503771,0.0,0.0
c02143,16.67464553222865,0.0,0.0
c02144,2.591501923946082,0.0,0.0
c02145,28.21455053564405,0.0,0.0
c02146,5.109889205912058,0.0,0.0
c02147,5.109889205912058,0.0,0.0
c02148,0.0,0.0,0.0
c02149,0.0,0.0,0.0
c02150,5.525708608066949,0.0,0.0
c02151,5.525708608066949,0.0,0.0
c02152,5.525708608066949,0.0,0.0
c02153,10.266616379164555,0.0,0.0
c02154,0.0,0.0,0.0
c02155,0.0,0.0,0.0
c02156,0.0,0.0,0.0
c02157,6.249264106949841,0.0,0.0
c02158,2.319528782747423,0.0,0.0
c02159,19.553704078979035,0.0,1.0
c02160,0.0,0.0,0.0
c02161,0.0,0.0,0.0
c02162,0.0,0.0,0.0
c02163,3.7815286291919947,0.0,0.0
c02164,0.0,0.0,0.0
c02165,0.0,0.0,0.0
c02166,0.0,0.0,0.0
c02167,0.0,0.0,0.0
c02168,0.0,0.0,0.0
c02169,0.0,0.0,0.0
c02170,0.0,0.0,0.0
c02171,0.0,0.0,0.0
c02172,0.0,0.0,0.0
c02173,0.0,0.0,0.0
c02174,0.0,0.0,0.0
c02175,0.0,0.0,0.0
c02176,25.041939013894748,0.0,0.0
c02177,25.041939013894748,0.0,0.0
c02178,0.0,0.0,0.0
c02179,0.0,0.0,0.0
c02180,0.0,0.0,0.0
c02181,0.0,0.0,0.0
c02182,0.0,0.0,0.0
c02183,0.0,0.0,0.0
c02184,0.0,0.0,0.0
c02185,0.0,0.0,0.0
c02186,0.0,0.0,0.0
c02187,12.210814759609518,0.0,0.0
c02188,0.0,0.0,0.0
c02189,0.0,0.0,0.0
c02190,0.0,0.0,0.0
c02191,0.0,0.0,0.0
c02192,0.0,0.0,0.0
c02193,0.0,0.0,0.0
c02194,0.0,0.0,0.0
c02195,0.0,0.0,0.0
c02196,0.0,0.0,0.0
c02197,0.0,0.0,0.0
c02198,0.0,0.0,0.0
c02199,0.0,0.0,0.0
c02200,0.0,0.0,0.0
c02201,0.0,0.0,0.0
c02202,0.0,0.0,0.0
c02203,0.0,0.0,0.0
c02204,0.0,0.0,0.0
c02205,0.0,0.0,0.0
c02206,0.0,0.0,0.0
c02207,0.5446433023068936,0.0,0.0
c02208,11.032995454025137,0.0,0.0
c02209,8.676588305926,0.0,0.0
c02210,6.586050932543361,0.0,0.0
c02211,9.811491647557668,0.0,0.0
c02212,7.747221482600612,0.0,0.0
c02213,10.735344038843746,0.0,0.0
c02214,2.988122556243134,0.0,0.0
c02215,0.0,0.0,0.0
c02216,0.0,0.0,0.0
c02217,0.9899768555535808,0.0,0.0
c02218,7.454512739184902,0.0,0.0
c02219,6.387502071634075,0.0,0.0
c02220,6.387502071634075,0.0,0.0
c02221,6.387502071634075,0.0,0.0
c02222,6.387502071634075,0.0,0.0
c02223,16.500861011357507,0.0,0.0
c02224,0.0,0.0,0.0
c02225,0.0,0.0,0.0
c02226,0.0,0.0,0.0
c02227,0.0,0.0,0.0
c02228,0.0,0.0,0.0
c02229,0.0,0.0,0.0
c02230,0.0,0.0,0.0
c02231,0.0,0.0,0.0
c02232,0.0,0.0,0.0
c02233,0.0,0.0,0.0
c02234,0.0,0.0,0.0
c02235,0.0,0.0,0.0
c02236,0.0,0.0,0.0
c02237,0.0,0.0,0.0
c02238,0.0,0.0,0.0
c02239,0.0,0.0,0.0
c02240,0.0,0.0,0.0
c02241,0.0,0.0,0.0
c02242,0.0,0.0,0.0
c02243,0.0,0.0,0.0
c02244,0.0,0.0,0.0
c02245,20.811023464149436,0.0,0.0
c02246,20.811023464149436,0.0,0.0
c02247,0.0,0.0,0.0
c02248,0.0,0.0,0.0
c02249,0.0,0.0,0.0
c02250,0.0,0.0,0.0
c02251,0.0,0.0,0.0
c02252,0.0,0.0,0.0
c02253,9.215640020637249,0.0,0.0
c02254,0.0,0.0,0.0
c02255,0.0,0.0,0.0
c02256,0.0,0.0,0.0
c02257,0.0,0.0,0.0
c02258,0.0,0.0,0.0
c02259,0.0,0.0,0.0
c02260,0.0,0.0,0.0
c02261,0.0,0.0,0.0
c02262,0.0,0.0,0.0
c02263,18.01376287737124,0.0,0.0
c02264,0.0,0.0,0.0
c02265,0.0,0.0,0.0
c02266,0.0,0.0,0.0
c02267,0.0,0.0,0.0
c02268,0.0,0.0,0.0
c02269,0.0,0.0,0.0
c02270,0.0,0.0,0.0
c02271,0.0,0.0,0.0
c02272,0.0,0.0,0.0
c02273,5.525708608066949,0.0,0.0
c02274,15.792324987231503,0.0,0.0
c02275,0.0,0.0,0.0
c02276,0.0,0.0,0.0
c02277,0.0,0.0,0.0
c02278,2.9667021525106194,0.0,0.0
c02279,2.319528782747423,0.0,0.0
c02280,19.553704078979035,0.0,0.0
c02281,0.0,0.0,0.0
c02282,0.0,0.0,0.0
c02283,0.0,0.0,0.0
c02284,0.0,0.0,0.0
c02285,0.0,0.0,0.0
c02286,0.0,0.0,0.0
c02287,0.0,0.0,0.0
c02288,0.0,0.0,0.0
c02289,0.0,0.0,0.0
c02290,0.0,0.0,0.0
c02291,0.0,0.0,0.0
c02292,0.0,0.0,0.0
c02293,0.0,0.0,0.0
c02294,0.0,0.0,0.0
c02295,0.0,0.0,0.0
c02296,0.0,0.0,0.0
c02297,0.0,0.0,0.0
c02298,25.041939013894748,0.0,0.0
c02299,0.0,0.0,0.0
c02300,0.0,0.0,0.0
c02301,0.0,0.0,0.0
c02302,0.0,0.0,0.0
c02303,0.0,0.0,0.0
c02304,0.0,0.0,0.0
c02305,0.0,0.0,0.0
c02306,0.0,0.0,0.0
c02307,0.0,0.0,0.0
c02308,12.210814759609518,0.0,0.0
c02309,0.0,0.0,0.0
c02310,0.0,0.0,0.0
c02311,0.0,0.0,0.0
c02312,0.0,0.0,0.0
c02313,0.0,0.0,0.0
c02314,0.0,0.0,0.0
c02315,0.0,0.0,0.0
c02316,0.0,0.0,0.0
c02317,0.0,0.0,0.0
c02318,0.0,0.0,0.0
c02319,0.0,0.0,0.0
c02320,0.0,0.0,0.0
c02321,0.0,0.0,0.0
c02322,0.0,0.0,0.0
c02323,0.0,0.0,0.0
c02324,0.0,0.0,0.0
c02325,0.0,0.0,0.0
c02326,0.0,0.0,0.0
c02327,0.0,0.0,0.0
c02328,0.0,0.0,0.0
c02329,0.0,0.0,0.0
c02330,3.2756272060825715,0.0,0.0
c02331,6.083166967454964,0.0,0.0
c02332,2.7790718635144533,0.0,0.0
c02333,0.0,0.0,0.0
c02334,12.114183541628332,0.0,0.0
c02335,10.698100665691248,0.0,0.0
c02336,0.0,0.0,0.0
c02337,0.0,0.0,0.0
c02338,0.0,0.0,0.0
c02339,0.0,0.0,0.0
c02340,0.0,0.0,0.0
c02341,0.0,0.0,0.0
c02342,0.0,0.0,0.0
c02343,6.387502071634075,0.0,0.0
c02344,16.500861011357507,0.0,0.0
c02345,0.0,0.0,0.0
c02346,0.0,0.0,0.0
c02347,0.0,0.0,0.0
c02348,0.0,0.0,0.0
c02349,0.0,0.0,0.0
c02350,0.0,0.0,0.0
c02351,0.0,0.0,0.0
c02352,0.0,0.0,0.0
c02353,0.0,0.0,0.0
c02354,0.0,0.0,0.0
c02355,0.0,0.0,0.0
c02356,0.0,0.0,0.0
c02357,0.0,0.0,0.0
c02358,0.0,0.0,0.0
c02359,0.0,0.0,0.0
c02360,0.0,0.0,0.0
c02361,0.0,0.0,0.0
c02362,0.0,0.0,0.0
c02363,0.0,0.0,0.0
c02364,0.0,0.0,0.0
c02365,4.934400448609688,0.0,0.0
c02366,20.811023464149436,0.0,0.0
c02367,0.0,0.0,0.0
c02368,0.0,0.0,0.0
c02369,0.0,0.0,0.0
c02370,0.0,0.0,0.0
c02371,0.0,0.0,0.0
c02372,0.0,0.0,0.0
c02373,0.0,0.0,0.0
c02374,8.855928624575798,0.0,0.0
c02375,0.0,0.0,0.0
c02376,0.0,0.0,0.0
c02377,0.0,0.0,0.0
c02378,0.0,0.0,0.0
c02379,0.0,0.0,0.0
c02380,0.0,0.0,0.0
c02381,0.0,0.0,0.0
c02382,0.0,0.0,0.0
c02383,0.0,0.0,0.0
c02384,16.14906152803838,0.0,0.0
c02385,0.0,0.0,0.0
c02386,0.0,0.0,0.0
c02387,0.0,0.0,0.0
c02388,0.0,0.0,0.0
c02389,0.0,0.0,0.0
c02390,0.0,0.0,0.0
c02391,0.0,0.0,0.0
c02392,0.0,0.0,0.0
c02393,0.0,0.0,0.0
c02394,10.266616379164555,0.0,0.0
c02395,10.266616379164555,0.0,0.0
c02396,0.0,0.0,0.0
c02397,0.0,0.0,0.0
c02398,0.0,0.0,0.0
c02399,2.9667021525106194,0.0,0.0
c02400,20.200877448742233,0.0,0.0
c02401,17.234175296231612,0.0,0.0
c02402,0.0,0.0,0.0
c02403,0.0,0.0,0.0
c02404,0.0,0.0,0.0
c02405,0.0,0.0,0.0
c02406,0.0,0.0,0.0
c02407,0.0,0.0,0.0
c02408,0.0,0.0,0.0
c02409,0.0,0.0,0.0
c02410,0.0,0.0,0.0
c02411,0.0,0.0,0.0
c02412,0.0,0.0,0.0
c02413,0.0,0.0,0.0
c02414,0.0,0.0,0.0
c02415,0.0,0.0,0.0
c02416,0.0,0.0,0.0
c02417,0.0,0.0,0.0
c02418,0.0,0.0,0.0
c02419,25.041939013894748,0.0,0.0
c02420,0.0,0.0,0.0
c02421,0.0,0.0,0.0
c02422,0.0,0.0,0.0
c02423,0.0,0.0,0.0
c02424,0.0,0.0,0.0
c02425,0.0,0.0,0.0
c02426,0.0,0.0,0.0
c02427,0.0,0.0,0.0
c02428,0.0,0.0,0.0
c02429,12.210814759609518,0.0,0.0
c02430,12.210814759609518,0.0,0.0
c02431,12.210814759609518,0.0,0.0
c02432,0.0,0.0,0.0
c02433,0.0,0.0,0.0
c02434,0.0,0.0,0.0
c02435,0.0,0.0,0.0
c02436,0.0,0.0,0.0
c02437,0.0,0.0,0.0
c02438,0.0,0.0,0.0
c02439,0.0,0.0,0.0
c02440,0.0,0.0,0.0
c02441,0.0,0.0,0.0
c02442,0.0,0.0,0.0
c02443,0.0,0.0,0.0
c02444,0.0,0.0,0.0
c02445,0.0,0.0,0.0
c02446,0.0,0.0,0.0
c02447,0.0,0.0,0.0
c02448,0.0,0.0,0.0
c02449,0.0,0.0,0.0
c02450,0.0,0.0,0.0
c02451,0.0,0.0,0.0
c02452,0.0,0.0,0.0
c02453,2.7790718635144533,0.0,0.0
c02454,3.942153472323511,1.0,0.0
c02455,5.30993010661237,0.0,0.0
c02456,2.9310062912479955,0.0,0.0
c02457,6.486929659689926,0.0,0.0
c02458,0.0,0.0,0.0
c02459,0.0,0.0,0.0
c02460,0.0,0.0,0.0
c02461,0.0,0.0,0.0
c02462,0.0,0.0,0.0
c02463,0.0,0.0,0.0
c02464,0.0,0.0,0.0
c02465,10.113358939723433,0.0,0.0
c02466,0.0,0.0,0.0
c02467,0.0,0.0,0.0
c02468,0.0,0.0,0.0
c02469,0.0,0.0,0.0
c02470,0.0,0.0,0.0
c02471,0.0,0.0,0.0
c02472,0.0,0.0,0.0
c02473,0.0,0.0,0.0
c02474,0.0,0.0,0.0
c02475,0.0,0.0,0.0
c02476,0.0,0.0,0.0
c02477,0.0,0.0,0.0
c02478,0.0,0.0,0.0
c02479,0.0,0.0,0.0
c02480,0.0,0.0,0.0
c02481,0.0,0.0,0.0
c02482,0.0,0.0,0.0
c02483,0.0,0.0,0.0
c02484,0.0,0.0,0.0
c02485,0.0,0.0,0.0
c02486,4.934400448609688,0.0,0.0
c02487,25.745423912759122,0.0,0.0
c02488,0.0,0.0,0.0
c02489,0.0,0.0,0.0
c02490,0.0,0.0,0.0
c02491,0.0,0.0,0.0
c02492,0.0,0.0,0.0
c02493,0.0,0.0,0.0
c02494,0.0,0.0,0.0
c02495,8.855928624575798,0.0,0.0
c02496,8.855928624575798,0.0,0.0
c02497,0.0,0.0,0.0
c02498,0.0,0.0,0.0
c02499,0.0,0.0,0.0
c02500,0.0,0.0,0.0
c02501,0.0,0.0,0.0
c02502,0.0,0.0,0.0
c02503,0.0,0.0,0.0
c02504,0.0,0.0,0.0
c02505,16.14906152803838,0.0,0.0
c02506,0.0,0.0,0.0
c02507,0.0,1.0,0.0
c02508,0.0,0.0,0.0
c02509,0.0,0.0,0.0
c02510,0.0,0.0,0.0
c02511,0.0,0.0,0.0
c02512,0.0,0.0,0.0
c02513,0.0,0.0,0.0
c02514,0.0,0.0,0.0
c02515,15.469913327687687,0.0,0.0
c02516,0.0,0.0,0.0
c02517,0.0,0.0,0.0
c02518,0.0,0.0,0.0
c02519,0.0,0.0,0.0
c02520,0.0,0.0,0.0
c02521,17.234175296231612,0.0,0.0
c02522,0.0,0.0,0.0
c02523,0.0,0.0,0.0
c02524,0.0,0.0,0.0
c02525,0.0,0.0,0.0
c02526,0.0,0.0,0.0
c02527,0.0,0.0,0.0
c02528,0.0,0.0,0.0
c02529,0.0,0.0,0.0
c02530,0.0,0.0,0.0
c02531,0.0,0.0,0.0
c02532,0.0,0.0,0.0
c02533,0.0,0.0,0.0
c02534,0.0,0.0,0.0
c02535,0.0,0.0,0.0
c02536,0.0,0.0,0.0
c02537,0.0,0.0,0.0
c02538,0.0,0.0,0.0
c02539,0.0,0.0,0.0
c02540,0.0,0.0,0.0
c02541,0.0,0.0,0.0
c02542,0.0,0.0,0.0
c02543,0.0,0.0,0.0
c02544,0.0,0.0,0.0
c02545,0.0,0.0,0.0
c02546,0.0,0.0,0.0
c02547,0.0,0.0,0.0
c02548,0.0,0.0,0.0
c02549,0.0,0.0,0.0
c02550,0.0,0.0,0.0
c02551,0.0,0.0,0.0
c02552,12.210814759609518,0.0,0.0
c02553,12.210814759609518,0.0,0.0
c02554,0.0,0.0,0.0
c02555,0.0,0.0,0.0
c02556,0.0,0.0,0.0
c02557,0.0,0.0,0.0
c02558,0.0,0.0,0.0
c02559,0.0,0.0,0.0
c02560,0.0,0.0,0.0
c02561,0.0,0.0,0.0
c02562,0.0,0.0,0.0
c02563,0.0,0.0,0.0
c02564,0.0,0.0,0.0
c02565,0.0,0.0,0.0
c02566,0.0,0.0,0.0
c02567,0.0,0.0,0.0
c02568,0.0,0.0,0.0
c02569,0.0,0.0,0.0
c02570,0.0,0.0,0.0
c02571,0.0,0.0,0.0
c02572,0.0,0.0,0.0
c02573,0.0,0.0,0.0
c02574,0.0,0.0,0.0
c02575,0.715135930898916,1.0,0.0
c02576,3.5030664571966117,0.0,0.0
c02577,2.9475234936151717,0.0,0.0
c02578,3.533945722610688,0.0,0.0
c02579,16.195123329278626,0.0,0.0
c02580,0.0,0.0,0.0
c02581,0.0,0.0,0.0
c02582,0.0,0.0,0.0
c02583,0.0,0.0,0.0
c02584,0.0,0.0,0.0
c02585,10.113358939723433,0.0,0.0
c02586,10.113358939723433,0.0,0.0
c02587,0.0,0.0,0.0
c02588,0.0,0.0,0.0
c02589,0.0,0.0,0.0
c02590,0.0,0.0,0.0
c02591,0.0,0.0,0.0
c02592,0.0,0.0,0.0
c02593,0.0,0.0,0.0
c02594,0.0,0.0,0.0
c02595,0.0,0.0,0.0
c02596,0.0,0.0,0.0
c02597,0.0,0.0,0.0
c02598,0.0,0.0,0.0
c02599,0.0,0.0,0.0
c02600,0.0,0.0,0.0
c02601,0.0,0.0,0.0
c02602,0.0,0.0,0.0
c02603,0.0,0.0,0.0
c02604,0.0,0.0,0.0
c02605,0.0,0.0,0.0
c02606,0.0,0.0,0.0
c02607,4.934400448609688,0.0,0.0
c02608,20.811023464149436,0.0,0.0
c02609,0.0,0.0,0.0
c02610,0.0,0.0,0.0
c02611,0.0,0.0,0.0
c02612,0.0,0.0,0.0
c02613,0.0,0.0,0.0
c02614,0.0,0.0,0.0
c02615,0.0,0.0,0.0
c02616,0.0,0.0,0.0
c02617,8.855928624575798,0.0,0.0
c02618,0.0,0.0,0.0
c02619,0.0,0.0,0.0
c02620,0.0,0.0,0.0
c02621,0.0,0.0,0.0
c02622,0.0,0.0,0.0
c02623,0.0,0.0,0.0
c02624,0.0,0.0,0.0
c02625,0.0,0.0,0.0
c02626,16.14906152803838,0.0,0.0
c02627,16.14906152803838,0.0,0.0
c02628,0.0,0.0,0.0
c02629,0.0,0.0,0.0
c02630,0.0,0.0,0.0
c02631,0.0,0.0,0.0
c02632,0.0,0.0,0.0
c02633,0.0,0.0,0.0
c02634,0.0,0.0,0.0
c02635,0.0,0.0,0.0
c02636,5.053123538077054,0.0,0.0
c02637,0.0,0.0,0.0
c02638,0.0,0.0,0.0
c02639,0.0,0.0,0.0
c02640,0.0,0.0,0.0
c02641,0.0,0.0,0.0
c02642,17.234175296231612,0.0,0.0
c02643,0.0,0.0,0.0
c02644,0.0,0.0,0.0
c02645,0.0,0.0,0.0
c02646,0.0,0.0,0.0
c02647,0.0,0.0,0.0
c02648,0.0,0.0,0.0
c02649,0.0,0.0,0.0
c02650,0.0,0.0,0.0
c02651,0.0,0.0,0.0
c02652,0.0,0.0,0.0
c02653,0.0,0.0,0.0
c02654,0.0,0.0,0.0
c02655,0.0,0.0,0.0
c02656,0.0,0.0,0.0
c02657,0.0,0.0,0.0
c02658,0.0,0.0,0.0
c02659,0.0,0.0,0.0
c02660,0.0,0.0,0.0
c02661,0.0,0.0,0.0
c02662,0.0,0.0,0.0
c02663,0.0,0.0,0.0
c02664,0.0,0.0,0.0
c02665,0.0,0.0,0.0
c02666,0.0,0.0,0.0
c02667,0.0,0.0,0.0
c02668,0.0,0.0,0.0
c02669,0.0,0.0,0.0
c02670,0.0,0.0,0.0
c02671,0.0,0.0,0.0
c02672,0.0,0.0,0.0
c02673,0.0,0.0,0.0
c02674,15.191687832855576,0.0,0.0
c02675,2.9808730732460584,0.0,0.0
c02676,0.0,0.0,0.0
c02677,0.0,0.0,0.0
c02678,0.0,0.0,0.0
c02679,0.0,0.0,0.0
c02680,0.0,0.0,0.0
c02681,0.0,0.0,0.0
c02682,0.0,0.0,0.0
c02683,0.0,0.0,0.0
c02684,0.0,0.0,0.0
c02685,0.0,0.0,0.0
c02686,0.0,0.0,0.0
c02687,0.0,0.0,0.0
c02688,0.0,0.0,0.0
c02689,0.0,0.0,0.0
c02690,0.0,0.0,0.0
c02691,0.0,0.0,0.0
c02692,0.0,0.0,0.0
c02693,0.0,0.0,0.0
c02694,0.0,0.0,0.0
c02695,0.0,0.0,0.0
c02696,0.0,0.0,0.0
c02697,0.0,0.0,0.0
c02698,2.9475234936151717,0.0,0.0
c02699,9.206397156570672,0.0,0.0
c02700,19.524653503613777,0.0,0.0
c02701,12.630831621011266,0.0,0.0
c02702,0.0,0.0,0.0
c02703,0.0,0.0,0.0
c02704,0.0,0.0,0.0
c02705,0.0,0.0,0.0
c02706,10.113358939723433,0.0,0.0
c02707,0.0,0.0,0.0
c02708,0.0,0.0,0.0
c02709,0.0,0.0,0.0
c02710,0.0,0.0,0.0
c02711,0.0,0.0,0.0
c02712,0.0,0.0,0.0
c02713,0.0,0.0,0.0
c02714,0.0,0.0,0.0
c02715,0.0,0.0,0.0
c02716,0.0,0.0,0.0
c02717,0.0,0.0,0.0
c02718,0.0,0.0,0.0
c02719,0.0,0.0,0.0
c02720,0.0,0.0,0.0
c02721,0.0,0.0,0.0
c02722,0.0,0.0,0.0
c02723,0.0,0.0,0.0
c02724,0.0,0.0,0.0
c02725,0.0,0.0,0.0
c02726,0.0,0.0,0.0
c02727,0.0,0.0,0.0
c02728,4.934400448609688,0.0,0.0
c02729,25.745423912759122,0.0,0.0
c02730,0.0,0.0,0.0
c02731,0.0,0.0,0.0
c02732,0.0,0.0,0.0
c02733,0.0,0.0,0.0
c02734,0.0,0.0,0.0
c02735,0.0,0.0,0.0
c02736,0.0,0.0,0.0
c02737,8.855928624575798,0.0,0.0
c02738,8.855928624575798,0.0,0.0
c02739,0.0,0.0,0.0
c02740,0.0,0.0,0.0
c02741,0.0,0.0,0.0
c02742,0.0,0.0,0.0
c02743,0.0,0.0,0.0
c02744,0.0,0.0,0.0
c02745,0.0,0.0,0.0
c02746,0.0,0.0,0.0
c02747,0.0,0.0,0.0
c02748,16.14906152803838,0.0,0.0
c02749,16.14906152803838,0.0,0.0
c02750,0.0,0.0,0.0
c02751,0.0,0.0,0.0
c02752,0.0,0.0,0.0
c02753,0.0,0.0,0.0
c02754,0.0,0.0,0.0
c02755,0.0,0.0,0.0
c02756,5.053123538077054,0.0,0.0
c02757,5.053123538077054,0.0,0.0
c02758,0.0,0.0,0.0
c02759,0.0,0.0,0.0
c02760,0.0,0.0,0.0
c02761,0.0,0.0,0.0
c02762,17.234175296231612,0.0,0.0
c02763,17.234175296231612,0.0,0.0
c02764,0.0,0.0,0.0
c02765,0.0,0.0,0.0
c02766,0.0,0.0,0.0
c02767,0.0,0.0,0.0
c02768,0.0,0.0,0.0
c02769,0.0,0.0,0.0
c02770,0.0,0.0,0.0
c02771,0.0,0.0,0.0
c02772,0.0,0.0,0.0
c02773,0.0,0.0,0.0
c02774,0.0,0.0,0.0
c02775,0.0,0.0,0.0
c02776,0.0,0.0,0.0
c02777,0.0,0.0,0.0
c02778,0.0,0.0,0.0
c02779,0.0,0.0,0.0
c02780,0.0,0.0,0.0
c02781,0.0,0.0,0.0
c02782,0.0,0.0,0.0
c02783,0.0,0.0,0.0
c02784,0.0,0.0,0.0
c02785,0.0,0.0,0.0
c02786,0.0,0.0,0.0
c02787,0.0,0.0,0.0
c02788,0.0,0.0,0.0
c02789,0.0,0.0,0.0
c02790,0.0,0.0,0.0
c02791,0.0,0.0,0.0
c02792,0.0,0.0,0.0
c02793,0.0,0.0,0.0
c02794,0.0,0.0,0.0
c02795,0.0,0.0,0.0
c02796,2.9808730732460584,0.0,0.0
c02797,2.9808730732460584,0.0,0.0
c02798,0.0,0.0,0.0
c02799,0.0,0.0,0.0
c02800,0.0,0.0,0.0
c02801,0.0,0.0,0.0
c02802,0.0,0.0,0.0
c02803,0.0,0.0,0.0
c02804,0.0,0.0,0.0
c02805,0.0,0.0,0.0
c02806,0.0,0.0,0.0
c02807,0.0,0.0,0.0
c02808,0.0,0.0,0.0
c02809,0.0,0.0,0.0
c02810,0.0,0.0,0.0
c02811,0.0,0.0,0.0
c02812,0.0,0.0,0.0
c02813,0.0,0.0,0.0
c02814,0.0,0.0,0.0
c02815,0.0,0.0,0.0
c02816,0.0,0.0,0.0
c02817,0.0,0.0,0.0
c02818,0.0,0.0,0.0
c02819,0.0,0.0,0.0
c02820,0.0,0.0,0.0
c02821,6.177049257337317,0.0,0.0
c02822,18.807880878348584,0.0,0.0
c02823,0.0,0.0,0.0
c02824,0.0,0.0,0.0
c02825,0.0,0.0,0.0
c02826,0.0,0.0,0.0
c02827,10.113358939723433,0.0,0.0
c02828,0.0,0.0,0.0
c02829,0.0,0.0,0.0
c02830,0.0,0.0,0.0
c02831,0.0,0.0,0.0
c02832,0.0,0.0,0.0
c02833,0.0,0.0,0.0
c02834,0.0,0.0,0.0
c02835,0.0,0.0,0.0
c02836,0.0,0.0,0.0
c02837,0.0,0.0,0.0
c02838,0.0,0.0,0.0
c02839,0.0,0.0,0.0
c02840,0.0,0.0,0.0
c02841,0.0,0.0,0.0
c02842,0.0,0.0,0.0
c02843,0.0,0.0,0.0
c02844,0.0,0.0,0.0
c02845,0.0,0.0,0.0
c02846,0.0,0.0,0.0
c02847,0.0,0.0,0.0
c02848,0.0,0.0,0.0
c02849,0.0,0.0,0.0
c02850,25.745423912759122,0.0,0.0
c02851,0.0,0.0,0.0
c02852,0.0,0.0,0.0
c02853,0.0,0.0,0.0
c02854,0.0,0.0,0.0
c02855,0.0,0.0,0.0
c02856,0.0,0.0,0.0
c02857,0.0,0.0,0.0
c02858,8.855928624575798,0.0,0.0
c02859,0.0,0.0,0.0
c02860,0.0,0.0,0.0
c02861,0.0,0.0,0.0
c02862,0.0,0.0,0.0
c02863,0.0,0.0,0.0
c02864,0.0,0.0,0.0
c02865,0.0,0.0,0.0
c02866,0.0,0.0,0.0
c02867,0.0,0.0,0.0
c02868,0.0,0.0,0.0
c02869,0.0,0.0,0.0
c02870,16.14906152803838,0.0,1.0
c02871,0.0,0.0,0.0
c02872,0.0,0.0,0.0
c02873,0.0,0.0,0.0
c02874,0.0,0.0,0.0
c02875,0.0,0.0,0.0
c02876,0.0,0.0,0.0
c02877,5.053123538077054,0.0,0.0
c02878,0.0,0.0,0.0
c02879,0.0,0.0,0.0
c02880,0.0,0.0,0.0
c02881,0.0,0.0,0.0
c02882,0.0,0.0,0.0
c02883,24.743080532968193,0.0,0.0
c02884,0.0,0.0,0.0
c02885,0.0,0.0,0.0
c02886,0.0,0.0,0.0
c02887,0.0,0.0,0.0
c02888,0.0,0.0,0.0
c02889,0.0,0.0,0.0
c02890,0.0,0.0,0.0
c02891,0.0,0.0,0.0
c02892,0.0,0.0,0.0
c02893,0.0,0.0,0.0
c02894,0.0,0.0,0.0
c02895,0.0,0.0,0.0
c02896,0.0,0.0,0.0
c02897,0.0,0.0,0.0
c02898,0.0,0.0,0.0
c02899,0.0,0.0,0.0
c02900,0.0,0.0,0.0
c02901,0.0,0.0,0.0
c02902,0.0,0.0,0.0
c02903,0.0,0.0,0.0
c02904,0.0,0.0,0.0
c02905,0.0,0.0,0.0
c02906,0.0,0.0,0.0
c02907,0.0,0.0,0.0
c02908,0.0,0.0,0.0
c02909,0.0,0.0,0.0
c02910,0.0,0.0,0.0
c02911,0.0,0.0,0.0
c02912,0.0,0.0,0.0
c02913,0.0,0.0,0.0
c02914,0.0,0.0,0.0
c02915,0.0,0.0,0.0
c02916,0.0,0.0,0.0
c02917,0.0,0.0,0.0
c02918,3.7562930205987857,0.0,0.0
c02919,21.314671696614326,0.0,0.0
c02920,10.41784455620045,0.0,0.0
c02921,10.41784455620045,0.0,0.0
c02922,0.0,0.0,0.0
c02923,0.0,0.0,0.0
c02924,0.0,0.0,0.0
c02925,0.0,0.0,0.0
c02926,0.0,0.0,0.0
c02927,0.0,0.0,0.0
c02928,0.0,0.0,0.0
c02929,0.0,0.0,0.0
c02930,0.0,0.0,0.0
c02931,0.0,0.0,0.0
c02932,0.0,0.0,0.0
c02933,0.0,0.0,0.0
c02934,0.0,0.0,0.0
c02935,0.0,0.0,0.0
c02936,0.0,0.0,0.0
c02937,0.0,0.0,0.0
c02938,0.0,0.0,0.0
c02939,0.0,0.0,0.0
c02940,0.0,0.0,0.0
c02941,0.0,0.0,0.0
c02942,0.0,0.0,0.0
c02943,18.807880878348584,0.0,1.0
c02944,18.807880878348584,0.0,0.0
c02945,0.0,0.0,0.0
c02946,0.0,0.0,0.0
c02947,10.113358939723433,0.0,0.0
c02948,10.113358939723433,0.0,0.0
c02949,0.0,0.0,0.0
c02950,0.0,0.0,0.0
c02951,0.0,0.0,0.0
c02952,0.0,0.0,0.0
c02953,0.0,0.0,0.0
c02954,0.0,0.0,0.0
c02955,0.0,0.0,0.0
c02956,0.0,0.0,0.0
c02957,0.0,0.0,0.0
c02958,0.0,0.0,0.0
c02959,0.0,0.0,0.0
c02960,0.0,0.0,0.0
c02961,0.0,0.0,0.0
c02962,0.0,0.0,0.0
c02963,0.0,0.0,0.0
c02964,0.0,0.0,0.0
c02965,0.0,0.0,0.0
c02966,0.0,0.0,0.0
c02967,0.0,0.0,0.0
c02968,0.0,0.0,0.0
c02969,0.0,0.0,0.0
c02970,0.0,0.0,0.0
c02971,20.811023464149436,0.0,0.0
c02972,0.0,0.0,0.0
c02973,0.0,0.0,0.0
c02974,0.0,0.0,0.0
c02975,0.0,0.0,0.0
c02976,0.0,0.0,0.0
c02977,0.0,0.0,0.0
c02978,0.0,0.0,0.0
c02979,8.855928624575798,0.0,0.0
c02980,8.855928624575798,0.0,0.0
c02981,0.0,0.0,0.0
c02982,0.0,0.0,0.0
c02983,0.0,0.0,0.0
c02984,0.0,0.0,0.0
c02985,0.0,0.0,0.0
c02986,0.0,0.0,0.0
c02987,0.0,0.0,0.0
c02988,0.0,0.0,0.0
c02989,4.316850556959862,0.0,0.0
c02990,4.316850556959862,0.0,0.0
c02991,20.465912084998244,0.0,0.0
c02992,0.0,0.0,0.0
c02993,0.0,0.0,0.0
c02994,0.0,0.0,0.0
c02995,0.0,0.0,0.0
c02996,10.400634273482082,0.0,0.0
c02997,15.453757811559136,0.0,0.0
c02998,5.053123538077054,0.0,0.0
c02999,0.0,0.0,0.0
c03000,0.0,0.0,0.0
c03001,0.0,0.0,0.0
c03002,5.48044281241253,0.0,0.0
c03003,6.608142363890228,0.0,0.0
c03004,14.067480993903661,0.0,0.0
c03005,0.0,0.0,0.0
c03006,0.0,0.0,0.0
c03007,0.0,0.0,0.0
c03008,0.0,0.0,0.0
c03009,0.0,0.0,0.0
c03010,0.0,0.0,0.0
c03011,0.0,0.0,0.0
c03012,0.0,0.0,0.0
c03013,0.0,0.0,0.0
c03014,0.0,0.0,0.0
c03015,0.0,0.0,0.0
c03016,0.0,0.0,0.0
c03017,0.0,0.0,0.0
c03018,0.0,0.0,0.0
c03019,0.0,0.0,0.0
c03020,0.0,0.0,0.0
c03021,0.0,0.0,0.0
c03022,0.0,0.0,0.0
c03023,0.0,0.0,0.0
c03024,0.0,0.0,0.0
c03025,0.0,0.0,0.0
c03026,0.0,0.0,0.0
c03027,0.0,0.0,0.0
c03028,0.0,0.0,0.0
c03029,0.0,0.0,0.0
c03030,0.0,0.0,0.0
c03031,0.0,0.0,0.0
c03032,0.0,0.0,0.0
c03033,0.0,0.0,0.0
c03034,0.0,0.0,0.0
c03035,0.0,0.0,0.0
c03036,0.0,0.0,0.0
c03037,0.0,0.0,0.0
c03038,0.0,0.0,0.0
c03039,0.0,0.0,0.0
c03040,9.938467247061329,0.0,0.0
c03041,9.938467247061329,0.0,0.0
c03042,10.41784455620045,0.0,0.0
c03043,10.41784455620045,0.0,0.0
c03044,10.41784455620045,0.0,0.0
c03045,12.765021269963821,0.0,0.0
c03046,12.765021269963821,0.0,0.0
c03047,10.41784455620045,0.0,0.0
c03048,0.0,0.0,0.0
c03049,0.0,0.0,0.0
c03050,0.0,0.0,0.0
c03051,0.0,0.0,0.0
c03052,0.0,0.0,0.0
c03053,0.0,0.0,0.0
c03054,0.0,0.0,0.0
c03055,0.0,0.0,0.0
c03056,0.0,0.0,0.0
c03057,0.0,0.0,0.0
c03058,0.0,0.0,0.0
c03059,0.0,0.0,0.0
c03060,0.0,0.0,0.0
c03061,0.0,0.0,0.0
c03062,0.0,0.0,0.0
c03063,0.0,0.0,0.0
c03064,0.0,0.0,0.0
c03065,18.807880878348584,0.0,0.0
c03066,12.630831621011266,0.0,0.0
c03067,0.0,0.0,0.0
c03068,10.113358939723433,0.0,0.0
c03069,0.0,0.0,0.0
c03070,0.0,0.0,0.0
c03071,0.0,0.0,0.0
c03072,0.0,0.0,0.0
c03073,0.0,0.0,0.0
c03074,0.0,0.0,0.0
c03075,0.0,0.0,0.0
c03076,0.0,0.0,0.0
c03077,0.0,0.0,0.0
c03078,0.0,0.0,0.0
c03079,0.0,0.0,0.0
c03080,0.0,0.0,0.0
c03081,0.0,0.0,0.0
c03082,0.0,0.0,0.0
c03083,0.0,0.0,0.0
c03084,0.0,0.0,0.0
c03085,0.0,0.0,0.0
c03086,0.0,0.0,0.0
c03087,0.0,0.0,0.0
c03088,0.0,0.0,0.0
c03089,0.0,0.0,0.0
c03090,0.0,0.0,0.0
c03091,0.0,0.0,0.0
c03092,20.811023464149436,0.0,0.0
c03093,0.0,0.0,0.0
c03094,0.0,0.0,0.0
c03095,0.0,0.0,0.0
c03096,0.0,0.0,0.0
c03097,0.0,0.0,0.0
c03098,0.0,0.0,0.0
c03099,0.0,0.0,0.0
c03100,0.0,0.0,0.0
c03101,9.923872418019982,0.0,0.0
c03102,0.0,0.0,0.0
c03103,0.0,0.0,0.0
c03104,1.8253377353906082,0.0,0.0
c03105,0.0,0.0,0.0
c03106,0.0,0.0,0.0
c03107,0.0,0.0,0.0
c03108,0.0,0.0,0.0
c03109,0.0,0.0,0.0
c03110,4.316850556959862,0.0,0.0
c03111,4.316850556959862,0.0,0.0
c03112,16.14906152803838,0.0,0.0
c03113,0.0,0.0,0.0
c03114,0.0,0.0,0.0
c03115,0.0,0.0,0.0
c03116,0.0,0.0,0.0
c03117,10.400634273482082,0.0,0.0
c03118,10.400634273482082,0.0,0.0
c03119,0.0,0.0,0.0
c03120,0.0,0.0,0.0
c03121,0.0,0.0,0.0
c03122,0.0,0.0,0.0
c03123,5.48044281241253,0.0,0.0
c03124,0.0,0.0,0.0
c03125,7.459338630013433,0.0,0.0
c03126,0.0,0.0,0.0
c03127,0.0,0.0,0.0
c03128,0.0,0.0,0.0
c03129,0.0,0.0,0.0
c03130,0.0,0.0,0.0
c03131,0.0,0.0,0.0
c03132,0.0,0.0,0.0
c03133,0.0,0.0,0.0
c03134,0.0,0.0,0.0
c03135,0.0,0.0,0.0
c03136,0.0,0.0,0.0
c03137,0.0,0.0,0.0
c03138,0.0,0.0,0.0
c03139,0.0,0.0,0.0
c03140,0.0,0.0,0.0
c03141,0.0,0.0,0.0
c03142,0.0,0.0,0.0
c03143,0.0,0.0,0.0
c03144,0.0,0.0,0.0
c03145,0.0,0.0,0.0
c03146,0.0,0.0,0.0
c03147,0.0,0.0,0.0
c03148,0.0,0.0,0.0
c03149,0.0,0.0,0.0
c03150,0.0,0.0,0.0
c03151,0.0,0.0,0.0
c03152,0.0,0.0,0.0
c03153,0.0,0.0,0.0
c03154,0.0,0.0,0.0
c03155,0.0,0.0,0.0
c03156,0.0,0.0,0.0
c03157,0.0,0.0,0.0
c03158,0.0,0.0,0.0
c03159,0.0,0.0,0.0
c03160,0.0,0.0,0.0
c03161,0.0,0.0,0.0
c03162,9.938467247061329,0.0,0.0
c03163,9.938467247061329,0.0,0.0
c03164,0.0,0.0,0.0
c03165,0.0,0.0,0.0
c03166,2.3471767137633703,0.0,0.0
c03167,0.0,0.0,0.0
c03168,10.41784455620045,0.0,0.0
c03169,18.62456456325758,1.0,0.0
c03170,0.0,0.0,0.0
c03171,0.0,0.0,0.0
c03172,0.0,0.0,0.0
c03173,0.0,0.0,0.0
c03174,0.0,0.0,0.0
c03175,0.0,0.0,0.0
c03176,0.0,0.0,0.0
c03177,0.0,0.0,0.0
c03178,0.0,0.0,0.0
c03179,0.0,0.0,0.0
c03180,0.0,0.0,0.0
c03181,0.0,0.0,0.0
c03182,0.0,0.0,0.0
c03183,0.0,0.0,0.0
c03184,0.0,0.0,0.0
c03185,0.0,0.0,0.0
c03186,6.177049257337317,0.0,0.0
c03187,21.71222753051329,0.0,0.0
c03188,1.0536545470953387,0.0,0.0
c03189,10.113358939723433,0.0,0.0
c03190,0.0,0.0,0.0
c03191,0.0,0.0,0.0
c03192,0.0,0.0,0.0
c03193,0.0,0.0,0.0
c03194,0.0,0.0,0.0
c03195,0.0,0.0,0.0
c03196,0.0,0.0,0.0
c03197,0.0,0.0,0.0
c03198,0.0,0.0,0.0
c03199,0.0,0.0,0.0
c03200,0.0,0.0,0.0
c03201,0.0,0.0,0.0
c03202,0.0,0.0,0.0
c03203,0.0,0.0,0.0
c03204,0.0,0.0,0.0
c03205,0.0,0.0,0.0
c03206,0.0,0.0,0.0
c03207,0.0,0.0,0.0
c03208,0.0,0.0,0.0
c03209,0.0,0.0,0.0
c03210,0.0,0.0,0.0
c03211,0.0,0.0,0.0
c03212,20.811023464149436,0.0,0.0
c03213,20.811023464149436,0.0,0.0
c03214,0.0,0.0,0.0
c03215,0.0,0.0,0.0
c03216,0.0,0.0,0.0
c03217,0.0,0.0,0.0
c03218,0.0,0.0,0.0
c03219,0.0,0.0,0.0
c03220,0.0,0.0,0.0
c03221,0.0,0.0,0.0
c03222,2.9285290244920694,0.0,0.0
c03223,9.34690060649201,0.0,0.0
c03224,3.705702686816248,0.0,0.0
c03225,1.8253377353906082,0.0,0.0
c03226,0.0,0.0,0.0
c03227,0.0,0.0,0.0
c03228,0.0,0.0,0.0
c03229,0.0,0.0,0.0
c03230,0.0,0.0,0.0
c03231,0.0,0.0,0.0
c03232,4.316850556959862,0.0,0.0
c03233,16.14906152803838,0.0,0.0
c03234,16.14906152803838,0.0,0.0
c03235,0.0,0.0,0.0
c03236,0.0,0.0,0.0
c03237,0.0,0.0,0.0
c03238,10.400634273482082,0.0,0.0
c03239,0.0,0.0,0.0
c03240,0.0,0.0,0.0
c03241,0.0,0.0,0.0
c03242,0.0,0.0,0.0
c03243,5.48044281241253,0.0,0.0
c03244,5.48044281241253,0.0,0.0
c03245,0.0,0.0,0.0
c03246,7.459338630013433,0.0,0.0
c03247,0.0,0.0,0.0
c03248,0.0,0.0,0.0
c03249,0.0,0.0,0.0
c03250,0.0,0.0,0.0
c03251,0.0,0.0,0.0
c03252,0.0,0.0,0.0
c03253,0.0,0.0,0.0
c03254,0.0,0.0,0.0
c03255,0.0,0.0,0.0
c03256,0.0,0.0,0.0
c03257,0.0,0.0,0.0
c03258,0.0,0.0,0.0
c03259,0.0,0.0,0.0
c03260,9.87547927886867,0.0,0.0
c03261,9.87547927886867,0.0,0.0
c03262,9.87547927886867,0.0,0.0
c03263,0.0,0.0,0.0
c03264,0.0,0.0,0.0
c03265,0.0,0.0,0.0
c03266,0.0,0.0,0.0
c03267,0.0,0.0,0.0
c03268,0.0,0.0,0.0
c03269,0.0,0.0,0.0
c03270,0.0,0.0,0.0
c03271,0.0,0.0,0.0
c03272,0.0,0.0,0.0
c03273,0.0,0.0,0.0
c03274,0.0,0.0,0.0
c03275,0.0,0.0,0.0
c03276,0.0,0.0,0.0
c03277,0.0,0.0,0.0
c03278,0.0,0.0,0.0
c03279,0.0,0.0,0.0
c03280,0.0,0.0,0.0
c03281,0.0,0.0,0.0
c03282,0.0,0.0,0.0
c03283,0.0,0.0,0.0
c03284,9.938467247061329,0.0,0.0
c03285,9.938467247061329,0.0,0.0
c03286,0.0,0.0,0.0
c03287,3.7410709042744146,0.0,0.0
c03288,0.0,0.0,0.0
c03289,3.755206548947268,0.0,0.0
c03290,8.206720007057129,0.0,0.0
c03291,0.0,0.0,0.0
c03292,0.0,0.0,0.0
c03293,0.0,0.0,0.0
c03294,0.0,0.0,0.0
c03295,0.0,0.0,0.0
c03296,0.0,0.0,0.0
c03297,0.0,0.0,0.0
c03298,0.0,0.0,0.0
c03299,0.0,0.0,0.0
c03300,0.0,0.0,0.0
c03301,0.0,0.0,0.0
c03302,0.0,0.0,0.0
c03303,0.0,0.0,0.0
c03304,0.0,0.0,0.0
c03305,0.0,0.0,0.0
c03306,0.0,0.0,0.0
c03307,0.0,0.0,0.0
c03308,0.0,0.0,0.0
c03309,4.1672721375288315,0.0,0.0
c03310,13.226976530156925,0.0,0.0
c03311,0.0,0.0,0.0
c03312,0.0,0.0,0.0
c03313,0.0,0.0,0.0
c03314,0.0,0.0,0.0
c03315,0.0,0.0,0.0
c03316,0.0,0.0,0.0
c03317,0.0,0.0,0.0
c03318,0.0,0.0,0.0
c03319,0.0,0.0,0.0
c03320,0.0,0.0,0.0
c03321,0.0,0.0,0.0
c03322,0.0,0.0,0.0
c03323,0.0,0.0,0.0
c03324,0.0,0.0,0.0
c03325,0.0,0.0,0.0
c03326,0.0,0.0,0.0
c03327,0.0,0.0,0.0
c03328,0.0,0.0,0.0
c03329,0.0,0.0,0.0
c03330,0.0,0.0,0.0
c03331,0.0,0.0,0.0
c03332,0.0,0.0,0.0
c03333,20.811023464149436,0.0,0.0
c03334,0.0,0.0,0.0
c03335,0.0,0.0,0.0
c03336,0.0,0.0,0.0
c03337,0.0,0.0,0.0
c03338,0.0,0.0,0.0
c03339,0.0,0.0,0.0
c03340,0.0,0.0,0.0
c03341,0.0,0.0,0.0
c03342,0.0,0.0,0.0
c03343,0.0,0.0,0.0
c03344,8.062039015217533,0.0,0.0
c03345,5.193686262089104,0.0,0.0
c03346,1.4879835752728563,0.0,0.0
c03347,1.4879835752728563,0.0,0.0
c03348,0.0,0.0,0.0
c03349,0.0,0.0,0.0
c03350,0.0,0.0,0.0
c03351,0.0,0.0,0.0
c03352,0.0,0.0,0.0
c03353,0.0,0.0,0.0
c03354,0.0,0.0,0.0
c03355,16.14906152803838,0.0,0.0
c03356,0.0,0.0,0.0
c03357,0.0,0.0,0.0
c03358,10.400634273482082,0.0,0.0
c03359,10.400634273482082,0.0,0.0
c03360,0.0,0.0,0.0
c03361,0.0,0.0,0.0
c03362,0.0,0.0,0.0
c03363,1.2187494452890641,0.0,0.0
c03364,8.996881993660953,0.0,0.0
c03365,2.099434065268439,0.0,0.0
c03366,3.268716537242544,0.0,0.0
c03367,7.459338630013433,0.0,0.0
c03368,0.0,0.0,0.0
c03369,0.0,0.0,0.0
c03370,0.0,0.0,0.0
c03371,0.0,0.0,0.0
c03372,0.0,0.0,0.0
c03373,0.0,0.0,0.0
c03374,0.0,0.0,0.0
c03375,0.0,0.0,0.0
c03376,0.0,0.0,0.0
c03377,0.0,0.0,0.0
c03378,0.0,0.0,0.0
c03379,0.0,0.0,0.0
c03380,0.0,0.0,0.0
c03381,9.87547927886867,0.0,0.0
c03382,0.0,0.0,0.0
c03383,9.87547927886867,0.0,0.0
c03384,9.87547927886867,0.0,0.0
c03385,0.0,0.0,0.0
c03386,0.0,0.0,0.0
c03387,0.0,0.0,0.0
c03388,0.0,0.0,0.0
c03389,0.0,0.0,0.0
c03390,0.0,0.0,0.0
c03391,0.0,0.0,0.0
c03392,0.0,0.0,0.0
c03393,0.0,0.0,0.0
c03394,0.0,0.0,0.0
c03395,0.0,0.0,0.0
c03396,0.0,0.0,0.0
c03397,0.0,0.0,0.0
c03398,0.0,0.0,0.0
c03399,0.0,0.0,0.0
c03400,0.0,0.0,0.0
c03401,0.0,0.0,0.0
c03402,0.0,0.0,0.0
c03403,0.0,0.0,0.0
c03404,0.0,0.0,0.0
c03405,1.0772520506956653,0.0,0.0
c03406,12.642217439477928,0.0,0.0
c03407,1.3020661844816541,0.0,0.0
c03408,1.5124763425798111,0.0,0.0
c03409,0.0,0.0,0.0
c03410,3.755206548947268,0.0,0.0
c03411,4.4515134581098605,0.0,0.0
c03412,0.0,0.0,0.0
c03413,0.0,0.0,0.0
c03414,0.0,0.0,0.0
c03415,0.0,0.0,0.0
c03416,0.0,0.0,0.0
c03417,0.0,0.0,0.0
c03418,0.0,0.0,0.0
c03419,0.0,0.0,0.0
c03420,0.0,0.0,0.0
c03421,0.0,0.0,0.0
c03422,0.0,0.0,0.0
c03423,0.0,0.0,0.0
c03424,0.0,0.0,0.0
c03425,0.0,0.0,0.0
c03426,0.0,0.0,0.0
c03427,0.0,0.0,0.0
c03428,0.0,0.0,0.0
c03429,0.0,0.0,0.0
c03430,0.0,0.0,0.0
c03431,16.9252825711142,0.0,0.0
c03432,4.848670786983126,1.0,0.0
c03433,0.0,0.0,0.0
c03434,0.0,0.0,0.0
c03435,0.0,0.0,0.0
c03436,0.0,0.0,0.0
c03437,0.0,0.0,0.0
c03438,0.0,0.0,0.0
c03439,0.0,0.0,0.0
c03440,0.0,0.0,0.0
c03441,0.0,0.0,0.0
c03442,0.0,0.0,0.0
c03443,0.0,0.0,0.0
c03444,0.0,0.0,0.0
c03445,0.0,0.0,0.0
c03446,0.0,0.0,0.0
c03447,0.0,0.0,0.0
c03448,0.0,0.0,0.0
c03449,0.0,0.0,0.0
c03450,0.0,0.0,0.0
c03451,0.0,0.0,0.0
c03452,0.0,0.0,0.0
c03453,0.0,0.0,0.0
c03454,20.811023464149436,0.0,0.0
c03455,0.0,0.0,0.0
c03456,0.0,0.0,0.0
c03457,0.0,0.0,0.0
c03458,0.0,0.0,0.0
c03459,0.0,0.0,0.0
c03460,0.0,0.0,0.0
c03461,0.0,0.0,0.0
c03462,0.0,0.0,0.0
c03463,0.0,0.0,0.0
c03464,0.0,0.0,0.0
c03465,6.181674063791892,0.0,0.0
c03466,0.0,0.0,0.0
c03467,0.0,0.0,0.0
c03468,0.0,0.0,0.0
c03469,0.0,0.0,0.0
c03470,0.0,0.0,0.0
c03471,0.0,0.0,0.0
c03472,0.0,0.0,0.0
c03473,0.0,0.0,0.0
c03474,0.0,0.0,0.0
c03475,0.0,0.0,0.0
c03476,16.14906152803838,0.0,0.0
c03477,0.0,0.0,0.0
c03478,0.0,0.0,0.0
c03479,10.400634273482082,0.0,0.0
c03480,0.0,0.0,0.0
c03481,0.0,0.0,0.0
c03482,0.0,0.0,0.0
c03483,0.0,0.0,0.0
c03484,0.0,0.0,0.0
c03485,1.717006273684337,0.0,0.0
c03486,3.8486664804810937,0.0,0.0
c03487,2.234953893131151,0.0,0.0
c03488,7.459338630013433,0.0,0.0
c03489,0.0,0.0,0.0
c03490,0.0,0.0,0.0
c03491,0.0,0.0,0.0
c03492,0.0,0.0,0.0
c03493,0.0,0.0,0.0
c03494,0.0,0.0,0.0
c03495,0.0,0.0,0.0
c03496,0.0,0.0,0.0
c03497,0.0,0.0,0.0
c03498,0.0,0.0,0.0
c03499,0.0,0.0,0.0
c03500,0.0,0.0,0.0
c03501,10.19845122083946,0.0,0.0
c03502,20.073930499708133,0.0,0.0
c03503,0.0,0.0,0.0
c03504,0.0,0.0,0.0
c03505,9.87547927886867,0.0,0.0
c03506,0.0,0.0,0.0
c03507,0.0,0.0,0.0
c03508,0.0,0.0,0.0
c03509,0.0,0.0,0.0
c03510,0.0,0.0,0.0
c03511,0.0,0.0,0.0
c03512,0.0,0.0,0.0
c03513,0.0,0.0,0.0
c03514,0.0,0.0,0.0
c03515,0.0,0.0,0.0
c03516,0.0,0.0,0.0
c03517,0.0,0.0,0.0
c03518,0.0,0.0,0.0
c03519,0.0,0.0,0.0
c03520,0.0,0.0,0.0
c03521,0.0,0.0,0.0
c03522,0.0,0.0,0.0
c03523,0.0,0.0,0.0
c03524,0.0,0.0,0.0
c03525,0.0,0.0,0.0
c03526,3.1100646463124275,0.0,0.0
c03527,16.363310534679936,0.0,0.0
c03528,13.244728683314575,0.0,0.0
c03529,15.439240938118552,0.0,0.0
c03530,6.27667250055509,0.0,0.0
c03531,12.743861149559178,0.0,0.0
c03532,4.4515134581098605,0.0,0.0
c03533,0.0,0.0,0.0
c03534,0.0,0.0,0.0
c03535,0.0,0.0,0.0
c03536,0.0,0.0,0.0
c03537,0.0,0.0,0.0
c03538,0.0,0.0,0.0
c03539,0.0,0.0,0.0
c03540,0.0,0.0,0.0
c03541,0.0,0.0,0.0
c03542,0.0,0.0,0.0
c03543,0.0,0.0,0.0
c03544,0.0,0.0,0.0
c03545,0.0,0.0,0.0
c03546,0.0,0.0,0.0
c03547,0.0,0.0,0.0
c03548,0.0,0.0,0.0
c03549,0.0,0.0,0.0
c03550,0.0,0.0,0.0
c03551,0.0,0.0,0.0
c03552,0.0,0.0,0.0
c03553,5.893617819235008,0.0,0.0
c03554,0.0,0.0,0.0
c03555,0.0,0.0,0.0
c03556,0.0,0.0,0.0
c03557,0.0,0.0,0.0
c03558,0.0,0.0,0.0
c03559,0.0,0.0,0.0
c03560,0.0,0.0,0.0
c03561,0.0,0.0,0.0
c03562,0.0,0.0,0.0
c03563,0.0,0.0,0.0
c03564,0.0,0.0,0.0
c03565,0.0,0.0,0.0
c03566,0.0,0.0,0.0
c03567,0.0,0.0,0.0
c03568,0.0,0.0,0.0
c03569,0.0,0.0,0.0
c03570,0.0,0.0,0.0
c03571,0.0,0.0,0.0
c03572,0.0,0.0,0.0
c03573,0.0,0.0,0.0
c03574,0.0,0.0,0.0
c03575,20.811023464149436,0.0,0.0
c03576,0.0,0.0,0.0
c03577,0.0,0.0,0.0
c03578,0.0,0.0,0.0
c03579,0.0,0.0,0.0
c03580,0.0,0.0,0.0
c03581,0.0,0.0,0.0
c03582,0.0,0.0,0.0
c03583,0.0,0.0,0.0
c03584,0.0,0.0,0.0
c03585,0.0,0.0,0.0
c03586,4.694249441266835,0.0,0.0
c03587,0.0,0.0,0.0
c03588,0.0,0.0,0.0
c03589,0.0,0.0,0.0
c03590,0.0,0.0,0.0
c03591,0.0,0.0,0.0
c03592,0.0,0.0,0.0
c03593,0.0,0.0,0.0
c03594,0.0,0.0,0.0
c03595,0.0,0.0,0.0
c03596,0.0,0.0,0.0
c03597,16.14906152803838,1.0,0.0
c03598,16.14906152803838,0.0,0.0
c03599,0.0,0.0,0.0
c03600,10.400634273482082,0.0,0.0
c03601,0.0,0.0,0.0
c03602,0.0,0.0,0.0
c03603,0.0,0.0,0.0
c03604,0.0,0.0,0.0
c03605,0.0,0.0,0.0
c03606,0.0,0.0,0.0
c03607,0.0,0.0,0.0
c03608,6.461534001434383,0.0,0.0
c03609,9.143680461881551,0.0,0.0
c03610,7.459338630013433,0.0,0.0
c03611,0.0,0.0,0.0
c03612,0.0,0.0,0.0
c03613,0.0,0.0,0.0
c03614,0.0,0.0,0.0
c03615,0.0,0.0,0.0
c03616,0.0,0.0,0.0
c03617,0.0,0.0,0.0
c03618,0.0,0.0,0.0
c03619,0.0,0.0,0.0
c03620,0.0,0.0,0.0
c03621,0.0,0.0,0.0
c03622,10.19845122083946,0.0,0.0
c03623,0.0,0.0,0.0
c03624,0.0,0.0,0.0
c03625,0.0,0.0,0.0
c03626,9.87547927886867,0.0,0.0
c03627,9.87547927886867,0.0,0.0
c03628,0.0,0.0,0.0
c03629,0.0,0.0,0.0
c03630,0.0,0.0,0.0
c03631,0.0,0.0,0.0
c03632,0.0,0.0,0.0
c03633,0.0,0.0,0.0
c03634,0.0,0.0,0.0
c03635,0.0,0.0,0.0
c03636,0.0,0.0,0.0
c03637,0.0,0.0,0.0
c03638,0.0,0.0,0.0
c03639,0.0,0.0,0.0
c03640,0.0,0.0,0.0
c03641,0.0,0.0,0.0
c03642,0.0,0.0,0.0
c03643,0.0,0.0,0.0
c03644,0.0,0.0,0.0
c03645,0.0,0.0,0.0
c03646,0.0,0.0,0.0
c03647,3.4574456451685474,0.0,0.0
c03648,3.742593065119305,0.0,0.0
c03649,2.810660773041722,0.0,0.0
c03650,2.3563759937662025,0.0,0.0
c03651,2.521465951607823,0.0,0.0
c03652,4.537141142502049,0.0,0.0
c03653,0.0,0.0,0.0
c03654,0.0,0.0,0.0
c03655,0.0,0.0,0.0
c03656,0.0,0.0,0.0
c03657,0.0,0.0,0.0
c03658,0.0,0.0,0.0
c03659,0.0,0.0,0.0
c03660,0.0,0.0,0.0
c03661,0.0,0.0,0.0
c03662,0.0,0.0,0.0
c03663,0.0,0.0,0.0
c03664,0.0,0.0,0.0
c03665,0.0,0.0,0.0
c03666,0.0,0.0,0.0
c03667,0.0,0.0,0.0
c03668,0.0,0.0,0.0
c03669,0.0,0.0,0.0
c03670,0.0,0.0,0.0
c03671,0.0,0.0,0.0
c03672,0.0,0.0,0.0
c03673,0.0,0.0,0.0
c03674,13.627166764764159,0.0,0.0
c03675,10.856821182435068,0.0,0.0
c03676,0.0,0.0,0.0
c03677,0.0,0.0,0.0
c03678,0.0,0.0,0.0
c03679,0.0,0.0,0.0
c03680,0.0,0.0,0.0
c03681,0.0,0.0,0.0
c03682,0.0,0.0,0.0
c03683,0.0,0.0,0.0
c03684,0.0,0.0,0.0
c03685,0.0,0.0,0.0
c03686,0.0,0.0,0.0
c03687,0.0,0.0,0.0
c03688,0.0,0.0,0.0
c03689,0.0,0.0,0.0
c03690,0.0,0.0,0.0
c03691,0.0,0.0,0.0
c03692,0.0,0.0,0.0
c03693,0.0,0.0,0.0
c03694,0.0,0.0,0.0
c03695,0.0,0.0,0.0
c03696,20.811023464149436,0.0,0.0
c03697,0.0,0.0,0.0
c03698,0.0,0.0,0.0
c03699,0.0,0.0,0.0
c03700,0.0,0.0,0.0
c03701,0.0,0.0,0.0
c03702,0.0,0.0,0.0
c03703,0.0,0.0,0.0
c03704,0.0,0.0,0.0
c03705,0.0,0.0,0.0
c03706,0.0,0.0,0.0
c03707,4.694249441266835,0.0,0.0
c03708,0.0,0.0,0.0
c03709,0.0,0.0,0.0
c03710,0.0,0.0,0.0
c03711,0.0,0.0,0.0
c03712,0.0,0.0,0.0
c03713,0.0,0.0,0.0
c03714,0.0,0.0,0.0
c03715,0.0,0.0,0.0
c03716,0.0,0.0,0.0
c03717,0.0,0.0,0.0
c03718,0.0,0.0,0.0
c03719,16.14906152803838,0.0,0.0
c03720,0.0,0.0,0.0
c03721,10.400634273482082,0.0,0.0
c03722,0.0,0.0,0.0
c03723,0.0,0.0,0.0
c03724,0.0,0.0,0.0
c03725,0.0,0.0,0.0
c03726,0.0,0.0,0.0
c03727,0.0,0.0,0.0
c03728,3.6901873112306616,0.0,0.0
c03729,4.992243903129898,0.0,0.0
c03730,15.279721600207726,0.0,0.0
c03731,7.459338630013433,0.0,0.0
c03732,0.0,0.0,0.0
c03733,0.0,0.0,0.0
c03734,0.0,0.0,0.0
c03735,0.0,0.0,0.0
c03736,0.0,0.0,0.0
c03737,0.0,0.0,0.0
c03738,0.0,0.0,0.0
c03739,0.0,0.0,0.0
c03740,0.0,0.0,0.0
c03741,0.0,0.0,0.0
c03742,0.0,0.0,0.0
c03743,10.19845122083946,0.0,0.0
c03744,0.0,0.0,0.0
c03745,0.0,0.0,0.0
c03746,0.0,0.0,0.0
c03747,0.0,0.0,0.0
c03748,9.87547927886867,0.0,0.0
c03749,15.921791175880621,0.0,0.0
c03750,6.014369513807285,0.0,0.0
c03751,0.0,0.0,0.0
c03752,0.0,0.0,0.0
c03753,0.0,0.0,0.0
c03754,0.0,0.0,0.0
c03755,0.0,0.0,0.0
c03756,0.0,0.0,0.0
c03757,0.0,0.0,0.0
c03758,0.0,0.0,0.0
c03759,0.0,0.0,0.0
c03760,0.0,0.0,0.0
c03761,0.0,0.0,0.0
c03762,0.0,0.0,0.0
c03763,0.0,0.0,0.0
c03764,0.0,0.0,0.0
c03765,0.0,0.0,0.0
c03766,0.0,0.0,0.0
c03767,0.0,0.0,0.0
c03768,0.0,0.0,0.0
c03769,0.0,0.0,0.0
c03770,4.056217453701424,0.0,0.0
c03771,0.0,0.0,0.0
c03772,0.0,0.0,0.0
c03773,4.663077460182106,0.0,0.0
c03774,0.0,0.0,0.0
c03775,0.0,0.0,0.0
c03776,0.0,0.0,0.0
c03777,0.0,0.0,0.0
c03778,0.0,0.0,0.0
c03779,0.0,0.0,0.0
c03780,0.0,0.0,0.0
c03781,0.0,0.0,0.0
c03782,0.0,0.0,0.0
c03783,0.0,0.0,0.0
c03784,0.0,0.0,0.0
c03785,0.0,0.0,0.0
c03786,0.0,0.0,0.0
c03787,0.0,0.0,0.0
c03788,0.0,0.0,0.0
c03789,0.0,0.0,0.0
c03790,0.0,0.0,0.0
c03791,0.0,1.0,0.0
c03792,0.0,0.0,0.0
c03793,0.0,0.0,0.0
c03794,0.0,0.0,0.0
c03795,0.0,0.0,0.0
c03796,10.856821182435068,0.0,0.0
c03797,10.856821182435068,0.0,0.0
c03798,0.0,0.0,0.0
c03799,0.0,0.0,0.0
c03800,0.0,0.0,0.0
c03801,0.0,0.0,0.0
c03802,0.0,0.0,0.0
c03803,0.0,0.0,0.0
c03804,0.0,0.0,0.0
c03805,0.0,0.0,0.0
c03806,0.0,0.0,0.0
c03807,0.0,0.0,0.0
c03808,0.0,0.0,0.0
c03809,0.0,0.0,0.0
c03810,0.0,0.0,0.0
c03811,0.0,0.0,0.0
c03812,0.0,0.0,0.0
c03813,0.0,0.0,0.0
c03814,0.0,0.0,0.0
c03815,0.0,0.0,0.0
c03816,0.0,0.0,0.0
c03817,20.811023464149436,0.0,0.0
c03818,20.811023464149436,0.0,0.0
c03819,0.0,0.0,0.0
c03820,0.0,0.0,0.0
c03821,0.0,0.0,0.0
c03822,0.0,0.0,0.0
c03823,0.0,0.0,0.0
c03824,0.0,0.0,0.0
c03825,0.0,0.0,0.0
c03826,0.0,0.0,0.0
c03827,0.0,0.0,0.0
c03828,23.446919714617206,0.0,0.0
c03829,0.0,0.0,0.0
c03830,0.0,0.0,0.0
c03831,0.0,0.0,0.0
c03832,0.0,0.0,0.0
c03833,0.0,0.0,0.0
c03834,0.0,0.0,0.0
c03835,0.0,0.0,0.0
c03836,0.0,0.0,0.0
c03837,0.0,0.0,0.0
c03838,0.0,0.0,0.0
c03839,0.0,0.0,0.0
c03840,16.14906152803838,0.0,0.0
c03841,10.400634273482082,0.0,0.0
c03842,10.400634273482082,0.0,0.0
c03843,0.0,0.0,0.0
c03844,0.0,0.0,0.0
c03845,0.0,0.0,0.0
c03846,0.0,0.0,0.0
c03847,0.0,0.0,0.0
c03848,0.0,0.0,0.0
c03849,0.0,0.0,0.0
c03850,1.3020565918992366,0.0,0.0
c03851,5.142423430237743,0.0,0.0
c03852,3.8403668383385066,0.0,0.0
c03853,0.0,0.0,0.0
c03854,0.0,0.0,0.0
c03855,0.0,0.0,0.0
c03856,0.0,0.0,0.0
c03857,0.0,0.0,0.0
c03858,0.0,0.0,0.0
c03859,0.0,0.0,0.0
c03860,0.0,0.0,0.0
c03861,0.0,0.0,0.0
c03862,0.0,0.0,0.0
c03863,0.0,0.0,0.0
c03864,10.19845122083946,0.0,0.0
c03865,10.19845122083946,0.0,0.0
c03866,10.19845122083946,0.0,0.0
c03867,0.0,0.0,0.0
c03868,0.0,0.0,0.0
c03869,0.0,0.0,0.0
c03870,0.0,0.0,0.0
c03871,0.0,0.0,0.0
c03872,0.0,0.0,0.0
c03873,0.0,0.0,0.0
c03874,0.0,0.0,0.0
c03875,0.0,0.0,0.0
c03876,0.0,0.0,0.0
c03877,0.0,0.0,0.0
c03878,0.0,0.0,0.0
c03879,0.0,0.0,0.0
c03880,0.0,0.0,0.0
c03881,0.0,0.0,0.0
c03882,0.0,0.0,0.0
c03883,0.0,0.0,0.0
c03884,0.0,0.0,0.0
c03885,0.0,0.0,0.0
c03886,0.0,0.0,0.0
c03887,0.0,0.0,0.0
c03888,0.0,0.0,0.0
c03889,0.0,0.0,0.0
c03890,0.0,0.0,0.0
c03891,1.3071537878598452,0.0,0.0
c03892,0.0,0.0,0.0
c03893,0.0,0.0,0.0
c03894,2.6155419048820563,0.0,0.0
c03895,0.0,0.0,0.0
c03896,0.0,0.0,0.0
c03897,0.0,0.0,0.0
c03898,0.0,0.0,0.0
c03899,0.0,0.0,0.0
c03900,0.0,0.0,0.0
c03901,0.0,0.0,0.0
c03902,0.0,0.0,0.0
c03903,0.0,0.0,0.0
c03904,0.0,0.0,0.0
c03905,0.0,0.0,0.0
c03906,0.0,0.0,0.0
c03907,0.0,0.0,0.0
c03908,0.0,0.0,0.0
c03909,0.0,0.0,0.0
c03910,0.0,0.0,0.0
c03911,0.0,0.0,0.0
c03912,0.0,0.0,0.0
c03913,0.0,0.0,0.0
c03914,0.0,0.0,0.0
c03915,0.0,0.0,0.0
c03916,0.0,0.0,0.0
c03917,0.0,0.0,0.0
c03918,10.856821182435068,0.0,0.0
c03919,10.856821182435068,0.0,0.0
c03920,0.0,0.0,0.0
c03921,0.0,0.0,0.0
c03922,0.0,0.0,0.0
c03923,0.0,0.0,0.0
c03924,0.0,0.0,0.0
c03925,0.0,0.0,0.0
c03926,0.0,0.0,0.0
c03927,0.0,0.0,0.0
c03928,0.0,0.0,0.0
c03929,0.0,0.0,0.0
c03930,0.0,0.0,0.0
c03931,0.0,0.0,0.0
c03932,0.0,0.0,0.0
c03933,0.0,0.0,0.0
c03934,0.0,1.0,0.0
c03935,0.0,0.0,0.0
c03936,0.0,0.0,0.0
c03937,0.0,0.0,0.0
c03938,0.0,0.0,0.0
c03939,20.811023464149436,0.0,0.0
c03940,0.0,0.0,0.0
c03941,0.0,0.0,0.0
c03942,0.0,0.0,0.0
c03943,0.0,0.0,0.0
c03944,0.0,0.0,0.0
c03945,0.0,0.0,0.0
c03946,0.0,0.0,0.0
c03947,0.0,0.0,0.0
c03948,0.0,0.0,0.0
c03949,18.752670273350372,0.0,0.0
c03950,0.0,0.0,0.0
c03951,0.0,0.0,0.0
c03952,0.0,0.0,0.0
c03953,0.0,0.0,0.0
c03954,0.0,0.0,0.0
c03955,0.0,0.0,0.0
c03956,0.0,0.0,0.0
c03957,0.0,0.0,0.0
c03958,0.0,0.0,0.0
c03959,0.0,0.0,0.0
c03960,0.0,0.0,0.0
c03961,46.8255638340642,0.0,0.0
c03962,30.676502306025817,0.0,0.0
c03963,0.0,0.0,0.0
c03964,0.0,0.0,0.0
c03965,0.0,0.0,0.0
c03966,0.0,0.0,0.0
c03967,0.0,0.0,0.0
c03968,0.0,0.0,0.0
c03969,0.0,0.0,0.0
c03970,0.0,0.0,0.0
c03971,0.0,0.0,0.0
c03972,0.0,0.0,0.0
c03973,26.12475539668326,0.0,0.0
c03974,0.0,0.0,0.0
c03975,0.0,0.0,0.0
c03976,0.0,0.0,0.0
c03977,0.0,0.0,0.0
c03978,0.0,0.0,0.0
c03979,0.0,0.0,0.0
c03980,0.0,0.0,0.0
c03981,0.0,0.0,0.0
c03982,0.0,0.0,0.0
c03983,0.0,0.0,0.0
c03984,0.0,0.0,0.0
c03985,0.0,0.0,0.0
c03986,0.0,0.0,0.0
c03987,10.19845122083946,0.0,0.0
c03988,10.19845122083946,0.0,0.0
c03989,0.0,0.0,0.0
c03990,0.0,0.0,0.0
c03991,0.0,0.0,0.0
c03992,0.0,0.0,0.0
c03993,0.0,0.0,0.0
c03994,0.0,0.0,0.0
c03995,0.0,0.0,0.0
c03996,0.0,0.0,0.0
c03997,0.0,0.0,0.0
c03998,0.0,0.0,0.0
c03999,0.0,0.0,0.0
c04000,0.0,0.0,0.0
c04001,0.0,0.0,0.0
c04002,0.0,0.0,0.0
c04003,0.0,0.0,0.0
c04004,0.0,0.0,0.0
c04005,0.0,0.0,0.0
c04006,0.0,0.0,0.0
c04007,0.0,0.0,0.0
c04008,0.0,0.0,0.0
c04009,0.0,0.0,0.0
c04010,0.0,0.0,0.0
c04011,0.0,0.0,0.0
c04012,0.0,0.0,0.0
c04013,0.0,0.0,0.0
c04014,6.262717510567456,0.0,0.0
c04015,5.58067825532282,0.0,0.0
c04016,0.0,0.0,0.0
c04017,0.0,0.0,0.0
c04018,0.0,0.0,0.0
c04019,0.0,0.0,0.0
c04020,0.0,0.0,0.0
c04021,0.0,0.0,0.0
c04022,0.0,0.0,0.0
c04023,0.0,0.0,0.0
c04024,0.0,0.0,0.0
c04025,0.0,0.0,0.0
c04026,0.0,0.0,0.0
c04027,0.0,0.0,0.0
c04028,0.0,0.0,0.0
c04029,0.0,0.0,0.0
c04030,0.0,0.0,0.0
c04031,0.0,0.0,0.0
c04032,0.0,0.0,0.0
c04033,0.0,0.0,0.0
c04034,0.0,0.0,0.0
c04035,0.0,0.0,0.0
c04036,0.0,0.0,0.0
c04037,0.0,0.0,0.0
c04038,0.0,0.0,0.0
c04039,0.0,0.0,0.0
c04040,12.049015567698724,0.0,0.0
c04041,0.0,0.0,0.0
c04042,0.0,0.0,0.0
c04043,0.0,0.0,0.0
c04044,0.0,0.0,0.0
c04045,0.0,0.0,0.0
c04046,0.0,0.0,0.0
c04047,0.0,0.0,0.0
c04048,0.0,0.0,0.0
c04049,0.0,0.0,0.0
c04050,0.0,0.0,0.0
c04051,0.0,0.0,0.0
c04052,0.0,0.0,0.0
c04053,0.0,0.0,0.0
c04054,0.0,0.0,0.0
c04055,0.0,0.0,0.0
c04056,0.0,0.0,0.0
c04057,0.0,0.0,0.0
c04058,1.3993528124782553,0.0,0.0
c04059,0.0,0.0,0.0
c04060,20.811023464149436,0.0,0.0
c04061,0.0,0.0,0.0
c04062,0.0,0.0,0.0
c04063,0.0,0.0,0.0
c04064,8.825130372817826,0.0,0.0
c04065,8.825130372817826,0.0,0.0
c04066,0.0,0.0,0.0
c04067,8.825130372817826,0.0,0.0
c04068,9.078417392962741,0.0,0.0
c04069,1.609923323748702,1.0,0.0
c04070,19.840082651718433,0.0,0.0
c04071,0.0,0.0,0.0
c04072,0.0,0.0,0.0
c04073,0.0,0.0,0.0
c04074,0.0,0.0,0.0
c04075,0.0,0.0,0.0
c04076,0.0,0.0,0.0
c04077,0.0,0.0,0.0
c04078,0.0,0.0,0.0
c04079,0.0,0.0,0.0
c04080,0.0,0.0,0.0
c04081,0.0,0.0,0.0
c04082,20.275868032543737,0.0,0.0
c04083,0.0,0.0,0.0
c04084,0.0,0.0,0.0
c04085,0.0,0.0,0.0
c04086,0.0,0.0,0.0
c04087,0.0,0.0,0.0
c04088,0.0,0.0,0.0
c04089,0.0,0.0,0.0
c04090,0.0,0.0,0.0
c04091,0.0,0.0,0.0
c04092,0.0,0.0,0.0
c04093,0.0,0.0,0.0
c04094,23.211681717099005,0.0,0.0
c04095,0.9690086068425642,0.0,0.0
c04096,0.0,0.0,0.0
c04097,0.0,0.0,0.0
c04098,0.0,0.0,0.0
c04099,0.0,0.0,0.0
c04100,0.0,0.0,0.0
c04101,0.0,0.0,0.0
c04102,0.0,0.0,0.0
c04103,0.0,0.0,0.0
c04104,0.0,0.0,0.0
c04105,0.0,0.0,0.0
c04106,0.0,0.0,0.0
c04107,0.0,0.0,0.0
c04108,10.19845122083946,0.0,0.0
c04109,0.0,0.0,0.0
c04110,0.0,0.0,0.0
c04111,0.0,0.0,0.0
c04112,0.0,0.0,0.0
c04113,0.0,0.0,0.0
c04114,0.0,0.0,0.0
c04115,0.0,0.0,0.0
c04116,0.0,0.0,0.0
c04117,0.0,0.0,0.0
c04118,0.0,0.0,0.0
c04119,0.0,0.0,0.0
c04120,0.0,0.0,0.0
c04121,0.0,0.0,0.0
c04122,0.0,0.0,0.0
c04123,0.0,0.0,0.0
c04124,0.0,0.0,0.0
c04125,0.0,0.0,0.0
c04126,0.0,0.0,0.0
c04127,0.0,0.0,0.0
c04128,0.0,0.0,0.0
c04129,0.0,0.0,0.0
c04130,0.0,0.0,0.0
c04131,0.0,0.0,0.0
c04132,0.0,0.0,0.0
c04133,0.0,0.0,0.0
c04134,1.3850266841091898,0.0,0.0
c04135,3.8120156063974067,0.0,0.0
c04136,9.61718207255106,0.0,0.0
c04137,2.2037385118564514,0.0,0.0
c04138,0.0,0.0,0.0
c04139,0.0,0.0,0.0
c04140,0.0,0.0,0.0
c04141,0.0,0.0,0.0
c04142,0.0,0.0,0.0
c04143,0.0,0.0,0.0
c04144,0.0,0.0,0.0
c04145,0.0,0.0,0.0
c04146,0.0,0.0,0.0
c04147,0.0,0.0,0.0
c04148,0.0,0.0,0.0
c04149,0.0,0.0,0.0
c04150,0.0,0.0,0.0
c04151,0.0,0.0,0.0
c04152,0.0,0.0,0.0
c04153,0.0,0.0,0.0
c04154,0.0,0.0,0.0
c04155,0.0,0.0,0.0
c04156,0.0,0.0,0.0
c04157,0.0,0.0,0.0
c04158,0.0,0.0,0.0
c04159,0.0,0.0,0.0
c04160,0.0,0.0,0.0
c04161,1.1921943852636572,0.0,0.0
c04162,16.42053972453867,0.0,0.0
c04163,0.0,0.0,0.0
c04164,0.0,0.0,0.0
c04165,0.0,0.0,0.0
c04166,0.0,0.0,0.0
c04167,0.0,0.0,0.0
c04168,0.0,0.0,0.0
c04169,0.0,0.0,0.0
c04170,0.0,0.0,0.0
c04171,0.0,0.0,0.0
c04172,0.0,0.0,0.0
c04173,0.0,0.0,0.0
c04174,0.0,0.0,0.0
c04175,0.0,0.0,0.0
c04176,0.0,0.0,0.0
c04177,0.0,0.0,0.0
c04178,0.0,0.0,0.0
c04179,16.38384775081915,0.0,0.0
c04180,21.612706221594912,0.0,0.0
c04181,23.21304695157471,0.0,0.0
c04182,10.368334165089564,0.0,0.0
c04183,20.034225290389372,0.0,0.0
c04184,8.825130372817826,0.0,0.0
c04185,8.825130372817826,0.0,0.0
c04186,8.825130372817826,0.0,0.0
c04187,8.825130372817826,0.0,0.0
c04188,8.825130372817826,0.0,0.0
c04189,0.0,0.0,0.0
c04190,0.0,0.0,0.0
c04191,18.752670273350372,0.0,0.0
c04192,0.0,0.0,0.0
c04193,0.0,0.0,0.0
c04194,0.0,0.0,0.0
c04195,0.0,0.0,0.0
c04196,0.0,0.0,0.0
c04197,0.0,0.0,0.0
c04198,0.0,0.0,0.0
c04199,0.0,0.0,0.0
c04200,0.0,0.0,0.0
c04201,0.0,0.0,0.0
c04202,0.0,0.0,0.0
c04203,20.275868032543737,0.0,0.0
c04204,0.0,0.0,0.0
c04205,0.0,0.0,0.0
c04206,0.0,0.0,0.0
c04207,0.0,0.0,0.0
c04208,0.0,0.0,0.0
c04209,0.0,0.0,0.0
c04210,0.0,0.0,0.0
c04211,0.0,0.0,0.0
c04212,0.0,0.0,0.0
c04213,3.1147769699783736,0.0,0.0
c04214,3.1147769699783736,0.0,0.0
c04215,26.355624764759433,1.0,0.0
c04216,0.9690086068425642,1.0,0.0
c04217,0.0,0.0,0.0
c04218,0.0,0.0,0.0
c04219,0.0,0.0,0.0
c04220,0.0,0.0,0.0
c04221,0.0,0.0,0.0
c04222,0.0,0.0,0.0
c04223,0.0,0.0,0.0
c04224,0.0,0.0,0.0
c04225,0.0,0.0,0.0
c04226,0.0,0.0,0.0
c04227,0.0,0.0,0.0
c04228,0.0,0.0,0.0
c04229,10.19845122083946,0.0,0.0
c04230,0.0,0.0,0.0
c04231,0.0,0.0,0.0
c04232,0.0,0.0,0.0
c04233,0.0,0.0,0.0
c04234,8.481908031689867,0.0,0.0
c04235,0.0,0.0,0.0
c04236,0.0,0.0,0.0
c04237,0.0,0.0,0.0
c04238,0.0,0.0,0.0
c04239,0.0,0.0,0.0
c04240,0.0,0.0,0.0
c04241,0.0,0.0,0.0
c04242,0.0,0.0,0.0
c04243,0.0,0.0,0.0
c04244,0.0,0.0,0.0
c04245,0.0,0.0,0.0
c04246,0.0,0.0,0.0
c04247,0.0,0.0,0.0
c04248,0.0,0.0,0.0
c04249,0.0,0.0,0.0
c04250,0.0,0.0,0.0
c04251,0.0,0.0,0.0
c04252,0.0,0.0,0.0
c04253,0.0,0.0,0.0
c04254,0.0,0.0,0.0
c04255,0.0,0.0,0.0
c04256,4.7688949651651065,0.0,0.0
c04257,7.343111187455486,0.0,0.0
c04258,4.734426193574377,0.0,0.0
c04259,3.574119721015874,0.0,0.0
c04260,0.0,0.0,0.0
c04261,0.0,0.0,0.0
c04262,0.0,0.0,0.0
c04263,0.0,0.0,0.0
c04264,0.0,0.0,0.0
c04265,0.0,0.0,0.0
c04266,0.0,0.0,0.0
c04267,0.0,0.0,0.0
c04268,0.0,0.0,0.0
c04269,0.0,0.0,0.0
c04270,0.0,0.0,0.0
c04271,0.0,0.0,0.0
c04272,0.0,0.0,0.0
c04273,0.0,0.0,0.0
c04274,0.0,0.0,0.0
c04275,0.0,0.0,0.0
c04276,0.0,0.0,0.0
c04277,0.0,0.0,0.0
c04278,0.0,0.0,0.0
c04279,0.0,0.0,0.0
c04280,0.0,1.0,0.0
c04281,0.0,0.0,0.0
c04282,0.0,0.0,0.0
c04283,12.581865460452912,0.0,0.0
c04284,12.581865460452912,0.0,0.0
c04285,0.0,0.0,0.0
c04286,0.0,0.0,0.0
c04287,0.0,0.0,0.0
c04288,0.0,0.0,0.0
c04289,0.0,0.0,0.0
c04290,0.0,0.0,0.0
c04291,0.0,0.0,0.0
c04292,0.0,0.0,0.0
c04293,0.0,0.0,0.0
c04294,0.0,0.0,0.0
c04295,0.0,0.0,0.0
c04296,14.984494938340896,0.0,0.0
c04297,14.984494938340896,0.0,0.0
c04298,14.984494938340896,0.0,0.0
c04299,14.984494938340896,0.0,0.0
c04300,20.66882529704785,0.0,0.0
c04301,5.684330358706954,0.0,0.0
c04302,0.0,0.0,0.0
c04303,0.0,0.0,0.0
c04304,11.209094917571548,0.0,0.0
c04305,0.0,0.0,0.0
c04306,0.0,0.0,0.0
c04307,0.0,0.0,0.0
c04308,0.0,0.0,0.0
c04309,0.0,0.0,0.0
c04310,0.0,0.0,0.0
c04311,0.0,0.0,0.0
c04312,18.752670273350372,0.0,0.0
c04313,18.752670273350372,0.0,0.0
c04314,0.0,0.0,0.0
c04315,0.0,0.0,0.0
c04316,0.0,0.0,0.0
c04317,0.0,0.0,0.0
c04318,0.0,0.0,0.0
c04319,0.0,0.0,0.0
c04320,0.0,0.0,0.0
c04321,0.0,0.0,0.0
c04322,0.0,0.0,0.0
c04323,0.0,0.0,0.0
c04324,20.275868032543737,0.0,0.0
c04325,0.0,0.0,0.0
c04326,0.0,0.0,0.0
c04327,0.0,0.0,0.0
c04328,0.0,0.0,0.0
c04329,0.0,0.0,0.0
c04330,0.0,0.0,0.0
c04331,0.0,0.0,0.0
c04332,0.0,0.0,0.0
c04333,2.182260986178659,0.0,0.0
c04334,5.338968129774445,0.0,0.0
c04335,0.0,0.0,0.0
c04336,22.24267311025644,0.0,0.0
c04337,22.24267311025644,0.0,0.0
c04338,0.0,0.0,0.0
c04339,0.0,0.0,0.0
c04340,0.0,0.0,0.0
c04341,0.0,0.0,0.0
c04342,0.0,0.0,0.0
c04343,0.0,0.0,0.0
c04344,0.0,0.0,0.0
c04345,0.0,0.0,0.0
c04346,0.0,0.0,0.0
c04347,0.0,0.0,0.0
c04348,0.0,0.0,0.0
c04349,0.0,0.0,0.0
c04350,11.905848222032812,0.0,0.0
c04351,0.0,0.0,0.0
c04352,0.0,0.0,0.0
c04353,0.0,0.0,0.0
c04354,12.769900027172005,0.0,0.0
c04355,8.481908031689867,0.0,0.0
c04356,0.0,0.0,0.0
c04357,0.0,0.0,0.0
c04358,0.0,0.0,0.0
c04359,0.0,0.0,0.0
c04360,0.0,0.0,0.0
c04361,0.0,0.0,0.0
c04362,0.0,0.0,0.0
c04363,0.0,0.0,0.0
c04364,0.0,0.0,0.0
c04365,0.0,0.0,0.0
c04366,0.0,0.0,0.0
c04367,0.0,0.0,0.0
c04368,0.0,0.0,0.0
c04369,0.0,0.0,0.0
c04370,0.0,0.0,0.0
c04371,0.0,0.0,0.0
c04372,0.0,0.0,0.0
c04373,0.0,0.0,0.0
c04374,0.0,0.0,0.0
c04375,0.0,0.0,0.0
c04376,0.0,0.0,0.0
c04377,2.76462838561316,0.0,0.0
c04378,7.632531234573192,0.0,0.0
c04379,0.0,0.0,0.0
c04380,3.574119721015874,0.0,0.0
c04381,3.574119721015874,0.0,0.0
c04382,0.0,0.0,0.0
c04383,0.0,0.0,0.0
c04384,0.0,0.0,0.0
c04385,0.0,0.0,0.0
c04386,0.0,0.0,0.0
c04387,0.0,0.0,0.0
c04388,0.0,0.0,0.0
c04389,0.0,0.0,0.0
c04390,0.0,0.0,0.0
c04391,0.0,0.0,0.0
c04392,0.0,0.0,0.0
c04393,0.0,0.0,0.0
c04394,0.0,0.0,0.0
c04395,0.0,0.0,0.0
c04396,0.0,0.0,0.0
c04397,0.0,0.0,0.0
c04398,0.0,0.0,0.0
c04399,0.0,0.0,0.0
c04400,0.0,0.0,0.0
c04401,0.0,0.0,0.0
c04402,0.0,0.0,0.0
c04403,0.0,0.0,0.0
c04404,0.0,0.0,0.0
c04405,12.581865460452912,0.0,0.0
c04406,14.237734997833492,0.0,0.0
c04407,0.0,0.0,0.0
c04408,3.385429119145837,0.0,0.0
c04409,3.385429119145837,0.0,0.0
c04410,3.385429119145837,0.0,0.0
c04411,0.0,0.0,0.0
c04412,0.0,0.0,0.0
c04413,0.0,0.0,0.0
c04414,0.0,0.0,0.0
c04415,0.0,0.0,0.0
c04416,14.984494938340896,0.0,0.0
c04417,14.984494938340896,0.0,0.0
c04418,0.0,0.0,0.0
c04419,0.0,0.0,0.0
c04420,0.0,0.0,0.0
c04421,5.684330358706954,0.0,0.0
c04422,0.0,0.0,0.0
c04423,0.0,0.0,0.0
c04424,0.0,0.0,0.0
c04425,11.209094917571548,0.0,0.0
c04426,0.0,0.0,0.0
c04427,0.0,0.0,0.0
c04428,0.0,0.0,0.0
c04429,0.0,0.0,0.0
c04430,0.0,0.0,0.0
c04431,0.0,0.0,0.0
c04432,0.0,0.0,0.0
c04433,0.0,0.0,0.0
c04434,18.752670273350372,0.0,0.0
c04435,0.0,0.0,0.0
c04436,0.0,0.0,0.0
c04437,0.0,0.0,0.0
c04438,0.0,0.0,0.0
c04439,0.0,0.0,0.0
c04440,0.0,0.0,0.0
c04441,0.0,0.0,0.0
c04442,0.0,0.0,0.0
c04443,0.0,0.0,0.0
c04444,0.0,0.0,0.0
c04445,20.275868032543737,0.0,0.0
c04446,0.0,0.0,0.0
c04447,0.0,0.0,0.0
c04448,0.0,0.0,0.0
c04449,0.0,0.0,0.0
c04450,0.0,0.0,0.0
c04451,0.0,0.0,0.0
c04452,0.0,0.0,0.0
c04453,0.0,0.0,0.0
c04454,2.182260986178659,0.0,0.0
c04455,0.0,0.0,0.0
c04456,0.0,0.0,0.0
c04457,0.0,0.0,0.0
c04458,22.24267311025644,0.0,0.0
c04459,0.0,0.0,0.0
c04460,0.0,0.0,0.0
c04461,0.0,0.0,0.0
c04462,0.0,0.0,0.0
c04463,0.0,0.0,0.0
c04464,0.0,0.0,0.0
c04465,0.0,0.0,0.0
c04466,0.0,0.0,0.0
c04467,0.0,0.0,0.0
c04468,0.0,0.0,0.0
c04469,0.0,0.0,0.0
c04470,0.0,0.0,0.0
c04471,1.7073970011933508,0.0,0.0
c04472,2.5307018232064413,0.0,0.0
c04473,0.0,0.0,0.0
c04474,4.2534368613360405,0.0,0.0
c04475,4.2534368613360405,0.0,0.0
c04476,0.0,0.0,0.0
c04477,0.0,0.0,0.0
c04478,0.0,0.0,0.0
c04479,0.0,0.0,0.0
c04480,0.0,0.0,0.0
c04481,0.0,0.0,0.0
c04482,0.0,0.0,0.0
c04483,0.0,0.0,0.0
c04484,0.0,0.0,0.0
c04485,0.0,0.0,0.0
c04486,0.0,0.0,0.0
c04487,0.0,0.0,0.0
c04488,0.0,0.0,0.0
c04489,0.0,0.0,0.0
c04490,0.0,0.0,0.0
c04491,0.0,0.0,0.0
c04492,0.0,0.0,0.0
c04493,0.0,0.0,0.0
c04494,0.0,0.0,0.0
c04495,0.0,0.0,0.0
c04496,0.0,0.0,0.0
c04497,0.0,0.0,0.0
c04498,1.1306651116810535,0.0,0.0
c04499,6.652427738087248,0.0,0.0
c04500,4.867902848960032,0.0,0.0
c04501,0.0,0.0,0.0
c04502,3.574119721015874,0.0,0.0
c04503,5.084357944114927,0.0,0.0
c04504,0.0,0.0,0.0
c04505,0.0,0.0,0.0
c04506,0.0,0.0,0.0
c04507,0.0,0.0,0.0
c04508,0.0,0.0,0.0
c04509,0.0,0.0,0.0
c04510,0.0,0.0,0.0
c04511,0.0,0.0,0.0
c04512,0.0,0.0,0.0
c04513,0.0,0.0,0.0
c04514,0.0,0.0,0.0
c04515,0.0,0.0,0.0
c04516,0.0,0.0,0.0
c04517,0.0,0.0,0.0
c04518,0.0,0.0,0.0
c04519,0.0,0.0,0.0
c04520,0.0,0.0,0.0
c04521,0.0,0.0,0.0
c04522,0.0,0.0,0.0
c04523,0.0,0.0,0.0
c04524,0.0,0.0,0.0
c04525,0.0,0.0,0.0
c04526,0.0,0.0,0.0
c04527,12.11463414006672,0.0,0.0
c04528,3.6913250596923577,0.0,0.0
c04529,3.385429119145837,0.0,0.0
c04530,0.0,0.0,0.0
c04531,0.0,0.0,0.0
c04532,0.0,0.0,0.0
c04533,0.0,0.0,0.0
c04534,0.0,0.0,0.0
c04535,14.984494938340896,0.0,0.0
c04536,14.984494938340896,0.0,0.0
c04537,14.984494938340896,0.0,0.0
c04538,0.0,0.0,0.0
c04539,0.0,0.0,0.0
c04540,0.0,0.0,0.0
c04541,0.0,0.0,0.0
c04542,5.684330358706954,0.0,0.0
c04543,0.0,0.0,0.0
c04544,0.0,0.0,0.0
c04545,0.0,0.0,0.0
c04546,11.209094917571548,0.0,0.0
c04547,11.209094917571548,0.0,0.0
c04548,0.0,0.0,0.0
c04549,0.0,0.0,0.0
c04550,0.0,0.0,0.0
c04551,0.0,0.0,0.0
c04552,0.0,0.0,0.0
c04553,0.0,0.0,0.0
c04554,0.0,0.0,0.0
c04555,18.752670273350372,0.0,0.0
c04556,0.0,0.0,0.0
c04557,0.0,0.0,0.0
c04558,0.0,0.0,0.0
c04559,0.0,0.0,0.0
c04560,0.0,0.0,0.0
c04561,0.0,0.0,0.0
c04562,0.0,0.0,0.0
c04563,0.0,0.0,0.0
c04564,0.0,0.0,0.0
c04565,20.275868032543737,0.0,0.0
c04566,28.251007943499182,0.0,0.0
c04567,7.975139910955444,0.0,0.0
c04568,7.975139910955444,0.0,0.0
c04569,7.975139910955444,0.0,0.0
c04570,7.975139910955444,0.0,0.0
c04571,7.975139910955444,0.0,0.0
c04572,0.0,0.0,0.0
c04573,0.0,0.0,0.0
c04574,0.0,0.0,0.0
c04575,5.053755125919871,0.0,0.0
c04576,0.0,0.0,0.0
c04577,0.0,0.0,0.0
c04578,0.0,0.0,0.0
c04579,22.24267311025644,0.0,0.0
c04580,0.0,0.0,0.0
c04581,0.0,0.0,0.0
c04582,0.0,0.0,0.0
c04583,0.0,0.0,0.0
c04584,0.0,0.0,0.0
c04585,0.0,0.0,0.0
c04586,0.0,0.0,0.0
c04587,0.0,0.0,0.0
c04588,0.0,0.0,0.0
c04589,0.0,0.0,0.0
c04590,0.0,0.0,0.0
c04591,0.0,0.0,0.0
c04592,0.0,0.0,0.0
c04593,2.2643544226475485,0.0,0.0
c04594,1.7980442398854335,0.0,0.0
c04595,5.414448980282927,0.0,0.0
c04596,5.414448980282927,0.0,0.0
c04597,0.0,0.0,0.0
c04598,0.0,0.0,0.0
c04599,0.0,0.0,0.0
c04600,0.0,0.0,0.0
c04601,0.0,0.0,0.0
c04602,0.0,0.0,0.0
c04603,0.0,0.0,0.0
c04604,0.0,0.0,0.0
c04605,0.0,0.0,0.0
c04606,0.0,0.0,0.0
c04607,0.0,0.0,0.0
c04608,0.0,0.0,0.0
c04609,0.0,0.0,0.0
c04610,0.0,0.0,0.0
c04611,0.0,0.0,0.0
c04612,0.0,0.0,0.0
c04613,0.0,0.0,0.0
c04614,0.0,0.0,0.0
c04615,0.0,0.0,0.0
c04616,0.0,0.0,0.0
c04617,0.0,0.0,0.0
c04618,0.0,0.0,0.0
c04619,0.0,0.0,0.0
c04620,1.7845248891272152,0.0,0.0
c04621,6.230354152975811,0.0,0.0
c04622,0.0,0.0,0.0
c04623,3.849033293655898,0.0,0.0
c04624,8.600770749187792,0.0,0.0
c04625,0.0,0.0,0.0
c04626,0.0,0.0,0.0
c04627,0.0,0.0,0.0
c04628,0.0,0.0,0.0
c04629,0.0,0.0,0.0
c04630,0.0,0.0,0.0
c04631,0.0,0.0,0.0
c04632,0.0,0.0,0.0
c04633,0.0,0.0,0.0
c04634,0.0,0.0,0.0
c04635,0.0,0.0,0.0
c04636,0.0,0.0,0.0
c04637,0.0,0.0,0.0
c04638,0.0,0.0,0.0
c04639,0.0,0.0,0.0
c04640,0.0,0.0,0.0
c04641,0.0,0.0,0.0
c04642,0.0,0.0,0.0
c04643,0.0,0.0,0.0
c04644,0.0,0.0,0.0
c04645,0.0,0.0,0.0
c04646,0.0,0.0,0.0
c04647,0.0,0.0,0.0
c04648,0.0,0.0,0.0
c04649,9.853348217877413,0.0,0.0
c04650,18.37395283737331,0.0,0.0
c04651,6.717717953563666,0.0,0.0
c04652,0.0,0.0,0.0
c04653,0.0,0.0,0.0
c04654,14.984494938340896,0.0,0.0
c04655,14.984494938340896,0.0,0.0
c04656,14.984494938340896,0.0,0.0
c04657,0.0,0.0,0.0
c04658,0.0,0.0,0.0
c04659,0.0,0.0,0.0
c04660,0.0,0.0,0.0
c04661,0.0,0.0,0.0
c04662,5.684330358706954,0.0,0.0
c04663,5.684330358706954,0.0,0.0
c04664,0.0,0.0,0.0
c04665,0.0,0.0,0.0
c04666,0.0,0.0,0.0
c04667,0.0,0.0,0.0
c04668,11.209094917571548,0.0,0.0
c04669,11.209094917571548,0.0,0.0
c04670,0.0,0.0,0.0
c04671,0.0,0.0,0.0
c04672,0.0,0.0,0.0
c04673,0.0,0.0,0.0
c04674,0.0,0.0,0.0
c04675,0.0,0.0,0.0
c04676,18.752670273350372,0.0,0.0
c04677,0.0,0.0,0.0
c04678,0.0,0.0,0.0
c04679,0.0,0.0,0.0
c04680,0.0,0.0,0.0
c04681,0.0,0.0,0.0
c04682,0.0,0.0,0.0
c04683,0.0,0.0,0.0
c04684,0.0,0.0,0.0
c04685,20.275868032543737,0.0,0.0
c04686,28.251007943499182,1.0,0.0
c04687,7.975139910955444,0.0,0.0
c04688,0.0,0.0,0.0
c04689,0.0,0.0,0.0
c04690,0.0,0.0,0.0
c04691,0.0,0.0,0.0
c04692,7.975139910955444,0.0,0.0
c04693,11.04623875663308,0.0,0.0
c04694,1.7807693742301194,0.0,0.0
c04695,3.1206997359618875,0.0,0.0
c04696,1.3399303617317682,0.0,0.0
c04697,0.0,0.0,0.0
c04698,0.0,0.0,0.0
c04699,0.0,0.0,0.0
c04700,22.24267311025644,0.0,0.0
c04701,0.0,0.0,0.0
c04702,0.0,0.0,0.0
c04703,0.0,0.0,0.0
c04704,0.0,0.0,0.0
c04705,0.0,0.0,0.0
c04706,0.0,0.0,0.0
c04707,0.0,0.0,0.0
c04708,0.0,0.0,0.0
c04709,0.0,0.0,0.0
c04710,0.0,0.0,0.0
c04711,0.0,0.0,0.0
c04712,0.0,0.0,0.0
c04713,0.0,0.0,0.0
c04714,0.0,0.0,0.0
c04715,2.4390369629818043,0.0,0.0
c04716,6.376366253814956,0.0,0.0
c04717,4.2534368613360405,0.0,0.0
c04718,0.0,0.0,0.0
c04719,0.0,0.0,0.0
c04720,0.0,0.0,0.0
c04721,0.0,0.0,0.0
c04722,0.0,0.0,0.0
c04723,0.0,0.0,0.0
c04724,0.0,0.0,0.0
c04725,0.0,0.0,0.0
c04726,0.0,0.0,0.0
c04727,0.0,0.0,0.0
c04728,0.0,0.0,0.0
c04729,0.0,0.0,0.0
c04730,0.0,0.0,0.0
c04731,0.0,0.0,0.0
c04732,0.0,0.0,0.0
c04733,0.0,0.0,0.0
c04734,0.0,0.0,0.0
c04735,0.0,0.0,0.0
c04736,0.0,0.0,0.0
c04737,0.0,0.0,0.0
c04738,0.0,0.0,0.0
c04739,0.0,0.0,0.0
c04740,0.0,0.0,0.0
c04741,2.84405327665292,0.0,0.0
c04742,1.6658524526863938,0.0,0.0
c04743,3.849033293655898,0.0,0.0
c04744,3.849033293655898,0.0,0.0
c04745,2.6131503002002576,0.0,0.0
c04746,2.6131503002002576,0.0,0.0
c04747,0.0,0.0,0.0
c04748,0.0,0.0,0.0
c04749,0.0,0.0,0.0
c04750,0.0,0.0,0.0
c04751,0.0,0.0,0.0
c04752,0.0,0.0,0.0
c04753,0.0,0.0,0.0
c04754,0.0,0.0,0.0
c04755,0.0,0.0,0.0
c04756,0.0,0.0,0.0
c04757,0.0,0.0,0.0
c04758,0.0,0.0,0.0
c04759,0.0,0.0,0.0
c04760,0.0,0.0,0.0
c04761,0.0,0.0,0.0
c04762,0.0,0.0,0.0
c04763,0.0,0.0,0.0
c04764,0.0,0.0,0.0
c04765,0.0,0.0,0.0
c04766,0.0,0.0,0.0
c04767,0.0,0.0,0.0
c04768,3.9775095084481373,0.0,0.0
c04769,3.3007433570753926,0.0,0.0
c04770,3.3007433570753926,0.0,0.0
c04771,19.073018489385277,1.0,0.0
c04772,10.458688417427927,0.0,0.0
c04773,12.183149808970997,0.0,0.0
c04774,14.984494938340896,0.0,0.0
c04775,14.984494938340896,0.0,0.0
c04776,0.0,0.0,0.0
c04777,0.0,0.0,0.0
c04778,0.0,0.0,0.0
c04779,0.0,0.0,0.0
c04780,0.0,0.0,0.0
c04781,0.0,0.0,0.0
c04782,0.0,0.0,0.0
c04783,8.251641064649611,0.0,0.0
c04784,0.0,0.0,0.0
c04785,0.0,0.0,0.0
c04786,0.0,0.0,0.0
c04787,0.0,0.0,0.0
c04788,0.0,0.0,0.0
c04789,0.0,0.0,0.0
c04790,11.209094917571548,0.0,0.0
c04791,0.0,0.0,0.0
c04792,0.0,0.0,0.0
c04793,0.0,0.0,0.0
c04794,0.0,0.0,0.0
c04795,0.0,0.0,0.0
c04796,0.0,0.0,0.0
c04797,18.752670273350372,0.0,0.0
c04798,0.0,0.0,0.0
c04799,0.0,0.0,0.0
c04800,0.0,0.0,0.0
c04801,0.0,0.0,0.0
c04802,0.0,0.0,0.0
c04803,0.0,0.0,0.0
c04804,0.0,0.0,0.0
c04805,20.275868032543737,0.0,0.0
c04806,20.275868032543737,0.0,0.0
c04807,0.0,0.0,0.0
c04808,0.0,0.0,0.0
c04809,0.0,0.0,0.0
c04810,0.0,0.0,0.0
c04811,0.0,0.0,0.0
c04812,0.0,0.0,0.0
c04813,0.0,0.0,0.0
c04814,0.0,0.0,0.0
c04815,0.0,0.0,0.0
c04816,0.0,0.0,0.0
c04817,0.0,0.0,0.0
c04818,0.0,0.0,0.0
c04819,0.0,0.0,0.0
c04820,0.0,0.0,0.0
c04821,22.24267311025644,0.0,0.0
c04822,22.24267311025644,0.0,0.0
c04823,0.0,0.0,0.0
c04824,0.0,0.0,0.0
c04825,0.0,0.0,0.0
c04826,0.0,0.0,0.0
c04827,0.0,0.0,0.0
c04828,0.0,0.0,0.0
c04829,0.0,0.0,0.0
c04830,0.0,0.0,0.0
c04831,0.0,0.0,0.0
c04832,0.0,0.0,0.0
c04833,0.0,0.0,0.0
c04834,0.0,0.0,0.0
c04835,0.0,0.0,0.0
c04836,0.0,0.0,0.0
c04837,5.261999066256059,0.0,0.0
c04838,0.0,0.0,0.0
c04839,0.0,0.0,0.0
c04840,0.0,0.0,0.0
c04841,0.0,0.0,0.0
c04842,0.0,0.0,0.0
c04843,0.0,0.0,0.0
c04844,0.0,0.0,0.0
c04845,0.0,0.0,0.0
c04846,0.0,0.0,0.0
c04847,0.0,0.0,0.0
c04848,0.0,0.0,0.0
c04849,0.0,0.0,0.0
c04850,0.0,0.0,0.0
c04851,0.0,0.0,0.0
c04852,0.0,0.0,0.0
c04853,0.0,0.0,0.0
c04854,0.0,0.0,0.0
c04855,0.0,0.0,0.0
c04856,0.0,0.0,0.0
c04857,0.0,0.0,0.0
c04858,0.0,0.0,0.0
c04859,0.0,0.0,0.0
c04860,0.0,0.0,0.0
c04861,0.0,0.0,0.0
c04862,0.0,0.0,0.0
c04863,0.0,0.0,0.0
c04864,3.849033293655898,0.0,0.0
c04865,0.0,0.0,0.0
c04866,0.0,0.0,0.0
c04867,2.6131503002002576,0.0,0.0
c04868,2.6131503002002576,0.0,0.0
c04869,0.0,0.0,0.0
c04870,0.0,0.0,0.0
c04871,0.0,0.0,0.0
c04872,0.0,0.0,0.0
c04873,0.0,0.0,0.0
c04874,0.0,0.0,0.0
c04875,0.0,0.0,0.0
c04876,0.0,0.0,0.0
c04877,0.0,0.0,0.0
c04878,0.0,0.0,0.0
c04879,0.0,0.0,0.0
c04880,0.0,0.0,0.0
c04881,0.0,0.0,0.0
c04882,0.0,0.0,0.0
c04883,0.0,0.0,0.0
c04884,0.0,0.0,0.0
c04885,0.0,0.0,0.0
c04886,0.0,0.0,0.0
c04887,2.0187258502238308,0.0,0.0
c04888,2.0187258502238308,1.0,0.0
c04889,2.6954920015965755,0.0,0.0
c04890,0.0,0.0,0.0
c04891,0.0,0.0,0.0
c04892,12.031304668445625,0.0,0.0
c04893,3.7409704638642607,1.0,0.0
c04894,34.894349073592764,1.0,0.0
c04895,14.984494938340896,0.0,0.0
c04896,0.0,0.0,0.0
c04897,0.0,0.0,0.0
c04898,0.0,0.0,0.0
c04899,0.0,0.0,0.0
c04900,0.0,0.0,0.0
c04901,0.0,0.0,0.0
c04902,0.0,0.0,0.0
c04903,0.0,0.0,0.0
c04904,2.361839262218449,0.0,0.0
c04905,0.0,0.0,0.0
c04906,0.0,0.0,0.0
c04907,0.0,0.0,0.0
c04908,0.0,0.0,0.0
c04909,0.0,0.0,0.0
c04910,0.0,0.0,0.0
c04911,11.209094917571548,0.0,0.0
c04912,0.0,0.0,0.0
c04913,0.0,0.0,0.0
c04914,0.0,0.0,0.0
c04915,0.0,0.0,0.0
c04916,0.0,0.0,0.0
c04917,0.0,0.0,0.0
c04918,18.752670273350372,0.0,0.0
c04919,18.752670273350372,0.0,0.0
c04920,0.0,0.0,0.0
c04921,0.0,0.0,0.0
c04922,0.0,0.0,0.0
c04923,0.0,0.0,0.0
c04924,0.0,0.0,0.0
c04925,20.275868032543737,0.0,0.0
c04926,20.275868032543737,0.0,0.0
c04927,0.0,0.0,0.0
c04928,0.0,0.0,0.0
c04929,0.0,0.0,0.0
c04930,0.0,0.0,0.0
c04931,0.0,0.0,0.0
c04932,0.0,0.0,0.0
c04933,0.0,0.0,0.0
c04934,0.0,0.0,0.0
c04935,0.0,0.0,0.0
c04936,0.0,0.0,0.0
c04937,0.0,0.0,0.0
c04938,0.0,0.0,0.0
c04939,0.0,0.0,0.0
c04940,0.0,0.0,0.0
c04941,0.0,0.0,0.0
c04942,22.24267311025644,0.0,0.0
c04943,2.432960269506321,0.0,0.0
c04944,4.960768309271267,0.0,0.0
c04945,0.0,0.0,0.0
c04946,0.0,0.0,0.0
c04947,0.0,0.0,0.0
c04948,0.0,0.0,0.0
c04949,0.0,0.0,0.0
c04950,0.0,0.0,0.0
c04951,0.0,0.0,0.0
c04952,0.0,0.0,0.0
c04953,0.0,0.0,0.0
c04954,0.0,1.0,0.0
c04955,0.0,0.0,0.0
c04956,0.0,0.0,0.0
c04957,0.0,0.0,0.0
c04958,5.056589503159875,0.0,0.0
c04959,0.0,0.0,0.0
c04960,0.0,0.0,0.0
c04961,0.0,0.0,0.0
c04962,0.0,0.0,0.0
c04963,0.0,0.0,0.0
c04964,0.0,0.0,0.0
c04965,0.0,0.0,0.0
c04966,0.0,0.0,0.0
c04967,0.0,0.0,0.0
c04968,0.0,0.0,0.0
c04969,0.0,0.0,0.0
c04970,0.0,0.0,0.0
c04971,0.0,0.0,0.0
c04972,0.0,0.0,0.0
c04973,0.0,0.0,0.0
c04974,0.0,0.0,0.0
c04975,0.0,0.0,0.0
c04976,0.0,0.0,0.0
c04977,0.0,0.0,0.0
c04978,0.0,0.0,0.0
c04979,0.0,0.0,0.0
c04980,0.0,0.0,0.0
c04981,0.0,0.0,0.0
c04982,0.0,0.0,0.0
c04983,0.0,0.0,0.0
c04984,0.0,0.0,0.0
c04985,0.0,0.0,0.0
c04986,0.0,0.0,0.0
c04987,0.0,0.0,0.0
c04988,0.0,0.0,0.0
c04989,0.0,0.0,0.0
c04990,0.0,0.0,0.0
c04991,0.0,0.0,0.0
c04992,0.0,0.0,0.0
c04993,0.0,0.0,0.0
c04994,0.0,0.0,0.0
c04995,0.0,0.0,0.0
c04996,0.0,0.0,0.0
c04997,0.0,0.0,0.0
c04998,0.0,0.0,0.0
c04999,0.0,0.0,0.0
c05000,0.0,0.0,0.0
c05001,0.0,0.0,0.0
c05002,0.0,0.0,0.0
c05003,0.0,0.0,0.0
c05004,0.0,0.0,0.0
c05005,0.0,0.0,0.0
c05006,0.0,0.0,0.0
c05007,0.0,0.0,0.0
c05008,0.0,0.0,0.0
c05009,0.0,0.0,0.0
c05010,0.0,0.0,0.0
c05011,0.0,0.0,0.0
c05012,9.657346890607691,0.0,0.0
c05013,9.657346890607691,0.0,0.0
c05014,0.0,0.0,0.0
c05015,8.745375597420015,0.0,0.0
c05016,14.037999136760044,0.0,0.0
c05017,0.0,0.0,0.0
c05018,0.0,0.0,0.0
c05019,0.0,0.0,0.0
c05020,0.0,0.0,0.0
c05021,0.0,0.0,0.0
c05022,0.0,0.0,0.0
c05023,0.0,0.0,0.0
c05024,0.0,0.0,0.0
c05025,9.255200273412445,1.0,0.0
c05026,0.0,0.0,0.0
c05027,0.0,0.0,0.0
c05028,0.0,0.0,0.0
c05029,0.0,0.0,0.0
c05030,0.0,0.0,0.0
c05031,11.209094917571548,0.0,0.0
c05032,11.209094917571548,0.0,0.0
c05033,0.0,0.0,0.0
c05034,0.0,0.0,0.0
c05035,0.0,0.0,0.0
c05036,0.0,0.0,0.0
c05037,0.0,0.0,0.0
c05038,0.0,0.0,0.0
c05039,0.0,0.0,0.0
c05040,18.752670273350372,0.0,0.0
c05041,0.0,0.0,0.0
c05042,0.0,0.0,0.0
c05043,0.0,0.0,0.0
c05044,0.0,0.0,0.0
c05045,0.0,0.0,0.0
c05046,20.275868032543737,0.0,0.0
c05047,0.0,0.0,0.0
c05048,0.0,0.0,0.0
c05049,0.0,0.0,0.0
c05050,0.0,0.0,0.0
c05051,0.0,0.0,0.0
c05052,0.0,0.0,0.0
c05053,0.0,0.0,0.0
c05054,0.0,0.0,0.0
c05055,0.0,0.0,0.0
c05056,0.0,0.0,0.0
c05057,0.0,0.0,0.0
c05058,0.0,0.0,0.0
c05059,0.0,0.0,0.0
c05060,0.0,0.0,0.0
c05061,0.0,0.0,0.0
c05062,0.0,0.0,0.0
c05063,22.24267311025644,0.0,0.0
c05064,3.3032683102580793,0.0,0.0
c05065,2.5278080397649463,0.0,0.0
c05066,5.297281067712628,0.0,0.0
c05067,0.0,0.0,0.0
c05068,0.0,0.0,0.0
c05069,0.0,0.0,0.0
c05070,0.0,0.0,0.0
c05071,0.0,0.0,0.0
c05072,0.0,0.0,0.0
c05073,0.0,0.0,0.0
c05074,0.0,0.0,0.0
c05075,0.0,0.0,0.0
c05076,0.0,0.0,0.0
c05077,0.0,0.0,0.0
c05078,0.0,0.0,0.0
c05079,4.015463692875457,0.0,0.0
c05080,0.0,0.0,0.0
c05081,0.0,0.0,0.0
c05082,0.0,0.0,0.0
c05083,0.0,0.0,0.0
c05084,0.0,0.0,0.0
c05085,0.0,0.0,0.0
c05086,0.0,0.0,0.0
c05087,0.0,0.0,0.0
c05088,0.0,0.0,0.0
c05089,0.0,0.0,0.0
c05090,0.0,0.0,0.0
c05091,0.0,0.0,0.0
c05092,0.0,0.0,0.0
c05093,0.0,0.0,0.0
c05094,0.0,0.0,0.0
c05095,0.0,0.0,0.0
c05096,0.0,0.0,0.0
c05097,0.0,0.0,0.0
c05098,0.0,0.0,0.0
c05099,0.0,0.0,0.0
c05100,0.0,0.0,0.0
c05101,0.0,0.0,0.0
c05102,0.0,0.0,0.0
c05103,0.0,0.0,0.0
c05104,0.0,0.0,0.0
c05105,0.0,0.0,0.0
c05106,0.0,0.0,0.0
c05107,0.0,0.0,0.0
c05108,0.0,0.0,0.0
c05109,0.0,0.0,0.0
c05110,0.0,0.0,0.0
c05111,0.0,0.0,0.0
c05112,0.0,0.0,0.0
c05113,0.0,0.0,0.0
c05114,0.0,0.0,0.0
c05115,0.0,0.0,0.0
c05116,0.0,0.0,0.0
c05117,0.0,0.0,0.0
c05118,0.0,0.0,0.0
c05119,0.0,0.0,0.0
c05120,0.0,0.0,0.0
c05121,0.0,0.0,0.0
c05122,0.0,0.0,0.0
c05123,0.0,0.0,0.0
c05124,0.0,0.0,0.0
c05125,0.0,0.0,0.0
c05126,0.0,0.0,0.0
c05127,0.0,0.0,0.0
c05128,0.0,0.0,0.0
c05129,0.0,0.0,0.0
c05130,0.0,0.0,0.0
c05131,0.0,0.0,0.0
c05132,0.0,0.0,0.0
c05133,9.657346890607691,0.0,0.0
c05134,0.0,0.0,0.0
c05135,0.0,0.0,0.0
c05136,0.0,0.0,0.0
c05137,9.594094198995526,0.0,0.0
c05138,8.18308673439348,0.0,0.0
c05139,0.0,0.0,0.0
c05140,0.0,0.0,0.0
c05141,0.0,0.0,0.0
c05142,0.0,0.0,0.0
c05143,0.0,0.0,0.0
c05144,0.0,0.0,0.0
c05145,0.0,0.0,0.0
c05146,6.8933610111939965,0.0,0.0
c05147,6.8933610111939965,0.0,0.0
c05148,0.0,0.0,0.0
c05149,0.0,0.0,0.0
c05150,0.0,0.0,0.0
c05151,0.0,0.0,0.0
c05152,11.209094917571548,0.0,0.0
c05153,0.0,0.0,0.0
c05154,0.0,0.0,0.0
c05155,0.0,0.0,0.0
c05156,0.0,0.0,0.0
c05157,0.0,0.0,0.0
c05158,0.0,0.0,0.0
c05159,0.0,0.0,0.0
c05160,0.0,0.0,0.0
c05161,18.752670273350372,0.0,0.0
c05162,0.0,0.0,0.0
c05163,0.0,0.0,0.0
c05164,0.0,0.0,0.0
c05165,0.0,0.0,0.0
c05166,20.275868032543737,0.0,0.0
c05167,20.275868032543737,0.0,0.0
c05168,0.0,0.0,0.0
c05169,0.0,0.0,0.0
c05170,0.0,0.0,0.0
c05171,0.0,0.0,0.0
c05172,0.0,0.0,0.0
c05173,0.0,0.0,0.0
c05174,0.0,0.0,0.0
c05175,0.0,0.0,0.0
c05176,0.0,0.0,0.0
c05177,0.0,0.0,0.0
c05178,0.0,0.0,0.0
c05179,0.0,0.0,0.0
c05180,0.0,0.0,0.0
c05181,0.0,0.0,0.0
c05182,0.0,0.0,0.0
c05183,0.0,0.0,0.0
c05184,22.24267311025644,0.0,0.0
c05185,23.61476585431402,0.0,0.0
c05186,0.0,0.0,0.0
c05187,2.769473027947682,0.0,0.0
c05188,0.0,0.0,0.0
c05189,0.0,0.0,0.0
c05190,0.0,0.0,0.0
c05191,0.0,0.0,0.0
c05192,0.0,0.0,0.0
c05193,0.0,0.0,0.0
c05194,0.0,0.0,0.0
c05195,0.0,0.0,0.0
c05196,0.0,0.0,0.0
c05197,0.0,0.0,0.0
c05198,0.0,0.0,0.0
c05199,4.015463692875457,0.0,0.0
c05200,4.015463692875457,0.0,0.0
c05201,0.0,0.0,0.0
c05202,0.0,0.0,0.0
c05203,0.0,0.0,0.0
c05204,0.0,0.0,0.0
c05205,0.0,0.0,0.0
c05206,0.0,0.0,0.0
c05207,0.0,0.0,0.0
c05208,0.0,0.0,0.0
c05209,0.0,0.0,0.0
c05210,0.0,0.0,0.0
c05211,0.0,0.0,0.0
c05212,0.0,0.0,0.0
c05213,0.0,0.0,0.0
c05214,0.0,0.0,0.0
c05215,0.0,0.0,0.0
c05216,0.0,0.0,0.0
c05217,0.0,0.0,0.0
c05218,0.0,0.0,0.0
c05219,0.0,0.0,0.0
c05220,0.0,0.0,0.0
c05221,0.0,0.0,0.0
c05222,0.0,0.0,0.0
c05223,0.0,0.0,0.0
c05224,0.0,0.0,0.0
c05225,0.0,0.0,0.0
c05226,0.0,0.0,0.0
c05227,0.0,0.0,0.0
c05228,0.0,0.0,0.0
c05229,0.5953392059339346,0.0,0.0
c05230,0.0,0.0,0.0
c05231,0.0,0.0,0.0
c05232,0.0,0.0,0.0
c05233,0.0,0.0,0.0
c05234,0.0,0.0,0.0
c05235,0.0,0.0,0.0
c05236,0.0,0.0,0.0
c05237,0.0,0.0,0.0
c05238,0.0,0.0,0.0
c05239,0.0,0.0,0.0
c05240,0.0,0.0,0.0
c05241,0.0,0.0,0.0
c05242,0.0,0.0,0.0
c05243,0.0,0.0,0.0
c05244,0.0,0.0,0.0
c05245,0.0,0.0,0.0
c05246,0.0,0.0,0.0
c05247,0.0,0.0,0.0
c05248,0.0,0.0,0.0
c05249,0.0,0.0,0.0
c05250,0.0,0.0,0.0
c05251,0.0,0.0,0.0
c05252,0.0,0.0,0.0
c05253,0.0,0.0,0.0
c05254,9.657346890607691,0.0,0.0
c05255,9.657346890607691,0.0,0.0
c05256,0.0,0.0,0.0
c05257,0.0,0.0,0.0
c05258,0.0,0.0,0.0
c05259,11.109927464658883,0.0,0.0
c05260,5.101028684052543,0.0,0.0
c05261,0.0,0.0,0.0
c05262,0.0,0.0,0.0
c05263,0.0,0.0,0.0
c05264,0.0,0.0,0.0
c05265,0.0,0.0,0.0
c05266,0.0,0.0,0.0
c05267,0.0,0.0,0.0
c05268,6.8933610111939965,0.0,0.0
c05269,0.0,0.0,0.0
c05270,0.0,0.0,0.0
c05271,0.0,0.0,0.0
c05272,8.417292736759077,0.0,0.0
c05273,22.250476319399553,0.0,0.0
c05274,0.0,0.0,0.0
c05275,0.0,0.0,0.0
c05276,6.73073759053118,0.0,0.0
c05277,6.73073759053118,0.0,0.0
c05278,6.73073759053118,0.0,0.0
c05279,6.73073759053118,0.0,0.0
c05280,6.73073759053118,0.0,0.0
c05281,0.0,0.0,0.0
c05282,18.752670273350372,0.0,0.0
c05283,0.0,0.0,0.0
c05284,0.0,0.0,0.0
c05285,0.0,0.0,0.0
c05286,0.0,0.0,0.0
c05287,20.275868032543737,0.0,0.0
c05288,0.0,0.0,0.0
c05289,0.0,0.0,0.0
c05290,0.0,0.0,0.0
c05291,0.0,0.0,0.0
c05292,0.0,0.0,0.0
c05293,0.0,0.0,0.0
c05294,0.0,0.0,0.0
c05295,0.0,0.0,0.0
c05296,0.0,0.0,0.0
c05297,0.0,0.0,0.0
c05298,0.0,0.0,0.0
c05299,0.0,0.0,0.0
c05300,0.0,0.0,0.0
c05301,0.0,0.0,0.0
c05302,0.0,0.0,0.0
c05303,0.0,0.0,0.0
c05304,0.0,0.0,0.0
c05305,0.0,0.0,0.0
c05306,23.103706701376943,0.0,0.0
c05307,25.012146138204123,0.0,0.0
c05308,2.769473027947682,0.0,0.0
c05309,0.0,0.0,0.0
c05310,0.0,0.0,0.0
c05311,0.0,0.0,0.0
c05312,0.0,0.0,0.0
c05313,0.0,0.0,0.0
c05314,0.0,0.0,0.0
c05315,0.0,0.0,0.0
c05316,0.0,0.0,0.0
c05317,0.0,0.0,0.0
c05318,0.0,0.0,0.0
c05319,0.0,0.0,0.0
c05320,4.015463692875457,0.0,0.0
c05321,0.0,0.0,0.0
c05322,0.0,0.0,0.0
c05323,0.0,0.0,0.0
c05324,0.0,0.0,0.0
c05325,0.0,0.0,0.0
c05326,0.0,0.0,0.0
c05327,0.0,0.0,0.0
c05328,0.0,0.0,0.0
c05329,0.0,0.0,0.0
c05330,0.0,0.0,0.0
c05331,0.0,0.0,0.0
c05332,0.0,0.0,0.0
c05333,0.0,0.0,0.0
c05334,0.0,0.0,0.0
c05335,0.0,0.0,0.0
c05336,0.0,0.0,0.0
c05337,0.0,0.0,0.0
c05338,0.0,0.0,0.0
c05339,0.0,0.0,0.0
c05340,0.0,0.0,0.0
c05341,0.0,0.0,0.0
c05342,0.0,0.0,0.0
c05343,0.0,0.0,0.0
c05344,0.0,0.0,0.0
c05345,0.0,0.0,0.0
c05346,0.0,0.0,0.0
c05347,0.0,0.0,0.0
c05348,0.0,0.0,0.0
c05349,0.0,0.0,0.0
c05350,4.001838315595425,0.0,0.0
c05351,4.470527147010127,0.0,0.0
c05352,0.0,0.0,0.0
c05353,0.0,0.0,0.0
c05354,0.0,0.0,0.0
c05355,0.0,0.0,0.0
c05356,0.0,0.0,0.0
c05357,0.0,0.0,0.0
c05358,0.0,0.0,0.0
c05359,0.0,0.0,0.0
c05360,0.0,0.0,0.0
c05361,0.0,0.0,0.0
c05362,0.0,0.0,0.0
c05363,0.0,0.0,0.0
c05364,0.0,0.0,0.0
c05365,0.0,0.0,0.0
c05366,0.0,0.0,0.0
c05367,0.0,0.0,0.0
c05368,0.0,0.0,0.0
c05369,0.0,0.0,0.0
c05370,0.0,0.0,0.0
c05371,0.0,0.0,0.0
c05372,0.0,0.0,0.0
c05373,0.0,0.0,0.0
c05374,0.0,0.0,0.0
c05375,0.0,0.0,0.0
c05376,9.657346890607691,0.0,0.0
c05377,9.657346890607691,0.0,0.0
c05378,0.0,0.0,0.0
c05379,0.0,0.0,0.0
c05380,0.0,0.0,0.0
c05381,11.034969725481474,0.0,0.0
c05382,0.0,0.0,0.0
c05383,0.0,0.0,0.0
c05384,0.0,0.0,0.0
c05385,0.0,0.0,0.0
c05386,0.0,0.0,0.0
c05387,0.0,0.0,0.0
c05388,6.8933610111939965,0.0,0.0
c05389,6.8933610111939965,0.0,0.0
c05390,0.0,0.0,0.0
c05391,0.0,0.0,0.0
c05392,0.0,0.0,0.0
c05393,8.417292736759077,0.0,0.0
c05394,2.6240886650689292,0.0,0.0
c05395,2.6240886650689292,0.0,0.0
c05396,0.0,0.0,0.0
c05397,0.0,0.0,0.0
c05398,0.0,0.0,0.0
c05399,0.0,0.0,0.0
c05400,0.0,0.0,0.0
c05401,6.73073759053118,0.0,0.0
c05402,6.73073759053118,0.0,0.0
c05403,18.752670273350372,0.0,0.0
c05404,18.752670273350372,0.0,0.0
c05405,0.0,0.0,0.0
c05406,0.0,0.0,0.0
c05407,0.0,0.0,0.0
c05408,20.275868032543737,0.0,0.0
c05409,0.0,0.0,0.0
c05410,0.0,0.0,0.0
c05411,0.0,0.0,0.0
c05412,0.0,0.0,0.0
c05413,0.0,0.0,0.0
c05414,0.0,0.0,0.0
c05415,0.0,0.0,0.0
c05416,0.0,0.0,0.0
c05417,0.0,0.0,0.0
c05418,0.0,0.0,0.0
c05419,0.0,0.0,0.0
c05420,0.0,0.0,0.0
c05421,0.0,0.0,0.0
c05422,0.0,0.0,0.0
c05423,0.0,0.0,0.0
c05424,0.0,0.0,0.0
c05425,0.0,0.0,0.0
c05426,0.0,0.0,0.0
c05427,0.0,0.0,0.0
c05428,31.28002023145855,0.0,0.0
c05429,9.037347121202108,0.0,0.0
c05430,9.037347121202108,0.0,0.0
c05431,0.0,0.0,0.0
c05432,0.0,0.0,0.0
c05433,0.0,0.0,0.0
c05434,0.0,0.0,0.0
c05435,0.0,0.0,0.0
c05436,0.0,0.0,0.0
c05437,0.0,0.0,0.0
c05438,0.0,0.0,0.0
c05439,0.0,0.0,0.0
c05440,0.0,0.0,0.0
c05441,11.279889227598439,0.0,0.0
c05442,0.0,0.0,0.0
c05443,0.0,0.0,0.0
c05444,0.0,0.0,0.0
c05445,0.0,0.0,0.0
c05446,0.0,0.0,0.0
c05447,0.0,0.0,0.0
c05448,0.0,0.0,0.0
c05449,0.0,0.0,0.0
c05450,0.0,0.0,0.0
c05451,0.0,0.0,0.0
c05452,0.0,0.0,0.0
c05453,0.0,0.0,0.0
c05454,0.0,0.0,0.0
c05455,0.0,0.0,0.0
c05456,0.0,0.0,0.0
c05457,0.0,0.0,0.0
c05458,0.0,0.0,0.0
c05459,0.0,0.0,0.0
c05460,0.0,0.0,0.0
c05461,0.0,0.0,0.0
c05462,0.0,0.0,0.0
c05463,0.0,0.0,0.0
c05464,0.0,0.0,0.0
c05465,0.0,0.0,0.0
c05466,0.0,0.0,0.0
c05467,0.0,0.0,0.0
c05468,0.0,0.0,0.0
c05469,0.0,0.0,0.0
c05470,0.0,0.0,0.0
c05471,1.0640280373486373,0.0,0.0
c05472,4.470527147010127,0.0,0.0
c05473,3.4064991096614903,0.0,0.0
c05474,0.0,0.0,0.0
c05475,0.0,0.0,0.0
c05476,0.0,0.0,0.0
c05477,0.0,0.0,0.0
c05478,0.0,0.0,0.0
c05479,0.0,0.0,0.0
c05480,0.0,0.0,0.0
c05481,0.0,0.0,0.0
c05482,0.0,0.0,0.0
c05483,0.0,0.0,0.0
c05484,0.0,0.0,0.0
c05485,0.0,0.0,0.0
c05486,0.0,0.0,0.0
c05487,0.0,0.0,0.0
c05488,0.0,0.0,0.0
c05489,0.0,0.0,0.0
c05490,0.0,0.0,0.0
c05491,0.0,0.0,0.0
c05492,0.0,0.0,0.0
c05493,0.0,0.0,0.0
c05494,0.0,0.0,0.0
c05495,0.0,0.0,0.0
c05496,0.0,0.0,0.0
c05497,0.0,0.0,0.0
c05498,9.657346890607691,0.0,0.0
c05499,0.0,0.0,0.0
c05500,0.0,0.0,0.0
c05501,0.0,0.0,0.0
c05502,2.654181757802921,0.0,0.0
c05503,4.219011306478487,0.0,0.0
c05504,0.0,0.0,0.0
c05505,0.0,0.0,0.0
c05506,0.0,0.0,0.0
c05507,0.0,0.0,0.0
c05508,0.0,0.0,0.0
c05509,0.0,0.0,0.0
c05510,15.310653747953072,0.0,0.0
c05511,8.417292736759077,0.0,0.0
c05512,8.417292736759077,0.0,0.0
c05513,8.417292736759077,0.0,0.0
c05514,8.417292736759077,0.0,0.0
c05515,0.0,0.0,0.0
c05516,8.949757668224663,0.0,0.0
c05517,6.325669003155735,0.0,0.0
c05518,0.0,0.0,0.0
c05519,0.0,0.0,0.0
c05520,0.0,0.0,0.0
c05521,0.0,0.0,0.0
c05522,0.0,0.0,0.0
c05523,7.0021339348735205,0.0,0.0
c05524,1.4771035152854632,0.0,0.0
c05525,19.849009211196137,0.0,0.0
c05526,0.0,0.0,0.0
c05527,0.0,0.0,0.0
c05528,20.275868032543737,0.0,0.0
c05529,20.275868032543737,0.0,0.0
c05530,0.0,0.0,0.0
c05531,0.0,0.0,0.0
c05532,0.0,0.0,0.0
c05533,0.0,0.0,0.0
c05534,0.0,0.0,0.0
c05535,0.0,0.0,0.0
c05536,0.0,0.0,0.0
c05537,0.0,0.0,0.0
c05538,0.0,0.0,0.0
c05539,0.0,0.0,0.0
c05540,0.0,0.0,0.0
c05541,0.0,0.0,0.0
c05542,0.0,0.0,0.0
c05543,0.0,0.0,0.0
c05544,0.0,0.0,0.0
c05545,0.0,0.0,0.0
c05546,0.0,0.0,0.0
c05547,0.0,0.0,0.0
c05548,0.0,0.0,0.0
c05549,22.24267311025644,0.0,1.0
c05550,2.7569208346441427,0.0,0.0
c05551,11.794267955846252,0.0,0.0
c05552,11.794267955846252,0.0,0.0
c05553,9.037347121202108,0.0,0.0
c05554,9.037347121202108,0.0,0.0
c05555,0.0,0.0,0.0
c05556,0.0,0.0,0.0
c05557,0.0,0.0,0.0
c05558,0.0,0.0,0.0
c05559,0.0,0.0,0.0
c05560,0.0,0.0,0.0
c05561,0.0,0.0,0.0
c05562,7.246882457341299,0.0,0.0
c05563,0.0,0.0,0.0
c05564,0.0,0.0,0.0
c05565,0.0,0.0,0.0
c05566,0.0,0.0,0.0
c05567,0.0,0.0,0.0
c05568,0.0,0.0,0.0
c05569,0.0,0.0,0.0
c05570,0.0,0.0,0.0
c05571,0.0,0.0,0.0
c05572,0.0,0.0,0.0
c05573,0.0,0.0,0.0
c05574,0.0,0.0,0.0
c05575,0.0,0.0,0.0
c05576,0.0,0.0,0.0
c05577,0.0,0.0,0.0
c05578,0.0,0.0,0.0
c05579,0.0,0.0,0.0
c05580,0.0,0.0,0.0
c05581,0.0,0.0,0.0
c05582,0.0,0.0,0.0
c05583,0.0,0.0,0.0
c05584,0.0,0.0,0.0
c05585,0.0,0.0,0.0
c05586,0.0,0.0,0.0
c05587,0.0,0.0,0.0
c05588,0.0,0.0,0.0
c05589,0.0,0.0,0.0
c05590,0.0,0.0,0.0
c05591,0.0,0.0,0.0
c05592,0.0,0.0,0.0
c05593,2.2389734525008094,0.0,0.0
c05594,7.19288708276178,0.0,0.0
c05595,0.0,0.0,0.0
c05596,0.0,0.0,0.0
c05597,0.0,0.0,0.0
c05598,0.0,0.0,0.0
c05599,0.0,0.0,0.0
c05600,0.0,0.0,0.0
c05601,0.0,0.0,0.0
c05602,0.0,0.0,0.0
c05603,0.0,0.0,0.0
c05604,0.0,0.0,0.0
c05605,0.0,0.0,0.0
c05606,0.0,0.0,0.0
c05607,0.0,0.0,0.0
c05608,0.0,0.0,0.0
c05609,0.0,0.0,0.0
c05610,0.0,0.0,0.0
c05611,0.0,0.0,0.0
c05612,0.0,0.0,0.0
c05613,0.0,0.0,0.0
c05614,0.0,0.0,0.0
c05615,0.0,0.0,0.0
c05616,0.0,0.0,0.0
c05617,0.0,0.0,0.0
c05618,0.0,0.0,0.0
c05619,9.657346890607691,0.0,0.0
c05620,9.657346890607691,0.0,0.0
c05621,3.835394660570119,0.0,0.0
c05622,3.835394660570119,0.0,0.0
c05623,3.835394660570119,0.0,0.0
c05624,9.661642586391062,0.0,0.0
c05625,0.0,0.0,0.0
c05626,0.0,0.0,0.0
c05627,0.0,0.0,0.0
c05628,0.0,0.0,0.0
c05629,0.0,0.0,0.0
c05630,15.310653747953072,0.0,0.0
c05631,15.310653747953072,0.0,0.0
c05632,0.0,0.0,0.0
c05633,0.0,0.0,0.0
c05634,0.0,0.0,0.0
c05635,0.0,0.0,0.0
c05636,0.0,0.0,0.0
c05637,0.0,0.0,0.0
c05638,6.070728072097657,0.0,0.0
c05639,0.0,0.0,0.0
c05640,0.0,0.0,0.0
c05641,0.0,0.0,0.0
c05642,0.0,0.0,0.0
c05643,0.0,0.0,0.0
c05644,0.0,0.0,0.0
c05645,0.0,0.0,0.0
c05646,18.752670273350372,0.0,0.0
c05647,0.0,0.0,0.0
c05648,0.0,0.0,0.0
c05649,20.275868032543737,0.0,0.0
c05650,0.0,0.0,0.0
c05651,0.0,0.0,0.0
c05652,0.0,0.0,0.0
c05653,0.0,0.0,0.0
c05654,0.0,0.0,0.0
c05655,0.0,0.0,0.0
c05656,0.0,0.0,0.0
c05657,0.0,0.0,0.0
c05658,0.0,0.0,0.0
c05659,0.0,0.0,0.0
c05660,0.0,0.0,0.0
c05661,0.0,0.0,0.0
c05662,0.0,0.0,0.0
c05663,0.0,0.0,0.0
c05664,0.0,0.0,0.0
c05665,0.0,0.0,0.0
c05666,0.0,0.0,0.0
c05667,0.0,0.0,0.0
c05668,0.0,0.0,0.0
c05669,3.0167523495791517,0.0,0.0
c05670,25.652771628242398,0.0,0.0
c05671,0.0,0.0,0.0
c05672,0.0,0.0,0.0
c05673,0.0,0.0,0.0
c05674,0.0,0.0,0.0
c05675,9.037347121202108,0.0,0.0
c05676,9.037347121202108,0.0,0.0
c05677,0.0,0.0,0.0
c05678,0.0,0.0,0.0
c05679,0.0,0.0,0.0
c05680,0.0,0.0,0.0
c05681,0.0,0.0,0.0
c05682,0.0,0.0,0.0
c05683,7.246882457341299,0.0,0.0
c05684,0.0,0.0,0.0
c05685,0.0,0.0,0.0
c05686,0.0,0.0,0.0
c05687,0.0,0.0,0.0
c05688,0.0,0.0,0.0
c05689,0.0,0.0,0.0
c05690,0.0,0.0,0.0
c05691,0.0,0.0,0.0
c05692,0.0,0.0,0.0
c05693,0.0,0.0,0.0
c05694,0.0,0.0,0.0
c05695,0.0,0.0,0.0
c05696,0.0,0.0,0.0
c05697,0.0,0.0,0.0
c05698,0.0,0.0,0.0
c05699,0.0,0.0,0.0
c05700,0.0,0.0,0.0
c05701,0.0,0.0,0.0
c05702,0.0,0.0,0.0
c05703,0.0,0.0,0.0
c05704,0.0,0.0,0.0
c05705,0.0,0.0,0.0
c05706,0.0,0.0,0.0
c05707,0.0,0.0,0.0
c05708,0.0,0.0,0.0
c05709,0.0,0.0,0.0
c05710,0.0,0.0,0.0
c05711,0.0,0.0,0.0
c05712,0.0,0.0,0.0
c05713,0.0,0.0,0.0
c05714,0.0,0.0,0.0
c05715,3.7731948257142554,0.0,0.0
c05716,4.9025275083803495,0.0,0.0
c05717,0.0,0.0,0.0
c05718,0.0,0.0,0.0
c05719,0.0,0.0,0.0
c05720,0.0,0.0,0.0
c05721,0.0,0.0,0.0
c05722,0.0,0.0,0.0
c05723,0.0,0.0,0.0
c05724,0.0,0.0,0.0
c05725,0.0,0.0,0.0
c05726,0.0,0.0,0.0
c05727,0.0,0.0,0.0
c05728,0.0,0.0,0.0
c05729,0.0,0.0,0.0
c05730,0.0,0.0,0.0
c05731,0.0,0.0,0.0
c05732,0.0,0.0,0.0
c05733,0.0,0.0,0.0
c05734,0.0,0.0,0.0
c05735,0.0,0.0,0.0
c05736,0.0,0.0,0.0
c05737,0.0,0.0,0.0
c05738,0.0,0.0,0.0
c05739,0.0,0.0,0.0
c05740,0.0,0.0,0.0
c05741,14.507979452914377,1.0,0.0
c05742,5.434542984096357,0.0,0.0
c05743,0.0,0.0,0.0
c05744,0.0,0.0,0.0
c05745,2.691765484732894,0.0,0.0
c05746,6.891297848526746,1.0,0.0
c05747,0.0,0.0,0.0
c05748,0.0,0.0,0.0
c05749,0.0,0.0,0.0
c05750,0.0,0.0,0.0
c05751,12.121553389999654,0.0,0.0
c05752,0.0,0.0,0.0
c05753,0.0,0.0,0.0
c05754,0.0,0.0,0.0
c05755,0.0,0.0,0.0
c05756,0.0,0.0,0.0
c05757,0.0,0.0,0.0
c05758,0.0,0.0,0.0
c05759,6.070728072097657,0.0,0.0
c05760,0.0,0.0,0.0
c05761,0.0,0.0,0.0
c05762,0.0,0.0,0.0
c05763,0.0,0.0,0.0
c05764,0.0,0.0,0.0
c05765,0.0,0.0,0.0
c05766,0.0,0.0,0.0
c05767,18.752670273350372,0.0,0.0
c05768,18.752670273350372,0.0,0.0
c05769,25.634427718752693,0.0,0.0
c05770,20.275868032543737,0.0,0.0
c05771,0.0,0.0,0.0
c05772,0.0,0.0,0.0
c05773,0.0,0.0,0.0
c05774,0.0,0.0,0.0
c05775,0.0,0.0,0.0
c05776,0.0,0.0,0.0
c05777,0.0,0.0,0.0
c05778,0.0,0.0,0.0
c05779,0.0,0.0,0.0
c05780,0.0,0.0,0.0
c05781,0.0,0.0,0.0
c05782,0.0,0.0,0.0
c05783,0.0,0.0,0.0
c05784,0.0,0.0,0.0
c05785,0.0,0.0,0.0
c05786,0.0,0.0,0.0
c05787,0.0,0.0,0.0
c05788,0.0,0.0,0.0
c05789,0.0,0.0,0.0
c05790,3.0167523495791517,0.0,0.0
c05791,25.58523784618512,0.0,0.0
c05792,0.0,0.0,0.0
c05793,0.0,0.0,0.0
c05794,0.0,0.0,0.0
c05795,0.0,0.0,0.0
c05796,0.0,0.0,0.0
c05797,9.037347121202108,0.0,0.0
c05798,9.037347121202108,0.0,0.0
c05799,0.0,0.0,0.0
c05800,0.0,0.0,0.0
c05801,13.941471129826175,0.0,0.0
c05802,13.941471129826175,0.0,0.0
c05803,7.246882457341299,0.0,0.0
c05804,7.246882457341299,0.0,0.0
c05805,0.0,0.0,0.0
c05806,0.0,0.0,0.0
c05807,0.0,0.0,0.0
c05808,0.0,0.0,0.0
c05809,0.0,0.0,0.0
c05810,0.0,0.0,0.0
c05811,0.0,0.0,0.0
c05812,0.0,0.0,0.0
c05813,0.0,0.0,0.0
c05814,0.0,0.0,0.0
c05815,0.0,0.0,0.0
c05816,0.0,0.0,0.0
c05817,0.0,0.0,0.0
c05818,0.0,0.0,0.0
c05819,0.0,0.0,0.0
c05820,0.0,0.0,0.0
c05821,0.0,0.0,0.0
c05822,0.0,0.0,0.0
c05823,0.0,0.0,0.0
c05824,0.0,0.0,0.0
c05825,0.0,0.0,0.0
c05826,0.0,0.0,0.0
c05827,0.0,0.0,0.0
c05828,0.0,0.0,0.0
c05829,0.0,0.0,0.0
c05830,0.0,0.0,0.0
c05831,0.0,0.0,0.0
c05832,0.0,0.0,0.0
c05833,0.0,0.0,0.0
c05834,0.0,0.0,0.0
c05835,0.0,0.0,0.0
c05836,3.831342586335065,0.0,0.0
c05837,3.3587211778100774,0.0,0.0
c05838,3.3587211778100774,0.0,0.0
c05839,0.0,0.0,0.0
c05840,0.0,0.0,0.0
c05841,0.0,0.0,0.0
c05842,0.0,0.0,0.0
c05843,0.0,0.0,0.0
c05844,0.0,0.0,0.0
c05845,0.0,0.0,0.0
c05846,0.0,0.0,0.0
c05847,0.0,0.0,0.0
c05848,0.0,0.0,0.0
c05849,0.0,0.0,0.0
c05850,0.0,0.0,0.0
c05851,0.0,0.0,0.0
c05852,0.0,0.0,0.0
c05853,0.0,0.0,0.0
c05854,0.0,0.0,0.0
c05855,0.0,0.0,0.0
c05856,0.0,0.0,0.0
c05857,0.0,0.0,0.0
c05858,0.0,0.0,0.0
c05859,0.0,0.0,0.0
c05860,0.0,0.0,0.0
c05861,2.742257163064978,0.0,0.0
c05862,2.742257163064978,0.0,0.0
c05863,0.0,0.0,0.0
c05864,0.0,0.0,0.0
c05865,0.0,0.0,0.0
c05866,0.0,0.0,0.0
c05867,10.778778101596476,0.0,0.0
c05868,7.418172911300721,0.0,0.0
c05869,0.0,0.0,0.0
c05870,0.0,0.0,0.0
c05871,0.0,0.0,0.0
c05872,7.793094123155651,0.0,0.0
c05873,2.628716751713851,0.0,0.0
c05874,2.628716751713851,0.0,0.0
c05875,0.0,0.0,0.0
c05876,0.0,0.0,0.0
c05877,0.0,0.0,0.0
c05878,0.0,0.0,0.0
c05879,0.0,0.0,0.0
c05880,6.070728072097657,0.0,0.0
c05881,6.070728072097657,0.0,1.0
c05882,0.0,0.0,0.0
c05883,0.0,0.0,0.0
c05884,0.0,0.0,0.0
c05885,0.0,0.0,0.0
c05886,0.0,0.0,0.0
c05887,0.0,0.0,0.0
c05888,0.0,0.0,0.0
c05889,21.976850765176852,0.0,0.0
c05890,25.634427718752693,0.0,0.0
c05891,5.358559686208955,0.0,0.0
c05892,5.358559686208955,0.0,0.0
c05893,6.097169908435122,0.0,0.0
c05894,6.097169908435122,0.0,0.0
c05895,0.0,0.0,0.0
c05896,0.0,0.0,0.0
c05897,0.0,0.0,0.0
c05898,0.0,0.0,0.0
c05899,0.0,0.0,0.0
c05900,0.0,0.0,0.0
c05901,0.0,0.0,0.0
c05902,0.0,0.0,0.0
c05903,0.0,0.0,0.0
c05904,0.0,0.0,0.0
c05905,0.0,0.0,0.0
c05906,0.0,0.0,0.0
c05907,0.0,0.0,0.0
c05908,0.0,0.0,0.0
c05909,0.0,0.0,0.0
c05910,0.0,0.0,0.0
c05911,0.0,0.0,0.0
c05912,22.24267311025644,0.0,0.0
c05913,0.0,0.0,0.0
c05914,0.0,0.0,0.0
c05915,0.0,0.0,0.0
c05916,0.0,0.0,0.0
c05917,0.0,0.0,0.0
c05918,0.0,0.0,0.0
c05919,22.978818251028283,0.0,0.0
c05920,13.941471129826175,0.0,0.0
c05921,13.941471129826175,0.0,0.0
c05922,13.941471129826175,0.0,0.0
c05923,13.941471129826175,0.0,0.0
c05924,21.188353587167473,1.0,0.0
c05925,0.0,0.0,0.0
c05926,0.0,0.0,0.0
c05927,0.0,0.0,0.0
c05928,0.0,0.0,0.0
c05929,0.0,0.0,0.0
c05930,0.0,0.0,0.0
c05931,0.0,0.0,0.0
c05932,0.0,0.0,0.0
c05933,0.0,0.0,0.0
c05934,0.0,0.0,0.0
c05935,0.0,0.0,0.0
c05936,0.0,0.0,0.0
c05937,0.0,0.0,0.0
c05938,0.0,0.0,0.0
c05939,0.0,0.0,0.0
c05940,0.0,0.0,0.0
c05941,0.0,0.0,0.0
c05942,0.0,0.0,0.0
c05943,0.0,0.0,0.0
c05944,0.0,0.0,0.0
c05945,0.0,0.0,0.0
c05946,0.0,0.0,0.0
c05947,0.0,0.0,0.0
c05948,0.0,0.0,0.0
c05949,0.0,0.0,0.0
c05950,0.0,0.0,0.0
c05951,0.0,0.0,0.0
c05952,0.0,0.0,0.0
c05953,0.0,0.0,0.0
c05954,0.0,0.0,0.0
c05955,0.0,0.0,0.0
c05956,0.0,0.0,0.0
c05957,1.592369133834256,0.0,0.0
c05958,3.3366569645095847,0.0,0.0
c05959,5.103009008485406,0.0,0.0
c05960,0.0,0.0,0.0
c05961,0.0,0.0,0.0
c05962,0.0,0.0,0.0
c05963,0.0,0.0,0.0
c05964,0.0,0.0,0.0
c05965,0.0,0.0,0.0
c05966,0.0,0.0,0.0
c05967,0.0,0.0,0.0
c05968,0.0,0.0,0.0
c05969,0.0,0.0,0.0
c05970,0.0,0.0,0.0
c05971,0.0,0.0,0.0
c05972,0.0,0.0,0.0
c05973,0.0,0.0,0.0
c05974,0.0,0.0,0.0
c05975,0.0,0.0,0.0
c05976,0.0,0.0,0.0
c05977,0.0,0.0,0.0
c05978,0.0,0.0,0.0
c05979,0.0,0.0,0.0
c05980,0.0,0.0,0.0
c05981,0.0,0.0,0.0
c05982,2.742257163064978,0.0,0.0
c05983,0.0,0.0,0.0
c05984,0.0,0.0,0.0
c05985,0.0,0.0,0.0
c05986,0.0,0.0,0.0
c05987,0.0,0.0,0.0
c05988,0.0,0.0,0.0
c05989,7.418172911300721,0.0,0.0
c05990,7.418172911300721,0.0,0.0
c05991,0.0,0.0,0.0
c05992,0.0,0.0,0.0
c05993,5.1643773714418,0.0,0.0
c05994,0.0,0.0,0.0
c05995,0.0,1.0,0.0
c05996,0.0,0.0,0.0
c05997,0.0,0.0,0.0
c05998,0.0,0.0,0.0
c05999,0.0,0.0,0.0
c06000,0.0,0.0,0.0
c06001,0.0,0.0,0.0
c06002,6.070728072097657,0.0,0.0
c06003,0.0,0.0,0.0
c06004,0.0,0.0,0.0
c06005,0.0,0.0,0.0
c06006,0.0,0.0,0.0
c06007,0.0,0.0,0.0
c06008,0.0,0.0,0.0
c06009,0.0,0.0,0.0
c06010,3.1972541221575446,0.0,0.0
c06011,24.031298518183114,0.0,0.0
c06012,0.0,0.0,0.0
c06013,11.455729594644076,0.0,0.0
c06014,6.097169908435122,0.0,0.0
c06015,6.097169908435122,0.0,0.0
c06016,0.0,0.0,0.0
c06017,0.0,0.0,0.0
c06018,0.0,0.0,0.0
c06019,0.0,0.0,0.0
c06020,0.0,0.0,0.0
c06021,0.0,0.0,0.0
c06022,0.0,0.0,0.0
c06023,0.0,0.0,0.0
c06024,0.0,0.0,0.0
c06025,0.0,0.0,0.0
c06026,0.0,0.0,0.0
c06027,0.0,0.0,0.0
c06028,0.0,0.0,0.0
c06029,0.0,0.0,0.0
c06030,0.0,0.0,0.0
c06031,0.0,0.0,0.0
c06032,0.0,0.0,0.0
c06033,22.24267311025644,0.0,0.0
c06034,22.24267311025644,0.0,0.0
c06035,0.0,0.0,0.0
c06036,0.0,0.0,0.0
c06037,0.0,0.0,0.0
c06038,13.941471129826175,0.0,0.0
c06039,13.941471129826175,0.0,0.0
c06040,13.941471129826175,0.0,0.0
c06041,0.0,0.0,0.0
c06042,0.0,0.0,0.0
c06043,0.0,0.0,0.0
c06044,7.246882457341299,0.0,0.0
c06045,22.108906970735678,0.0,0.0
c06046,13.162369455400194,0.0,0.0
c06047,0.0,0.0,0.0
c06048,0.0,0.0,0.0
c06049,0.0,0.0,0.0
c06050,0.0,0.0,0.0
c06051,0.0,0.0,0.0
c06052,0.0,0.0,0.0
c06053,0.0,0.0,0.0
c06054,0.0,0.0,0.0
c06055,0.0,0.0,0.0
c06056,0.0,0.0,0.0
c06057,0.0,0.0,0.0
c06058,0.0,0.0,0.0
c06059,0.0,0.0,0.0
c06060,0.0,0.0,0.0
c06061,0.0,0.0,0.0
c06062,0.0,0.0,0.0
c06063,0.0,0.0,0.0
c06064,0.0,0.0,0.0
c06065,0.0,0.0,0.0
c06066,0.0,0.0,0.0
c06067,0.0,0.0,0.0
c06068,0.0,0.0,0.0
c06069,0.0,0.0,0.0
c06070,0.0,0.0,0.0
c06071,0.0,0.0,0.0
c06072,0.0,0.0,0.0
c06073,0.0,0.0,0.0
c06074,0.0,0.0,0.0
c06075,0.0,0.0,0.0
c06076,0.0,0.0,0.0
c06077,0.0,0.0,0.0
c06078,0.0,0.0,0.0
c06079,0.0,0.0,0.0
c06080,12.163036124572216,0.0,0.0
c06081,6.955963240731407,0.0,0.0
c06082,0.0,0.0,0.0
c06083,0.0,0.0,0.0
c06084,0.0,0.0,0.0
c06085,0.0,0.0,0.0
c06086,0.0,0.0,0.0
c06087,0.0,0.0,0.0
c06088,0.0,0.0,0.0
c06089,0.0,0.0,0.0
c06090,0.0,0.0,0.0
c06091,0.0,0.0,0.0
c06092,0.0,0.0,0.0
c06093,0.0,0.0,0.0
c06094,0.0,0.0,0.0
c06095,0.0,0.0,0.0
c06096,0.0,0.0,0.0
c06097,0.0,0.0,0.0
c06098,0.0,0.0,0.0
c06099,0.0,0.0,0.0
c06100,0.0,0.0,0.0
c06101,0.0,0.0,0.0
c06102,0.0,0.0,0.0
c06103,2.934625882394142,0.0,0.0
c06104,0.0,0.0,0.0
c06105,0.0,0.0,0.0
c06106,0.0,0.0,0.0
c06107,0.0,0.0,0.0
c06108,0.0,0.0,0.0
c06109,0.0,0.0,0.0
c06110,0.0,0.0,0.0
c06111,11.099479105730964,0.0,0.0
c06112,13.51159498732757,0.0,0.0
c06113,5.1643773714418,0.0,0.0
c06114,5.1643773714418,0.0,0.0
c06115,0.0,0.0,0.0
c06116,0.0,0.0,0.0
c06117,0.0,0.0,0.0
c06118,0.0,0.0,0.0
c06119,0.0,0.0,0.0
c06120,0.0,0.0,0.0
c06121,0.0,0.0,0.0
c06122,0.0,0.0,0.0
c06123,6.070728072097657,0.0,0.0
c06124,14.487444845116402,0.0,0.0
c06125,0.0,0.0,0.0
c06126,0.0,0.0,0.0
c06127,0.0,0.0,0.0
c06128,0.0,0.0,0.0
c06129,0.0,0.0,0.0
c06130,0.0,0.0,0.0
c06131,3.1972541221575446,0.0,0.0
c06132,3.1972541221575446,0.0,0.0
c06133,0.0,0.0,0.0
c06134,5.358559686208955,0.0,0.0
c06135,11.455729594644076,1.0,0.0
c06136,6.097169908435122,0.0,0.0
c06137,0.0,0.0,0.0
c06138,0.0,0.0,0.0
c06139,0.0,0.0,0.0
c06140,0.0,0.0,0.0
c06141,0.0,0.0,0.0
c06142,0.0,0.0,0.0
c06143,0.0,0.0,0.0
c06144,0.0,0.0,0.0
c06145,0.0,0.0,0.0
c06146,0.0,0.0,0.0
c06147,0.0,0.0,0.0
c06148,0.0,0.0,0.0
c06149,0.0,0.0,0.0
c06150,0.0,0.0,0.0
c06151,0.0,0.0,0.0
c06152,0.0,0.0,0.0
c06153,0.0,0.0,0.0
c06154,0.0,0.0,0.0
c06155,22.24267311025644,0.0,0.0
c06156,22.24267311025644,0.0,0.0
c06157,0.0,0.0,0.0
c06158,0.0,0.0,0.0
c06159,13.941471129826175,0.0,0.0
c06160,0.0,0.0,0.0
c06161,0.0,0.0,0.0
c06162,0.0,0.0,0.0
c06163,0.0,0.0,0.0
c06164,11.860710297195842,0.0,0.0
c06165,8.356966619571029,0.0,0.0
c06166,0.0,0.0,0.0
c06167,12.66618602782651,0.0,0.0
c06168,12.66618602782651,0.0,0.0
c06169,12.66618602782651,0.0,0.0
c06170,0.0,0.0,0.0
c06171,0.0,0.0,0.0
c06172,0.0,0.0,0.0
c06173,0.0,0.0,0.0
c06174,0.0,0.0,0.0
c06175,0.0,0.0,0.0
c06176,0.0,0.0,0.0
c06177,0.0,0.0,0.0
c06178,0.0,0.0,0.0
c06179,0.0,0.0,0.0
c06180,0.0,0.0,0.0
c06181,0.0,0.0,0.0
c06182,0.0,0.0,0.0
c06183,0.0,0.0,0.0
c06184,0.0,0.0,0.0
c06185,0.0,0.0,0.0
c06186,0.0,0.0,0.0
c06187,0.0,0.0,0.0
c06188,0.0,0.0,0.0
c06189,0.0,0.0,0.0
c06190,0.0,0.0,0.0
c06191,0.0,0.0,0.0
c06192,0.0,0.0,0.0
c06193,0.0,0.0,0.0
c06194,0.0,0.0,0.0
c06195,0.0,0.0,0.0
c06196,0.0,0.0,0.0
c06197,0.0,0.0,0.0
c06198,0.0,0.0,0.0
c06199,0.0,0.0,0.0
c06200,0.0,0.0,0.0
c06201,0.0,0.0,0.0
c06202,6.955963240731407,0.0,1.0
c06203,0.0,0.0,0.0
c06204,0.0,0.0,0.0
c06205,0.0,0.0,0.0
c06206,0.0,0.0,0.0
c06207,0.0,0.0,0.0
c06208,0.0,0.0,0.0
c06209,0.0,0.0,0.0
c06210,0.0,0.0,0.0
c06211,0.0,0.0,0.0
c06212,0.0,0.0,0.0
c06213,0.0,0.0,0.0
c06214,0.0,0.0,0.0
c06215,0.0,0.0,0.0
c06216,0.0,0.0,0.0
c06217,0.0,0.0,0.0
c06218,0.0,0.0,0.0
c06219,0.0,0.0,0.0
c06220,0.0,0.0,0.0
c06221,0.0,0.0,0.0
c06222,0.0,0.0,0.0
c06223,0.0,0.0,0.0
c06224,0.0,0.0,0.0
c06225,0.0,0.0,0.0
c06226,0.0,0.0,0.0
c06227,0.0,0.0,0.0
c06228,0.0,0.0,0.0
c06229,0.0,0.0,0.0
c06230,0.0,0.0,0.0
c06231,0.0,0.0,0.0
c06232,2.3906031082357955,0.0,0.0
c06233,9.371933889040964,0.0,0.0
c06234,9.562993664479627,1.0,0.0
c06235,0.0,0.0,0.0
c06236,0.0,0.0,0.0
c06237,0.0,0.0,0.0
c06238,0.0,0.0,0.0
c06239,0.0,0.0,0.0
c06240,0.0,0.0,0.0
c06241,0.0,0.0,0.0
c06242,2.981794542224849,0.0,0.0
c06243,2.981794542224849,0.0,0.0
c06244,11.398511315243594,0.0,0.0
c06245,8.416716773018745,1.0,0.0
c06246,0.0,0.0,0.0
c06247,0.0,0.0,0.0
c06248,0.0,0.0,0.0
c06249,0.0,0.0,0.0
c06250,0.0,0.0,0.0
c06251,0.0,0.0,0.0
c06252,14.248357441241042,0.0,0.0
c06253,0.0,0.0,0.0
c06254,0.0,0.0,0.0
c06255,0.0,0.0,0.0
c06256,5.358559686208955,0.0,0.0
c06257,15.77729387275281,0.0,0.0
c06258,10.418734186543857,0.0,0.0
c06259,10.418734186543857,0.0,0.0
c06260,0.0,0.0,0.0
c06261,0.0,0.0,0.0
c06262,0.0,0.0,0.0
c06263,0.0,0.0,0.0
c06264,0.0,0.0,0.0
c06265,0.0,0.0,0.0
c06266,0.0,0.0,1.0
c06267,0.0,0.0,0.0
c06268,0.0,0.0,0.0
c06269,0.0,0.0,0.0
c06270,0.0,0.0,0.0
c06271,0.0,0.0,0.0
c06272,0.0,0.0,0.0
c06273,0.0,0.0,0.0
c06274,0.0,0.0,0.0
c06275,0.0,0.0,0.0
c06276,0.0,0.0,0.0
c06277,35.82872697624738,0.0,0.0
c06278,0.0,0.0,0.0
c06279,0.0,0.0,0.0
c06280,13.941471129826175,0.0,0.0
c06281,0.0,0.0,0.0
c06282,0.0,0.0,0.0
c06283,0.0,0.0,0.0
c06284,10.7139161074989,0.0,0.0
c06285,10.7139161074989,0.0,0.0
c06286,0.0,0.0,0.0
c06287,0.0,0.0,0.0
c06288,0.0,0.0,0.0
c06289,0.0,0.0,0.0
c06290,12.66618602782651,0.0,0.0
c06291,12.66618602782651,0.0,0.0
c06292,0.0,0.0,0.0
c06293,0.0,0.0,0.0
c06294,0.0,0.0,0.0
c06295,0.0,0.0,0.0
c06296,0.0,0.0,0.0
c06297,0.0,0.0,0.0
c06298,0.0,0.0,0.0
c06299,0.0,0.0,0.0
c06300,0.0,0.0,0.0
c06301,0.0,0.0,0.0
c06302,0.0,0.0,0.0
c06303,0.0,0.0,0.0
c06304,0.0,0.0,0.0
c06305,0.0,0.0,0.0
c06306,0.0,0.0,0.0
c06307,0.0,0.0,0.0
c06308,0.0,0.0,0.0
c06309,0.0,0.0,0.0
c06310,0.0,0.0,0.0
c06311,0.0,0.0,0.0
c06312,0.0,0.0,0.0
c06313,0.0,0.0,0.0
c06314,0.0,0.0,0.0
c06315,0.0,0.0,0.0
c06316,0.0,0.0,0.0
c06317,0.0,0.0,0.0
c06318,0.0,0.0,0.0
c06319,0.0,0.0,0.0
c06320,0.0,0.0,0.0
c06321,0.0,0.0,0.0
c06322,0.0,0.0,0.0
c06323,6.955963240731407,0.0,0.0
c06324,6.955963240731407,0.0,0.0
c06325,0.0,0.0,0.0
c06326,0.0,0.0,0.0
c06327,0.0,0.0,0.0
c06328,0.0,0.0,0.0
c06329,0.0,0.0,0.0
c06330,0.0,0.0,0.0
c06331,0.0,0.0,0.0
c06332,0.0,0.0,0.0
c06333,0.0,0.0,0.0
c06334,0.0,0.0,0.0
c06335,0.0,0.0,0.0
c06336,0.0,0.0,0.0
c06337,0.0,0.0,0.0
c06338,0.0,0.0,0.0
c06339,0.0,0.0,0.0
c06340,0.0,0.0,0.0
c06341,0.0,0.0,0.0
c06342,0.0,0.0,0.0
c06343,0.0,0.0,0.0
c06344,0.0,0.0,0.0
c06345,0.0,0.0,0.0
c06346,0.0,0.0,0.0
c06347,0.0,0.0,0.0
c06348,0.0,0.0,0.0
c06349,0.0,0.0,0.0
c06350,0.0,0.0,0.0
c06351,0.0,0.0,0.0
c06352,4.07774410012624,0.0,0.0
c06353,3.259176164034171,0.0,0.0
c06354,0.0,0.0,0.0
c06355,12.154960768139691,0.0,0.0
c06356,7.724314160743962,0.0,0.0
c06357,0.0,0.0,0.0
c06358,0.0,0.0,0.0
c06359,0.0,0.0,0.0
c06360,0.0,0.0,0.0
c06361,0.0,0.0,0.0
c06362,0.0,0.0,0.0
c06363,9.675611791568832,0.0,0.0
c06364,0.0,0.0,0.0
c06365,12.309622574206845,0.0,0.0
c06366,3.8668699228769583,0.0,0.0
c06367,0.0,0.0,0.0
c06368,0.0,0.0,0.0
c06369,0.0,0.0,0.0
c06370,0.0,0.0,0.0
c06371,0.0,0.0,1.0
c06372,0.0,0.0,0.0
c06373,10.991789324322932,0.0,0.0
c06374,0.0,0.0,0.0
c06375,0.0,0.0,0.0
c06376,0.0,0.0,0.0
c06377,0.0,0.0,0.0
c06378,0.0,0.0,0.0
c06379,0.0,0.0,0.0
c06380,10.418734186543857,0.0,0.0
c06381,10.418734186543857,0.0,0.0
c06382,10.418734186543857,0.0,0.0
c06383,10.418734186543857,0.0,0.0
c06384,10.418734186543857,0.0,0.0
c06385,10.418734186543857,0.0,0.0
c06386,10.418734186543857,0.0,0.0
c06387,12.645093530404633,0.0,0.0
c06388,0.0,0.0,0.0
c06389,3.8647295199322436,0.0,0.0
c06390,0.0,0.0,0.0
c06391,0.0,0.0,0.0
c06392,0.0,0.0,0.0
c06393,0.0,0.0,0.0
c06394,0.0,0.0,0.0
c06395,0.0,0.0,0.0
c06396,0.0,0.0,0.0
c06397,0.0,0.0,0.0
c06398,13.586053865990943,0.0,0.0
c06399,13.586053865990943,0.0,0.0
c06400,13.941471129826175,0.0,0.0
c06401,13.941471129826175,0.0,0.0
c06402,0.0,0.0,0.0
c06403,0.0,0.0,0.0
c06404,0.0,0.0,0.0
c06405,10.7139161074989,0.0,0.0
c06406,0.0,0.0,0.0
c06407,0.0,0.0,0.0
c06408,0.0,0.0,0.0
c06409,0.0,0.0,0.0
c06410,0.0,0.0,0.0
c06411,0.0,0.0,0.0
c06412,12.66618602782651,0.0,0.0
c06413,0.0,0.0,0.0
c06414,0.0,0.0,0.0
c06415,0.0,0.0,0.0
c06416,0.0,0.0,0.0
c06417,0.0,0.0,0.0
c06418,0.0,0.0,0.0
c06419,0.0,0.0,0.0
c06420,0.0,0.0,0.0
c06421,0.0,0.0,0.0
c06422,0.0,0.0,0.0
c06423,0.0,0.0,0.0
c06424,0.0,0.0,0.0
c06425,0.0,0.0,0.0
c06426,0.0,0.0,0.0
c06427,0.0,0.0,0.0
c06428,0.0,0.0,0.0
c06429,0.0,0.0,0.0
c06430,0.0,0.0,0.0
c06431,0.0,0.0,0.0
c06432,0.0,0.0,0.0
c06433,0.0,0.0,0.0
c06434,0.0,0.0,0.0
c06435,0.0,0.0,0.0
c06436,0.0,0.0,0.0
c06437,0.0,0.0,0.0
c06438,0.0,0.0,0.0
c06439,0.0,0.0,0.0
c06440,0.0,0.0,0.0
c06441,0.0,0.0,0.0
c06442,0.0,0.0,0.0
c06443,0.0,0.0,0.0
c06444,0.0,0.0,0.0
c06445,6.955963240731407,0.0,0.0
c06446,0.0,0.0,0.0
c06447,0.0,0.0,0.0
c06448,0.0,0.0,0.0
c06449,0.0,0.0,0.0
c06450,0.0,0.0,0.0
c06451,0.0,0.0,0.0
c06452,0.0,0.0,0.0
c06453,0.0,0.0,0.0
c06454,0.0,0.0,0.0
c06455,0.0,0.0,0.0
c06456,0.0,0.0,0.0
c06457,0.0,0.0,0.0
c06458,0.0,0.0,0.0
c06459,0.0,0.0,0.0
c06460,0.0,0.0,0.0
c06461,0.0,0.0,0.0
c06462,0.0,0.0,0.0
c06463,0.0,0.0,0.0
c06464,0.0,0.0,0.0
c06465,0.0,0.0,0.0
c06466,0.0,0.0,0.0
c06467,0.0,0.0,0.0
c06468,0.0,0.0,0.0
c06469,0.0,0.0,0.0
c06470,0.0,0.0,0.0
c06471,0.0,0.0,0.0
c06472,3.1915511801470973,0.0,0.0
c06473,3.1915511801470973,0.0,0.0
c06474,0.0,0.0,0.0
c06475,3.7090216626297794,0.0,0.0
c06476,3.7090216626297794,0.0,0.0
c06477,10.054707735970169,0.0,0.0
c06478,5.795633392526932,0.0,0.0
c06479,0.0,0.0,0.0
c06480,0.0,0.0,0.0
c06481,0.0,0.0,0.0
c06482,0.0,0.0,0.0
c06483,0.0,0.0,0.0
c06484,6.693817249343983,0.0,0.0
c06485,0.0,0.0,0.0
c06486,8.416716773018745,0.0,0.0
c06487,3.8668699228769583,0.0,0.0
c06488,3.8668699228769583,0.0,0.0
c06489,0.0,0.0,0.0
c06490,0.0,0.0,0.0
c06491,0.0,0.0,0.0
c06492,0.0,0.0,0.0
c06493,0.0,0.0,0.0
c06494,10.991789324322932,0.0,0.0
c06495,0.0,0.0,0.0
c06496,0.0,0.0,0.0
c06497,0.0,0.0,0.0
c06498,0.0,0.0,0.0
c06499,0.0,0.0,0.0
c06500,0.0,0.0,0.0
c06501,0.0,0.0,0.0
c06502,0.0,0.0,0.0
c06503,0.0,0.0,0.0
c06504,0.0,0.0,0.0
c06505,0.0,0.0,0.0
c06506,0.0,0.0,0.0
c06507,0.0,0.0,0.0
c06508,2.226359343860777,0.0,0.0
c06509,2.226359343860777,0.0,0.0
c06510,6.09108886379302,2.0,0.0
c06511,3.8647295199322436,0.0,0.0
c06512,0.0,0.0,0.0
c06513,0.0,0.0,0.0
c06514,0.0,0.0,0.0
c06515,0.0,0.0,0.0
c06516,0.0,0.0,0.0
c06517,0.0,0.0,0.0
c06518,0.0,0.0,0.0
c06519,0.0,0.0,0.0
c06520,13.586053865990943,0.0,0.0
c06521,27.527524995817117,0.0,0.0
c06522,0.0,0.0,0.0
c06523,0.0,0.0,0.0
c06524,0.0,0.0,0.0
c06525,10.7139161074989,0.0,0.0
c06526,10.7139161074989,0.0,0.0
c06527,0.0,0.0,0.0
c06528,0.0,0.0,0.0
c06529,0.0,0.0,0.0
c06530,0.0,0.0,0.0
c06531,0.0,0.0,0.0
c06532,0.0,0.0,0.0
c06533,0.0,0.0,0.0
c06534,0.0,0.0,0.0
c06535,0.0,0.0,0.0
c06536,0.0,0.0,0.0
c06537,0.0,0.0,0.0
c06538,0.0,0.0,0.0
c06539,0.0,0.0,0.0
c06540,0.0,0.0,0.0
c06541,0.0,0.0,0.0
c06542,0.0,0.0,0.0
c06543,0.0,0.0,0.0
c06544,0.0,0.0,0.0
c06545,0.0,0.0,0.0
c06546,0.0,0.0,0.0
c06547,0.0,0.0,0.0
c06548,0.0,0.0,0.0
c06549,0.0,0.0,0.0
c06550,0.0,0.0,0.0
c06551,0.0,0.0,0.0
c06552,0.0,0.0,0.0
c06553,0.0,0.0,0.0
c06554,0.0,0.0,0.0
c06555,0.0,0.0,0.0
c06556,0.0,0.0,0.0
c06557,0.0,0.0,0.0
c06558,0.0,0.0,0.0
c06559,0.0,0.0,0.0
c06560,0.0,0.0,0.0
c06561,0.0,0.0,0.0
c06562,0.0,0.0,0.0
c06563,0.0,0.0,0.0
c06564,0.0,0.0,0.0
c06565,0.0,0.0,0.0
c06566,6.955963240731407,0.0,0.0
c06567,6.955963240731407,0.0,0.0
c06568,0.0,0.0,0.0
c06569,0.0,0.0,0.0
c06570,0.0,0.0,0.0
c06571,0.0,0.0,0.0
c06572,0.0,0.0,0.0
c06573,0.0,0.0,0.0
c06574,0.0,0.0,0.0
c06575,0.0,0.0,0.0
c06576,0.0,0.0,0.0
c06577,0.0,0.0,0.0
c06578,0.0,0.0,0.0
c06579,0.0,0.0,0.0
c06580,0.0,0.0,0.0
c06581,0.0,0.0,0.0
c06582,0.0,0.0,0.0
c06583,0.0,0.0,0.0
c06584,0.0,0.0,0.0
c06585,0.0,0.0,0.0
c06586,0.0,0.0,0.0
c06587,0.0,0.0,0.0
c06588,0.0,0.0,0.0
c06589,0.0,0.0,0.0
c06590,0.0,0.0,0.0
c06591,0.0,0.0,0.0
c06592,5.137672850835562,0.0,0.0
c06593,3.1915511801470973,0.0,0.0
c06594,0.0,0.0,0.0
c06595,3.979932108451379,0.0,0.0
c06596,3.7090216626297794,0.0,0.0
c06597,0.0,0.0,0.0
c06598,0.0,0.0,0.0
c06599,12.656720645126077,0.0,0.0
c06600,13.897448904060735,0.0,0.0
c06601,0.0,0.0,0.0
c06602,0.0,0.0,0.0
c06603,0.0,0.0,0.0
c06604,0.0,0.0,0.0
c06605,6.693817249343983,0.0,0.0
c06606,0.0,0.0,0.0
c06607,8.416716773018745,0.0,0.0
c06608,0.0,0.0,0.0
c06609,3.8668699228769583,0.0,0.0
c06610,11.049978523173456,0.0,0.0
c06611,0.0,0.0,0.0
c06612,0.0,0.0,0.0
c06613,0.0,0.0,0.0
c06614,0.0,0.0,0.0
c06615,10.991789324322932,0.0,0.0
c06616,0.0,0.0,0.0
c06617,0.0,0.0,0.0
c06618,0.0,0.0,0.0
c06619,0.0,0.0,0.0
c06620,0.0,0.0,0.0
c06621,0.0,0.0,0.0
c06622,0.0,0.0,0.0
c06623,0.0,0.0,0.0
c06624,0.0,0.0,0.0
c06625,0.0,0.0,0.0
c06626,0.0,0.0,0.0
c06627,0.0,0.0,0.0
c06628,0.0,0.0,0.0
c06629,0.0,0.0,0.0
c06630,0.0,0.0,0.0
c06631,0.0,0.0,0.0
c06632,3.8647295199322436,0.0,0.0
c06633,0.0,0.0,0.0
c06634,0.0,0.0,0.0
c06635,0.0,0.0,0.0
c06636,0.0,0.0,0.0
c06637,0.0,0.0,0.0
c06638,0.0,0.0,0.0
c06639,0.0,0.0,0.0
c06640,0.0,0.0,0.0
c06641,0.0,0.0,0.0
c06642,13.586053865990943,0.0,0.0
c06643,0.0,0.0,0.0
c06644,0.0,0.0,0.0
c06645,0.0,0.0,0.0
c06646,10.7139161074989,1.0,0.0
c06647,0.0,0.0,0.0
c06648,0.0,0.0,0.0
c06649,0.0,0.0,0.0
c06650,0.0,0.0,0.0
c06651,0.0,0.0,0.0
c06652,0.0,0.0,0.0
c06653,0.0,0.0,0.0
c06654,0.0,0.0,0.0
c06655,0.0,0.0,0.0
c06656,0.0,0.0,0.0
c06657,0.0,0.0,0.0
c06658,0.0,0.0,0.0
c06659,0.0,0.0,0.0
c06660,0.0,0.0,0.0
c06661,0.0,0.0,0.0
c06662,0.0,0.0,0.0
c06663,0.0,0.0,0.0
c06664,0.0,0.0,0.0
c06665,0.0,0.0,0.0
c06666,0.0,0.0,0.0
c06667,0.0,0.0,0.0
c06668,0.0,0.0,0.0
c06669,0.0,0.0,0.0
c06670,0.0,0.0,0.0
c06671,0.0,0.0,0.0
c06672,0.0,0.0,0.0
c06673,0.0,0.0,0.0
c06674,0.0,0.0,0.0
c06675,0.0,0.0,0.0
c06676,0.0,0.0,0.0
c06677,0.0,0.0,0.0
c06678,0.0,0.0,0.0
c06679,0.0,0.0,0.0
c06680,0.0,0.0,0.0
c06681,0.0,0.0,0.0
c06682,0.0,0.0,0.0
c06683,0.0,0.0,0.0
c06684,0.0,0.0,0.0
c06685,0.0,0.0,0.0
c06686,0.0,0.0,0.0
c06687,0.0,0.0,0.0
c06688,6.955963240731407,0.0,0.0
c06689,0.0,0.0,0.0
c06690,0.0,0.0,0.0
c06691,0.0,0.0,0.0
c06692,0.0,0.0,0.0
c06693,0.0,0.0,0.0
c06694,0.0,0.0,0.0
c06695,0.0,0.0,0.0
c06696,0.0,0.0,0.0
c06697,0.0,0.0,0.0
c06698,0.0,0.0,0.0
c06699,0.0,0.0,0.0
c06700,0.0,0.0,0.0
c06701,0.0,0.0,0.0
c06702,0.0,0.0,0.0
c06703,0.0,0.0,0.0
c06704,0.0,0.0,0.0
c06705,0.0,0.0,0.0
c06706,0.0,0.0,0.0
c06707,0.0,0.0,0.0
c06708,0.0,0.0,0.0
c06709,0.0,0.0,0.0
c06710,0.0,0.0,0.0
c06711,0.0,0.0,0.0
c06712,0.0,0.0,0.0
c06713,1.9169909017295752,0.0,0.0
c06714,0.0,0.0,0.0
c06715,0.0,0.0,0.0
c06716,4.797413987529846,0.0,0.0
c06717,0.0,0.0,0.0
c06718,0.0,0.0,0.0
c06719,0.0,0.0,0.0
c06720,0.0,0.0,0.0
c06721,15.384036147210663,0.0,0.0
c06722,14.231321132200492,0.0,0.0
c06723,14.231321132200492,0.0,0.0
c06724,0.0,0.0,0.0
c06725,0.0,0.0,0.0
c06726,6.693817249343983,0.0,0.0
c06727,0.0,0.0,0.0
c06728,8.416716773018745,0.0,0.0
c06729,0.0,0.0,0.0
c06730,0.8506320456107329,0.0,0.0
c06731,7.99802847871969,0.0,0.0
c06732,0.0,0.0,0.0
c06733,0.0,0.0,0.0
c06734,0.0,0.0,0.0
c06735,10.991789324322932,0.0,0.0
c06736,10.991789324322932,0.0,0.0
c06737,0.0,0.0,0.0
c06738,0.0,0.0,0.0
c06739,0.0,0.0,0.0
c06740,0.0,0.0,0.0
c06741,0.0,0.0,0.0
c06742,0.0,0.0,0.0
c06743,0.0,0.0,0.0
c06744,0.0,0.0,0.0
c06745,0.0,0.0,0.0
c06746,0.0,0.0,0.0
c06747,0.0,0.0,0.0
c06748,0.0,0.0,0.0
c06749,0.0,0.0,0.0
c06750,0.0,0.0,0.0
c06751,0.0,0.0,0.0
c06752,0.0,0.0,0.0
c06753,3.8647295199322436,0.0,0.0
c06754,4.4819645381799615,0.0,0.0
c06755,0.0,0.0,0.0
c06756,0.0,0.0,0.0
c06757,0.0,0.0,0.0
c06758,0.0,0.0,0.0
c06759,0.0,0.0,0.0
c06760,0.0,1.0,0.0
c06761,0.0,0.0,0.0
c06762,0.0,0.0,0.0
c06763,13.586053865990943,0.0,0.0
c06764,0.0,0.0,0.0
c06765,0.0,0.0,0.0
c06766,10.7139161074989,0.0,0.0
c06767,10.7139161074989,0.0,0.0
c06768,0.0,0.0,0.0
c06769,0.0,0.0,0.0
c06770,0.0,0.0,0.0
c06771,0.0,0.0,0.0
c06772,0.0,0.0,0.0
c06773,0.0,0.0,0.0
c06774,5.250622761885282,0.0,0.0
c06775,5.250622761885282,0.0,0.0
c06776,0.0,0.0,0.0
c06777,0.0,0.0,0.0
c06778,0.0,0.0,0.0
c06779,0.0,0.0,0.0
c06780,0.0,0.0,0.0
c06781,0.0,0.0,0.0
c06782,0.0,0.0,0.0
c06783,0.0,0.0,0.0
c06784,0.0,0.0,0.0
c06785,0.0,0.0,0.0
c06786,0.0,0.0,0.0
c06787,0.0,0.0,0.0
c06788,0.0,0.0,0.0
c06789,0.0,0.0,0.0
c06790,0.0,0.0,0.0
c06791,0.0,0.0,0.0
c06792,0.0,0.0,0.0
c06793,0.0,0.0,0.0
c06794,0.0,0.0,0.0
c06795,0.0,0.0,0.0
c06796,0.0,0.0,0.0
c06797,0.0,0.0,0.0
c06798,0.0,0.0,0.0
c06799,0.0,0.0,0.0
c06800,0.0,0.0,0.0
c06801,0.0,0.0,0.0
c06802,0.0,0.0,0.0
c06803,0.0,0.0,0.0
c06804,0.0,0.0,0.0
c06805,0.0,0.0,0.0
c06806,0.0,0.0,0.0
c06807,0.0,0.0,0.0
c06808,0.0,0.0,0.0
c06809,9.841287919225538,0.0,0.0
c06810,2.8532992017107905,0.0,0.0
c06811,0.0,0.0,0.0
c06812,0.0,0.0,0.0
c06813,0.0,0.0,0.0
c06814,0.0,0.0,0.0
c06815,0.0,0.0,0.0
c06816,0.0,0.0,0.0
c06817,0.0,0.0,0.0
c06818,0.0,0.0,0.0
c06819,0.0,0.0,0.0
c06820,0.0,0.0,0.0
c06821,0.0,0.0,0.0
c06822,0.0,0.0,0.0
c06823,0.0,0.0,0.0
c06824,0.0,0.0,0.0
c06825,0.0,0.0,0.0
c06826,0.0,0.0,0.0
c06827,0.0,0.0,0.0
c06828,0.0,0.0,0.0
c06829,0.0,0.0,0.0
c06830,0.0,0.0,0.0
c06831,0.0,0.0,0.0
c06832,0.0,0.0,0.0
c06833,0.0,0.0,0.0
c06834,3.372777738464364,0.0,0.0
c06835,0.0,0.0,0.0
c06836,3.7861440321410176,0.0,0.0
c06837,3.7861440321410176,0.0,0.0
c06838,0.0,0.0,0.0
c06839,0.0,0.0,0.0
c06840,0.0,0.0,0.0
c06841,0.0,0.0,0.0
c06842,0.0,0.0,0.0
c06843,3.891878523733834,0.0,0.0
c06844,18.160764873856778,0.0,0.0
c06845,12.512406712648652,0.0,0.0
c06846,0.0,0.0,0.0
c06847,6.693817249343983,0.0,0.0
c06848,6.693817249343983,0.0,0.0
c06849,8.416716773018745,0.0,0.0
c06850,0.0,0.0,0.0
c06851,3.5887635322056717,0.0,0.0
c06852,7.910422779448131,0.0,0.0
c06853,0.0,0.0,0.0
c06854,0.0,0.0,0.0
c06855,0.0,0.0,0.0
c06856,10.991789324322932,0.0,0.0
c06857,0.0,0.0,0.0
c06858,0.0,0.0,0.0
c06859,0.0,0.0,0.0
c06860,0.0,0.0,0.0
c06861,0.0,0.0,0.0
c06862,0.0,0.0,0.0
c06863,0.0,0.0,0.0
c06864,0.0,0.0,0.0
c06865,0.0,0.0,0.0
c06866,0.0,0.0,0.0
c06867,0.0,0.0,0.0
c06868,0.0,0.0,0.0
c06869,0.0,0.0,0.0
c06870,0.0,0.0,0.0
c06871,0.0,0.0,0.0
c06872,0.0,0.0,0.0
c06873,0.0,0.0,0.0
c06874,0.0,0.0,0.0
c06875,3.978933027215425,0.0,0.0
c06876,0.0,0.0,0.0
c06877,0.0,0.0,0.0
c06878,0.0,0.0,0.0
c06879,0.0,0.0,0.0
c06880,0.0,0.0,0.0
c06881,0.0,2.0,0.0
c06882,0.0,0.0,0.0
c06883,0.0,0.0,0.0
c06884,13.586053865990943,0.0,0.0
c06885,0.0,0.0,0.0
c06886,0.0,0.0,0.0
c06887,10.7139161074989,0.0,0.0
c06888,0.0,0.0,0.0
c06889,0.0,0.0,0.0
c06890,0.0,0.0,0.0
c06891,0.0,0.0,0.0
c06892,0.0,0.0,0.0
c06893,0.0,0.0,0.0
c06894,0.0,0.0,0.0
c06895,5.250622761885282,0.0,0.0
c06896,0.0,0.0,0.0
c06897,0.0,0.0,0.0
c06898,0.0,0.0,0.0
c06899,0.0,0.0,0.0
c06900,0.0,0.0,0.0
c06901,0.0,0.0,0.0
c06902,0.0,0.0,0.0
c06903,0.0,0.0,0.0
c06904,0.0,0.0,0.0
c06905,0.0,0.0,0.0
c06906,0.0,0.0,0.0
c06907,0.0,0.0,0.0
c06908,0.0,0.0,0.0
c06909,0.0,0.0,0.0
c06910,0.0,0.0,0.0
c06911,0.0,0.0,0.0
c06912,0.0,0.0,0.0
c06913,0.0,0.0,0.0
c06914,0.0,0.0,0.0
c06915,0.0,0.0,0.0
c06916,0.0,0.0,0.0
c06917,0.0,0.0,0.0
c06918,0.0,0.0,0.0
c06919,0.0,0.0,0.0
c06920,0.0,0.0,0.0
c06921,0.0,0.0,0.0
c06922,0.0,0.0,0.0
c06923,0.0,0.0,0.0
c06924,0.0,0.0,0.0
c06925,0.0,0.0,0.0
c06926,0.0,0.0,0.0
c06927,0.0,0.0,0.0
c06928,0.0,0.0,0.0
c06929,0.0,0.0,0.0
c06930,0.0,0.0,0.0
c06931,2.8532992017107905,0.0,0.0
c06932,0.0,0.0,0.0
c06933,0.0,0.0,0.0
c06934,0.0,0.0,0.0
c06935,0.0,0.0,0.0
c06936,0.0,0.0,0.0
c06937,0.0,0.0,0.0
c06938,0.0,0.0,0.0
c06939,0.0,0.0,0.0
c06940,0.0,0.0,0.0
c06941,0.0,0.0,0.0
c06942,0.0,0.0,0.0
c06943,0.0,0.0,0.0
c06944,0.0,0.0,0.0
c06945,0.0,0.0,0.0
c06946,0.0,0.0,0.0
c06947,0.0,0.0,0.0
c06948,0.0,0.0,0.0
c06949,0.0,0.0,0.0
c06950,0.0,0.0,0.0
c06951,0.0,0.0,0.0
c06952,0.0,0.0,0.0
c06953,0.0,0.0,0.0
c06954,0.0,0.0,0.0
c06955,5.866146569361055,0.0,0.0
c06956,0.0,0.0,0.0
c06957,3.7861440321410176,0.0,0.0
c06958,3.7861440321410176,0.0,0.0
c06959,0.0,0.0,0.0
c06960,0.0,0.0,0.0
c06961,0.0,0.0,0.0
c06962,3.891878523733834,0.0,0.0
c06963,3.891878523733834,0.0,0.0
c06964,3.891878523733834,0.0,0.0
c06965,0.0,0.0,0.0
c06966,16.114814031451186,0.0,0.0
c06967,8.74458015184984,0.0,0.0
c06968,18.43062881370652,0.0,0.0
c06969,16.47135937799299,0.0,0.0
c06970,8.416716773018745,0.0,0.0
c06971,0.0,0.0,0.0
c06972,1.7191840273274859,0.0,0.0
c06973,6.5343337389551905,0.0,0.0
c06974,0.0,0.0,0.0
c06975,0.0,0.0,0.0
c06976,10.991789324322932,0.0,0.0
c06977,10.991789324322932,0.0,0.0
c06978,0.0,0.0,0.0
c06979,0.0,0.0,0.0
c06980,0.0,0.0,0.0
c06981,0.0,0.0,0.0
c06982,0.0,0.0,0.0
c06983,0.0,0.0,0.0
c06984,0.0,1.0,0.0
c06985,0.0,0.0,0.0
c06986,0.0,0.0,0.0
c06987,0.0,0.0,0.0
c06988,0.0,0.0,0.0
c06989,0.0,0.0,0.0
c06990,0.0,0.0,0.0
c06991,0.0,0.0,0.0
c06992,0.0,0.0,0.0
c06993,0.0,0.0,0.0
c06994,0.0,0.0,0.0
c06995,0.0,0.0,0.0
c06996,3.361698008967707,0.0,0.0
c06997,0.0,0.0,0.0
c06998,0.0,0.0,0.0
c06999,0.0,0.0,0.0
c07000,0.0,0.0,0.0
c07001,0.0,0.0,0.0
c07002,0.0,0.0,0.0
c07003,0.0,0.0,0.0
c07004,0.0,0.0,0.0
c07005,13.586053865990943,0.0,0.0
c07006,0.0,0.0,0.0
c07007,0.0,0.0,0.0
c07008,14.27794538731554,0.0,0.0
c07009,3.56402927981664,0.0,0.0
c07010,0.0,0.0,0.0
c07011,0.0,0.0,0.0
c07012,0.0,0.0,0.0
c07013,0.0,0.0,0.0
c07014,0.0,0.0,0.0
c07015,0.0,0.0,0.0
c07016,0.0,0.0,0.0
c07017,0.0,0.0,0.0
c07018,0.0,0.0,0.0
c07019,0.0,0.0,0.0
c07020,0.0,0.0,0.0
c07021,0.0,0.0,0.0
c07022,0.0,0.0,0.0
c07023,0.0,0.0,0.0
c07024,0.0,0.0,0.0
c07025,0.0,0.0,0.0
c07026,0.0,0.0,0.0
c07027,0.0,0.0,0.0
c07028,0.0,0.0,0.0
c07029,0.0,0.0,0.0
c07030,0.0,0.0,0.0
c07031,0.0,0.0,0.0
c07032,0.0,0.0,0.0
c07033,0.0,0.0,0.0
c07034,0.0,0.0,0.0
c07035,0.0,0.0,0.0
c07036,0.0,0.0,0.0
c07037,0.0,0.0,0.0
c07038,0.0,0.0,0.0
c07039,0.0,0.0,0.0
c07040,0.0,0.0,0.0
c07041,0.0,0.0,0.0
c07042,0.0,0.0,0.0
c07043,0.0,0.0,0.0
c07044,0.0,0.0,0.0
c07045,0.0,0.0,0.0
c07046,0.0,0.0,0.0
c07047,0.0,0.0,0.0
c07048,0.0,0.0,0.0
c07049,0.0,0.0,0.0
c07050,0.0,0.0,0.0
c07051,0.0,0.0,0.0
c07052,2.8532992017107905,0.0,0.0
c07053,17.929202924779503,0.0,0.0
c07054,0.0,0.0,0.0
c07055,0.0,0.0,0.0
c07056,0.0,0.0,0.0
c07057,0.0,0.0,0.0
c07058,0.0,0.0,0.0
c07059,0.0,0.0,0.0
c07060,0.0,0.0,0.0
c07061,0.0,0.0,0.0
c07062,0.0,0.0,0.0
c07063,0.0,0.0,0.0
c07064,0.0,0.0,0.0
c07065,0.0,0.0,0.0
c07066,0.0,0.0,0.0
c07067,0.0,0.0,0.0
c07068,0.0,0.0,0.0
c07069,0.0,0.0,0.0
c07070,0.0,0.0,0.0
c07071,0.0,0.0,0.0
c07072,0.0,0.0,0.0
c07073,0.0,0.0,0.0
c07074,0.0,0.0,0.0
c07075,0.0,0.0,0.0
c07076,4.405210657911302,0.0,0.0
c07077,8.828137136423624,0.0,0.0
c07078,13.364008608799184,0.0,0.0
c07079,0.0,0.0,0.0
c07080,0.0,0.0,0.0
c07081,5.922598704912431,0.0,0.0
c07082,5.922598704912431,0.0,0.0
c07083,9.814477228646265,0.0,0.0
c07084,0.0,0.0,0.0
c07085,0.0,0.0,0.0
c07086,0.0,0.0,0.0
c07087,0.0,0.0,0.0
c07088,0.0,0.0,0.0
c07089,0.0,0.0,0.0
c07090,19.100734909923712,0.0,0.0
c07091,15.815499062469081,0.0,0.0
c07092,0.0,0.0,0.0
c07093,2.662559419665824,0.0,0.0
c07094,6.5343337389551905,0.0,0.0
c07095,0.0,0.0,0.0
c07096,0.0,0.0,0.0
c07097,10.991789324322932,0.0,0.0
c07098,0.0,0.0,0.0
c07099,0.0,0.0,0.0
c07100,0.0,0.0,0.0
c07101,0.0,0.0,0.0
c07102,0.0,0.0,0.0
c07103,0.0,0.0,0.0
c07104,0.0,0.0,0.0
c07105,0.0,0.0,0.0
c07106,0.0,0.0,0.0
c07107,0.0,0.0,0.0
c07108,0.0,0.0,0.0
c07109,0.0,0.0,0.0
c07110,0.0,0.0,0.0
c07111,0.0,0.0,0.0
c07112,0.0,0.0,0.0
c07113,0.0,0.0,0.0
c07114,0.0,0.0,0.0
c07115,0.0,0.0,0.0
c07116,0.0,0.0,0.0
c07117,3.361698008967707,0.0,0.0
c07118,3.361698008967707,0.0,0.0
c07119,0.0,0.0,0.0
c07120,0.0,0.0,0.0
c07121,0.0,0.0,0.0
c07122,0.0,0.0,0.0
c07123,0.0,0.0,0.0
c07124,3.567504873291489,0.0,0.0
c07125,3.567504873291489,0.0,0.0
c07126,17.15355873928243,0.0,0.0
c07127,13.586053865990943,0.0,0.0
c07128,0.0,0.0,0.0
c07129,10.7139161074989,0.0,0.0
c07130,3.56402927981664,0.0,0.0
c07131,3.56402927981664,0.0,0.0
c07132,5.520149974955154,0.0,0.0
c07133,1.9166447770764734,0.0,0.0
c07134,1.9550216207897466,0.0,0.0
c07135,0.0,0.0,0.0
c07136,0.0,0.0,0.0
c07137,0.0,0.0,0.0
c07138,0.0,0.0,0.0
c07139,0.0,0.0,0.0
c07140,0.0,0.0,0.0
c07141,0.0,0.0,0.0
c07142,0.0,0.0,0.0
c07143,0.0,0.0,0.0
c07144,0.0,0.0,0.0
c07145,0.0,0.0,0.0
c07146,0.0,0.0,0.0
c07147,0.0,0.0,0.0
c07148,0.0,0.0,0.0
c07149,0.0,0.0,0.0
c07150,0.0,0.0,0.0
c07151,0.0,0.0,0.0
c07152,0.0,0.0,0.0
c07153,0.0,0.0,0.0
c07154,0.0,0.0,0.0
c07155,0.0,0.0,0.0
c07156,0.0,0.0,0.0
c07157,0.0,0.0,0.0
c07158,0.0,0.0,0.0
c07159,0.0,0.0,0.0
c07160,0.0,0.0,0.0
c07161,0.0,0.0,0.0
c07162,0.0,0.0,0.0
c07163,0.0,0.0,0.0
c07164,0.0,0.0,0.0
c07165,0.0,0.0,0.0
c07166,0.0,0.0,0.0
c07167,0.0,0.0,0.0
c07168,0.0,0.0,0.0
c07169,0.0,0.0,0.0
c07170,0.0,0.0,0.0
c07171,0.0,0.0,0.0
c07172,0.0,0.0,0.0
c07173,0.0,0.0,0.0
c07174,14.324499578176981,0.0,0.0
c07175,14.324499578176981,0.0,0.0
c07176,14.324499578176981,0.0,0.0
c07177,0.0,0.0,0.0
c07178,0.0,0.0,0.0
c07179,0.0,0.0,0.0
c07180,0.0,0.0,0.0
c07181,0.0,0.0,0.0
c07182,3.2113931333088708,0.0,0.0
c07183,2.8035841098145404,0.0,0.0
c07184,12.751578442412614,0.0,0.0
c07185,9.947994332598073,0.0,0.0
c07186,0.0,0.0,0.0
c07187,0.0,0.0,0.0
c07188,0.0,0.0,0.0
c07189,0.0,0.0,0.0
c07190,0.0,0.0,0.0
c07191,0.0,0.0,0.0
c07192,0.0,0.0,0.0
c07193,0.0,0.0,0.0
c07194,0.0,0.0,0.0
c07195,0.0,0.0,0.0
c07196,4.405210657911302,0.0,0.0
c07197,4.405210657911302,0.0,0.0
c07198,8.828137136423624,0.0,0.0
c07199,0.0,0.0,0.0
c07200,0.0,0.0,0.0
c07201,0.0,0.0,0.0
c07202,5.922598704912431,0.0,0.0
c07203,0.0,0.0,0.0
c07204,0.0,0.0,0.0
c07205,0.0,0.0,0.0
c07206,0.0,0.0,0.0
c07207,0.0,0.0,0.0
c07208,0.0,0.0,0.0
c07209,0.0,0.0,0.0
c07210,6.813529774011267,0.0,0.0
c07211,6.813529774011267,0.0,0.0
c07212,9.670348741688056,0.0,0.0
c07213,11.614821018928396,0.0,0.0
c07214,2.618037220987162,0.0,0.0
c07215,6.5343337389551905,0.0,0.0
c07216,0.0,0.0,0.0
c07217,0.0,0.0,0.0
c07218,12.470567514939486,0.0,0.0
c07219,0.0,0.0,0.0
c07220,0.0,0.0,0.0
c07221,0.0,0.0,0.0
c07222,0.0,0.0,0.0
c07223,0.0,0.0,0.0
c07224,0.0,0.0,0.0
c07225,0.0,0.0,0.0
c07226,0.0,0.0,0.0
c07227,0.0,0.0,0.0
c07228,0.0,0.0,0.0
c07229,0.0,0.0,0.0
c07230,0.0,0.0,0.0
c07231,0.0,0.0,0.0
c07232,0.0,0.0,0.0
c07233,0.0,0.0,0.0
c07234,0.0,0.0,0.0
c07235,0.0,0.0,0.0
c07236,0.0,0.0,0.0
c07237,0.0,0.0,0.0
c07238,0.0,0.0,0.0
c07239,5.563358667885684,0.0,0.0
c07240,0.0,0.0,0.0
c07241,0.0,0.0,0.0
c07242,0.0,0.0,0.0
c07243,3.5993192768255344,0.0,0.0
c07244,3.5993192768255344,0.0,0.0
c07245,11.419313543512688,0.0,0.0
c07246,4.080362149632749,0.0,0.0
c07247,4.080362149632749,0.0,0.0
c07248,17.666416015623692,0.0,0.0
c07249,0.0,0.0,0.0
c07250,10.771701187106295,0.0,0.0
c07251,0.0,0.0,0.0
c07252,0.0,0.0,0.0
c07253,0.0,0.0,0.0
c07254,0.0,0.0,0.0
c07255,2.7115912679906913,0.0,0.0
c07256,2.6732144242774183,0.0,0.0
c07257,8.28713730882907,0.0,0.0
c07258,5.569558213639095,0.0,0.0
c07259,5.569558213639095,0.0,0.0
c07260,0.0,0.0,0.0
c07261,0.0,0.0,0.0
c07262,0.0,0.0,0.0
c07263,0.0,0.0,0.0
c07264,0.0,0.0,0.0
c07265,0.0,0.0,0.0
c07266,0.0,0.0,0.0
c07267,0.0,0.0,0.0
c07268,0.0,0.0,0.0
c07269,0.0,0.0,0.0
c07270,0.0,0.0,0.0
c07271,0.0,0.0,0.0
c07272,0.0,0.0,0.0
c07273,0.0,0.0,0.0
c07274,0.0,0.0,0.0
c07275,0.0,0.0,0.0
c07276,0.0,0.0,0.0
c07277,0.0,0.0,0.0
c07278,0.0,0.0,0.0
c07279,0.0,0.0,0.0
c07280,0.0,0.0,0.0
c07281,0.0,0.0,0.0
c07282,0.0,0.0,0.0
c07283,0.0,0.0,0.0
c07284,0.0,0.0,0.0
c07285,0.0,0.0,0.0
c07286,0.0,0.0,0.0
c07287,0.0,0.0,0.0
c07288,0.0,0.0,0.0
c07289,0.0,0.0,0.0
c07290,0.0,0.0,0.0
c07291,0.0,0.0,0.0
c07292,0.0,0.0,0.0
c07293,0.0,0.0,0.0
c07294,0.0,0.0,0.0
c07295,0.0,0.0,0.0
c07296,0.0,0.0,0.0
c07297,14.324499578176981,0.0,0.0
c07298,14.324499578176981,0.0,0.0
c07299,0.0,0.0,0.0
c07300,0.0,0.0,0.0
c07301,0.0,0.0,0.0
c07302,0.0,0.0,0.0
c07303,1.917333434695482,0.0,0.0
c07304,0.0,0.0,0.0
c07305,0.0,0.0,0.0
c07306,9.947994332598073,0.0,0.0
c07307,9.947994332598073,0.0,0.0
c07308,9.947994332598073,0.0,0.0
c07309,0.0,0.0,0.0
c07310,0.0,0.0,0.0
c07311,0.0,0.0,0.0
c07312,0.0,0.0,0.0
c07313,0.0,0.0,0.0
c07314,0.0,0.0,0.0
c07315,0.0,0.0,0.0
c07316,0.0,0.0,0.0
c07317,5.378813633447937,0.0,0.0
c07318,0.0,0.0,0.0
c07319,8.828137136423624,0.0,0.0
c07320,0.0,0.0,0.0
c07321,0.0,0.0,0.0
c07322,0.0,0.0,0.0
c07323,5.922598704912431,0.0,0.0
c07324,0.0,0.0,0.0
c07325,0.0,0.0,0.0
c07326,0.0,0.0,0.0
c07327,0.0,0.0,0.0
c07328,0.0,0.0,0.0
c07329,0.0,0.0,0.0
c07330,0.0,0.0,0.0
c07331,6.813529774011267,0.0,0.0
c07332,0.0,0.0,0.0
c07333,0.0,0.0,0.0
c07334,5.297290263529435,0.0,0.0
c07335,13.568464122132323,0.0,0.0
c07336,14.331903479898877,0.0,0.0
c07337,0.0,0.0,0.0
c07338,12.075257904796608,6.0,1.0
c07339,12.470567514939486,1.0,0.0
c07340,0.0,0.0,0.0
c07341,0.0,0.0,0.0
c07342,0.0,0.0,0.0
c07343,0.0,0.0,0.0
c07344,0.0,0.0,0.0
c07345,0.0,0.0,0.0
c07346,0.0,0.0,0.0
c07347,0.0,0.0,0.0
c07348,0.0,0.0,0.0
c07349,0.0,0.0,0.0
c07350,0.0,0.0,0.0
c07351,0.0,0.0,0.0
c07352,0.0,0.0,0.0
c07353,0.0,0.0,0.0
c07354,0.0,0.0,0.0
c07355,0.0,0.0,0.0
c07356,0.0,0.0,0.0
c07357,0.0,0.0,0.0
c07358,0.0,0.0,0.0
c07359,0.0,0.0,0.0
c07360,2.0939161263927604,0.0,0.0
c07361,19.59186185776662,0.0,0.0
c07362,2.087258863903148,0.0,0.0
c07363,5.686578140728683,0.0,0.0
c07364,3.5993192768255344,0.0,0.0
c07365,0.0,0.0,0.0
c07366,0.0,0.0,0.0
c07367,0.0,0.0,0.0
c07368,0.0,0.0,0.0
c07369,13.586053865990943,0.0,0.0
c07370,13.586053865990943,0.0,0.0
c07371,2.1474442412031727,0.0,0.0
c07372,0.0,0.0,0.0
c07373,0.0,0.0,0.0
c07374,0.0,0.0,0.0
c07375,0.0,0.0,0.0
c07376,0.0,0.0,0.0
c07377,0.0,0.0,0.0
c07378,0.0,0.0,0.0
c07379,0.0,0.0,0.0
c07380,0.0,0.0,0.0
c07381,0.0,0.0,0.0
c07382,0.0,0.0,0.0
c07383,0.0,0.0,0.0
c07384,0.0,0.0,0.0
c07385,0.0,0.0,0.0
c07386,0.0,0.0,0.0
c07387,0.0,0.0,0.0
c07388,0.0,0.0,0.0
c07389,0.0,0.0,0.0
c07390,0.0,0.0,0.0
c07391,0.0,0.0,0.0
c07392,0.0,0.0,0.0
c07393,0.0,0.0,0.0
c07394,0.0,0.0,0.0
c07395,0.0,0.0,0.0
c07396,0.0,0.0,0.0
c07397,0.0,0.0,0.0
c07398,0.0,0.0,0.0
c07399,0.0,0.0,0.0
c07400,0.0,0.0,0.0
c07401,0.0,0.0,0.0
c07402,0.0,0.0,0.0
c07403,0.0,0.0,0.0
c07404,0.0,0.0,0.0
c07405,0.0,0.0,0.0
c07406,0.0,0.0,0.0
c07407,0.0,0.0,0.0
c07408,0.0,0.0,0.0
c07409,0.0,0.0,0.0
c07410,0.0,0.0,0.0
c07411,0.0,0.0,0.0
c07412,0.0,0.0,0.0
c07413,0.0,0.0,0.0
c07414,0.0,0.0,0.0
c07415,0.0,0.0,0.0
c07416,0.0,0.0,0.0
c07417,0.0,0.0,0.0
c07418,0.0,0.0,0.0
c07419,14.324499578176981,0.0,0.0
c07420,0.0,0.0,0.0
c07421,0.0,0.0,0.0
c07422,0.0,0.0,0.0
c07423,4.82880064866053,0.0,0.0
c07424,6.357505173807947,0.0,0.0
c07425,0.0,0.0,0.0
c07426,0.0,0.0,0.0
c07427,0.0,0.0,0.0
c07428,9.947994332598073,0.0,0.0
c07429,9.947994332598073,0.0,0.0
c07430,0.0,0.0,0.0
c07431,0.0,0.0,0.0
c07432,0.0,0.0,0.0
c07433,0.0,0.0,0.0
c07434,0.0,0.0,0.0
c07435,0.0,0.0,0.0
c07436,0.0,0.0,0.0
c07437,0.0,0.0,0.0
c07438,10.264345438372198,0.0,0.0
c07439,8.828137136423624,0.0,0.0
c07440,8.828137136423624,0.0,0.0
c07441,0.0,0.0,0.0
c07442,0.0,0.0,0.0
c07443,0.0,0.0,0.0
c07444,9.047908216153708,0.0,0.0
c07445,0.0,0.0,0.0
c07446,0.0,0.0,0.0
c07447,0.0,0.0,0.0
c07448,0.0,0.0,0.0
c07449,10.248419968148792,0.0,0.0
c07450,6.813529774011267,0.0,0.0
c07451,6.813529774011267,0.0,0.0
c07452,6.813529774011267,0.0,0.0
c07453,0.0,0.0,0.0
c07454,0.0,0.0,0.0
c07455,0.0,0.0,0.0
c07456,0.0,0.0,0.0
c07457,22.237414926928903,3.0,0.0
c07458,21.985326814510753,0.0,0.0
c07459,21.170786097804868,3.0,0.0
c07460,4.511283466673918,0.0,0.0
c07461,3.0325052760573645,0.0,0.0
c07462,0.0,0.0,0.0
c07463,0.0,0.0,0.0
c07464,0.0,0.0,0.0
c07465,0.0,0.0,0.0
c07466,0.0,0.0,0.0
c07467,0.0,0.0,0.0
c07468,0.0,0.0,0.0
c07469,0.0,0.0,0.0
c07470,0.0,0.0,0.0
c07471,0.0,0.0,0.0
c07472,0.0,0.0,0.0
c07473,0.0,0.0,0.0
c07474,0.0,0.0,0.0
c07475,0.0,0.0,0.0
c07476,0.0,0.0,0.0
c07477,0.0,0.0,0.0
c07478,0.0,0.0,0.0
c07479,0.0,0.0,0.0
c07480,0.0,0.0,0.0
c07481,0.0,0.0,0.0
c07482,14.811116822321148,0.0,0.0
c07483,0.0,0.0,0.0
c07484,0.0,0.0,0.0
c07485,0.0,0.0,0.0
c07486,0.0,0.0,0.0
c07487,0.0,0.0,0.0
c07488,0.0,0.0,0.0
c07489,0.0,0.0,0.0
c07490,0.0,0.0,0.0
c07491,13.586053865990943,0.0,0.0
c07492,15.67571302758672,0.0,0.0
c07493,0.0,0.0,0.0
c07494,0.0,0.0,0.0
c07495,0.0,0.0,0.0
c07496,0.0,0.0,0.0
c07497,0.0,0.0,0.0
c07498,0.0,0.0,0.0
c07499,0.0,0.0,0.0
c07500,0.0,0.0,0.0
c07501,0.0,0.0,0.0
c07502,0.0,0.0,0.0
c07503,0.0,0.0,0.0
c07504,0.0,0.0,0.0
c07505,0.0,0.0,0.0
c07506,0.0,0.0,0.0
c07507,0.0,0.0,0.0
c07508,0.0,0.0,0.0
c07509,0.0,0.0,0.0
c07510,0.0,0.0,0.0
c07511,0.0,0.0,0.0
c07512,0.0,0.0,0.0
c07513,0.0,0.0,0.0
c07514,0.0,0.0,0.0
c07515,0.0,0.0,0.0
c07516,0.0,0.0,0.0
c07517,0.0,0.0,0.0
c07518,0.0,0.0,0.0
c07519,0.0,0.0,0.0
c07520,0.0,0.0,0.0
c07521,0.0,0.0,0.0
c07522,0.0,0.0,0.0
c07523,0.0,0.0,0.0
c07524,0.0,0.0,0.0
c07525,0.0,0.0,0.0
c07526,0.0,0.0,0.0
c07527,0.0,0.0,0.0
c07528,0.0,0.0,0.0
c07529,0.0,0.0,0.0
c07530,0.0,0.0,0.0
c07531,0.0,0.0,0.0
c07532,0.0,0.0,0.0
c07533,0.0,0.0,0.0
c07534,0.0,0.0,0.0
c07535,0.0,0.0,0.0
c07536,0.0,0.0,0.0
c07537,0.0,0.0,0.0
c07538,0.0,0.0,0.0
c07539,0.0,0.0,0.0
c07540,14.324499578176981,0.0,0.0
c07541,14.324499578176981,0.0,0.0
c07542,0.0,0.0,0.0
c07543,0.0,0.0,0.0
c07544,4.82880064866053,0.0,0.0
c07545,0.0,0.0,0.0
c07546,0.0,0.0,0.0
c07547,0.0,0.0,0.0
c07548,0.0,0.0,0.0
c07549,9.947994332598073,0.0,0.0
c07550,0.0,0.0,0.0
c07551,0.0,0.0,0.0
c07552,0.0,0.0,0.0
c07553,0.0,0.0,0.0
c07554,0.0,0.0,0.0
c07555,0.0,0.0,0.0
c07556,0.0,0.0,0.0
c07557,2.6793392593371137,0.0,0.0
c07558,4.69787546813401,0.0,0.0
c07559,16.730432070419035,0.0,0.0
c07560,8.828137136423624,0.0,0.0
c07561,8.828137136423624,0.0,0.0
c07562,0.0,0.0,0.0
c07563,0.0,0.0,0.0
c07564,0.0,0.0,0.0
c07565,3.1253095112412757,0.0,0.0
c07566,3.1253095112412757,0.0,0.0
c07567,4.079182009575138,0.0,0.0
c07568,4.386388445083211,0.0,0.0
c07569,3.408320286332152,0.0,0.0
c07570,3.408320286332152,0.0,0.0
c07571,0.0,0.0,0.0
c07572,0.0,0.0,0.0
c07573,0.0,0.0,0.0
c07574,0.0,0.0,0.0
c07575,0.0,0.0,0.0
c07576,0.0,0.0,0.0
c07577,3.0837016544218248,0.0,0.0
c07578,5.395178147738867,0.0,0.0
c07579,12.195422995691063,1.0,0.0
c07580,8.621608665719728,1.0,1.0
c07581,0.0,0.0,0.0
c07582,3.0325052760573645,0.0,0.0
c07583,0.0,0.0,0.0
c07584,0.0,0.0,0.0
c07585,0.0,0.0,0.0
c07586,0.0,0.0,0.0
c07587,0.0,0.0,0.0
c07588,0.0,0.0,0.0
c07589,0.0,0.0,0.0
c07590,0.0,0.0,0.0
c07591,0.0,0.0,0.0
c07592,0.0,0.0,0.0
c07593,0.0,0.0,0.0
c07594,0.0,0.0,0.0
c07595,0.0,0.0,0.0
c07596,0.0,0.0,0.0
c07597,0.0,0.0,0.0
c07598,0.0,0.0,0.0
c07599,0.0,0.0,0.0
c07600,0.0,0.0,0.0
c07601,0.0,0.0,0.0
c07602,0.0,0.0,0.0
c07603,14.811116822321148,0.0,0.0
c07604,14.811116822321148,0.0,0.0
c07605,14.811116822321148,0.0,0.0
c07606,0.0,0.0,0.0
c07607,0.0,0.0,0.0
c07608,0.0,0.0,0.0
c07609,0.0,0.0,0.0
c07610,0.0,0.0,0.0
c07611,0.0,0.0,0.0
c07612,0.0,0.0,0.0
c07613,20.715727508666063,0.0,0.0
c07614,14.243560575123764,0.0,0.0
c07615,0.0,0.0,0.0
c07616,0.0,0.0,0.0
c07617,0.0,0.0,0.0
c07618,0.0,0.0,0.0
c07619,0.0,0.0,0.0
c07620,0.0,0.0,0.0
c07621,0.0,0.0,0.0
c07622,0.0,0.0,0.0
c07623,0.0,0.0,0.0
c07624,0.0,0.0,0.0
c07625,0.0,0.0,0.0
c07626,0.0,0.0,0.0
c07627,0.0,0.0,0.0
c07628,0.0,0.0,0.0
c07629,0.0,0.0,0.0
c07630,0.0,0.0,0.0
c07631,0.0,0.0,0.0
c07632,0.0,0.0,0.0
c07633,0.0,0.0,0.0
c07634,0.0,0.0,0.0
c07635,0.0,0.0,0.0
c07636,0.0,0.0,0.0
c07637,0.0,0.0,0.0
c07638,0.0,0.0,0.0
c07639,0.0,0.0,0.0
c07640,0.0,0.0,0.0
c07641,0.0,0.0,0.0
c07642,0.0,0.0,0.0
c07643,0.0,0.0,0.0
c07644,0.0,0.0,0.0
c07645,0.0,0.0,0.0
c07646,0.0,0.0,0.0
c07647,0.0,0.0,0.0
c07648,0.0,0.0,0.0
c07649,0.0,0.0,0.0
c07650,0.0,0.0,0.0
c07651,0.0,0.0,0.0
c07652,0.0,0.0,0.0
c07653,0.0,0.0,0.0
c07654,0.0,0.0,0.0
c07655,0.0,0.0,0.0
c07656,0.0,0.0,0.0
c07657,0.0,0.0,0.0
c07658,0.0,0.0,0.0
c07659,0.0,0.0,0.0
c07660,0.0,0.0,0.0
c07661,0.0,0.0,0.0
c07662,14.324499578176981,0.0,0.0
c07663,4.82880064866053,0.0,0.0
c07664,4.82880064866053,0.0,0.0
c07665,4.82880064866053,0.0,0.0
c07666,3.0724603975006457,0.0,0.0
c07667,0.0,0.0,0.0
c07668,0.0,0.0,0.0
c07669,9.947994332598073,0.0,0.0
c07670,9.947994332598073,0.0,0.0
c07671,0.0,0.0,0.0
c07672,0.0,0.0,0.0
c07673,0.0,0.0,0.0
c07674,0.0,0.0,0.0
c07675,0.0,0.0,0.0
c07676,0.0,0.0,0.0
c07677,0.0,0.0,0.0
c07678,4.449608582669371,0.0,0.0
c07679,5.728958843497622,0.0,0.0
c07680,4.678086203375357,0.0,0.0
c07681,27.516410329498523,0.0,0.0
c07682,22.26610552604952,0.0,0.0
c07683,13.437968389625897,0.0,0.0
c07684,0.0,0.0,0.0
c07685,0.0,0.0,0.0
c07686,0.0,0.0,0.0
c07687,0.0,0.0,0.0
c07688,0.0,0.0,0.0
c07689,0.0,0.0,0.0
c07690,0.0,0.0,0.0
c07691,0.0,0.0,0.0
c07692,0.0,0.0,0.0
c07693,0.0,0.0,1.0
c07694,0.0,0.0,0.0
c07695,0.0,0.0,0.0
c07696,0.0,0.0,0.0
c07697,3.0837016544218248,0.0,0.0
c07698,3.0837016544218248,0.0,0.0
c07699,0.0,0.0,0.0
c07700,9.032918928358916,0.0,0.0
c07701,3.318373769486583,0.0,0.0
c07702,4.35899262000935,0.0,0.0
c07703,3.0325052760573645,0.0,0.0
c07704,0.0,0.0,0.0
c07705,0.0,0.0,0.0
c07706,0.0,0.0,0.0
c07707,0.0,0.0,0.0
c07708,0.0,0.0,0.0
c07709,0.0,0.0,0.0
c07710,0.0,0.0,0.0
c07711,0.0,0.0,0.0
c07712,0.0,0.0,0.0
c07713,0.0,0.0,0.0
c07714,0.0,0.0,0.0
c07715,0.0,0.0,0.0
c07716,0.0,0.0,0.0
c07717,0.0,0.0,0.0
c07718,0.0,0.0,0.0
c07719,0.0,0.0,0.0
c07720,0.0,0.0,0.0
c07721,0.0,0.0,0.0
c07722,0.0,0.0,0.0
c07723,0.0,0.0,0.0
c07724,0.0,0.0,0.0
c07725,0.0,0.0,0.0
c07726,14.811116822321148,0.0,0.0
c07727,0.0,0.0,0.0
c07728,0.0,0.0,0.0
c07729,0.0,0.0,0.0
c07730,0.0,0.0,0.0
c07731,0.0,0.0,0.0
c07732,23.62854469044901,0.0,0.0
c07733,15.34686668916624,0.0,0.0
c07734,19.25047816504937,2.0,0.0
c07735,14.516320850558646,1.0,0.0
c07736,10.323041789484174,0.0,0.0
c07737,0.0,0.0,0.0
c07738,0.0,0.0,0.0
c07739,0.0,0.0,0.0
c07740,0.0,0.0,0.0
c07741,0.0,0.0,0.0
c07742,0.0,0.0,0.0
c07743,0.0,0.0,0.0
c07744,0.0,0.0,0.0
c07745,0.0,0.0,0.0
c07746,0.0,0.0,0.0
c07747,0.0,0.0,0.0
c07748,0.0,0.0,0.0
c07749,0.0,0.0,0.0
c07750,0.0,0.0,0.0
c07751,0.0,0.0,0.0
c07752,0.0,0.0,0.0
c07753,0.0,0.0,0.0
c07754,0.0,0.0,0.0
c07755,0.0,0.0,0.0
c07756,0.0,0.0,0.0
c07757,0.0,0.0,0.0
c07758,0.0,0.0,0.0
c07759,0.0,0.0,0.0
c07760,0.0,0.0,0.0
c07761,0.0,0.0,0.0
c07762,0.0,0.0,0.0
c07763,0.0,0.0,0.0
c07764,0.0,0.0,0.0
c07765,0.0,0.0,0.0
c07766,0.0,0.0,0.0
c07767,0.0,0.0,0.0
c07768,0.0,0.0,0.0
c07769,0.0,0.0,0.0
c07770,0.0,0.0,0.0
c07771,0.0,0.0,0.0
c07772,0.0,0.0,0.0
c07773,0.0,0.0,0.0
c07774,0.0,0.0,0.0
c07775,0.0,0.0,0.0
c07776,0.0,0.0,0.0
c07777,0.0,0.0,0.0
c07778,0.0,0.0,0.0
c07779,0.0,0.0,0.0
c07780,0.0,0.0,0.0
c07781,0.0,0.0,0.0
c07782,0.0,0.0,0.0
c07783,15.690143997401194,0.0,0.0
c07784,6.218351554049546,0.0,0.0
c07785,3.6930633625895393,0.0,0.0
c07786,3.6930633625895393,0.0,0.0
c07787,6.755876334806838,0.0,0.0
c07788,1.6599093698903333,0.0,0.0
c07789,3.65114269000977,0.0,0.0
c07790,9.947994332598073,0.0,0.0
c07791,0.0,0.0,0.0
c07792,0.0,0.0,0.0
c07793,0.0,0.0,0.0
c07794,0.0,0.0,0.0
c07795,0.0,0.0,0.0
c07796,0.0,0.0,0.0
c07797,0.0,0.0,0.0
c07798,0.0,0.0,0.0
c07799,1.5298420496572316,0.0,0.0
c07800,7.909045784456451,0.0,0.0
c07801,0.0,0.0,0.0
c07802,1.8314930875722273,0.0,0.0
c07803,15.504692995911608,0.0,0.0
c07804,13.81243709271832,0.0,0.0
c07805,13.437968389625897,0.0,0.0
c07806,0.0,0.0,0.0
c07807,0.0,0.0,0.0
c07808,0.0,0.0,0.0
c07809,0.0,0.0,0.0
c07810,0.0,0.0,0.0
c07811,0.0,0.0,0.0
c07812,0.0,0.0,0.0
c07813,0.0,0.0,0.0
c07814,0.0,0.0,0.0
c07815,0.0,0.0,0.0
c07816,6.544832051679911,0.0,0.0
c07817,1.5443494223403864,0.0,0.0
c07818,8.414142779568218,0.0,0.0
c07819,0.0,0.0,0.0
c07820,0.0,0.0,0.0
c07821,5.856037788810841,0.0,0.0
c07822,15.285771153870483,0.0,0.0
c07823,11.044505820201566,0.0,0.0
c07824,0.0,0.0,0.0
c07825,0.0,0.0,0.0
c07826,0.0,0.0,0.0
c07827,0.0,0.0,0.0
c07828,0.0,0.0,0.0
c07829,0.0,0.0,0.0
c07830,0.0,0.0,0.0
c07831,0.0,0.0,0.0
c07832,0.0,0.0,0.0
c07833,0.0,0.0,0.0
c07834,0.0,0.0,0.0
c07835,0.0,0.0,0.0
c07836,0.0,0.0,0.0
c07837,0.0,0.0,0.0
c07838,0.0,0.0,0.0
c07839,0.0,0.0,0.0
c07840,0.0,0.0,0.0
c07841,0.0,0.0,0.0
c07842,0.0,0.0,0.0
c07843,0.0,0.0,0.0
c07844,0.0,0.0,0.0
c07845,0.0,0.0,0.0
c07846,0.0,0.0,0.0
c07847,14.811116822321148,0.0,0.0
c07848,14.811116822321148,0.0,0.0
c07849,0.0,0.0,0.0
c07850,0.0,0.0,0.0
c07851,8.281678001282769,0.0,0.0
c07852,8.281678001282769,0.0,0.0
c07853,23.62854469044901,0.0,0.0
c07854,0.0,0.0,0.0
c07855,4.197348078161478,0.0,0.0
c07856,6.253865220413524,0.0,0.0
c07857,10.323041789484174,0.0,0.0
c07858,0.0,0.0,0.0
c07859,0.0,0.0,0.0
c07860,0.0,0.0,0.0
c07861,0.0,0.0,0.0
c07862,0.0,0.0,0.0
c07863,9.390033631514545,0.0,0.0
c07864,0.8990254839701646,0.0,0.0
c07865,0.0,0.0,0.0
c07866,0.0,0.0,0.0
c07867,0.0,0.0,0.0
c07868,0.0,0.0,0.0
c07869,0.0,0.0,0.0
c07870,0.0,0.0,0.0
c07871,0.0,0.0,0.0
c07872,0.0,0.0,0.0
c07873,0.0,0.0,0.0
c07874,0.0,0.0,0.0
c07875,0.0,0.0,0.0
c07876,0.0,0.0,0.0
c07877,0.0,0.0,0.0
c07878,0.0,0.0,0.0
c07879,0.0,0.0,0.0
c07880,0.0,0.0,0.0
c07881,0.0,0.0,0.0
c07882,0.0,0.0,0.0
c07883,0.0,0.0,0.0
c07884,0.0,0.0,0.0
c07885,0.0,0.0,0.0
c07886,0.0,0.0,0.0
c07887,0.0,0.0,0.0
c07888,0.0,0.0,0.0
c07889,0.0,0.0,0.0
c07890,0.0,0.0,0.0
c07891,0.0,0.0,0.0
c07892,0.0,0.0,0.0
c07893,0.0,0.0,0.0
c07894,0.0,0.0,0.0
c07895,0.0,0.0,0.0
c07896,0.0,0.0,0.0
c07897,0.0,0.0,0.0
c07898,0.0,0.0,0.0
c07899,0.0,0.0,0.0
c07900,0.0,0.0,0.0
c07901,0.0,0.0,0.0
c07902,0.0,0.0,0.0
c07903,0.0,0.0,0.0
c07904,15.269991554109032,0.0,0.0
c07905,4.661834958679631,0.0,0.0
c07906,3.6930633625895393,0.0,0.0
c07907,6.278644319866081,0.0,0.0
c07908,2.585580957276542,0.0,0.0
c07909,2.585580957276542,0.0,0.0
c07910,1.034622786381083,0.0,0.0
c07911,19.42371955239988,0.0,0.0
c07912,0.0,0.0,0.0
c07913,0.0,0.0,0.0
c07914,0.0,0.0,0.0
c07915,0.0,0.0,0.0
c07916,0.0,0.0,0.0
c07917,0.0,0.0,0.0
c07918,0.0,0.0,0.0
c07919,0.0,0.0,0.0
c07920,3.3777461682496015,0.0,0.0
c07921,6.62092383474141,0.0,0.0
c07922,1.1215267211928845,0.0,0.0
c07923,0.0,0.0,0.0
c07924,0.0,0.0,0.0
c07925,2.9317447943758586,0.0,0.0
c07926,13.437968389625897,0.0,0.0
c07927,0.0,0.0,0.0
c07928,0.0,0.0,0.0
c07929,0.0,0.0,0.0
c07930,0.0,0.0,0.0
c07931,0.0,0.0,0.0
c07932,0.0,0.0,0.0
c07933,0.0,0.0,0.0
c07934,0.0,0.0,0.0
c07935,5.000482629339524,0.0,0.0
c07936,5.000482629339524,0.0,0.0
c07937,5.000482629339524,0.0,0.0
c07938,0.0,0.0,0.0
c07939,3.1136748457078873,0.0,0.0
c07940,0.0,0.0,0.0
c07941,0.0,0.0,0.0
c07942,0.0,0.0,0.0
c07943,3.9620981282675607,0.0,0.0
c07944,16.108321958724922,0.0,0.0
c07945,8.342034841907791,0.0,0.0
c07946,0.0,0.0,0.0
c07947,0.0,0.0,0.0
c07948,0.0,0.0,0.0
c07949,0.0,0.0,0.0
c07950,0.0,0.0,0.0
c07951,0.0,0.0,0.0
c07952,0.0,0.0,0.0
c07953,0.0,0.0,0.0
c07954,0.0,0.0,0.0
c07955,0.0,0.0,0.0
c07956,0.0,0.0,0.0
c07957,0.0,0.0,0.0
c07958,0.0,0.0,0.0
c07959,0.0,0.0,0.0
c07960,0.0,0.0,0.0
c07961,0.0,0.0,0.0
c07962,0.0,0.0,0.0
c07963,0.0,0.0,0.0
c07964,0.0,0.0,0.0
c07965,0.0,0.0,0.0
c07966,0.0,0.0,0.0
c07967,0.0,0.0,0.0
c07968,14.811116822321148,0.0,0.0
c07969,14.811116822321148,0.0,0.0
c07970,0.0,0.0,0.0
c07971,8.281678001282769,0.0,0.0
c07972,8.281678001282769,0.0,0.0
c07973,0.0,0.0,0.0
c07974,15.34686668916624,0.0,0.0
c07975,4.197348078161478,0.0,0.0
c07976,4.197348078161478,0.0,0.0
c07977,11.165098290789835,0.0,0.0
c07978,10.323041789484174,0.0,0.0
c07979,10.323041789484174,0.0,0.0
c07980,0.0,0.0,0.0
c07981,0.0,0.0,0.0
c07982,0.0,0.0,0.0
c07983,4.235556199157279,0.0,0.0
c07984,8.47662571874589,0.0,0.0
c07985,0.0,0.0,0.0
c07986,0.0,0.0,0.0
c07987,0.0,0.0,0.0
c07988,0.0,0.0,0.0
c07989,0.0,0.0,0.0
c07990,0.0,0.0,0.0
c07991,0.0,0.0,0.0
c07992,0.0,0.0,0.0
c07993,0.0,0.0,0.0
c07994,0.0,0.0,0.0
c07995,0.0,0.0,0.0
c07996,0.0,0.0,0.0
c07997,0.0,0.0,0.0
c07998,0.0,0.0,0.0
c07999,0.0,0.0,0.0
c08000,0.0,0.0,0.0
c08001,0.0,0.0,0.0
c08002,0.0,0.0,0.0
c08003,0.0,0.0,0.0
c08004,0.0,0.0,0.0
c08005,0.0,0.0,0.0
c08006,0.0,0.0,0.0
c08007,0.0,0.0,0.0
c08008,0.0,0.0,0.0
c08009,0.0,0.0,0.0
c08010,0.0,0.0,0.0
c08011,0.0,0.0,0.0
c08012,0.0,0.0,0.0
c08013,0.0,0.0,0.0
c08014,0.0,0.0,0.0
c08015,0.0,0.0,0.0
c08016,0.0,0.0,0.0
c08017,0.0,0.0,0.0
c08018,0.0,0.0,0.0
c08019,0.0,0.0,0.0
c08020,0.0,0.0,0.0
c08021,0.0,0.0,0.0
c08022,0.0,0.0,0.0
c08023,0.0,0.0,0.0
c08024,0.0,0.0,0.0
c08025,14.324499578176981,0.0,0.0
c08026,0.0,0.0,0.0
c08027,0.0,0.0,0.0
c08028,0.0,0.0,0.0
c08029,6.525697129813507,0.0,0.0
c08030,4.497778915548508,0.0,0.0
c08031,1.8993476238729743,0.0,0.0
c08032,20.20982893451494,0.0,1.0
c08033,0.0,0.0,0.0
c08034,0.0,0.0,0.0
c08035,0.0,0.0,0.0
c08036,0.0,0.0,0.0
c08037,0.0,0.0,0.0
c08038,0.0,0.0,0.0
c08039,0.0,0.0,0.0
c08040,3.5371471409740742,0.0,0.0
c08041,6.829761675113997,0.0,0.0
c08042,0.0,0.0,0.0
c08043,1.7490492727320595,0.0,0.0
c08044,3.2346656899743484,0.0,0.0
c08045,4.779811819554759,0.0,0.0
c08046,6.372370217880307,0.0,0.0
c08047,15.698075527306326,0.0,0.0
c08048,13.437968389625897,0.0,0.0
c08049,13.437968389625897,0.0,0.0
c08050,0.0,0.0,0.0
c08051,0.0,0.0,0.0
c08052,0.0,0.0,0.0
c08053,0.0,0.0,0.0
c08054,0.0,0.0,0.0
c08055,7.509070430741971,0.0,1.0
c08056,7.509070430741971,0.0,0.0
c08057,0.0,0.0,0.0
c08058,0.0,0.0,0.0
c08059,0.0,0.0,0.0
c08060,3.6980182977852736,0.0,0.0
c08061,0.5101914945767112,0.0,1.0
c08062,0.0,0.0,0.0
c08063,3.9620981282675607,0.0,0.0
c08064,3.9620981282675607,0.0,0.0
c08065,4.603731843497031,0.0,0.0
c08066,13.955004817361004,0.0,0.0
c08067,9.03260860551562,0.0,0.0
c08068,6.785790313844893,0.0,0.0
c08069,0.0,0.0,0.0
c08070,0.0,0.0,0.0
c08071,0.0,0.0,0.0
c08072,0.0,0.0,0.0
c08073,0.0,0.0,0.0
c08074,0.0,0.0,0.0
c08075,0.0,0.0,0.0
c08076,0.0,0.0,0.0
c08077,0.0,0.0,0.0
c08078,0.0,0.0,0.0
c08079,0.0,0.0,0.0
c08080,0.0,0.0,0.0
c08081,0.0,0.0,0.0
c08082,0.0,0.0,0.0
c08083,0.0,0.0,0.0
c08084,0.0,0.0,0.0
c08085,0.0,0.0,0.0
c08086,0.0,0.0,0.0
c08087,0.0,0.0,0.0
c08088,0.0,0.0,0.0
c08089,14.811116822321148,0.0,0.0
c08090,0.0,0.0,0.0
c08091,8.281678001282769,0.0,0.0
c08092,8.281678001282769,0.0,0.0
c08093,0.0,0.0,0.0
c08094,0.0,0.0,0.0
c08095,19.54421476732772,0.0,0.0
c08096,4.197348078161478,0.0,0.0
c08097,9.04822071515685,0.0,0.0
c08098,9.04822071515685,0.0,0.0
c08099,0.0,0.0,0.0
c08100,10.323041789484174,0.0,0.0
c08101,0.0,0.0,0.0
c08102,0.0,0.0,0.0
c08103,0.0,0.0,0.0
c08104,8.47662571874589,0.0,0.0
c08105,4.241069519588612,0.0,0.0
c08106,0.0,0.0,0.0
c08107,0.0,0.0,0.0
c08108,0.0,0.0,0.0
c08109,0.0,0.0,0.0
c08110,0.0,0.0,0.0
c08111,0.0,0.0,0.0
c08112,0.0,0.0,0.0
c08113,0.0,0.0,0.0
c08114,0.0,0.0,0.0
c08115,0.0,0.0,0.0
c08116,0.0,0.0,0.0
c08117,0.0,0.0,0.0
c08118,0.0,0.0,0.0
c08119,0.0,0.0,0.0
c08120,0.0,0.0,0.0
c08121,0.0,0.0,0.0
c08122,0.0,0.0,0.0
c08123,0.0,0.0,0.0
c08124,0.0,0.0,0.0
c08125,0.0,0.0,0.0
c08126,0.0,0.0,0.0
c08127,0.0,0.0,0.0
c08128,0.0,0.0,0.0
c08129,0.0,0.0,0.0
c08130,0.0,0.0,0.0
c08131,0.0,0.0,0.0
c08132,0.0,0.0,0.0
c08133,0.0,0.0,0.0
c08134,0.0,0.0,0.0
c08135,0.0,0.0,0.0
c08136,0.0,0.0,0.0
c08137,0.0,0.0,0.0
c08138,0.0,0.0,0.0
c08139,0.0,0.0,0.0
c08140,0.0,0.0,0.0
c08141,0.0,0.0,0.0
c08142,0.0,0.0,0.0
c08143,0.0,0.0,0.0
c08144,0.0,0.0,0.0
c08145,0.0,0.0,0.0
c08146,17.359092935261383,0.0,0.0
c08147,3.034593357084402,0.0,0.0
c08148,3.034593357084402,0.0,0.0
c08149,9.615342827592709,0.0,0.0
c08150,6.525697129813507,0.0,0.0
c08151,0.0,0.0,0.0
c08152,0.0,0.0,0.0
c08153,8.34739196306555,0.0,0.0
c08154,8.34739196306555,0.0,0.0
c08155,0.0,0.0,0.0
c08156,0.0,0.0,0.0
c08157,0.0,0.0,0.0
c08158,0.0,0.0,0.0
c08159,0.0,0.0,0.0
c08160,0.0,0.0,0.0
c08161,2.8081419576680102,0.0,0.0
c08162,9.92288363499847,0.0,0.0
c08163,9.429439583083564,0.0,0.0
c08164,9.429439583083564,0.0,0.0
c08165,6.010784146146199,0.0,0.0
c08166,2.577277087291028,0.0,0.0
c08167,0.0,0.0,0.0
c08168,2.3282218454388985,0.0,0.0
c08169,2.4322330579979914,0.0,0.0
c08170,13.437968389625897,0.0,0.0
c08171,13.437968389625897,0.0,0.0
c08172,0.0,0.0,0.0
c08173,0.0,0.0,0.0
c08174,3.1169207959015566,0.0,0.0
c08175,24.811444418987,0.0,0.0
c08176,11.802130996799468,0.0,0.0
c08177,2.5085878014024474,0.0,0.0
c08178,2.8538619738287747,0.0,0.0
c08179,2.4544516158824945,0.0,0.0
c08180,6.034496108771241,0.0,0.0
c08181,3.8861611128607882,0.0,0.0
c08182,5.236401060738941,0.0,0.0
c08183,4.72620956616223,0.0,0.0
c08184,5.780294030700946,0.0,0.0
c08185,0.0,0.0,0.0
c08186,0.0,0.0,0.0
c08187,10.367279178809794,0.0,0.0
c08188,0.0,0.0,0.0
c08189,11.008516014066133,0.0,0.0
c08190,10.356908992658322,0.0,0.0
c08191,10.356167139256884,0.0,0.0
c08192,0.0,0.0,0.0
c08193,0.0,0.0,0.0
c08194,0.0,0.0,0.0
c08195,0.0,0.0,0.0
c08196,0.0,0.0,0.0
c08197,0.0,0.0,0.0
c08198,0.0,0.0,0.0
c08199,0.0,0.0,0.0
c08200,0.0,0.0,0.0
c08201,0.0,0.0,0.0
c08202,0.0,0.0,0.0
c08203,0.0,0.0,0.0
c08204,0.0,0.0,0.0
c08205,0.0,0.0,0.0
c08206,0.0,0.0,0.0
c08207,0.0,0.0,0.0
c08208,0.0,0.0,0.0
c08209,0.0,0.0,0.0
c08210,14.811116822321148,0.0,0.0
c08211,10.568116119517699,0.0,0.0
c08212,8.281678001282769,0.0,0.0
c08213,0.0,0.0,0.0
c08214,0.0,0.0,0.0
c08215,15.34686668916624,0.0,0.0
c08216,19.54421476732772,0.0,0.0
c08217,0.0,0.0,0.0
c08218,9.04822071515685,0.0,0.0
c08219,0.0,0.0,0.0
c08220,0.0,0.0,0.0
c08221,11.17758428353188,0.0,0.0
c08222,0.0,0.0,0.0
c08223,0.0,0.0,0.0
c08224,12.494085178646968,0.0,0.0
c08225,8.47662571874589,0.0,0.0
c08226,0.0,0.0,0.0
c08227,0.0,0.0,0.0
c08228,0.0,0.0,0.0
c08229,0.0,0.0,0.0
c08230,0.0,0.0,0.0
c08231,0.0,0.0,0.0
c08232,0.0,0.0,0.0
c08233,0.0,0.0,0.0
c08234,0.0,0.0,0.0
c08235,0.0,0.0,0.0
c08236,0.0,0.0,0.0
c08237,0.0,0.0,0.0
c08238,0.0,0.0,0.0
c08239,0.0,0.0,0.0
c08240,0.0,0.0,0.0
c08241,0.0,0.0,0.0
c08242,0.0,0.0,0.0
c08243,0.0,0.0,0.0
c08244,0.0,0.0,0.0
c08245,0.0,0.0,0.0
c08246,0.0,0.0,0.0
c08247,0.0,0.0,0.0
c08248,0.0,0.0,0.0
c08249,0.0,0.0,0.0
c08250,0.0,0.0,0.0
c08251,0.0,0.0,0.0
c08252,0.0,0.0,0.0
c08253,0.0,0.0,0.0
c08254,0.0,0.0,0.0
c08255,0.0,0.0,0.0
c08256,0.0,0.0,0.0
c08257,0.0,0.0,0.0
c08258,0.0,0.0,0.0
c08259,0.0,0.0,0.0
c08260,0.0,0.0,0.0
c08261,0.0,0.0,0.0
c08262,0.0,0.0,0.0
c08263,0.0,0.0,0.0
c08264,0.0,0.0,0.0
c08265,0.0,0.0,0.0
c08266,0.0,0.0,0.0
c08267,14.324499578176981,0.0,0.0
c08268,0.0,0.0,0.0
c08269,0.0,0.0,0.0
c08270,0.0,0.0,0.0
c08271,6.525697129813507,0.0,0.0
c08272,6.525697129813507,0.0,0.0
c08273,0.0,0.0,0.0
c08274,0.0,0.0,0.0
c08275,8.34739196306555,0.0,0.0
c08276,8.34739196306555,0.0,0.0
c08277,8.34739196306555,0.0,0.0
c08278,0.0,0.0,0.0
c08279,0.0,0.0,0.0
c08280,0.0,0.0,0.0
c08281,2.8383021452120727,0.0,0.0
c08282,2.161261375772144,0.0,0.0
c08283,0.0,0.0,0.0
c08284,0.0,0.0,0.0
c08285,5.995932524228392,0.0,0.0
c08286,12.69892753993353,0.0,0.0
c08287,5.995932524228392,0.0,0.0
c08288,0.0,0.0,0.0
c08289,0.0,0.0,0.0
c08290,1.6978971218502958,0.0,0.0
c08291,0.0,0.0,0.0
c08292,13.437968389625897,0.0,0.0
c08293,13.437968389625897,0.0,0.0
c08294,13.553519971691136,0.0,0.0
c08295,3.1169207959015566,0.0,0.0
c08296,9.089963105499029,0.0,0.0
c08297,6.8016483674599435,0.0,0.0
c08298,0.0,0.0,0.0
c08299,0.0,0.0,0.0
c08300,0.0,0.0,0.0
c08301,0.0,0.0,0.0
c08302,5.397719517170924,0.0,0.0
c08303,3.8861611128607882,0.0,0.0
c08304,9.581436060088718,0.0,0.0
c08305,1.7423080707134466,0.0,0.0
c08306,0.0,0.0,0.0
c08307,0.0,0.0,0.0
c08308,6.507303130952067,0.0,0.0
c08309,0.0,0.0,0.0
c08310,0.0,0.0,0.0
c08311,0.0,0.0,0.0
c08312,10.630123951917751,0.0,0.0
c08313,10.060955897163653,0.0,0.0
c08314,1.217241313062547,0.0,0.0
c08315,0.0,0.0,0.0
c08316,0.0,0.0,0.0
c08317,0.0,0.0,0.0
c08318,0.0,0.0,0.0
c08319,0.0,0.0,0.0
c08320,0.0,0.0,0.0
c08321,0.0,0.0,0.0
c08322,0.0,0.0,0.0
c08323,0.0,0.0,0.0
c08324,0.0,0.0,0.0
c08325,0.0,0.0,0.0
c08326,0.0,0.0,0.0
c08327,0.0,0.0,0.0
c08328,0.0,0.0,0.0
c08329,0.0,0.0,0.0
c08330,0.0,0.0,0.0
c08331,14.811116822321148,0.0,0.0
c08332,2.2864381182349294,0.0,0.0
c08333,8.281678001282769,0.0,0.0
c08334,0.0,0.0,0.0
c08335,15.34686668916624,0.0,0.0
c08336,15.34686668916624,0.0,0.0
c08337,0.0,0.0,0.0
c08338,0.0,0.0,0.0
c08339,9.04822071515685,0.0,0.0
c08340,0.0,0.0,0.0
c08341,1.2830815238141338,0.0,0.0
c08342,12.096210299862395,0.0,0.0
c08343,10.323041789484174,0.0,0.0
c08344,0.0,0.0,0.0
c08345,3.992983137579686,0.0,0.0
c08346,0.0,0.0,0.0
c08347,0.0,0.0,0.0
c08348,0.0,0.0,0.0
c08349,0.0,0.0,0.0
c08350,0.0,0.0,0.0
c08351,0.0,0.0,0.0
c08352,0.0,0.0,0.0
c08353,0.0,0.0,0.0
c08354,0.0,0.0,0.0
c08355,0.0,0.0,0.0
c08356,0.0,0.0,0.0
c08357,0.0,0.0,0.0
c08358,0.0,0.0,0.0
c08359,0.0,0.0,0.0
c08360,0.0,0.0,0.0
c08361,0.0,0.0,0.0
c08362,0.0,0.0,0.0
c08363,0.0,0.0,0.0
c08364,0.0,0.0,0.0
c08365,0.0,0.0,0.0
c08366,0.0,0.0,0.0
c08367,0.0,0.0,0.0
c08368,0.0,0.0,0.0
c08369,0.0,0.0,0.0
c08370,0.0,0.0,0.0
c08371,0.0,0.0,0.0
c08372,0.0,0.0,0.0
c08373,0.0,0.0,0.0
c08374,0.0,0.0,0.0
c08375,0.0,0.0,0.0
c08376,0.0,0.0,0.0
c08377,0.0,0.0,0.0
c08378,0.0,0.0,0.0
c08379,0.0,0.0,0.0
c08380,0.0,0.0,0.0
c08381,0.0,0.0,0.0
c08382,0.0,0.0,0.0
c08383,0.0,0.0,0.0
c08384,0.0,0.0,0.0
c08385,0.0,0.0,0.0
c08386,0.0,0.0,0.0
c08387,0.0,0.0,0.0
c08388,14.324499578176981,0.0,0.0
c08389,14.324499578176981,0.0,0.0
c08390,0.0,0.0,0.0
c08391,0.0,0.0,0.0
c08392,0.0,0.0,0.0
c08393,6.525697129813507,0.0,0.0
c08394,7.18314077541106,0.0,0.0
c08395,0.0,0.0,0.0
c08396,0.0,0.0,0.0
c08397,0.0,0.0,0.0
c08398,8.34739196306555,0.0,0.0
c08399,8.34739196306555,0.0,0.0
c08400,9.837321801595348,0.0,0.0
c08401,0.0,0.0,0.0
c08402,1.77351195682316,0.0,0.0
c08403,0.0,0.0,0.0
c08404,0.0,0.0,0.0
c08405,0.0,0.0,0.0
c08406,0.0,0.0,0.0
c08407,0.0,0.0,0.0
c08408,9.584766895466657,0.0,0.0
c08409,1.4026493693025193,0.0,0.0
c08410,2.7725417366175655,0.0,0.0
c08411,1.6978971218502958,0.0,0.0
c08412,3.6221286569589806,1.0,0.0
c08413,0.0,0.0,0.0
c08414,13.437968389625897,0.0,0.0
c08415,16.826097508623057,0.0,0.0
c08416,3.1169207959015566,0.0,0.0
c08417,13.06326746143344,0.0,0.0
c08418,6.8016483674599435,0.0,0.0
c08419,6.8016483674599435,0.0,0.0
c08420,0.0,0.0,0.0
c08421,0.0,0.0,0.0
c08422,3.539269611761079,0.0,0.0
c08423,1.5115584043101358,0.0,0.0
c08424,3.8861611128607882,0.0,0.0
c08425,8.355415101406257,1.0,0.0
c08426,0.0,0.0,0.0
c08427,0.0,0.0,0.0
c08428,0.0,0.0,0.0
c08429,12.108698106435508,0.0,0.0
c08430,4.800188319202951,0.0,0.0
c08431,0.0,0.0,0.0
c08432,0.0,0.0,1.0
c08433,3.4788518039608567,0.0,0.0
c08434,3.4788518039608567,0.0,0.0
c08435,8.101708813582425,0.0,0.0
c08436,6.533937850967613,0.0,0.0
c08437,0.0,0.0,0.0
c08438,0.0,0.0,0.0
c08439,0.0,0.0,0.0
c08440,0.0,0.0,0.0
c08441,0.0,0.0,0.0
c08442,0.0,0.0,0.0
c08443,0.0,0.0,0.0
c08444,0.0,0.0,0.0
c08445,0.0,0.0,0.0
c08446,0.0,0.0,0.0
c08447,0.0,0.0,0.0
c08448,0.0,0.0,0.0
c08449,0.0,0.0,0.0
c08450,0.0,0.0,0.0
c08451,14.811116822321148,0.0,0.0
c08452,14.811116822321148,0.0,0.0
c08453,7.2705793977073325,0.0,0.0
c08454,1.3501929132717079,0.0,0.0
c08455,15.34686668916624,0.0,0.0
c08456,15.34686668916624,0.0,0.0
c08457,0.0,0.0,0.0
c08458,0.0,0.0,0.0
c08459,12.478298968789359,0.0,0.0
c08460,12.478298968789359,0.0,0.0
c08461,3.4300782536325083,0.0,0.0
c08462,6.29425733584445,0.0,0.0
c08463,2.356950859929063,0.0,0.0
c08464,10.323041789484174,0.0,0.0
c08465,8.756444422857065,0.0,0.0
c08466,5.797027117948482,0.0,0.0
c08467,2.212676581097619,0.0,0.0
c08468,0.0,0.0,0.0
c08469,0.0,0.0,0.0
c08470,0.0,0.0,0.0
c08471,0.0,0.0,0.0
c08472,0.0,0.0,0.0
c08473,0.0,0.0,0.0
c08474,0.0,0.0,0.0
c08475,0.0,0.0,0.0
c08476,0.0,0.0,0.0
c08477,0.0,0.0,0.0
c08478,0.0,0.0,0.0
c08479,0.0,0.0,0.0
c08480,0.0,0.0,0.0
c08481,0.0,0.0,0.0
c08482,0.0,0.0,0.0
c08483,0.0,0.0,0.0
c08484,0.0,0.0,0.0
c08485,0.0,0.0,0.0
c08486,0.0,0.0,0.0
c08487,0.0,0.0,0.0
c08488,0.0,0.0,0.0
c08489,0.0,0.0,0.0
c08490,0.0,0.0,0.0
c08491,0.0,0.0,0.0
c08492,0.0,0.0,0.0
c08493,0.0,0.0,0.0
c08494,0.0,0.0,0.0
c08495,0.0,0.0,0.0
c08496,0.0,0.0,0.0
c08497,0.0,0.0,0.0
c08498,0.0,0.0,0.0
c08499,0.0,0.0,0.0
c08500,0.0,0.0,0.0
c08501,0.0,0.0,0.0
c08502,0.0,0.0,0.0
c08503,0.0,0.0,0.0
c08504,0.0,0.0,0.0
c08505,0.0,0.0,0.0
c08506,0.0,0.0,0.0
c08507,0.0,0.0,0.0
c08508,0.0,0.0,0.0
c08509,0.0,0.0,0.0
c08510,15.851680350970055,0.0,0.0
c08511,0.0,0.0,0.0
c08512,0.0,0.0,0.0
c08513,0.0,0.0,0.0
c08514,14.825598562383782,0.0,0.0
c08515,1.5398290853362238,0.0,0.0
c08516,12.568581738511584,0.0,0.0
c08517,6.668979331586809,0.0,0.0
c08518,0.0,0.0,0.0
c08519,0.0,0.0,0.0
c08520,0.0,0.0,0.0
c08521,1.4370855718403903,0.0,0.0
c08522,4.268911440450356,1.0,0.0
c08523,0.5816607642967615,0.0,0.0
c08524,4.470265498251279,0.0,0.0
c08525,0.6245032829445698,0.0,0.0
c08526,0.0,0.0,0.0
c08527,0.0,0.0,0.0
c08528,0.0,0.0,0.0
c08529,3.550817297412145,0.0,0.0
c08530,0.0,0.0,0.0
c08531,1.3718827308948385,0.0,0.0
c08532,8.523406598348746,0.0,0.0
c08533,8.357737965295971,0.0,1.0
c08534,1.9161719266371435,0.0,0.0
c08535,0.0,0.0,0.0
c08536,0.0,0.0,0.0
c08537,0.0,0.0,0.0
c08538,13.06326746143344,0.0,0.0
c08539,10.774952723394357,0.0,0.0
c08540,10.774952723394357,0.0,0.0
c08541,4.165925870470657,0.0,0.0
c08542,8.57266764541701,0.0,0.0
c08543,4.406741774946352,0.0,0.0
c08544,0.0,0.0,0.0
c08545,12.008729947372263,1.0,0.0
c08546,13.73921444192389,0.0,0.0
c08547,4.020533768296422,0.0,0.0
c08548,1.5917502401572166,0.0,0.0
c08549,3.3829973351287173,0.0,0.0
c08550,1.7520802294449813,0.0,0.0
c08551,10.965955354325155,0.0,0.0
c08552,0.0,0.0,0.0
c08553,0.0,0.0,0.0
c08554,3.4788518039608567,0.0,0.0
c08555,0.0,0.0,0.0
c08556,0.0,0.0,0.0
c08557,6.522625515289393,0.0,1.0
c08558,7.825114615059791,0.0,0.0
c08559,9.587941194594348,0.0,0.0
c08560,1.9045070337754286,0.0,0.0
c08561,4.023827383731089,0.0,1.0
c08562,2.119320349955661,0.0,0.0
c08563,0.0,0.0,0.0
c08564,0.0,0.0,0.0
c08565,0.0,0.0,0.0
c08566,0.0,0.0,0.0
c08567,0.0,0.0,0.0
c08568,0.0,0.0,0.0
c08569,0.0,0.0,0.0
c08570,0.0,0.0,0.0
c08571,0.0,0.0,0.0
c08572,14.811116822321148,0.0,0.0
c08573,0.0,0.0,0.0
c08574,3.6339483662006953,0.0,0.0
c08575,20.331007968638644,0.0,0.0
c08576,15.34686668916624,0.0,0.0
c08577,0.0,0.0,0.0
c08578,0.0,0.0,0.0
c08579,0.0,0.0,0.0
c08580,9.04822071515685,0.0,0.0
c08581,0.0,0.0,0.0
c08582,0.0,0.0,0.0
c08583,0.0,0.0,0.0
c08584,2.356950859929063,0.0,0.0
c08585,10.323041789484174,0.0,0.0
c08586,13.511982836455472,0.0,1.0
c08587,0.0,0.0,0.0
c08588,2.8379255764348796,0.0,0.0
c08589,3.1767118226197546,0.0,0.0
c08590,0.0,0.0,0.0
c08591,0.0,0.0,0.0
c08592,0.0,0.0,0.0
c08593,0.0,0.0,0.0
c08594,0.0,0.0,0.0
c08595,0.0,0.0,0.0
c08596,0.0,0.0,0.0
c08597,0.0,0.0,0.0
c08598,0.0,0.0,0.0
c08599,0.0,0.0,0.0
c08600,0.0,0.0,0.0
c08601,0.0,0.0,0.0
c08602,0.0,0.0,0.0
c08603,0.0,0.0,0.0
c08604,0.0,0.0,0.0
c08605,0.0,0.0,0.0
c08606,0.0,0.0,0.0
c08607,0.0,0.0,0.0
c08608,0.0,0.0,0.0
c08609,0.0,0.0,0.0
c08610,0.0,0.0,0.0
c08611,0.0,0.0,0.0
c08612,0.0,0.0,0.0
c08613,0.0,0.0,0.0
c08614,0.0,0.0,0.0
c08615,0.0,0.0,0.0
c08616,0.0,0.0,0.0
c08617,0.0,0.0,0.0
c08618,0.0,0.0,0.0
c08619,0.0,0.0,0.0
c08620,0.0,0.0,0.0
c08621,0.0,0.0,0.0
c08622,0.0,0.0,0.0
c08623,0.0,0.0,0.0
c08624,0.0,0.0,0.0
c08625,0.0,0.0,0.0
c08626,0.0,0.0,0.0
c08627,0.0,0.0,0.0
c08628,0.0,0.0,0.0
c08629,0.0,0.0,0.0
c08630,0.0,0.0,0.0
c08631,1.4302091824047989,0.0,0.0
c08632,0.0,0.0,0.0
c08633,0.0,0.0,0.0
c08634,0.0,0.0,0.0
c08635,14.815075751334012,0.0,0.0
c08636,4.980795851842563,0.0,0.0
c08637,4.980795851842563,0.0,0.0
c08638,6.668979331586809,0.0,0.0
c08639,6.668979331586809,0.0,0.0
c08640,0.0,0.0,0.0
c08641,0.0,0.0,0.0
c08642,0.0,0.0,0.0
c08643,6.7939676622209,0.0,0.0
c08644,3.8289578696242046,0.0,0.0
c08645,3.8289578696242046,0.0,0.0
c08646,2.030283528056027,0.0,0.0
c08647,2.856563599350168,0.0,0.0
c08648,1.7993983784824923,0.0,0.0
c08649,0.0,0.0,0.0
c08650,3.550817297412145,0.0,0.0
c08651,0.0,0.0,0.0
c08652,0.0,0.0,0.0
c08653,0.0,0.0,0.0
c08654,7.1307511202147555,0.0,0.0
c08655,11.788124090536094,0.0,0.0
c08656,0.0,0.0,0.0
c08657,0.0,0.0,0.0
c08658,9.089963105499029,0.0,0.0
c08659,9.089963105499029,0.0,0.0
c08660,0.0,0.0,0.0
c08661,10.774952723394357,0.0,0.0
c08662,14.962733929613728,0.0,0.0
c08663,2.3965555689844438,0.0,0.0
c08664,0.0,0.0,0.0
c08665,0.0,0.0,0.0
c08666,6.583604075645119,1.0,0.0
c08667,5.088911274395695,0.0,0.0
c08668,5.557295766702158,0.0,0.0
c08669,3.2819961676594773,0.0,0.0
c08670,0.0,0.0,0.0
c08671,0.0,0.0,0.0
c08672,7.442678955048685,0.0,0.0
c08673,2.108572793607093,0.0,0.0
c08674,0.0,0.0,0.0
c08675,4.622621025601953,0.0,0.0
c08676,0.0,0.0,0.0
c08677,0.0,0.0,0.0
c08678,0.0,0.0,0.0
c08679,0.0,0.0,0.0
c08680,10.051139519617807,0.0,0.0
c08681,11.941611986155886,0.0,0.0
c08682,1.0690747768591395,0.0,0.0
c08683,4.366960742374882,0.0,0.0
c08684,0.0,0.0,0.0
c08685,0.0,0.0,0.0
c08686,0.0,0.0,0.0
c08687,0.0,0.0,0.0
c08688,0.0,0.0,0.0
c08689,0.0,0.0,0.0
c08690,0.0,0.0,0.0
c08691,0.0,0.0,0.0
c08692,0.0,0.0,0.0
c08693,14.811116822321148,0.0,0.0
c08694,0.0,0.0,0.0
c08695,0.0,0.0,0.0
c08696,18.980815055366936,0.0,0.0
c08697,0.0,0.0,0.0
c08698,0.0,0.0,0.0
c08699,0.0,0.0,0.0
c08700,0.0,0.0,0.0
c08701,9.04822071515685,0.0,0.0
c08702,0.0,0.0,0.0
c08703,0.0,0.0,0.0
c08704,0.0,0.0,0.0
c08705,4.987498329510835,0.0,0.0
c08706,3.370660791811653,0.0,0.0
c08707,15.872083425452265,0.0,0.0
c08708,0.0,0.0,0.0
c08709,0.0,0.0,0.0
c08710,2.526109652874936,0.0,0.0
c08711,4.013467418213561,0.0,0.0
c08712,0.0,0.0,0.0
c08713,0.0,0.0,0.0
c08714,0.0,0.0,0.0
c08715,0.0,0.0,0.0
c08716,0.0,0.0,0.0
c08717,0.0,0.0,0.0
c08718,0.0,0.0,0.0
c08719,0.0,0.0,0.0
c08720,0.0,0.0,0.0
c08721,0.0,0.0,0.0
c08722,0.0,0.0,0.0
c08723,0.0,0.0,0.0
c08724,0.0,0.0,0.0
c08725,0.0,0.0,0.0
c08726,0.0,0.0,0.0
c08727,0.0,0.0,0.0
c08728,0.0,0.0,0.0
c08729,0.0,0.0,0.0
c08730,0.0,0.0,0.0
c08731,0.0,0.0,0.0
c08732,0.0,0.0,0.0
c08733,0.0,0.0,0.0
c08734,0.0,0.0,0.0
c08735,0.0,0.0,0.0
c08736,0.0,0.0,0.0
c08737,0.0,0.0,0.0
c08738,0.0,0.0,0.0
c08739,0.0,0.0,0.0
c08740,0.0,0.0,0.0
c08741,0.0,0.0,0.0
c08742,0.0,0.0,0.0
c08743,0.0,0.0,0.0
c08744,0.0,0.0,0.0
c08745,0.0,0.0,0.0
c08746,0.0,0.0,0.0
c08747,0.0,0.0,0.0
c08748,0.0,0.0,0.0
c08749,0.0,0.0,0.0
c08750,0.0,0.0,0.0
c08751,0.0,0.0,0.0
c08752,3.0088458521551593,0.0,0.0
c08753,0.0,0.0,0.0
c08754,0.0,0.0,0.0
c08755,0.0,0.0,0.0
c08756,9.834279899491449,0.0,0.0
c08757,9.834279899491449,0.0,0.0
c08758,0.0,0.0,0.0
c08759,0.0,0.0,0.0
c08760,6.668979331586809,0.0,0.0
c08761,0.0,0.0,0.0
c08762,0.0,0.0,0.0
c08763,1.245471023890792,0.0,0.0
c08764,2.787470204708516,0.0,0.0
c08765,3.8289578696242046,0.0,0.0
c08766,3.8289578696242046,0.0,0.0
c08767,2.8970428844466602,0.0,0.0
c08768,0.0,0.0,0.0
c08769,4.729778427950663,0.0,0.0
c08770,2.917305960809373,1.0,0.0
c08771,5.113788528754554,0.0,0.0
c08772,1.158950240451208,0.0,0.0
c08773,0.0,0.0,0.0
c08774,0.0,0.0,0.0
c08775,0.0,0.0,0.0
c08776,11.085756202417688,0.0,0.0
c08777,3.9550050822029332,0.0,0.0
c08778,0.0,0.0,0.0
c08779,9.089963105499029,0.0,0.0
c08780,0.0,0.0,0.0
c08781,0.0,0.0,0.0
c08782,5.083123683632566,0.0,0.0
c08783,8.710155809491804,0.0,0.0
c08784,0.0,0.0,0.0
c08785,0.0,0.0,0.0
c08786,0.0,0.0,0.0
c08787,2.359561131473429,0.0,0.0
c08788,0.0,0.0,0.0
c08789,5.2429695401077545,0.0,0.0
c08790,3.844833268552037,0.0,0.0
c08791,0.0,0.0,0.0
c08792,0.0,0.0,0.0
c08793,2.0680735397668126,0.0,0.0
c08794,11.38595937333663,0.0,0.0
c08795,1.8835744767223093,0.0,0.0
c08796,8.982056634740399,0.0,0.0
c08797,5.977698872570796,0.0,0.0
c08798,0.0,0.0,0.0
c08799,0.0,0.0,0.0
c08800,0.0,0.0,0.0
c08801,5.79515529630979,0.0,0.0
c08802,4.861703804107084,0.0,0.0
c08803,1.603322288662406,0.0,0.0
c08804,5.611709402481303,0.0,0.0
c08805,0.0,0.0,0.0
c08806,0.0,0.0,0.0
c08807,0.0,0.0,0.0
c08808,0.0,0.0,0.0
c08809,0.0,0.0,0.0
c08810,0.0,0.0,0.0
c08811,0.0,0.0,0.0
c08812,0.0,0.0,0.0
c08813,0.0,0.0,0.0
c08814,14.811116822321148,0.0,0.0
c08815,0.0,0.0,0.0
c08816,0.0,0.0,0.0
c08817,19.736119696443193,0.0,0.0
c08818,15.34686668916624,0.0,0.0
c08819,0.0,0.0,0.0
c08820,0.0,0.0,0.0
c08821,0.0,0.0,0.0
c08822,9.04822071515685,0.0,0.0
c08823,0.0,0.0,1.0
c08824,0.0,0.0,1.0
c08825,0.0,0.0,0.0
c08826,0.0,0.0,0.0
c08827,3.1811535391982755,0.0,0.0
c08828,8.102226146087913,0.0,0.0
c08829,0.0,0.0,0.0
c08830,1.1668443572730707,0.0,0.0
c08831,1.955628594692813,0.0,0.0
c08832,1.4873577653386254,0.0,0.0
c08833,0.0,0.0,0.0
c08834,0.0,0.0,0.0
c08835,0.0,0.0,0.0
c08836,0.0,0.0,0.0
c08837,0.0,0.0,0.0
c08838,0.0,0.0,0.0
c08839,0.0,0.0,0.0
c08840,0.0,0.0,0.0
c08841,0.0,0.0,0.0
c08842,0.0,0.0,0.0
c08843,0.0,0.0,0.0
c08844,0.0,0.0,0.0
c08845,0.0,0.0,0.0
c08846,0.0,0.0,0.0
c08847,0.0,0.0,0.0
c08848,0.0,0.0,0.0
c08849,0.0,0.0,0.0
c08850,0.0,0.0,0.0
c08851,0.0,0.0,0.0
c08852,0.0,0.0,0.0
c08853,0.0,0.0,0.0
c08854,0.0,0.0,0.0
c08855,0.0,0.0,0.0
c08856,0.0,0.0,0.0
c08857,0.0,0.0,0.0
c08858,0.0,0.0,0.0
c08859,0.0,0.0,0.0
c08860,0.0,0.0,0.0
c08861,0.0,0.0,0.0
c08862,0.0,0.0,0.0
c08863,0.0,0.0,0.0
c08864,0.0,0.0,0.0
c08865,0.0,0.0,0.0
c08866,0.0,0.0,0.0
c08867,0.0,0.0,0.0
c08868,0.0,0.0,0.0
c08869,0.0,0.0,0.0
c08870,0.0,0.0,0.0
c08871,0.0,0.0,0.0
c08872,0.0,0.0,0.0
c08873,2.379102066046627,0.0,0.0
c08874,2.379102066046627,0.0,0.0
c08875,0.0,0.0,0.0
c08876,0.0,0.0,0.0
c08877,9.834279899491449,0.0,0.0
c08878,9.834279899491449,0.0,0.0
c08879,0.0,0.0,0.0
c08880,0.0,0.0,0.0
c08881,6.668979331586809,0.0,0.0
c08882,6.668979331586809,0.0,0.0
c08883,2.584388230664104,0.0,0.0
c08884,4.597477249630774,0.0,0.0
c08885,0.0,0.0,0.0
c08886,0.0,0.0,0.0
c08887,0.0,0.0,0.0
c08888,4.098382992219152,0.0,0.0
c08889,2.2410200527978605,0.0,0.0
c08890,0.0,0.0,0.0
c08891,2.917305960809373,0.0,0.0
c08892,3.800812189541568,0.0,0.0
c08893,3.1783102468225657,0.0,0.0
c08894,1.9746779510746817,0.0,0.0
c08895,5.248194619646348,0.0,0.0
c08896,0.0,0.0,0.0
c08897,7.1307511202147555,0.0,0.0
c08898,11.085756202417688,0.0,0.0
c08899,0.0,0.0,0.0
c08900,9.089963105499029,0.0,0.0
c08901,0.0,0.0,0.0
c08902,0.0,0.0,0.0
c08903,0.0,0.0,0.0
c08904,11.25407946530136,0.0,0.0
c08905,5.937081346915455,0.0,0.0
c08906,0.0,0.0,0.0
c08907,10.853167359266342,1.0,0.0
c08908,2.359561131473429,0.0,0.0
c08909,0.0,0.0,0.0
c08910,0.0,0.0,0.0
c08911,0.0,0.0,0.0
c08912,0.0,0.0,0.0
c08913,0.0,0.0,0.0
c08914,2.318672770908874,0.0,0.0
c08915,12.662828915255991,0.0,0.0
c08916,9.033032225121799,0.0,0.0
c08917,0.0,0.0,0.0
c08918,5.977698872570796,0.0,0.0
c08919,5.977698872570796,0.0,0.0
c08920,5.977698872570796,0.0,0.0
c08921,5.977698872570796,0.0,0.0
c08922,10.945141194627512,0.0,1.0
c08923,0.0,0.0,0.0
c08924,0.0,0.0,0.0
c08925,5.8731839639430365,0.0,0.0
c08926,3.7595560353434703,0.0,0.0
c08927,0.0,0.0,0.0
c08928,0.0,0.0,0.0
c08929,0.0,0.0,0.0
c08930,0.0,0.0,0.0
c08931,0.0,0.0,0.0
c08932,0.0,0.0,0.0
c08933,0.0,0.0,0.0
c08934,7.557013994375533,0.0,0.0
c08935,22.36813081669668,0.0,0.0
c08936,0.0,0.0,0.0
c08937,1.3624733916508822,0.0,0.0
c08938,2.117778032727138,0.0,0.0
c08939,0.0,0.0,0.0
c08940,0.0,0.0,0.0
c08941,0.0,0.0,0.0
c08942,0.0,0.0,0.0
c08943,17.954181760032064,0.0,0.0
c08944,6.171680374207861,0.0,0.0
c08945,4.696628569989024,0.0,0.0
c08946,4.696628569989024,0.0,0.0
c08947,4.696628569989024,0.0,0.0
c08948,8.320586834940805,0.0,0.0
c08949,7.038184427534303,0.0,0.0
c08950,4.479758202212141,0.0,0.0
c08951,1.5580467337004156,0.0,0.0
c08952,0.8594732057815322,0.0,0.0
c08953,0.0,0.0,0.0
c08954,0.0,0.0,0.0
c08955,0.0,0.0,0.0
c08956,0.0,0.0,0.0
c08957,0.0,0.0,0.0
c08958,0.0,0.0,0.0
c08959,0.0,0.0,0.0
c08960,0.0,0.0,0.0
c08961,0.0,0.0,0.0
c08962,0.0,0.0,0.0
c08963,0.0,0.0,0.0
c08964,0.0,0.0,0.0
c08965,0.0,0.0,0.0
c08966,0.0,0.0,0.0
c08967,0.0,0.0,0.0
c08968,0.0,0.0,0.0
c08969,0.0,0.0,0.0
c08970,0.0,0.0,0.0
c08971,0.0,0.0,0.0
c08972,0.0,0.0,0.0
c08973,0.0,0.0,0.0
c08974,0.0,0.0,0.0
c08975,0.0,0.0,0.0
c08976,0.0,0.0,0.0
c08977,0.0,0.0,0.0
c08978,0.0,0.0,0.0
c08979,0.0,0.0,0.0
c08980,0.0,0.0,0.0
c08981,0.0,0.0,0.0
c08982,0.0,0.0,0.0
c08983,0.0,0.0,0.0
c08984,0.0,0.0,0.0
c08985,0.0,0.0,0.0
c08986,0.0,0.0,0.0
c08987,0.0,0.0,0.0
c08988,0.0,0.0,0.0
c08989,0.0,0.0,0.0
c08990,0.0,0.0,0.0
c08991,0.0,0.0,0.0
c08992,0.0,0.0,0.0
c08993,0.0,0.0,0.0
c08994,0.0,0.0,0.0
c08995,9.313598433972992,1.0,0.0
c08996,0.0,0.0,0.0
c08997,0.0,0.0,0.0
c08998,9.834279899491449,0.0,0.0
c08999,9.834279899491449,0.0,0.0
c09000,0.0,0.0,0.0
c09001,0.0,0.0,0.0
c09002,0.0,0.0,0.0
c09003,8.170184740809473,0.0,0.0
c09004,2.584388230664104,0.0,0.0
c09005,0.0,0.0,0.0
c09006,0.0,0.0,0.0
c09007,0.0,0.0,0.0
c09008,0.0,0.0,0.0
c09009,1.775260222349831,0.0,0.0
c09010,0.0,0.0,0.0
c09011,0.0,0.0,0.0
c09012,0.0,0.0,0.0
c09013,1.4620272509462824,0.0,0.0
c09014,4.083982030790384,0.0,0.0
c09015,2.9072153556500666,0.0,0.0
c09016,3.267029887883049,0.0,0.0
c09017,3.267029887883049,0.0,0.0
c09018,0.0,0.0,0.0
c09019,13.44904061454189,0.0,0.0
c09020,15.553141155584353,0.0,0.0
c09021,9.089963105499029,0.0,0.0
c09022,0.0,0.0,0.0
c09023,0.0,0.0,0.0
c09024,0.0,0.0,0.0
c09025,5.3034559700528225,0.0,0.0
c09026,11.240537316968277,0.0,0.0
c09027,5.937081346915455,0.0,0.0
c09028,8.493606227792913,0.0,0.0
c09029,7.191121394588221,0.0,0.0
c09030,0.0,0.0,0.0
c09031,0.0,0.0,0.0
c09032,0.0,0.0,0.0
c09033,0.0,0.0,0.0
c09034,5.470809606485171,0.0,0.0
c09035,2.318672770908874,0.0,0.0
c09036,0.0,0.0,0.0
c09037,8.17474712536401,0.0,0.0
c09038,0.0,0.0,0.0
c09039,0.0,0.0,0.0
c09040,0.0,0.0,0.0
c09041,0.0,0.0,0.0
c09042,8.05141306108869,0.0,0.0
c09043,4.959237788483812,0.0,0.0
c09044,0.0,0.0,0.0
c09045,0.0,0.0,0.0
c09046,0.0,0.0,0.0
c09047,3.724839632290514,0.0,0.0
c09048,2.1976459553483823,0.0,0.0
c09049,3.3672934414396365,0.0,0.0
c09050,0.0,0.0,0.0
c09051,0.0,0.0,0.0
c09052,0.0,0.0,0.0
c09053,0.0,0.0,0.0
c09054,0.0,0.0,0.0
c09055,7.557013994375533,0.0,0.0
c09056,0.0,0.0,0.0
c09057,3.7162378840404635,0.0,0.0
c09058,7.141873490403494,0.0,0.0
c09059,0.0,0.0,0.0
c09060,0.0,0.0,0.0
c09061,0.0,0.0,1.0
c09062,0.0,0.0,0.0
c09063,0.0,0.0,0.0
c09064,7.4309092406563755,0.0,0.0
c09065,0.0,0.0,0.0
c09066,0.0,0.0,0.0
c09067,0.0,0.0,0.0
c09068,0.0,0.0,0.0
c09069,12.14046572368906,0.0,0.0
c09070,0.0,0.0,1.0
c09071,3.7615688382082304,0.0,0.0
c09072,0.0,0.0,0.0
c09073,0.0,0.0,0.0
c09074,0.0,0.0,0.0
c09075,0.0,0.0,0.0
c09076,0.0,0.0,0.0
c09077,0.0,0.0,0.0
c09078,0.0,0.0,0.0
c09079,0.0,0.0,0.0
c09080,0.0,0.0,0.0
c09081,0.0,0.0,0.0
c09082,0.0,0.0,0.0
c09083,0.0,0.0,0.0
c09084,0.0,0.0,0.0
c09085,0.0,0.0,0.0
c09086,0.0,0.0,0.0
c09087,0.0,0.0,0.0
c09088,0.0,0.0,0.0
c09089,0.0,0.0,0.0
c09090,0.0,0.0,0.0
c09091,0.0,0.0,0.0
c09092,0.0,0.0,0.0
c09093,0.0,0.0,0.0
c09094,0.0,0.0,0.0
c09095,0.0,0.0,0.0
c09096,0.0,0.0,0.0
c09097,0.0,0.0,0.0
c09098,0.0,0.0,0.0
c09099,0.0,0.0,0.0
c09100,0.0,0.0,0.0
c09101,0.0,0.0,0.0
c09102,0.0,0.0,0.0
c09103,0.0,0.0,0.0
c09104,0.0,0.0,0.0
c09105,0.0,0.0,0.0
c09106,0.0,0.0,0.0
c09107,0.0,0.0,0.0
c09108,0.0,0.0,0.0
c09109,0.0,0.0,0.0
c09110,0.0,0.0,0.0
c09111,0.0,0.0,0.0
c09112,0.0,0.0,0.0
c09113,0.0,0.0,0.0
c09114,0.0,0.0,0.0
c09115,0.0,0.0,0.0
c09116,6.922986600138613,0.0,0.0
c09117,0.0,0.0,0.0
c09118,0.0,0.0,0.0
c09119,0.0,0.0,0.0
c09120,9.834279899491449,0.0,1.0
c09121,13.323647614920258,0.0,0.0
c09122,3.4893677154288083,0.0,0.0
c09123,0.0,0.0,0.0
c09124,5.295305712572359,0.0,0.0
c09125,6.271324112472652,0.0,0.0
c09126,0.0,0.0,0.0
c09127,0.0,0.0,0.0
c09128,0.0,0.0,0.0
c09129,3.2932112160425033,0.0,0.0
c09130,4.942113039857356,0.0,0.0
c09131,0.0,0.0,0.0
c09132,0.0,0.0,0.0
c09133,0.0,0.0,0.0
c09134,0.0,0.0,0.0
c09135,0.0,0.0,0.0
c09136,2.9072153556500666,1.0,0.0
c09137,4.849046274276215,0.0,0.0
c09138,5.199236588310415,0.0,0.0
c09139,6.152816294414845,0.0,0.0
c09140,1.858594657273702,0.0,0.0
c09141,0.0,0.0,0.0
c09142,0.0,0.0,0.0
c09143,0.0,0.0,0.0
c09144,0.0,0.0,0.0
c09145,0.0,0.0,0.0
c09146,0.0,0.0,0.0
c09147,5.3034559700528225,0.0,0.0
c09148,11.240537316968277,0.0,0.0
c09149,9.147871613353876,0.0,0.0
c09150,7.191121394588221,0.0,0.0
c09151,0.0,0.0,0.0
c09152,0.0,0.0,0.0
c09153,0.0,0.0,0.0
c09154,2.807435995484233,0.0,0.0
c09155,2.6735217955667396,0.0,0.0
c09156,0.0,0.0,0.0
c09157,0.0,0.0,0.0
c09158,10.917605434269722,0.0,0.0
c09159,8.603411178357225,0.0,0.0
c09160,7.5091196486483565,0.0,0.0
c09161,5.330679863111285,0.0,0.0
c09162,10.108039909936759,0.0,0.0
c09163,3.634012117503233,0.0,0.0
c09164,0.0,0.0,0.0
c09165,0.0,0.0,0.0
c09166,0.0,0.0,0.0
c09167,0.0,0.0,0.0
c09168,0.0,0.0,0.0
c09169,0.0,0.0,0.0
c09170,3.4185906919260054,0.0,0.0
c09171,3.143081198881767,0.0,0.0
c09172,0.0,0.0,0.0
c09173,0.0,0.0,0.0
c09174,0.0,0.0,0.0
c09175,0.0,0.0,0.0
c09176,7.557013994375533,0.0,0.0
c09177,7.557013994375533,0.0,0.0
c09178,2.6684373221268594,0.0,0.0
c09179,4.6401891316621775,0.0,0.0
c09180,4.6401891316621775,0.0,0.0
c09181,0.0,0.0,0.0
c09182,0.0,0.0,1.0
c09183,0.0,0.0,0.0
c09184,0.0,0.0,0.0
c09185,7.4309092406563755,0.0,0.0
c09186,0.0,0.0,0.0
c09187,0.0,0.0,0.0
c09188,0.0,0.0,0.0
c09189,0.0,0.0,0.0
c09190,9.879903734038987,0.0,0.0
c09191,3.9012791022443163,0.0,0.0
c09192,2.2569548930952945,0.0,0.0
c09193,0.0,0.0,0.0
c09194,0.0,0.0,0.0
c09195,0.0,0.0,0.0
c09196,0.0,0.0,0.0
c09197,0.0,0.0,0.0
c09198,0.0,0.0,0.0
c09199,0.0,0.0,0.0
c09200,0.0,0.0,0.0
c09201,0.0,0.0,0.0
c09202,0.0,0.0,0.0
c09203,0.0,0.0,0.0
c09204,0.0,0.0,0.0
c09205,0.0,0.0,0.0
c09206,0.0,0.0,0.0
c09207,0.0,0.0,0.0
c09208,0.0,0.0,0.0
c09209,0.0,0.0,0.0
c09210,0.0,0.0,0.0
c09211,0.0,0.0,0.0
c09212,0.0,0.0,0.0
c09213,0.0,0.0,0.0
c09214,0.0,0.0,0.0
c09215,0.0,0.0,0.0
c09216,0.0,0.0,0.0
c09217,0.0,0.0,0.0
c09218,0.0,0.0,0.0
c09219,0.0,0.0,0.0
c09220,0.0,0.0,0.0
c09221,0.0,0.0,0.0
c09222,0.0,0.0,0.0
c09223,0.0,0.0,0.0
c09224,0.0,0.0,0.0
c09225,0.0,0.0,0.0
c09226,0.0,0.0,0.0
c09227,0.0,0.0,0.0
c09228,0.0,0.0,0.0
c09229,0.0,0.0,0.0
c09230,0.0,0.0,0.0
c09231,0.0,0.0,0.0
c09232,0.0,0.0,0.0
c09233,0.0,0.0,0.0
c09234,0.0,0.0,0.0
c09235,0.0,0.0,0.0
c09236,0.0,0.0,0.0
c09237,6.922986600138613,0.0,0.0
c09238,0.0,0.0,0.0
c09239,0.0,0.0,0.0
c09240,7.769973456188622,0.0,0.0
c09241,7.902325835089366,0.0,0.0
c09242,20.9065510256018,0.0,0.0
c09243,8.128322518742308,0.0,0.0
c09244,4.61876053103343,0.0,0.0
c09245,3.793626216080841,0.0,0.0
c09246,2.1861079060723223,0.0,0.0
c09247,0.0,0.0,0.0
c09248,0.0,0.0,0.0
c09249,2.146258681756563,0.0,0.0
c09250,1.5253622260171833,0.0,0.0
c09251,5.691721971512825,0.0,0.0
c09252,0.0,0.0,0.0
c09253,0.0,0.0,0.0
c09254,0.0,0.0,0.0
c09255,0.0,0.0,0.0
c09256,0.0,0.0,0.0
c09257,0.0,0.0,0.0
c09258,0.0,0.0,0.0
c09259,3.5464442464358266,0.0,0.0
c09260,2.637988110439625,0.0,0.0
c09261,0.0,0.0,0.0
c09262,0.0,0.0,0.0
c09263,0.0,0.0,0.0
c09264,0.0,0.0,0.0
c09265,0.0,0.0,0.0
c09266,0.0,0.0,0.0
c09267,0.0,0.0,0.0
c09268,0.0,0.0,0.0
c09269,13.539908764855793,0.0,0.0
c09270,7.807037790148706,0.0,0.0
c09271,7.191121394588221,0.0,0.0
c09272,7.191121394588221,0.0,0.0
c09273,0.0,0.0,0.0
c09274,0.0,0.0,0.0
c09275,6.853096636859013,0.0,0.0
c09276,6.731818472769211,0.0,0.0
c09277,0.0,0.0,0.0
c09278,0.0,0.0,0.0
c09279,3.4371969763663044,0.0,0.0
c09280,9.327544870734808,0.0,0.0
c09281,3.8392503027754303,0.0,0.0
c09282,5.152908631863831,0.0,0.0
c09283,9.02273212309759,1.0,0.0
c09284,2.817688394672969,2.0,0.0
c09285,0.0,0.0,0.0
c09286,0.0,0.0,0.0
c09287,3.122319875528599,0.0,0.0
c09288,6.372932476950613,0.0,0.0
c09289,3.250612601422014,0.0,0.0
c09290,12.443848552022788,0.0,0.0
c09291,15.124433260984505,0.0,0.0
c09292,16.28023073877775,0.0,0.0
c09293,11.276602532567136,0.0,0.0
c09294,0.0,0.0,0.0
c09295,0.0,0.0,0.0
c09296,0.0,0.0,0.0
c09297,0.0,0.0,0.0
c09298,7.557013994375533,0.0,0.0
c09299,10.225451316502392,0.0,0.0
c09300,0.0,0.0,0.0
c09301,4.6401891316621775,0.0,0.0
c09302,4.6401891316621775,0.0,0.0
c09303,4.6401891316621775,0.0,0.0
c09304,0.0,0.0,0.0
c09305,0.0,0.0,0.0
c09306,7.4309092406563755,0.0,0.0
c09307,0.0,0.0,0.0
c09308,0.0,0.0,0.0
c09309,0.0,0.0,0.0
c09310,0.0,0.0,0.0
c09311,6.963528348875972,0.0,0.0
c09312,4.0565393535760705,0.0,0.0
c09313,3.415348665676197,0.0,0.0
c09314,1.9074052875147287,0.0,0.0
c09315,0.3429955726247173,0.0,0.0
c09316,0.0,0.0,0.0
c09317,0.0,0.0,0.0
c09318,0.0,0.0,0.0
c09319,0.0,0.0,0.0
c09320,0.0,0.0,0.0
c09321,0.0,0.0,0.0
c09322,0.0,0.0,0.0
c09323,0.0,0.0,0.0
c09324,0.0,0.0,0.0
c09325,0.0,0.0,0.0
c09326,0.0,0.0,0.0
c09327,0.0,0.0,0.0
c09328,0.0,0.0,0.0
c09329,0.0,0.0,0.0
c09330,0.0,0.0,0.0
c09331,0.0,0.0,0.0
c09332,0.0,0.0,0.0
c09333,0.0,0.0,0.0
c09334,0.0,0.0,0.0
c09335,0.0,0.0,0.0
c09336,0.0,0.0,0.0
c09337,0.0,0.0,0.0
c09338,0.0,0.0,0.0
c09339,0.0,0.0,0.0
c09340,0.0,0.0,0.0
c09341,0.0,0.0,0.0
c09342,0.0,0.0,0.0
c09343,0.0,0.0,0.0
c09344,0.0,0.0,0.0
c09345,0.0,0.0,0.0
c09346,0.0,0.0,0.0
c09347,0.0,0.0,0.0
c09348,0.0,0.0,0.0
c09349,0.0,0.0,0.0
c09350,0.0,0.0,0.0
c09351,0.0,0.0,0.0
c09352,0.0,0.0,0.0
c09353,0.0,0.0,0.0
c09354,0.0,0.0,0.0
c09355,0.0,0.0,0.0
c09356,10.569027678725014,0.0,0.0
c09357,8.444411215880281,0.0,0.0
c09358,6.922986600138613,0.0,0.0
c09359,0.0,0.0,0.0
c09360,7.769973456188622,0.0,0.0
c09361,7.769973456188622,0.0,0.0
c09362,0.0,0.0,0.0
c09363,7.511021507107647,0.0,0.0
c09364,0.0,0.0,0.0
c09365,4.61876053103343,0.0,0.0
c09366,6.329383058059608,0.0,0.0
c09367,4.836600255678704,0.0,0.0
c09368,3.3096676364445825,0.0,0.0
c09369,0.6970134115787444,0.0,0.0
c09370,2.5447496047250913,0.0,0.0
c09371,0.0,0.0,0.0
c09372,6.0122397634421585,0.0,0.0
c09373,0.0,0.0,0.0
c09374,0.0,0.0,0.0
c09375,0.0,0.0,0.0
c09376,0.0,0.0,0.0
c09377,0.0,0.0,0.0
c09378,0.0,0.0,0.0
c09379,2.175434246255786,0.0,0.0
c09380,7.272705113103015,0.0,0.0
c09381,4.694178731902603,0.0,0.0
c09382,5.923722485073361,0.0,0.0
c09383,0.0,0.0,0.0
c09384,0.0,0.0,0.0
c09385,0.0,0.0,0.0
c09386,0.0,0.0,0.0
c09387,0.0,0.0,0.0
c09388,0.0,0.0,0.0
c09389,0.0,0.0,0.0
c09390,9.454690361508423,0.0,0.0
c09391,0.0,0.0,0.0
c09392,0.0,0.0,0.0
c09393,7.191121394588221,0.0,0.0
c09394,7.191121394588221,0.0,0.0
c09395,0.0,0.0,0.0
c09396,4.058296677202471,0.0,0.0
c09397,0.0,0.0,0.0
c09398,0.0,0.0,0.0
c09399,9.465938355746141,0.0,1.0
c09400,6.101081459377436,2.0,0.0
c09401,11.622202432024281,0.0,0.0
c09402,4.805354305687022,0.0,0.0
c09403,6.515269008622463,1.0,0.0
c09404,6.073480961774277,0.0,0.0
c09405,4.039064218427978,0.0,0.0
c09406,0.0,0.0,0.0
c09407,0.0,0.0,0.0
c09408,15.566168427551386,0.0,0.0
c09409,15.694461153444802,0.0,0.0
c09410,15.694461153444802,0.0,1.0
c09411,12.443848552022788,0.0,0.0
c09412,3.828827869975047,0.0,0.0
c09413,0.0,0.0,0.0
c09414,11.276602532567136,0.0,0.0
c09415,0.0,0.0,0.0
c09416,0.0,0.0,0.0
c09417,0.0,0.0,0.0
c09418,0.0,0.0,0.0
c09419,0.0,0.0,0.0
c09420,7.557013994375533,1.0,0.0
c09421,7.557013994375533,0.0,0.0
c09422,0.0,0.0,0.0
c09423,10.951176720661632,0.0,0.0
c09424,10.402604677564366,0.0,0.0
c09425,0.0,0.0,0.0
c09426,0.0,0.0,0.0
c09427,7.4309092406563755,0.0,0.0
c09428,0.0,0.0,0.0
c09429,0.0,0.0,0.0
c09430,0.0,0.0,0.0
c09431,0.0,0.0,0.0
c09432,8.747930284491998,0.0,0.0
c09433,1.0036034319460727,0.0,0.0
c09434,0.0,0.0,0.0
c09435,0.0,0.0,0.0
c09436,0.0,0.0,0.0
c09437,0.0,0.0,0.0
c09438,0.0,0.0,0.0
c09439,0.0,0.0,0.0
c09440,0.0,0.0,0.0
c09441,0.0,0.0,0.0
c09442,0.0,0.0,0.0
c09443,0.0,0.0,0.0
c09444,0.0,0.0,0.0
c09445,0.0,0.0,0.0
c09446,0.0,0.0,0.0
c09447,0.0,0.0,0.0
c09448,0.0,0.0,0.0
c09449,0.0,0.0,0.0
c09450,0.0,0.0,0.0
c09451,0.0,0.0,0.0
c09452,0.0,0.0,0.0
c09453,0.0,0.0,0.0
c09454,0.0,0.0,0.0
c09455,0.0,0.0,0.0
c09456,0.0,0.0,0.0
c09457,0.0,0.0,0.0
c09458,0.0,0.0,0.0
c09459,0.0,0.0,0.0
c09460,0.0,0.0,0.0
c09461,0.0,0.0,0.0
c09462,0.0,0.0,0.0
c09463,0.0,0.0,0.0
c09464,0.0,0.0,0.0
c09465,0.0,0.0,0.0
c09466,0.0,0.0,0.0
c09467,0.0,0.0,0.0
c09468,0.0,0.0,0.0
c09469,0.0,0.0,0.0
c09470,0.0,0.0,0.0
c09471,0.0,0.0,0.0
c09472,0.0,0.0,0.0
c09473,0.0,0.0,0.0
c09474,0.0,0.0,0.0
c09475,0.0,0.0,0.0
c09476,12.638971075225108,0.0,0.0
c09477,10.569027678725014,0.0,0.0
c09478,12.754967257414336,0.0,0.0
c09479,14.43213598347499,0.0,0.0
c09480,0.0,0.0,0.0
c09481,7.769973456188622,0.0,0.0
c09482,0.0,0.0,0.0
c09483,0.0,0.0,0.0
c09484,7.511021507107647,0.0,0.0
c09485,7.511021507107647,0.0,0.0
c09486,4.61876053103343,0.0,0.0
c09487,12.32212668092204,0.0,0.0
c09488,0.0,0.0,0.0
c09489,3.3096676364445825,0.0,0.0
c09490,4.490217683107185,0.0,0.0
c09491,3.0165252674483973,0.0,0.0
c09492,0.0,0.0,0.0
c09493,6.0122397634421585,0.0,0.0
c09494,2.125584939057644,0.0,0.0
c09495,2.457520877557036,0.0,0.0
c09496,0.0,0.0,0.0
c09497,0.0,0.0,0.0
c09498,0.47010887461127115,0.0,0.0
c09499,2.2381704935291142,0.0,0.0
c09500,2.5875408644098643,0.0,0.0
c09501,0.0,0.0,0.0
c09502,2.120938537807878,0.0,0.0
c09503,5.923722485073361,0.0,0.0
c09504,5.232566489565656,0.0,0.0
c09505,0.0,0.0,0.0
c09506,0.0,0.0,0.0
c09507,0.0,0.0,0.0
c09508,0.0,0.0,0.0
c09509,0.0,0.0,0.0
c09510,3.4046401547422347,0.0,0.0
c09511,3.4046401547422347,0.0,0.0
c09512,0.0,0.0,0.0
c09513,0.0,0.0,0.0
c09514,0.0,0.0,0.0
c09515,7.191121394588221,0.0,0.0
c09516,7.191121394588221,0.0,0.0
c09517,4.058296677202471,0.0,0.0
c09518,0.0,0.0,0.0
c09519,0.0,0.0,0.0
c09520,3.29296820183129,0.0,0.0
c09521,1.6023597255239885,0.0,0.0
c09522,11.70220229020753,2.0,1.0
c09523,18.67013229255189,0.0,0.0
c09524,15.405678725752628,3.0,0.0
c09525,13.166244083412563,0.0,0.0
c09526,10.479126086736017,0.0,0.0
c09527,6.9126415559668,0.0,0.0
c09528,19.350613979135293,0.0,0.0
c09529,15.566168427551386,0.0,0.0
c09530,0.0,0.0,0.0
c09531,0.0,0.0,0.0
c09532,0.0,0.0,0.0
c09533,1.6189679604468903,0.0,0.0
c09534,4.252427507517281,0.0,0.0
c09535,11.276602532567136,0.0,0.0
c09536,11.283693820064501,0.0,0.0
c09537,0.0,0.0,0.0
c09538,0.0,0.0,0.0
c09539,0.0,0.0,0.0
c09540,0.0,0.0,0.0
c09541,0.0,0.0,0.0
c09542,7.636685409404664,0.0,1.0
c09543,3.4088074331005034,0.0,0.0
c09544,5.13025316035877,0.0,0.0
c09545,8.397025771781086,0.0,0.0
c09546,7.996740659568378,0.0,0.0
c09547,0.0,0.0,0.0
c09548,7.4309092406563755,0.0,0.0
c09549,0.0,0.0,0.0
c09550,0.0,0.0,0.0
c09551,0.0,0.0,0.0
c09552,6.275042680283347,0.0,0.0
c09553,6.288642373964612,0.0,0.0
c09554,0.0,0.0,2.0
c09555,0.0,0.0,0.0
c09556,0.0,0.0,0.0
c09557,0.0,0.0,0.0
c09558,0.0,0.0,0.0
c09559,0.0,0.0,0.0
c09560,0.0,0.0,0.0
c09561,0.0,0.0,0.0
c09562,0.0,0.0,0.0
c09563,0.0,0.0,0.0
c09564,0.0,0.0,0.0
c09565,0.0,0.0,0.0
c09566,0.0,0.0,0.0
c09567,0.0,0.0,0.0
c09568,0.0,0.0,0.0
c09569,0.0,0.0,0.0
c09570,0.0,0.0,0.0
c09571,0.0,0.0,0.0
c09572,0.0,0.0,0.0
c09573,0.0,0.0,0.0
c09574,0.0,0.0,0.0
c09575,0.0,0.0,0.0
c09576,0.0,0.0,0.0
c09577,0.0,0.0,0.0
c09578,0.0,0.0,0.0
c09579,0.0,0.0,0.0
c09580,0.0,0.0,0.0
c09581,0.0,0.0,0.0
c09582,0.0,0.0,0.0
c09583,0.0,0.0,0.0
c09584,0.0,0.0,0.0
c09585,0.0,0.0,0.0
c09586,0.0,0.0,0.0
c09587,0.0,0.0,0.0
c09588,0.0,0.0,0.0
c09589,0.0,0.0,0.0
c09590,0.0,0.0,0.0
c09591,0.0,0.0,0.0
c09592,0.0,0.0,0.0
c09593,0.0,0.0,0.0
c09594,0.0,0.0,0.0
c09595,0.0,0.0,0.0
c09596,0.0,0.0,0.0
c09597,4.06165275088036,0.0,0.0
c09598,0.0,0.0,0.0
c09599,3.3768562761879335,0.0,0.0
c09600,14.43213598347499,0.0,0.0
c09601,7.769973456188622,0.0,0.0
c09602,7.769973456188622,0.0,0.0
c09603,0.0,0.0,0.0
c09604,0.0,0.0,0.0
c09605,0.0,0.0,0.0
c09606,7.511021507107647,0.0,0.0
c09607,12.129782038141077,0.0,0.0
c09608,16.0737044566731,0.0,0.0
c09609,0.0,0.0,0.0
c09610,0.0,0.0,0.0
c09611,0.0,0.0,0.0
c09612,0.0,0.0,0.0
c09613,0.0,0.0,0.0
c09614,4.511805273779783,0.0,0.0
c09615,0.0,0.0,0.0
c09616,1.841132655335488,0.0,0.0
c09617,3.211749993667559,0.0,0.0
c09618,5.679043870708671,0.0,0.0
c09619,4.801517430499411,0.0,0.0
c09620,2.751337437509961,0.0,0.0
c09621,2.7733745919067543,0.0,0.0
c09622,0.9558013812534828,0.0,0.0
c09623,2.2046690404684472,0.0,0.0
c09624,1.984354570149415,0.0,0.0
c09625,6.18561046870782,0.0,0.0
c09626,12.194360751327638,0.0,0.0
c09627,6.129653144276984,0.0,0.0
c09628,0.0,0.0,0.0
c09629,0.0,0.0,0.0
c09630,0.0,0.0,0.0
c09631,3.4046401547422347,0.0,0.0
c09632,0.0,0.0,0.0
c09633,0.0,0.0,0.0
c09634,0.0,0.0,0.0
c09635,0.0,0.0,0.0
c09636,0.0,0.0,0.0
c09637,8.008957192829861,0.0,0.0
c09638,7.50674993320775,0.0,0.0
c09639,2.6338079861619437,0.0,0.0
c09640,0.0,0.0,0.0
c09641,2.3201607470531336,0.0,0.0
c09642,2.723011872342335,0.0,0.0
c09643,1.689214179435428,0.0,0.0
c09644,4.380876747009848,0.0,1.0
c09645,13.700511088519553,2.0,0.0
c09646,17.59779217607754,3.0,0.0
c09647,13.984895216388727,0.0,0.0
c09648,0.0,0.0,0.0
c09649,0.0,0.0,0.0
c09650,0.0,0.0,0.0
c09651,2.9279766227328006,0.0,0.0
c09652,0.0,0.0,0.0
c09653,0.0,0.0,0.0
c09654,0.0,0.0,0.0
c09655,5.225312195988332,1.0,0.0
c09656,0.0,0.0,0.0
c09657,11.276602532567136,0.0,0.0
c09658,13.1438741352858,0.0,0.0
c09659,0.0,0.0,0.0
c09660,0.0,0.0,0.0
c09661,0.0,0.0,0.0
c09662,0.0,0.0,0.0
c09663,9.60769920500242,0.0,0.0
c09664,11.629736162371255,0.0,0.0
c09665,3.7434826846271005,0.0,0.0
c09666,0.0,0.0,0.0
c09667,7.996740659568378,0.0,0.0
c09668,4.282658520569275,0.0,0.0
c09669,7.4309092406563755,0.0,0.0
c09670,0.0,0.0,0.0
c09671,0.0,0.0,0.0
c09672,0.0,0.0,0.0
c09673,11.111385294657692,0.0,0.0
c09674,0.0,0.0,0.0
c09675,0.0,0.0,0.0
c09676,0.0,0.0,0.0
c09677,0.0,0.0,0.0
c09678,0.0,0.0,0.0
c09679,0.0,0.0,0.0
c09680,0.0,0.0,0.0
c09681,0.0,0.0,0.0
c09682,0.0,0.0,0.0
c09683,0.0,0.0,0.0
c09684,0.0,0.0,0.0
c09685,0.0,0.0,0.0
c09686,0.0,0.0,0.0
c09687,0.0,0.0,0.0
c09688,0.0,0.0,0.0
c09689,0.0,0.0,0.0
c09690,0.0,0.0,0.0
c09691,0.0,0.0,0.0
c09692,0.0,0.0,0.0
c09693,0.0,0.0,0.0
c09694,0.0,0.0,0.0
c09695,0.0,0.0,0.0
c09696,0.0,0.0,0.0
c09697,0.0,0.0,0.0
c09698,0.0,0.0,0.0
c09699,0.0,0.0,0.0
c09700,0.0,0.0,0.0
c09701,0.0,0.0,0.0
c09702,0.0,0.0,0.0
c09703,0.0,0.0,0.0
c09704,0.0,0.0,0.0
c09705,0.0,0.0,0.0
c09706,0.0,0.0,0.0
c09707,0.0,0.0,0.0
c09708,0.0,0.0,0.0
c09709,0.0,0.0,0.0
c09710,0.0,0.0,0.0
c09711,0.0,0.0,0.0
c09712,0.0,0.0,0.0
c09713,0.0,0.0,0.0
c09714,0.0,0.0,0.0
c09715,0.0,0.0,0.0
c09716,0.0,0.0,0.0
c09717,0.0,0.0,0.0
c09718,4.899424953693504,0.0,0.0
c09719,6.284409309689104,0.0,0.0
c09720,4.023960269287939,1.0,0.0
c09721,27.225305129812067,0.0,0.0
c09722,7.769973456188622,0.0,0.0
c09723,0.0,0.0,0.0
c09724,0.0,0.0,0.0
c09725,0.0,0.0,0.0
c09726,0.0,0.0,0.0
c09727,0.0,0.0,0.0
c09728,4.8974695977802325,0.0,0.0
c09729,18.03422472310298,1.0,0.0
c09730,1.7586921066069472,0.0,0.0
c09731,0.0,0.0,0.0
c09732,0.0,0.0,0.0
c09733,0.0,0.0,0.0
c09734,1.8461123276328097,0.0,0.0
c09735,5.188732699179,0.0,0.0
c09736,0.0,0.0,0.0
c09737,0.0,0.0,0.0
c09738,4.314592991254366,0.0,0.0
c09739,4.314592991254366,0.0,0.0
c09740,0.0,0.0,0.0
c09741,1.6428374362899305,0.0,0.0
c09742,0.0,0.0,0.0
c09743,3.726961721956621,0.0,0.0
c09744,2.7638852814242707,0.0,0.0
c09745,4.538878253681649,0.0,0.0
c09746,0.0,0.0,0.0
c09747,1.8937699250581883,0.0,0.0
c09748,6.129653144276984,0.0,0.0
c09749,4.902341654333077,0.0,0.0
c09750,4.902341654333077,0.0,0.0
c09751,0.0,0.0,0.0
c09752,4.742980640578264,0.0,0.0
c09753,0.0,0.0,0.0
c09754,0.0,0.0,0.0
c09755,0.0,0.0,0.0
c09756,0.0,0.0,0.0
c09757,0.0,0.0,0.0
c09758,0.0,0.0,0.0
c09759,0.0,0.0,0.0
c09760,2.6338079861619437,0.0,0.0
c09761,4.782812504695669,0.0,0.0
c09762,2.128726282179893,0.0,0.0
c09763,3.9737382882839674,0.0,0.0
c09764,3.9737382882839674,2.0,0.0
c09765,5.783622656662401,0.0,0.0
c09766,4.431420148374954,0.0,0.0
c09767,9.939951231126148,2.0,0.0
c09768,21.444266682224583,1.0,0.0
c09769,9.36966618416259,0.0,0.0
c09770,4.536898892242903,0.0,0.0
c09771,4.024441737618027,0.0,0.0
c09772,8.598687853091334,1.0,0.0
c09773,10.565342924410649,1.0,0.0
c09774,6.479478297053524,0.0,0.0
c09775,5.833566510143901,0.0,0.0
c09776,4.345135813679242,0.0,0.0
c09777,0.0,0.0,0.0
c09778,0.0,0.0,0.0
c09779,8.886503219625512,0.0,0.0
c09780,8.886503219625512,0.0,0.0
c09781,0.0,0.0,0.0
c09782,0.0,0.0,0.0
c09783,0.0,0.0,0.0
c09784,0.0,0.0,0.0
c09785,4.854259408251698,0.0,0.0
c09786,0.0,0.0,0.0
c09787,0.0,0.0,0.0
c09788,3.714082138999102,0.0,0.0
c09789,4.282658520569275,0.0,0.0
c09790,9.968172327294917,0.0,0.0
c09791,2.2356228407796235,0.0,0.0
c09792,0.0,0.0,0.0
c09793,7.194444441023233,0.0,0.0
c09794,6.380650506915573,0.0,0.0
c09795,0.0,0.0,0.0
c09796,0.0,0.0,0.0
c09797,0.0,0.0,0.0
c09798,0.0,0.0,0.0
c09799,0.0,0.0,0.0
c09800,0.0,0.0,0.0
c09801,0.0,0.0,0.0
c09802,0.0,0.0,0.0
c09803,0.0,0.0,0.0
c09804,0.0,0.0,0.0
c09805,0.0,0.0,0.0
c09806,0.0,0.0,0.0
c09807,0.0,0.0,0.0
c09808,0.0,0.0,0.0
c09809,0.0,0.0,0.0
c09810,0.0,0.0,0.0
c09811,0.0,0.0,0.0
c09812,0.0,0.0,0.0
c09813,0.0,0.0,0.0
c09814,0.0,0.0,0.0
c09815,0.0,0.0,0.0
c09816,0.0,0.0,0.0
c09817,0.0,0.0,0.0
c09818,0.0,0.0,0.0
c09819,0.0,0.0,0.0
c09820,0.0,0.0,0.0
c09821,0.0,0.0,0.0
c09822,0.0,0.0,0.0
c09823,0.0,0.0,0.0
c09824,0.0,0.0,0.0
c09825,0.0,0.0,0.0
c09826,0.0,0.0,0.0
c09827,0.0,0.0,0.0
c09828,0.0,0.0,0.0
c09829,0.0,0.0,0.0
c09830,0.0,0.0,0.0
c09831,0.0,0.0,0.0
c09832,0.0,0.0,0.0
c09833,0.0,0.0,0.0
c09834,0.0,0.0,0.0
c09835,0.0,0.0,0.0
c09836,0.0,0.0,0.0
c09837,0.0,0.0,0.0
c09838,0.0,0.0,0.0
c09839,0.0,0.0,0.0
c09840,6.690161247576114,0.0,0.0
c09841,6.947589819611724,0.0,0.0
c09842,9.987926939065579,0.0,0.0
c09843,7.253721406557752,0.0,0.0
c09844,0.0,0.0,0.0
c09845,0.0,0.0,0.0
c09846,0.0,0.0,0.0
c09847,0.0,0.0,0.0
c09848,7.667030178081377,0.0,0.0
c09849,5.359252499808094,0.0,0.0
c09850,2.5821597203280735,0.0,0.0
c09851,5.982482058822436,0.0,0.0
c09852,5.663041222019066,0.0,0.0
c09853,5.7886853868978925,0.0,0.0
c09854,2.907431086948785,0.0,0.0
c09855,2.972217800098339,0.0,0.0
c09856,2.2810777648842624,0.0,0.0
c09857,0.0,0.0,0.0
c09858,0.7846537153191268,0.0,0.0
c09859,5.097617122490982,0.0,0.0
c09860,0.0,0.0,0.0
c09861,4.625185755650973,0.0,0.0
c09862,9.557148227422907,0.0,0.0
c09863,3.219189328621345,0.0,0.0
c09864,0.0,0.0,0.0
c09865,0.0,0.0,0.0
c09866,4.7205665443278955,0.0,0.0
c09867,1.0544989789552406,0.0,0.0
c09868,6.270569063576687,0.0,0.0
c09869,2.67896272084621,0.0,0.0
c09870,0.0,0.0,0.0
c09871,4.902341654333077,0.0,0.0
c09872,7.1958724186229635,0.0,0.0
c09873,1.0815456299210122,0.0,0.0
c09874,0.0,0.0,0.0
c09875,0.0,0.0,0.0
c09876,0.0,0.0,0.0
c09877,0.0,0.0,0.0
c09878,0.0,0.0,0.0
c09879,0.0,0.0,0.0
c09880,0.0,0.0,0.0
c09881,0.0,0.0,0.0
c09882,0.0,0.0,0.0
c09883,2.128726282179893,0.0,0.0
c09884,15.059484632818387,2.0,0.0
c09885,3.9737382882839674,0.0,0.0
c09886,5.594053598022576,0.0,0.0
c09887,6.855798336408669,0.0,0.0
c09888,6.171612355208437,0.0,0.0
c09889,13.177927111209522,1.0,0.0
c09890,18.728718820015494,4.0,0.0
c09891,2.9266385254314926,0.0,0.0
c09892,4.672933698277693,2.0,0.0
c09893,6.420737615278775,6.0,0.0
c09894,2.896813588944939,2.0,0.0
c09895,3.297783225548815,1.0,0.0
c09896,2.3680311916818995,1.0,1.0
c09897,0.0,0.0,0.0
c09898,0.0,0.0,0.0
c09899,0.0,0.0,0.0
c09900,0.0,0.0,0.0
c09901,11.393323774720038,0.0,0.0
c09902,0.0,0.0,0.0
c09903,0.023492043954365577,0.0,0.0
c09904,0.0,0.0,0.0
c09905,0.0,0.0,0.0
c09906,4.854259408251698,0.0,0.0
c09907,0.0,0.0,0.0
c09908,4.580659573262456,0.0,0.0
c09909,21.488982381820207,1.0,1.0
c09910,6.8624507639739045,0.0,0.0
c09911,0.0,0.0,0.0
c09912,2.2356228407796235,0.0,0.0
c09913,3.938196367371274,0.0,0.0
c09914,6.418197777552644,0.0,0.0
c09915,0.0,0.0,0.0
c09916,0.0,0.0,0.0
c09917,0.0,0.0,0.0
c09918,0.0,0.0,0.0
c09919,0.0,0.0,0.0
c09920,0.0,0.0,0.0
c09921,0.0,0.0,0.0
c09922,0.0,0.0,0.0
c09923,0.0,0.0,0.0
c09924,0.0,0.0,0.0
c09925,0.0,0.0,0.0
c09926,0.0,0.0,0.0
c09927,0.0,0.0,0.0
c09928,0.0,0.0,0.0
c09929,0.0,0.0,0.0
c09930,0.0,0.0,0.0
c09931,0.0,0.0,0.0
c09932,0.0,0.0,0.0
c09933,0.0,0.0,0.0
c09934,0.0,0.0,0.0
c09935,0.0,0.0,0.0
c09936,0.0,0.0,0.0
c09937,0.0,0.0,0.0
c09938,0.0,0.0,0.0
c09939,0.0,0.0,0.0
c09940,0.0,0.0,0.0
c09941,0.0,0.0,0.0
c09942,0.0,0.0,0.0
c09943,0.0,0.0,0.0
c09944,0.0,0.0,0.0
c09945,0.0,0.0,0.0
c09946,0.0,0.0,0.0
c09947,0.0,0.0,0.0
c09948,0.0,0.0,0.0
c09949,0.0,0.0,0.0
c09950,0.0,0.0,0.0
c09951,0.0,0.0,0.0
c09952,0.0,0.0,0.0
c09953,0.0,0.0,0.0
c09954,0.0,0.0,0.0
c09955,0.0,0.0,0.0
c09956,0.0,0.0,0.0
c09957,0.0,0.0,0.0
c09958,0.0,0.0,0.0
c09959,0.0,0.0,0.0
c09960,0.0,0.0,0.0
c09961,3.250691977256971,0.0,0.0
c09962,6.420976589967138,1.0,0.0
c09963,7.236841275240392,4.0,0.0
c09964,4.985096134736821,1.0,0.0
c09965,3.7284632697172873,0.0,0.0
c09966,0.0,0.0,0.0
c09967,0.0,0.0,0.0
c09968,7.137265657036593,0.0,0.0
c09969,2.2368354014094347,0.0,0.0
c09970,0.0,0.0,0.0
c09971,0.0,0.0,0.0
c09972,0.0,0.0,0.0
c09973,0.0,0.0,0.0
c09974,0.0,0.0,0.0
c09975,5.122112032732554,0.0,0.0
c09976,8.287166114189084,0.0,0.0
c09977,6.301140091690081,0.0,0.0
c09978,7.3886577239292235,0.0,0.0
c09979,4.535398366483792,0.0,0.0
c09980,6.690015298749313,0.0,0.0
c09981,13.91790385342283,0.0,0.0
c09982,4.625185755650973,0.0,0.0
c09983,0.0,0.0,0.0
c09984,16.103179936917428,0.0,0.0
c09985,12.857281111472501,0.0,0.0
c09986,12.857281111472501,0.0,0.0
c09987,13.855345049918288,0.0,0.0
c09988,15.548642103414274,0.0,0.0
c09989,4.309215001279337,0.0,0.0
c09990,0.0,0.0,0.0
c09991,0.0,0.0,0.0
c09992,0.0,0.0,0.0
c09993,1.9548936406234987,0.0,0.0
c09994,0.0,0.0,0.0
c09995,0.0,0.0,0.0
c09996,0.0,0.0,0.0
c09997,0.0,0.0,0.0
c09998,0.0,0.0,0.0
c09999,0.0,0.0,0.0
c10000,0.0,0.0,0.0
c10001,0.0,0.0,0.0
c10002,0.0,0.0,0.0
c10003,0.0,0.0,0.0
c10004,0.0,0.0,0.0
c10005,8.828199642622184,0.0,0.0
c10006,9.398123723774825,0.0,0.0
c10007,13.73744560676429,0.0,0.0
c10008,9.721391952022046,1.0,0.0
c10009,8.066040896477663,1.0,0.0
c10010,6.353825945225487,0.0,0.0
c10011,15.853812945256985,3.0,0.0
c10012,8.589537303411186,1.0,0.0
c10013,13.487413521758365,3.0,0.0
c10014,10.200158026154389,1.0,0.0
c10015,6.271372400621329,2.0,0.0
c10016,5.407243911069461,2.0,0.0
c10017,10.12625494424438,2.0,0.0
c10018,3.318841792412978,1.0,0.0
c10019,5.862064786009116,0.0,0.0
c10020,5.862064786009116,0.0,0.0
c10021,12.124121688790687,0.0,0.0
c10022,6.659103193649332,0.0,0.0
c10023,13.55236983483456,0.0,0.0
c10024,0.0,0.0,0.0
c10025,0.0,0.0,0.0
c10026,4.854259408251698,0.0,0.0
c10027,4.854259408251698,0.0,0.0
c10028,0.0,0.0,0.0
c10029,13.47674580823269,1.0,0.0
c10030,16.749196361266023,0.0,0.0
c10031,2.579792243404629,0.0,0.0
c10032,8.485756839566717,0.0,0.0
c10033,11.879833726656267,0.0,0.0
c10034,5.980724555491279,0.0,0.0
c10035,0.0,0.0,0.0
c10036,0.0,0.0,0.0
c10037,0.0,0.0,0.0
c10038,0.0,0.0,0.0
c10039,0.0,0.0,0.0
c10040,0.0,0.0,0.0
c10041,0.0,0.0,0.0
c10042,0.0,0.0,0.0
c10043,0.0,0.0,0.0
c10044,0.0,0.0,0.0
c10045,0.0,0.0,0.0
c10046,0.0,0.0,0.0
c10047,0.0,0.0,0.0
c10048,0.0,0.0,0.0
c10049,0.0,0.0,0.0
c10050,0.0,0.0,0.0
c10051,0.0,0.0,0.0
c10052,0.0,0.0,0.0
c10053,0.0,0.0,0.0
c10054,0.0,0.0,0.0
c10055,0.0,0.0,0.0
c10056,0.0,0.0,0.0
c10057,0.0,0.0,0.0
c10058,0.0,0.0,0.0
c10059,0.0,0.0,0.0
c10060,0.0,0.0,0.0
c10061,0.0,0.0,0.0
c10062,0.0,0.0,0.0
c10063,0.0,0.0,0.0
c10064,0.0,0.0,0.0
c10065,0.0,0.0,0.0
c10066,0.0,0.0,0.0
c10067,0.0,0.0,0.0
c10068,0.0,0.0,0.0
c10069,0.0,0.0,0.0
c10070,0.0,0.0,0.0
c10071,0.0,0.0,0.0
c10072,0.0,0.0,0.0
c10073,0.0,0.0,0.0
c10074,0.0,0.0,0.0
c10075,0.0,0.0,0.0
c10076,0.0,0.0,0.0
c10077,0.0,0.0,0.0
c10078,0.0,0.0,0.0
c10079,0.0,0.0,0.0
c10080,0.0,0.0,0.0
c10081,0.0,0.0,0.0
c10082,1.0477823266848416,0.0,0.0
c10083,10.399256530088103,3.0,0.0
c10084,10.202340521314143,3.0,0.0
c10085,3.636215857372665,0.0,0.0
c10086,5.388488144117992,0.0,0.0
c10087,8.50114683217907,0.0,0.0
c10088,10.038741050319222,0.0,0.0
c10089,5.936843304625608,0.0,0.0
c10090,0.0,0.0,0.0
c10091,0.0,0.0,0.0
c10092,0.0,0.0,0.0
c10093,0.0,0.0,0.0
c10094,0.0,0.0,0.0
c10095,0.0,0.0,0.0
c10096,0.0,0.0,0.0
c10097,0.0,0.0,0.0
c10098,0.0,0.0,0.0
c10099,0.0,0.0,0.0
c10100,2.3565105919663947,0.0,0.0
c10101,0.0,0.0,0.0
c10102,6.2415207688992,0.0,0.0
c10103,6.2415207688992,0.0,0.0
c10104,0.0,0.0,0.0
c10105,0.0,0.0,0.0
c10106,0.0,0.0,0.0
c10107,0.0,0.0,1.0
c10108,0.0,0.0,0.0
c10109,14.191400128280007,0.0,0.0
c10110,17.995201256718705,0.0,0.0
c10111,15.296815651150963,0.0,0.0
c10112,14.272470006852979,0.0,0.0
c10113,4.335541445766283,1.0,0.0
c10114,2.6589306111735147,1.0,0.0
c10115,2.822888014937782,0.0,0.0
c10116,14.031887134114697,0.0,0.0
c10117,13.136479134516378,0.0,0.0
c10118,0.0,0.0,0.0
c10119,0.0,0.0,0.0
c10120,0.0,0.0,0.0
c10121,0.0,0.0,0.0
c10122,3.0698112627187037,0.0,0.0
c10123,0.0,0.0,0.0
c10124,0.0,0.0,0.0
c10125,1.4083269801678053,0.0,0.0
c10126,4.292606007823866,1.0,0.0
c10127,3.9683798262536163,1.0,0.0
c10128,9.8229298333628,3.0,0.0
c10129,9.759709694754644,3.0,0.0
c10130,7.2959302847449035,2.0,0.0
c10131,5.411364752012282,0.0,0.0
c10132,12.17153984703849,3.0,0.0
c10133,5.381477898085969,2.0,0.0
c10134,9.149423023325225,0.0,0.0
c10135,5.825338754929241,2.0,1.0
c10136,1.4451430255928277,0.0,0.0
c10137,2.0184617223972645,0.0,0.0
c10138,3.1522786700575094,2.0,0.0
c10139,4.01691010899652,0.0,0.0
c10140,6.11615292742808,0.0,0.0
c10141,0.0,0.0,0.0
c10142,1.9160959729309774,0.0,0.0
c10143,4.056845190229553,0.0,0.0
c10144,5.337083114958789,0.0,0.0
c10145,5.337083114958789,0.0,0.0
c10146,12.62013395218213,0.0,0.0
c10147,4.854259408251698,0.0,0.0
c10148,0.0,0.0,0.0
c10149,0.0,0.0,0.0
c10150,11.46050092696908,2.0,0.0
c10151,14.11567304612507,1.0,0.0
c10152,12.306036050300289,1.0,0.0
c10153,5.8243267027304135,0.0,0.0
c10154,5.8243267027304135,0.0,0.0
c10155,4.6821893806007475,0.0,0.0
c10156,0.0,0.0,0.0
c10157,0.0,0.0,0.0
c10158,0.0,0.0,0.0
c10159,0.0,0.0,0.0
c10160,0.0,0.0,0.0
c10161,0.0,0.0,0.0
c10162,0.0,0.0,0.0
c10163,0.0,0.0,0.0
c10164,0.0,0.0,0.0
c10165,0.0,0.0,0.0
c10166,0.0,0.0,0.0
c10167,0.0,0.0,0.0
c10168,0.0,0.0,0.0
c10169,0.0,0.0,0.0
c10170,0.0,0.0,0.0
c10171,0.0,0.0,0.0
c10172,0.0,0.0,0.0
c10173,0.0,0.0,0.0
c10174,0.0,0.0,0.0
c10175,0.0,0.0,0.0
c10176,0.0,0.0,0.0
c10177,0.0,0.0,0.0
c10178,0.0,0.0,0.0
c10179,0.0,0.0,0.0
c10180,0.0,0.0,0.0
c10181,0.0,0.0,0.0
c10182,0.0,0.0,0.0
c10183,0.0,0.0,0.0
c10184,0.0,0.0,0.0
c10185,0.0,0.0,0.0
c10186,0.0,0.0,0.0
c10187,0.0,0.0,0.0
c10188,0.0,0.0,0.0
c10189,0.0,0.0,0.0
c10190,0.0,0.0,0.0
c10191,0.0,0.0,0.0
c10192,0.0,0.0,0.0
c10193,0.0,0.0,0.0
c10194,0.0,0.0,0.0
c10195,0.0,0.0,0.0
c10196,0.0,0.0,0.0
c10197,0.0,0.0,0.0
c10198,0.0,0.0,0.0
c10199,0.0,0.0,0.0
c10200,0.0,0.0,0.0
c10201,0.0,0.0,0.0
c10202,0.0,0.0,0.0
c10203,0.0,0.0,0.0
c10204,7.527441697120336,0.0,0.0
c10205,8.432111814134473,2.0,0.0
c10206,1.8787409112568623,0.0,0.0
c10207,0.0,0.0,0.0
c10208,0.0,0.0,0.0
c10209,1.5235800859643753,0.0,0.0
c10210,2.2464529335276024,0.0,0.0
c10211,0.0,0.0,0.0
c10212,0.0,0.0,0.0
c10213,0.0,0.0,0.0
c10214,0.0,0.0,0.0
c10215,8.258993218082775,0.0,0.0
c10216,0.0,0.0,0.0
c10217,0.0,0.0,0.0
c10218,0.0,0.0,0.0
c10219,0.0,0.0,0.0
c10220,0.0,0.0,0.0
c10221,2.1848442135772763,0.0,0.0
c10222,0.0,0.0,0.0
c10223,0.0,0.0,0.0
c10224,6.2415207688992,0.0,0.0
c10225,0.0,0.0,0.0
c10226,0.0,0.0,0.0
c10227,0.0,0.0,0.0
c10228,0.0,0.0,0.0
c10229,0.0,0.0,0.0
c10230,2.4755773499967595,0.0,0.0
c10231,2.4891760001874803,0.0,0.0
c10232,3.308413519437556,0.0,0.0
c10233,19.527571756896716,0.0,0.0
c10234,5.89570221809937,0.0,0.0
c10235,8.97113780804116,0.0,0.0
c10236,9.780574922735582,0.0,0.0
c10237,1.740480048040922,0.0,0.0
c10238,14.673351022364049,0.0,0.0
c10239,13.045210238468552,0.0,0.0
c10240,13.045210238468552,0.0,0.0
c10241,0.0,0.0,0.0
c10242,3.0698112627187037,0.0,0.0
c10243,3.0698112627187037,0.0,0.0
c10244,3.459005351214372,0.0,0.0
c10245,5.174056636789039,0.0,0.0
c10246,6.502716684206021,0.0,0.0
c10247,10.172807847624776,4.0,0.0
c10248,8.83214348762847,1.0,0.0
c10249,16.324106595396916,2.0,0.0
c10250,11.558945435960036,2.0,0.0
c10251,9.756522028411952,4.0,0.0
c10252,5.4148858748078155,5.0,0.0
c10253,11.37114686395716,3.0,1.0
c10254,5.638045463621193,0.0,1.0
c10255,9.991711648033597,0.0,0.0
c10256,6.508317455752031,0.0,0.0
c10257,2.8732379673164443,0.0,0.0
c10258,5.996164828952727,0.0,0.0
c10259,2.354085332139859,0.0,1.0
c10260,4.331018899166569,0.0,0.0
c10261,0.0,0.0,0.0
c10262,0.0,0.0,0.0
c10263,3.914698660444091,0.0,0.0
c10264,0.9751729420626332,0.0,0.0
c10265,0.0,0.0,0.0
c10266,0.0,0.0,0.0
c10267,2.5276943741854474,0.0,0.0
c10268,3.8804955841438247,0.0,0.0
c10269,2.822899064166175,0.0,0.0
c10270,5.398584489282787,0.0,0.0
c10271,19.301954905679075,4.0,1.0
c10272,21.39491558729218,2.0,0.0
c10273,10.04585465552324,0.0,0.0
c10274,0.0,0.0,0.0
c10275,5.8243267027304135,0.0,0.0
c10276,8.210250230829237,0.0,0.0
c10277,0.0,0.0,0.0
c10278,0.0,0.0,0.0
c10279,0.0,0.0,0.0
c10280,0.0,0.0,0.0
c10281,0.0,0.0,0.0
c10282,0.0,0.0,0.0
c10283,0.0,0.0,0.0
c10284,0.0,0.0,0.0
c10285,0.0,0.0,0.0
c10286,0.0,0.0,0.0
c10287,0.0,0.0,0.0
c10288,0.0,0.0,0.0
c10289,0.0,0.0,0.0
c10290,0.0,0.0,0.0
c10291,0.0,0.0,0.0
c10292,0.0,0.0,0.0
c10293,0.0,0.0,0.0
c10294,0.0,0.0,0.0
c10295,0.0,0.0,0.0
c10296,0.0,0.0,0.0
c10297,0.0,0.0,0.0
c10298,0.0,0.0,0.0
c10299,0.0,0.0,0.0
c10300,0.0,0.0,0.0
c10301,0.0,0.0,0.0
c10302,0.0,0.0,0.0
c10303,0.0,0.0,0.0
c10304,0.0,0.0,0.0
c10305,0.0,0.0,0.0
c10306,0.0,0.0,0.0
c10307,0.0,0.0,0.0
c10308,0.0,0.0,0.0
c10309,0.0,0.0,0.0
c10310,0.0,0.0,0.0
c10311,0.0,0.0,0.0
c10312,0.0,0.0,0.0
c10313,0.0,0.0,0.0
c10314,0.0,0.0,0.0
c10315,0.0,0.0,0.0
c10316,0.0,0.0,0.0
c10317,0.0,0.0,0.0
c10318,0.0,0.0,0.0
c10319,0.0,0.0,0.0
c10320,0.0,0.0,0.0
c10321,0.0,0.0,0.0
c10322,0.0,0.0,0.0
c10323,0.0,0.0,0.0
c10324,0.0,0.0,0.0
c10325,4.1077839509135,0.0,0.0
c10326,4.414572796639181,0.0,0.0
c10327,13.597307122321572,1.0,1.0
c10328,0.0,0.0,0.0
c10329,1.324349592293477,0.0,0.0
c10330,3.658907023206202,0.0,0.0
c10331,1.3552258460507083,0.0,0.0
c10332,0.0,0.0,0.0
c10333,0.0,1.0,0.0
c10334,0.0,0.0,0.0
c10335,0.0,0.0,0.0
c10336,8.258993218082775,0.0,0.0
c10337,15.032344267027257,0.0,0.0
c10338,15.032344267027257,0.0,0.0
c10339,0.0,0.0,0.0
c10340,0.0,0.0,0.0
c10341,8.258993218082775,0.0,0.0
c10342,10.991920336443764,0.0,0.0
c10343,0.0,0.0,0.0
c10344,0.0,0.0,0.0
c10345,6.2415207688992,0.0,0.0
c10346,6.2415207688992,0.0,0.0
c10347,0.0,0.0,0.0
c10348,0.0,0.0,0.0
c10349,0.0,0.0,0.0
c10350,0.0,0.0,0.0
c10351,2.8308022839500917,0.0,0.0
c10352,2.662827631884091,0.0,0.0
c10353,2.449028422991306,0.0,0.0
c10354,4.6795752011379665,0.0,0.0
c10355,2.426814424925324,0.0,0.0
c10356,4.680244117316508,0.0,0.0
c10357,0.7696999279248568,0.0,0.0
c10358,2.035073439801369,0.0,0.0
c10359,0.8326315931821439,0.0,0.0
c10360,0.0,0.0,0.0
c10361,13.045210238468552,0.0,0.0
c10362,15.227516098841308,0.0,0.0
c10363,9.873268395827612,0.0,0.0
c10364,13.880409349536325,0.0,0.0
c10365,9.686944924863349,0.0,0.0
c10366,15.630605872974694,1.0,1.0
c10367,5.037802115954365,0.0,0.0
c10368,4.084901214031881,0.0,0.0
c10369,12.725690608983596,0.0,0.0
c10370,6.541600267549177,0.0,0.0
c10371,7.299722365886977,1.0,0.0
c10372,9.184774693391939,0.0,0.0
c10373,6.7760165324586135,3.0,0.0
c10374,14.640094900287647,0.0,0.0
c10375,9.0730407484438,0.0,0.0
c10376,3.8317805744705016,0.0,0.0
c10377,9.27089210435065,0.0,0.0
c10378,9.27089210435065,0.0,0.0
c10379,7.0770962360861995,0.0,0.0
c10380,2.354085332139859,0.0,0.0
c10381,1.9769335670267096,1.0,0.0
c10382,4.76688415511886,0.0,0.0
c10383,2.7899505880921502,0.0,0.0
c10384,2.7899505880921502,0.0,0.0
c10385,0.0,0.0,0.0
c10386,0.0,1.0,0.0
c10387,2.567407531382548,0.0,0.0
c10388,5.413087636713047,0.0,0.0
c10389,0.0,0.0,0.0
c10390,2.822899064166175,0.0,0.0
c10391,17.930645453515822,0.0,1.0
c10392,15.150503323688218,1.0,0.0
c10393,16.288837929139113,4.0,1.0
c10394,0.0,0.0,0.0
c10395,0.0,0.0,0.0
c10396,5.8243267027304135,0.0,0.0
c10397,5.3158293375357655,0.0,0.0
c10398,0.0,0.0,0.0
c10399,0.0,0.0,0.0
c10400,0.0,0.0,0.0
c10401,0.0,0.0,0.0
c10402,0.0,0.0,0.0
c10403,0.0,0.0,0.0
c10404,0.0,0.0,0.0
c10405,0.0,0.0,0.0
c10406,0.0,0.0,0.0
c10407,0.0,0.0,0.0
c10408,0.0,0.0,0.0
c10409,0.0,0.0,0.0
c10410,0.0,0.0,0.0
c10411,0.0,0.0,0.0
c10412,0.0,0.0,0.0
c10413,0.0,0.0,0.0
c10414,0.0,0.0,0.0
c10415,0.0,0.0,0.0
c10416,0.0,0.0,0.0
c10417,0.0,0.0,0.0
c10418,0.0,0.0,0.0
c10419,0.0,0.0,0.0
c10420,0.0,0.0,0.0
c10421,0.0,0.0,0.0
c10422,0.0,0.0,0.0
c10423,0.0,0.0,0.0
c10424,0.0,0.0,0.0
c10425,0.0,0.0,0.0
c10426,0.0,0.0,0.0
c10427,0.0,0.0,0.0
c10428,0.0,0.0,0.0
c10429,0.0,0.0,0.0
c10430,0.0,0.0,0.0
c10431,0.0,0.0,0.0
c10432,0.0,0.0,0.0
c10433,0.0,0.0,0.0
c10434,0.0,0.0,0.0
c10435,0.0,0.0,0.0
c10436,0.0,0.0,0.0
c10437,0.0,0.0,0.0
c10438,0.0,0.0,0.0
c10439,0.0,0.0,0.0
c10440,0.0,0.0,0.0
c10441,0.0,0.0,0.0
c10442,0.0,0.0,0.0
c10443,0.0,0.0,0.0
c10444,0.0,0.0,0.0
c10445,0.0,0.0,0.0
c10446,0.0,0.0,0.0
c10447,2.0816661193191965,0.0,0.0
c10448,7.0240172451006195,0.0,0.0
c10449,0.0,1.0,0.0
c10450,4.478861549555794,0.0,0.0
c10451,4.299667009428214,0.0,0.0
c10452,0.0,0.0,0.0
c10453,0.0,0.0,0.0
c10454,0.0,0.0,0.0
c10455,0.0,0.0,0.0
c10456,0.0,0.0,0.0
c10457,0.0,0.0,0.0
c10458,0.0,0.0,0.0
c10459,15.032344267027257,0.0,0.0
c10460,8.258993218082775,0.0,0.0
c10461,15.032344267027257,0.0,0.0
c10462,15.489498481545612,0.0,0.0
c10463,0.0,0.0,0.0
c10464,0.0,0.0,0.0
c10465,0.0,0.0,0.0
c10466,0.0,0.0,0.0
c10467,6.2415207688992,0.0,0.0
c10468,6.916291364082408,0.0,0.0
c10469,0.6680114407802286,0.0,0.0
c10470,0.0,0.0,0.0
c10471,3.9781908889162585,0.0,0.0
c10472,6.27338190176292,0.0,0.0
c10473,0.85212801398494,0.0,0.0
c10474,8.073785953478213,0.0,0.0
c10475,5.61114044241802,0.0,0.0
c10476,4.260776441346154,0.0,0.0
c10477,4.9294112393705944,0.0,0.0
c10478,3.6391945536641783,0.0,0.0
c10479,2.30157504897421,0.0,0.0
c10480,2.835913592807963,0.0,0.0
c10481,0.0,0.0,0.0
c10482,0.0,0.0,0.0
c10483,0.0,0.0,0.0
c10484,0.0,0.0,0.0
c10485,0.6748120660222325,0.0,0.0
c10486,7.99346147891275,0.0,0.0
c10487,7.835992071248639,0.0,0.0
c10488,8.170898042408737,0.0,0.0
c10489,7.1673312493175505,0.0,0.0
c10490,10.536543454238174,0.0,0.0
c10491,7.937122582760063,0.0,0.0
c10492,13.852662746895543,0.0,0.0
c10493,8.522481788086791,0.0,0.0
c10494,8.401521322148069,0.0,0.0
c10495,10.953844602019428,0.0,0.0
c10496,11.928272947403675,0.0,0.0
c10497,9.27089210435065,0.0,0.0
c10498,11.347184742011526,0.0,0.0
c10499,12.125403357465288,0.0,0.0
c10500,10.53822269873546,0.0,0.0
c10501,0.0,0.0,0.0
c10502,9.27089210435065,0.0,0.0
c10503,14.03777625946951,0.0,0.0
c10504,0.0,0.0,0.0
c10505,0.0,0.0,0.0
c10506,0.0,0.0,0.0
c10507,2.567407531382548,0.0,0.0
c10508,2.567407531382548,0.0,0.0
c10509,0.3068588222833224,0.0,0.0
c10510,4.601194417145989,0.0,0.0
c10511,6.429015473255228,0.0,0.0
c10512,13.11503467185303,1.0,0.0
c10513,9.505596969023072,0.0,0.0
c10514,15.746406561154961,0.0,1.0
c10515,0.0,0.0,0.0
c10516,5.8243267027304135,0.0,0.0
c10517,5.8243267027304135,0.0,0.0
c10518,10.247666258219043,0.0,0.0
c10519,0.0,0.0,0.0
c10520,0.0,0.0,0.0
c10521,0.0,0.0,0.0
c10522,0.0,0.0,0.0
c10523,0.0,0.0,0.0
c10524,0.0,0.0,0.0
c10525,0.0,0.0,0.0
c10526,0.0,0.0,0.0
c10527,0.0,0.0,0.0
c10528,0.0,0.0,0.0
c10529,0.0,0.0,0.0
c10530,0.0,0.0,0.0
c10531,0.0,0.0,0.0
c10532,0.0,0.0,0.0
c10533,0.0,0.0,0.0
c10534,0.0,0.0,0.0
c10535,0.0,0.0,0.0
c10536,0.0,0.0,0.0
c10537,0.0,0.0,0.0
c10538,0.0,0.0,0.0
c10539,0.0,0.0,0.0
c10540,0.0,0.0,0.0
c10541,0.0,0.0,0.0
c10542,0.0,0.0,0.0
c10543,0.0,0.0,0.0
c10544,0.0,0.0,0.0
c10545,0.0,0.0,0.0
c10546,0.0,0.0,0.0
c10547,0.0,0.0,0.0
c10548,0.0,0.0,0.0
c10549,0.0,0.0,0.0
c10550,0.0,0.0,0.0
c10551,0.0,0.0,0.0
c10552,0.0,0.0,0.0
c10553,0.0,0.0,0.0
c10554,0.0,0.0,0.0
c10555,0.0,0.0,0.0
c10556,0.0,0.0,0.0
c10557,0.0,0.0,0.0
c10558,0.0,0.0,0.0
c10559,0.0,0.0,0.0
c10560,0.0,0.0,0.0
c10561,0.0,0.0,0.0
c10562,0.0,0.0,0.0
c10563,0.0,0.0,0.0
c10564,0.0,0.0,0.0
c10565,0.0,0.0,0.0
c10566,0.0,0.0,0.0
c10567,0.0,0.0,0.0
c10568,0.0,0.0,0.0
c10569,7.0240172451006195,0.0,0.0
c10570,7.0240172451006195,0.0,0.0
c10571,3.1309964750161163,0.0,1.0
c10572,0.0,0.0,0.0
c10573,0.0,0.0,0.0
c10574,0.0,0.0,0.0
c10575,0.0,0.0,0.0
c10576,0.0,0.0,0.0
c10577,0.0,0.0,0.0
c10578,0.0,0.0,0.0
c10579,0.0,0.0,0.0
c10580,6.773351048944482,0.0,0.0
c10581,6.773351048944482,0.0,0.0
c10582,13.994586229165058,0.0,0.0
c10583,7.406014020355951,0.0,0.0
c10584,0.0,0.0,0.0
c10585,0.0,0.0,0.0
c10586,0.0,0.0,0.0
c10587,0.0,0.0,0.0
c10588,0.0,0.0,0.0
c10589,0.0,0.0,0.0
c10590,6.288023958121835,0.0,0.0
c10591,3.76187445513939,0.0,0.0
c10592,7.545678687461385,0.0,0.0
c10593,7.082110035215809,0.0,0.0
c10594,7.082110035215809,0.0,0.0
c10595,12.713512416356014,0.0,0.0
c10596,0.0,0.0,0.0
c10597,2.026259047091993,0.0,0.0
c10598,2.026259047091993,0.0,0.0
c10599,0.0,0.0,0.0
c10600,0.0,0.0,0.0
c10601,0.0,0.0,0.0
c10602,0.0,0.0,0.0
c10603,0.0,0.0,0.0
c10604,0.0,0.0,0.0
c10605,0.0,0.0,0.0
c10606,0.0,0.0,1.0
c10607,7.680348965262957,0.0,0.0
c10608,9.110007343424392,0.0,0.0
c10609,9.110007343424392,0.0,0.0
c10610,15.093427597934895,0.0,0.0
c10611,20.090820989265428,0.0,0.0
c10612,7.771431887470816,0.0,0.0
c10613,7.937122582760063,0.0,0.0
c10614,11.81683469024707,0.0,1.0
c10615,3.590374501274691,0.0,0.0
c10616,15.854599307634297,0.0,0.0
c10617,14.686441677010368,1.0,0.0
c10618,25.792522543662532,0.0,0.0
c10619,10.205976370882581,0.0,0.0
c10620,7.560641546115524,0.0,0.0
c10621,18.233750524057633,0.0,0.0
c10622,11.738999089088301,0.0,0.0
c10623,9.27089210435065,0.0,0.0
c10624,0.0,0.0,0.0
c10625,0.0,0.0,0.0
c10626,2.67122118602024,0.0,0.0
c10627,7.894033407103684,0.0,0.0
c10628,7.579814264567994,2.0,0.0
c10629,7.573199334243295,0.0,0.0
c10630,12.784746103760389,0.0,0.0
c10631,4.294335594862667,0.0,0.0
c10632,11.137634654611041,1.0,0.0
c10633,9.891324351055495,0.0,0.0
c10634,13.192886370000524,2.0,0.0
c10635,6.843090075315009,0.0,0.0
c10636,0.0,0.0,0.0
c10637,9.11767435483874,0.0,0.0
c10638,3.2933476521083263,0.0,0.0
c10639,4.731601354405461,0.0,0.0
c10640,6.843600439232665,0.0,0.0
c10641,6.843600439232665,0.0,0.0
c10642,6.843600439232665,0.0,0.0
c10643,0.0,0.0,0.0
c10644,0.0,0.0,0.0
c10645,0.0,0.0,0.0
c10646,0.0,0.0,0.0
c10647,0.0,0.0,0.0
c10648,0.0,0.0,0.0
c10649,0.0,0.0,0.0
c10650,0.0,0.0,0.0
c10651,0.0,0.0,0.0
c10652,0.0,0.0,0.0
c10653,0.0,0.0,0.0
c10654,0.0,0.0,0.0
c10655,0.0,0.0,0.0
c10656,0.0,0.0,0.0
c10657,0.0,0.0,0.0
c10658,0.0,0.0,0.0
c10659,0.0,0.0,0.0
c10660,0.0,0.0,0.0
c10661,0.0,0.0,0.0
c10662,0.0,0.0,0.0
c10663,0.0,0.0,0.0
c10664,0.0,0.0,0.0
c10665,0.0,0.0,0.0
c10666,0.0,0.0,0.0
c10667,0.0,0.0,0.0
c10668,0.0,0.0,0.0
c10669,0.0,0.0,0.0
c10670,0.0,0.0,0.0
c10671,0.0,0.0,0.0
c10672,0.0,0.0,0.0
c10673,0.0,0.0,0.0
c10674,0.0,0.0,0.0
c10675,0.0,0.0,0.0
c10676,0.0,0.0,0.0
c10677,0.0,0.0,0.0
c10678,0.0,0.0,0.0
c10679,0.0,0.0,0.0
c10680,0.0,0.0,0.0
c10681,0.0,0.0,0.0
c10682,0.0,0.0,0.0
c10683,0.0,0.0,0.0
c10684,0.0,0.0,0.0
c10685,0.0,0.0,0.0
c10686,0.0,0.0,0.0
c10687,0.0,0.0,0.0
c10688,0.0,0.0,0.0
c10689,0.0,0.0,0.0
c10690,0.0,0.0,0.0
c10691,11.268263053174767,0.0,0.0
c10692,3.1309964750161163,0.0,0.0
c10693,0.0,0.0,0.0
c10694,0.0,0.0,0.0
c10695,0.0,0.0,0.0
c10696,0.0,0.0,0.0
c10697,0.0,0.0,0.0
c10698,0.0,0.0,0.0
c10699,0.0,0.0,0.0
c10700,7.221235180220575,0.0,0.0
c10701,7.221235180220575,0.0,0.0
c10702,16.620947252172705,0.0,0.0
c10703,7.221235180220575,0.0,0.0
c10704,0.0,0.0,0.0
c10705,0.0,0.0,0.0
c10706,0.0,0.0,0.0
c10707,0.0,0.0,0.0
c10708,0.0,0.0,0.0
c10709,0.0,0.0,0.0
c10710,0.0,0.0,0.0
c10711,2.6547848982210525,1.0,0.0
c10712,4.9223275889996145,0.0,0.0
c10713,0.0,0.0,0.0
c10714,1.6889874143145018,0.0,0.0
c10715,6.738014444567068,0.0,0.0
c10716,1.5927211218729207,0.0,0.0
c10717,2.798208000059495,0.0,0.0
c10718,5.658253791949902,0.0,0.0
c10719,0.0,0.0,0.0
c10720,0.0,0.0,0.0
c10721,0.0,0.0,0.0
c10722,0.0,0.0,0.0
c10723,0.0,0.0,0.0
c10724,0.0,0.0,0.0
c10725,0.0,0.0,0.0
c10726,0.0,0.0,0.0
c10727,0.0,0.0,0.0
c10728,1.2924766370865823,0.0,0.0
c10729,0.0,0.0,0.0
c10730,0.0,0.0,0.0
c10731,0.0,0.0,0.0
c10732,14.931756406373445,0.0,0.0
c10733,14.413026031506805,0.0,0.0
c10734,16.682435369550213,0.0,0.0
c10735,15.454080056876633,0.0,0.0
c10736,13.301094844401206,0.0,0.0
c10737,14.715649802830091,0.0,0.0
c10738,11.673070348947043,0.0,0.0
c10739,19.212086468262164,0.0,0.0
c10740,7.963805241824699,0.0,0.0
c10741,11.010805794646506,0.0,0.0
c10742,16.769700366656608,0.0,0.0
c10743,15.40173311667083,0.0,0.0
c10744,15.541580258984462,0.0,0.0
c10745,9.751680609250698,1.0,0.0
c10746,17.418988962837098,1.0,0.0
c10747,8.121703624885454,0.0,0.0
c10748,30.789711983557183,0.0,0.0
c10749,5.408319125148484,0.0,1.0
c10750,6.776695161256524,0.0,0.0
c10751,9.09185300520161,0.0,0.0
c10752,7.496320798756701,0.0,0.0
c10753,12.470079793639554,5.0,0.0
c10754,9.343171993820114,19.0,0.0
c10755,12.594310283604432,8.0,0.0
c10756,0.0,0.0,0.0
c10757,0.0,0.0,0.0
c10758,0.0,0.0,0.0
c10759,3.2933476521083263,1.0,0.0
c10760,12.754882017176849,0.0,0.0
c10761,6.843600439232665,0.0,0.0
c10762,0.0,0.0,0.0
c10763,6.843600439232665,0.0,0.0
c10764,0.0,0.0,0.0
c10765,8.830212470801946,0.0,0.0
c10766,0.0,0.0,0.0
c10767,0.0,1.0,0.0
c10768,0.0,0.0,0.0
c10769,0.0,0.0,0.0
c10770,0.0,0.0,0.0
c10771,0.0,0.0,0.0
c10772,0.0,0.0,0.0
c10773,0.0,0.0,0.0
c10774,0.0,0.0,0.0
c10775,0.0,0.0,0.0
c10776,0.0,0.0,0.0
c10777,0.0,0.0,0.0
c10778,0.0,0.0,0.0
c10779,0.0,0.0,0.0
c10780,0.0,0.0,0.0
c10781,0.0,0.0,0.0
c10782,0.0,0.0,0.0
c10783,0.0,0.0,0.0
c10784,0.0,0.0,0.0
c10785,0.0,0.0,0.0
c10786,0.0,0.0,0.0
c10787,0.0,0.0,0.0
c10788,0.0,0.0,0.0
c10789,0.0,0.0,0.0
c10790,0.0,0.0,0.0
c10791,0.0,0.0,0.0
c10792,0.0,0.0,0.0
c10793,0.0,0.0,0.0
c10794,0.0,0.0,0.0
c10795,0.0,0.0,0.0
c10796,0.0,0.0,0.0
c10797,0.0,0.0,0.0
c10798,0.0,0.0,0.0
c10799,0.0,0.0,0.0
c10800,0.0,0.0,0.0
c10801,0.0,0.0,0.0
c10802,0.0,0.0,0.0
c10803,0.0,0.0,0.0
c10804,0.0,0.0,0.0
c10805,0.0,0.0,0.0
c10806,0.0,0.0,0.0
c10807,0.0,0.0,0.0
c10808,0.0,0.0,0.0
c10809,0.0,0.0,0.0
c10810,0.0,0.0,0.0
c10811,0.0,0.0,0.0
c10812,1.2184076767880834,0.0,0.0
c10813,0.5457057335444162,0.0,0.0
c10814,0.0,0.0,0.0
c10815,0.0,0.0,0.0
c10816,0.0,0.0,0.0
c10817,0.0,0.0,0.0
c10818,0.0,0.0,0.0
c10819,9.648682282356258,0.0,0.0
c10820,7.221235180220575,0.0,0.0
c10821,7.221235180220575,0.0,0.0
c10822,0.0,0.0,0.0
c10823,2.6263610230076457,0.0,0.0
c10824,2.6263610230076457,0.0,0.0
c10825,0.0,0.0,0.0
c10826,0.0,0.0,0.0
c10827,0.0,0.0,0.0
c10828,0.0,0.0,0.0
c10829,0.0,0.0,0.0
c10830,0.0,0.0,0.0
c10831,0.0,0.0,0.0
c10832,0.0,0.0,0.0
c10833,5.16959600435769,0.0,0.0
c10834,2.4307797470692134,0.0,0.0
c10835,5.270857723248259,0.0,0.0
c10836,0.0,0.0,0.0
c10837,4.418872303549971,0.0,0.0
c10838,5.784487305649981,0.0,0.0
c10839,2.9592146703605486,0.0,0.0
c10840,0.0,0.0,0.0
c10841,0.0,0.0,0.0
c10842,0.0,0.0,0.0
c10843,0.0,0.0,0.0
c10844,0.0,0.0,0.0
c10845,0.0,0.0,0.0
c10846,0.0,0.0,0.0
c10847,0.0,0.0,0.0
c10848,0.0,2.0,0.0
c10849,2.5453120744316413,0.0,0.0
c10850,0.0,0.0,0.0
c10851,0.0,0.0,0.0
c10852,0.0,0.0,0.0
c10853,3.606529395034023,0.0,0.0
c10854,1.4242831412241876,0.0,0.0
c10855,0.0,0.0,0.0
c10856,7.682648169405818,0.0,0.0
c10857,13.598869891043147,0.0,0.0
c10858,15.366435247925635,0.0,0.0
c10859,6.674570589048265,0.0,0.0
c10860,0.0,0.0,0.0
c10861,4.379644862027428,0.0,0.0
c10862,2.4039191326132365,0.0,0.0
c10863,4.093416391169345,0.0,0.0
c10864,6.609266513753788,0.0,0.0
c10865,16.26983839742422,0.0,0.0
c10866,4.28115322700729,0.0,0.0
c10867,2.8161915884546356,0.0,0.0
c10868,2.8161915884546356,0.0,0.0
c10869,23.275661842905308,0.0,0.0
c10870,0.0,0.0,0.0
c10871,0.0,0.0,0.0
c10872,0.8802395036560309,0.0,0.0
c10873,16.182429033098757,3.0,0.0
c10874,13.536414958369988,1.0,0.0
c10875,15.136230057970298,8.0,0.0
c10876,9.497371115380695,6.0,0.0
c10877,0.0,0.0,0.0
c10878,0.0,0.0,0.0
c10879,0.0,0.0,0.0
c10880,3.2933476521083263,0.0,0.0
c10881,12.326284870304937,0.0,0.0
c10882,0.0,0.0,0.0
c10883,3.2550497661956888,0.0,0.0
c10884,8.507413955841754,0.0,0.0
c10885,15.673812910034611,0.0,0.0
c10886,8.830212470801946,0.0,0.0
c10887,8.830212470801946,0.0,0.0
c10888,8.830212470801946,0.0,0.0
c10889,8.830212470801946,0.0,0.0
c10890,0.0,0.0,0.0
c10891,0.0,0.0,0.0
c10892,0.0,0.0,0.0
c10893,0.0,0.0,0.0
c10894,0.0,0.0,0.0
c10895,0.0,0.0,0.0
c10896,0.0,0.0,0.0
c10897,0.0,0.0,0.0
c10898,0.0,0.0,0.0
c10899,0.0,0.0,0.0
c10900,0.0,0.0,0.0
c10901,0.0,0.0,0.0
c10902,0.0,0.0,0.0
c10903,0.0,0.0,0.0
c10904,0.0,0.0,0.0
c10905,0.0,0.0,0.0
c10906,0.0,0.0,0.0
c10907,0.0,0.0,0.0
c10908,0.0,0.0,0.0
c10909,0.0,0.0,0.0
c10910,0.0,0.0,0.0
c10911,0.0,0.0,0.0
c10912,0.0,0.0,0.0
c10913,0.0,0.0,0.0
c10914,0.0,0.0,0.0
c10915,0.0,0.0,0.0
c10916,0.0,0.0,0.0
c10917,0.0,0.0,0.0
c10918,0.0,0.0,0.0
c10919,0.0,0.0,0.0
c10920,0.0,0.0,0.0
c10921,0.0,0.0,0.0
c10922,0.0,0.0,0.0
c10923,0.0,0.0,0.0
c10924,0.0,0.0,0.0
c10925,0.0,0.0,0.0
c10926,0.0,0.0,0.0
c10927,0.0,0.0,0.0
c10928,0.0,0.0,0.0
c10929,0.0,0.0,0.0
c10930,0.0,0.0,0.0
c10931,0.0,0.0,0.0
c10932,0.0,0.0,0.0
c10933,0.0,0.0,0.0
c10934,4.734590616176707,0.0,0.0
c10935,0.0,0.0,0.0
c10936,0.0,0.0,0.0
c10937,3.7425840636080663,0.0,0.0
c10938,2.2121376090344476,0.0,0.0
c10939,3.8660554578845057,0.0,0.0
c10940,2.4155310115492825,0.0,0.0
c10941,5.533496052949332,0.0,0.0
c10942,0.0,0.0,0.0
c10943,0.0,0.0,0.0
c10944,0.0,0.0,0.0
c10945,6.082912228632894,0.0,0.0
c10946,0.0,0.0,0.0
c10947,15.773547055480543,0.0,0.0
c10948,15.773547055480543,0.0,0.0
c10949,15.773547055480543,0.0,0.0
c10950,15.773547055480543,0.0,0.0
c10951,21.057802611750475,0.0,0.0
c10952,3.2776804612528423,0.0,0.0
c10953,2.486579977942242,0.0,0.0
c10954,7.031944685316072,0.0,0.0
c10955,0.0,0.0,0.0
c10956,5.03786426532287,0.0,0.0
c10957,2.4668665389108386,0.0,0.0
c10958,2.4156317852720295,0.0,0.0
c10959,4.366964307753006,0.0,0.0
c10960,0.0,0.0,0.0
c10961,0.0,0.0,0.0
c10962,0.0,0.0,0.0
c10963,0.0,0.0,0.0
c10964,0.0,0.0,0.0
c10965,0.0,0.0,1.0
c10966,0.0,0.0,0.0
c10967,0.0,0.0,0.0
c10968,0.0,0.0,0.0
c10969,0.0,0.0,0.0
c10970,1.8375991271128043,0.0,0.0
c10971,0.0,0.0,0.0
c10972,0.0,0.0,0.0
c10973,0.0,0.0,0.0
c10974,2.524192193259661,0.0,0.0
c10975,2.483806843053742,0.0,0.0
c10976,0.0,0.0,0.0
c10977,3.855108801670545,0.0,0.0
c10978,3.855108801670545,0.0,0.0
c10979,0.0,0.0,0.0
c10980,0.0,0.0,0.0
c10981,0.005082404538433742,0.0,0.0
c10982,1.8601363734456953,0.0,0.0
c10983,1.8601363734456953,0.0,0.0
c10984,8.758098925058288,0.0,0.0
c10985,6.598368340159548,0.0,0.0
c10986,0.0,0.0,0.0
c10987,0.0,0.0,0.0
c10988,23.275661842905308,0.0,0.0
c10989,26.091853431359944,0.0,0.0
c10990,23.275661842905308,0.0,0.0
c10991,0.0,0.0,0.0
c10992,4.474156800873859,0.0,0.0
c10993,10.047768476703693,0.0,0.0
c10994,4.5611576031352925,1.0,0.0
c10995,16.969335951080527,2.0,0.0
c10996,9.225765751790599,0.0,0.0
c10997,21.355030950327116,2.0,0.0
c10998,1.93538408029014,0.0,0.0
c10999,5.579888682450044,0.0,0.0
c11000,2.8253917732246774,0.0,0.0
c11001,0.0,0.0,0.0
c11002,8.715331762063752,0.0,0.0
c11003,0.0,0.0,2.0
c11004,1.557221216530865,2.0,0.0
c11005,4.163204211217725,0.0,0.0
c11006,19.656480236273968,0.0,1.0
c11007,0.0,0.0,0.0
c11008,0.0,0.0,0.0
c11009,0.0,0.0,0.0
c11010,8.830212470801946,0.0,0.0
c11011,0.0,0.0,0.0
c11012,0.0,0.0,0.0
c11013,0.0,0.0,0.0
c11014,0.0,0.0,0.0
c11015,0.0,0.0,0.0
c11016,0.0,0.0,0.0
c11017,0.0,0.0,0.0
c11018,0.0,0.0,0.0
c11019,0.0,0.0,0.0
c11020,0.0,0.0,0.0
c11021,0.0,0.0,0.0
c11022,0.0,0.0,0.0
c11023,0.0,0.0,0.0
c11024,0.0,0.0,0.0
c11025,0.0,0.0,0.0
c11026,0.0,0.0,0.0
c11027,0.0,0.0,0.0
c11028,0.0,0.0,0.0
c11029,0.0,0.0,0.0
c11030,0.0,0.0,0.0
c11031,0.0,0.0,0.0
c11032,0.0,0.0,0.0
c11033,0.0,0.0,0.0
c11034,0.0,0.0,0.0
c11035,0.0,0.0,0.0
c11036,0.0,0.0,0.0
c11037,0.0,0.0,0.0
c11038,0.0,0.0,0.0
c11039,0.0,0.0,0.0
c11040,0.0,0.0,0.0
c11041,0.0,0.0,0.0
c11042,0.0,0.0,0.0
c11043,0.0,0.0,0.0
c11044,0.0,0.0,0.0
c11045,0.0,0.0,0.0
c11046,0.0,0.0,0.0
c11047,0.0,0.0,0.0
c11048,0.0,0.0,0.0
c11049,0.0,0.0,0.0
c11050,0.0,0.0,0.0
c11051,0.0,0.0,0.0
c11052,0.0,0.0,0.0
c11053,0.0,0.0,0.0
c11054,0.0,0.0,0.0
c11055,4.268038150091782,0.0,0.0
c11056,4.268038150091782,0.0,0.0
c11057,0.0,0.0,0.0
c11058,1.5223195660766062,0.0,0.0
c11059,0.0,0.0,0.0
c11060,0.0,0.0,0.0
c11061,4.733217131426989,0.0,0.0
c11062,20.50676418690753,0.0,0.0
c11063,0.0,0.0,0.0
c11064,0.0,0.0,0.0
c11065,0.0,0.0,0.0
c11066,3.4382451649367685,0.0,0.0
c11067,3.4382451649367685,0.0,0.0
c11068,15.773547055480543,0.0,0.0
c11069,0.0,0.0,0.0
c11070,0.0,0.0,0.0
c11071,20.100969275342074,0.0,0.0
c11072,3.9331088962007,0.0,0.0
c11073,2.7451202098412653,0.0,0.0
c11074,3.5918609591390465,0.0,0.0
c11075,3.5627212282859264,0.0,0.0
c11076,0.0,0.0,0.0
c11077,0.0,0.0,0.0
c11078,0.0,0.0,0.0
c11079,0.0,0.0,0.0
c11080,3.6973961319938695,0.0,0.0
c11081,0.0,0.0,0.0
c11082,0.0,0.0,0.0
c11083,0.0,0.0,0.0
c11084,0.0,0.0,0.0
c11085,0.0,0.0,0.0
c11086,0.0,0.0,0.0
c11087,0.0,0.0,0.0
c11088,0.0,0.0,0.0
c11089,0.0,0.0,0.0
c11090,0.0,0.0,0.0
c11091,2.700781396010351,0.0,0.0
c11092,0.0,0.0,0.0
c11093,0.0,0.0,0.0
c11094,0.0,0.0,0.0
c11095,2.7801456306306185,0.0,0.0
c11096,2.6225844698847967,0.0,0.0
c11097,1.5719773936310464,0.0,0.0
c11098,10.828343354789768,0.0,0.0
c11099,0.0,0.0,0.0
c11100,0.0,0.0,0.0
c11101,0.0,0.0,0.0
c11102,0.0,0.0,0.0
c11103,0.0,0.0,0.0
c11104,20.615505389769137,0.0,0.0
c11105,6.434636906989388,0.0,0.0
c11106,0.0,0.0,0.0
c11107,0.0,0.0,0.0
c11108,0.0,0.0,0.0
c11109,23.275661842905308,0.0,0.0
c11110,0.0,0.0,0.0
c11111,0.0,0.0,0.0
c11112,4.474156800873859,0.0,0.0
c11113,4.474156800873859,0.0,0.0
c11114,4.015061068785551,0.0,1.0
c11115,3.597902489955061,0.0,0.0
c11116,18.855518213043748,2.0,0.0
c11117,25.834107681746367,4.0,0.0
c11118,6.848034988394759,0.0,1.0
c11119,4.512750352668538,0.0,0.0
c11120,8.489282422934613,1.0,1.0
c11121,5.080565849384534,0.0,0.0
c11122,5.264542200100767,1.0,0.0
c11123,10.772558289159939,2.0,1.0
c11124,1.6483606394790156,0.0,0.0
c11125,5.704972550618517,1.0,0.0
c11126,2.499390694608636,0.0,0.0
c11127,6.663063554254297,0.0,0.0
c11128,6.663063554254297,0.0,0.0
c11129,6.663063554254297,0.0,0.0
c11130,6.663063554254297,0.0,0.0
c11131,15.493276025056243,0.0,0.0
c11132,0.0,0.0,0.0
c11133,0.0,0.0,0.0
c11134,0.0,0.0,0.0
c11135,0.0,0.0,0.0
c11136,0.0,0.0,0.0
c11137,0.0,0.0,0.0
c11138,0.0,0.0,0.0
c11139,0.0,0.0,0.0
c11140,0.0,0.0,0.0
c11141,0.0,0.0,0.0
c11142,0.0,0.0,0.0
c11143,0.0,0.0,0.0
c11144,0.0,0.0,0.0
c11145,0.0,0.0,0.0
c11146,0.0,0.0,0.0
c11147,0.0,0.0,0.0
c11148,0.0,0.0,0.0
c11149,0.0,0.0,0.0
c11150,0.0,0.0,0.0
c11151,0.0,0.0,0.0
c11152,0.0,0.0,0.0
c11153,0.0,0.0,0.0
c11154,0.0,0.0,0.0
c11155,0.0,0.0,0.0
c11156,0.0,0.0,0.0
c11157,0.0,0.0,0.0
c11158,0.0,0.0,0.0
c11159,0.0,0.0,0.0
c11160,0.0,0.0,0.0
c11161,0.0,0.0,0.0
c11162,0.0,0.0,0.0
c11163,0.0,0.0,0.0
c11164,0.0,0.0,0.0
c11165,0.0,0.0,0.0
c11166,0.0,0.0,0.0
c11167,0.0,0.0,0.0
c11168,0.0,0.0,0.0
c11169,0.0,0.0,0.0
c11170,0.0,0.0,0.0
c11171,0.0,0.0,0.0
c11172,0.0,0.0,0.0
c11173,0.0,0.0,0.0
c11174,0.0,0.0,0.0
c11175,0.0,0.0,0.0
c11176,0.0,0.0,0.0
c11177,4.268038150091782,0.0,0.0
c11178,0.0,0.0,0.0
c11179,5.079462486415258,0.0,0.0
c11180,3.6667465032779663,0.0,0.0
c11181,3.7199386210730814,0.0,0.0
c11182,4.733217131426989,0.0,0.0
c11183,15.773547055480543,0.0,0.0
c11184,15.773547055480543,0.0,0.0
c11185,15.773547055480543,0.0,0.0
c11186,15.773547055480543,0.0,0.0
c11187,18.83008782394842,0.0,0.0
c11188,19.211792220417312,0.0,0.0
c11189,19.22329344272809,0.0,0.0
c11190,0.0,0.0,0.0
c11191,3.1174616951981498,0.0,0.0
c11192,3.1174616951981498,0.0,0.0
c11193,0.0,0.0,0.0
c11194,0.0,0.0,0.0
c11195,4.481982138004002,0.0,0.0
c11196,2.7278844418412125,0.0,0.0
c11197,0.0,0.0,0.0
c11198,0.0,0.0,0.0
c11199,0.0,0.0,0.0
c11200,1.8256905194817747,0.0,0.0
c11201,1.2791754916554987,0.0,0.0
c11202,0.0,0.0,0.0
c11203,0.0,0.0,0.0
c11204,0.0,0.0,0.0
c11205,0.0,0.0,0.0
c11206,0.0,0.0,0.0
c11207,0.0,0.0,0.0
c11208,0.0,0.0,0.0
c11209,0.0,0.0,0.0
c11210,0.0,0.0,0.0
c11211,0.0,0.0,0.0
c11212,1.6604598618272755,0.0,0.0
c11213,0.0,0.0,0.0
c11214,0.0,0.0,0.0
c11215,0.0,0.0,0.0
c11216,5.206880389589099,0.0,0.0
c11217,0.0,0.0,0.0
c11218,10.135957453746382,0.0,0.0
c11219,6.36669481024442,0.0,0.0
c11220,0.0,0.0,0.0
c11221,0.0,0.0,0.0
c11222,0.0,0.0,0.0
c11223,13.684149117392888,0.0,0.0
c11224,13.684149117392888,0.0,0.0
c11225,13.684149117392888,0.0,0.0
c11226,0.0,0.0,0.0
c11227,0.0,0.0,0.0
c11228,0.0,0.0,0.0
c11229,0.0,0.0,0.0
c11230,23.275661842905308,0.0,0.0
c11231,0.0,0.0,0.0
c11232,0.0,0.0,0.0
c11233,4.474156800873859,0.0,0.0
c11234,0.0,0.0,0.0
c11235,4.015061068785551,0.0,0.0
c11236,13.615195687005972,0.0,0.0
c11237,30.04049302335572,0.0,0.0
c11238,20.4403584051353,0.0,0.0
c11239,0.0,0.0,0.0
c11240,0.0,0.0,0.0
c11241,10.971485652184887,0.0,0.0
c11242,5.5363505696382465,0.0,0.0
c11243,5.548643148123109,0.0,0.0
c11244,10.582111822463972,0.0,0.0
c11245,6.249148017985089,0.0,0.0
c11246,4.326675824922039,0.0,0.0
c11247,4.326675824922039,0.0,0.0
c11248,0.0,0.0,0.0
c11249,0.0,0.0,0.0
c11250,0.0,0.0,0.0
c11251,0.0,0.0,0.0
c11252,6.663063554254297,0.0,0.0
c11253,0.0,0.0,0.0
c11254,0.0,0.0,0.0
c11255,0.0,0.0,0.0
c11256,0.0,0.0,0.0
c11257,0.0,0.0,0.0
c11258,0.0,0.0,0.0
c11259,0.0,0.0,0.0
c11260,0.0,0.0,0.0
c11261,0.0,0.0,0.0
c11262,0.0,0.0,0.0
c11263,0.0,0.0,0.0
c11264,0.0,0.0,0.0
c11265,0.0,0.0,0.0
c11266,0.0,0.0,0.0
c11267,0.0,0.0,0.0
c11268,0.0,0.0,0.0
c11269,0.0,0.0,0.0
c11270,0.0,0.0,0.0
c11271,0.0,0.0,0.0
c11272,0.0,0.0,0.0
c11273,0.0,0.0,0.0
c11274,0.0,0.0,0.0
c11275,0.0,0.0,0.0
c11276,0.0,0.0,0.0
c11277,0.0,0.0,0.0
c11278,0.0,0.0,0.0
c11279,0.0,0.0,0.0
c11280,0.0,0.0,0.0
c11281,0.0,0.0,0.0
c11282,0.0,0.0,0.0
c11283,0.0,0.0,0.0
c11284,0.0,0.0,0.0
c11285,0.0,0.0,0.0
c11286,0.0,0.0,0.0
c11287,0.0,0.0,0.0
c11288,0.0,0.0,0.0
c11289,0.0,0.0,0.0
c11290,0.0,0.0,0.0
c11291,0.0,0.0,0.0
c11292,0.0,0.0,0.0
c11293,0.0,0.0,0.0
c11294,0.0,0.0,0.0
c11295,0.0,0.0,0.0
c11296,0.0,0.0,0.0
c11297,0.0,0.0,0.0
c11298,18.562606665292737,0.0,0.0
c11299,6.791135081159991,0.0,0.0
c11300,2.536916353715925,0.0,0.0
c11301,1.6997216150806305,0.0,0.0
c11302,9.062440013759556,0.0,0.0
c11303,4.733217131426989,0.0,0.0
c11304,0.0,0.0,0.0
c11305,0.0,0.0,0.0
c11306,15.773547055480543,0.0,0.0
c11307,18.83008782394842,0.0,0.0
c11308,3.0565407684678765,0.0,0.0
c11309,0.0,0.0,0.0
c11310,0.0,0.0,0.0
c11311,0.0,0.0,0.0
c11312,3.9592917580718883,0.0,0.0
c11313,0.0,0.0,0.0
c11314,0.0,0.0,0.0
c11315,0.0,0.0,0.0
c11316,1.6930509947015318,0.0,0.0
c11317,1.6930509947015318,0.0,0.0
c11318,0.0,0.0,0.0
c11319,0.0,0.0,0.0
c11320,0.0,0.0,0.0
c11321,1.8806549673962125,0.0,0.0
c11322,0.0,0.0,0.0
c11323,0.0,0.0,0.0
c11324,0.0,0.0,0.0
c11325,0.0,0.0,0.0
c11326,0.0,0.0,0.0
c11327,0.0,0.0,0.0
c11328,0.0,0.0,0.0
c11329,0.0,0.0,0.0
c11330,0.0,0.0,0.0
c11331,0.0,0.0,0.0
c11332,2.9665468890992117,0.0,0.0
c11333,3.123347048236206,0.0,0.0
c11334,0.0,0.0,0.0
c11335,0.0,0.0,0.0
c11336,3.103698156723105,0.0,0.0
c11337,4.043024165009234,0.0,0.0
c11338,8.420014071940416,0.0,0.0
c11339,10.007226335064335,1.0,0.0
c11340,0.0,0.0,0.0
c11341,0.0,0.0,1.0
c11342,0.0,0.0,0.0
c11343,13.684149117392888,0.0,0.0
c11344,16.20654868809627,0.0,0.0
c11345,0.0,0.0,0.0
c11346,0.0,0.0,0.0
c11347,0.0,0.0,0.0
c11348,0.0,0.0,0.0
c11349,0.0,0.0,0.0
c11350,23.275661842905308,0.0,0.0
c11351,23.275661842905308,0.0,0.0
c11352,0.0,0.0,0.0
c11353,2.8578020494992513,0.0,0.0
c11354,7.33195885037311,0.0,0.0
c11355,0.0,0.0,0.0
c11356,0.0,0.0,0.0
c11357,14.937043234739958,0.0,0.0
c11358,21.60913795511969,0.0,0.0
c11359,0.0,0.0,0.0
c11360,0.0,0.0,0.0
c11361,0.0,0.0,0.0
c11362,5.395991807197852,2.0,0.0
c11363,6.739181495609672,0.0,0.0
c11364,5.963085975387868,0.0,0.0
c11365,7.566241899274425,0.0,0.0
c11366,0.0,0.0,0.0
c11367,0.0,0.0,0.0
c11368,4.326675824922039,0.0,0.0
c11369,0.0,0.0,0.0
c11370,0.0,0.0,0.0
c11371,0.0,0.0,0.0
c11372,0.0,0.0,0.0
c11373,0.0,0.0,0.0
c11374,0.0,0.0,0.0
c11375,0.0,0.0,0.0
c11376,0.0,0.0,0.0
c11377,0.0,0.0,0.0
c11378,0.0,0.0,0.0
c11379,0.0,0.0,0.0
c11380,0.0,0.0,0.0
c11381,0.0,0.0,0.0
c11382,0.0,0.0,0.0
c11383,0.0,0.0,0.0
c11384,0.0,0.0,0.0
c11385,0.0,0.0,0.0
c11386,0.0,0.0,0.0
c11387,0.0,0.0,0.0
c11388,0.0,0.0,0.0
c11389,0.0,0.0,0.0
c11390,0.0,0.0,0.0
c11391,0.0,0.0,0.0
c11392,0.0,0.0,0.0
c11393,0.0,0.0,0.0
c11394,0.0,0.0,0.0
c11395,0.0,0.0,0.0
c11396,0.0,0.0,0.0
c11397,0.0,0.0,0.0
c11398,0.0,0.0,0.0
c11399,0.0,0.0,0.0
c11400,0.0,0.0,0.0
c11401,0.0,0.0,0.0
c11402,0.0,0.0,0.0
c11403,0.0,0.0,0.0
c11404,0.0,0.0,0.0
c11405,0.0,0.0,0.0
c11406,0.0,0.0,0.0
c11407,0.0,0.0,0.0
c11408,0.0,0.0,0.0
c11409,0.0,0.0,0.0
c11410,0.0,0.0,0.0
c11411,0.0,0.0,0.0
c11412,0.0,0.0,0.0
c11413,0.0,0.0,0.0
c11414,0.0,0.0,0.0
c11415,0.0,0.0,0.0
c11416,0.0,0.0,0.0
c11417,0.0,0.0,0.0
c11418,0.0,0.0,0.0
c11419,7.36446003120267,0.0,0.0
c11420,6.791135081159991,0.0,0.0
c11421,15.794515533006784,0.0,0.0
c11422,8.452488242664293,0.0,0.0
c11423,22.590368163145406,0.0,0.0
c11424,11.744593680662318,0.0,0.0
c11425,5.81040933743962,0.0,0.0
c11426,0.0,0.0,0.0
c11427,0.0,0.0,0.0
c11428,3.0565407684678765,0.0,0.0
c11429,0.0,0.0,0.0
c11430,0.0,0.0,0.0
c11431,0.0,0.0,0.0
c11432,0.0,0.0,0.0
c11433,2.618223642800939,0.0,0.0
c11434,0.0,0.0,0.0
c11435,0.0,0.0,0.0
c11436,0.0,0.0,0.0
c11437,0.0,0.0,0.0
c11438,3.7805463209539303,0.0,0.0
c11439,0.0,0.0,0.0
c11440,0.0,0.0,0.0
c11441,0.0,0.0,0.0
c11442,1.5099514594716494,0.0,0.0
c11443,0.0,0.0,0.0
c11444,0.0,0.0,0.0
c11445,0.0,0.0,0.0
c11446,0.0,0.0,0.0
c11447,0.0,0.0,0.0
c11448,0.0,0.0,0.0
c11449,0.0,0.0,0.0
c11450,0.0,0.0,0.0
c11451,0.0,0.0,0.0
c11452,0.0,0.0,0.0
c11453,2.9665468890992117,0.0,0.0
c11454,0.0,0.0,0.0
c11455,0.0,0.0,0.0
c11456,7.592030993553376,0.0,0.0
c11457,3.103698156723105,0.0,0.0
c11458,6.3376243890784005,0.0,0.0
c11459,6.3376243890784005,0.0,0.0
c11460,1.9498238961812484,0.0,0.0
c11461,0.0,0.0,0.0
c11462,0.0,0.0,0.0
c11463,13.684149117392888,0.0,1.0
c11464,13.684149117392888,0.0,0.0
c11465,2.5072083378202716,0.0,0.0
c11466,0.0,0.0,0.0
c11467,0.0,0.0,0.0
c11468,0.0,0.0,0.0
c11469,0.0,0.0,0.0
c11470,23.275661842905308,0.0,0.0
c11471,23.275661842905308,0.0,0.0
c11472,0.0,0.0,0.0
c11473,0.0,0.0,0.0
c11474,2.8578020494992513,0.0,0.0
c11475,0.0,0.0,0.0
c11476,0.0,0.0,0.0
c11477,0.0,0.0,0.0
c11478,36.312757847448324,0.0,1.0
c11479,20.4403584051353,0.0,0.0
c11480,0.0,0.0,0.0
c11481,0.0,0.0,0.0
c11482,0.0,0.0,0.0
c11483,12.625151453822593,0.0,0.0
c11484,0.0,0.0,0.0
c11485,0.0,0.0,0.0
c11486,21.809559573926418,0.0,0.0
c11487,17.742323007975642,0.0,0.0
c11488,0.0,0.0,0.0
c11489,0.0,0.0,0.0
c11490,0.0,0.0,0.0
c11491,0.0,0.0,0.0
c11492,0.0,0.0,0.0
c11493,0.0,0.0,0.0
c11494,0.0,0.0,0.0
c11495,0.0,0.0,0.0
c11496,0.0,0.0,0.0
c11497,0.0,0.0,0.0
c11498,0.0,0.0,0.0
c11499,0.0,0.0,0.0
c11500,0.0,0.0,0.0
c11501,0.0,0.0,0.0
c11502,0.0,0.0,0.0
c11503,0.0,0.0,0.0
c11504,0.0,0.0,0.0
c11505,0.0,0.0,0.0
c11506,0.0,0.0,0.0
c11507,0.0,0.0,0.0
c11508,0.0,0.0,0.0
c11509,0.0,0.0,0.0
c11510,0.0,0.0,0.0
c11511,0.0,0.0,0.0
c11512,0.0,0.0,0.0
c11513,0.0,0.0,0.0
c11514,0.0,0.0,0.0
c11515,0.0,0.0,0.0
c11516,0.0,0.0,0.0
c11517,0.0,0.0,0.0
c11518,0.0,0.0,0.0
c11519,0.0,0.0,0.0
c11520,0.0,0.0,0.0
c11521,0.0,0.0,0.0
c11522,0.0,0.0,0.0
c11523,0.0,0.0,0.0
c11524,0.0,0.0,0.0
c11525,0.0,0.0,0.0
c11526,0.0,0.0,0.0
c11527,0.0,0.0,0.0
c11528,0.0,0.0,0.0
c11529,0.0,0.0,0.0
c11530,0.0,0.0,0.0
c11531,0.0,0.0,0.0
c11532,0.0,0.0,0.0
c11533,0.0,0.0,0.0
c11534,0.0,0.0,0.0
c11535,0.0,0.0,0.0
c11536,0.0,0.0,0.0
c11537,0.0,0.0,0.0
c11538,0.0,0.0,0.0
c11539,0.0,0.0,0.0
c11540,7.36446003120267,0.0,0.0
c11541,0.0,0.0,0.0
c11542,6.466464098130868,0.0,0.0
c11543,8.452488242664293,0.0,0.0
c11544,6.791135081159991,0.0,0.0
c11545,5.9341843432226975,0.0,0.0
c11546,11.744593680662318,0.0,0.0
c11547,11.744593680662318,0.0,0.0
c11548,11.744593680662318,0.0,0.0
c11549,20.98216254172194,0.0,0.0
c11550,0.0,0.0,0.0
c11551,0.0,0.0,0.0
c11552,0.0,0.0,0.0
c11553,0.0,0.0,0.0
c11554,2.4283184369945925,0.0,0.0
c11555,0.0,0.0,0.0
c11556,0.0,0.0,0.0
c11557,0.0,0.0,0.0
c11558,0.0,0.0,0.0
c11559,2.9861796936109783,0.0,0.0
c11560,1.6565865405255642,0.0,0.0
c11561,2.8875999965327632,0.0,0.0
c11562,3.569011105047239,0.0,0.0
c11563,1.7414722973798067,0.0,0.0
c11564,0.0,0.0,0.0
c11565,0.0,0.0,0.0
c11566,0.0,0.0,0.0
c11567,0.0,0.0,0.0
c11568,0.0,0.0,0.0
c11569,0.0,0.0,0.0
c11570,0.0,0.0,0.0
c11571,0.0,0.0,0.0
c11572,0.0,0.0,0.0
c11573,0.0,0.0,0.0
c11574,9.187653263821879,0.0,0.0
c11575,4.471099089370954,0.0,0.0
c11576,5.785159830981966,0.0,0.0
c11577,4.471099089370954,0.0,0.0
c11578,6.3376243890784005,0.0,0.0
c11579,6.3376243890784005,0.0,0.0
c11580,0.0,0.0,0.0
c11581,2.0365907897137543,0.0,0.0
c11582,0.0,0.0,0.0
c11583,13.684149117392888,0.0,0.0
c11584,13.684149117392888,0.0,0.0
c11585,4.952595139334273,0.0,0.0
c11586,7.466671096164295,0.0,0.0
c11587,0.0,0.0,0.0
c11588,0.0,0.0,0.0
c11589,0.0,0.0,0.0
c11590,23.275661842905308,0.0,0.0
c11591,23.275661842905308,0.0,0.0
c11592,0.0,0.0,0.0
c11593,1.273627483677042,0.0,0.0
c11594,4.164929354638611,0.0,0.0
c11595,2.8578020494992513,0.0,0.0
c11596,0.0,0.0,0.0
c11597,0.0,0.0,0.0
c11598,30.91535446281315,0.0,0.0
c11599,29.543116400297798,0.0,0.0
c11600,0.0,0.0,0.0
c11601,0.0,0.0,0.0
c11602,0.0,0.0,0.0
c11603,0.0,0.0,0.0
c11604,6.66894627539597,0.0,0.0
c11605,0.0,0.0,0.0
c11606,0.0,0.0,0.0
c11607,0.0,0.0,0.0
c11608,17.742323007975642,0.0,0.0
c11609,0.0,0.0,0.0
c11610,0.0,0.0,0.0
c11611,0.0,0.0,0.0
c11612,0.0,0.0,0.0
c11613,0.0,0.0,0.0
c11614,0.0,0.0,0.0
c11615,10.728340724994984,0.0,0.0
c11616,0.0,0.0,0.0
c11617,0.0,0.0,0.0
c11618,0.0,0.0,0.0
c11619,0.0,0.0,0.0
c11620,0.0,0.0,0.0
c11621,0.0,0.0,0.0
c11622,0.0,0.0,0.0
c11623,0.0,0.0,0.0
c11624,0.0,0.0,0.0
c11625,0.0,0.0,0.0
c11626,0.0,0.0,0.0
c11627,0.0,0.0,0.0
c11628,0.0,0.0,0.0
c11629,0.0,0.0,0.0
c11630,0.0,0.0,0.0
c11631,0.0,0.0,0.0
c11632,0.0,0.0,0.0
c11633,0.0,0.0,0.0
c11634,0.0,0.0,0.0
c11635,0.0,0.0,0.0
c11636,0.0,0.0,0.0
c11637,0.0,0.0,0.0
c11638,0.0,0.0,0.0
c11639,0.0,0.0,0.0
c11640,0.0,0.0,0.0
c11641,0.0,0.0,0.0
c11642,0.0,0.0,0.0
c11643,0.0,0.0,0.0
c11644,0.0,0.0,0.0
c11645,0.0,0.0,0.0
c11646,0.0,0.0,0.0
c11647,0.0,0.0,0.0
c11648,0.0,0.0,0.0
c11649,0.0,0.0,0.0
c11650,0.0,0.0,0.0
c11651,0.0,0.0,0.0
c11652,0.0,0.0,0.0
c11653,0.0,0.0,0.0
c11654,0.0,0.0,0.0
c11655,0.0,0.0,0.0
c11656,0.0,0.0,0.0
c11657,0.0,0.0,0.0
c11658,0.0,0.0,0.0
c11659,0.0,0.0,0.0
c11660,7.36446003120267,0.0,0.0
c11661,7.36446003120267,0.0,0.0
c11662,0.0,0.0,0.0
c11663,6.466464098130868,0.0,0.0
c11664,0.0,0.0,0.0
c11665,10.369397109038285,0.0,0.0
c11666,6.791135081159991,0.0,0.0
c11667,0.0,0.0,0.0
c11668,0.0,0.0,0.0
c11669,6.028107790672805,0.0,0.0
c11670,6.028107790672805,0.0,0.0
c11671,0.0,0.0,0.0
c11672,0.0,0.0,0.0
c11673,0.0,0.0,0.0
c11674,0.0,0.0,0.0
c11675,7.253802087506164,0.0,0.0
c11676,4.602822941716661,0.0,0.0
c11677,0.0,0.0,0.0
c11678,0.0,0.0,0.0
c11679,0.0,0.0,0.0
c11680,3.070851369470938,0.0,0.0
c11681,0.0,0.0,0.0
c11682,0.0,0.0,0.0
c11683,5.211841957556034,0.0,0.0
c11684,4.009982044810937,0.0,0.0
c11685,0.0,0.0,0.0
c11686,0.0,0.0,0.0
c11687,0.0,0.0,0.0
c11688,0.0,0.0,0.0
c11689,6.371598583101414,0.0,0.0
c11690,6.371598583101414,0.0,0.0
c11691,0.0,0.0,0.0
c11692,0.0,0.0,0.0
c11693,0.0,0.0,0.0
c11694,1.7392317227433223,0.0,0.0
c11695,6.210330812114276,0.0,0.0
c11696,16.965538983826328,0.0,0.0
c11697,13.808500636066388,0.0,0.0
c11698,17.05720971681948,0.0,0.0
c11699,7.978263211608837,0.0,0.0
c11700,0.0,0.0,0.0
c11701,0.0,0.0,0.0
c11702,15.188087004364085,0.0,0.0
c11703,15.512748634853336,0.0,0.0
c11704,13.684149117392888,0.0,0.0
c11705,0.0,0.0,0.0
c11706,4.952595139334273,0.0,0.0
c11707,0.0,0.0,0.0
c11708,0.0,0.0,0.0
c11709,0.0,0.0,0.0
c11710,0.0,0.0,0.0
c11711,23.275661842905308,0.0,0.0
c11712,1.97642575877313,0.0,0.0
c11713,2.4004658622325397,0.0,0.0
c11714,3.4663760420742706,0.0,0.0
c11715,0.0,0.0,0.0
c11716,0.0,0.0,0.0
c11717,0.0,0.0,0.0
c11718,0.0,0.0,0.0
c11719,28.64676072365566,0.0,0.0
c11720,0.0,0.0,0.0
c11721,0.0,0.0,0.0
c11722,0.0,0.0,0.0
c11723,0.0,0.0,0.0
c11724,0.0,0.0,0.0
c11725,8.68065324643983,0.0,0.0
c11726,0.0,0.0,0.0
c11727,0.0,0.0,0.0
c11728,0.0,0.0,0.0
c11729,17.742323007975642,0.0,0.0
c11730,17.742323007975642,0.0,0.0
c11731,0.0,0.0,0.0
c11732,0.0,0.0,0.0
c11733,0.0,0.0,0.0
c11734,10.728340724994984,0.0,0.0
c11735,10.728340724994984,0.0,0.0
c11736,10.728340724994984,0.0,0.0
c11737,0.0,0.0,0.0
c11738,0.0,0.0,0.0
c11739,0.0,0.0,0.0
c11740,0.0,0.0,0.0
c11741,0.0,0.0,0.0
c11742,0.0,0.0,0.0
c11743,0.0,0.0,0.0
c11744,0.0,0.0,0.0
c11745,0.0,0.0,0.0
c11746,0.0,0.0,0.0
c11747,0.0,0.0,0.0
c11748,0.0,0.0,0.0
c11749,0.0,0.0,0.0
c11750,0.0,0.0,0.0
c11751,0.0,0.0,0.0
c11752,0.0,0.0,0.0
c11753,0.0,0.0,0.0
c11754,0.0,0.0,0.0
c11755,0.0,0.0,0.0
c11756,0.0,0.0,0.0
c11757,0.0,0.0,0.0
c11758,0.0,0.0,0.0
c11759,0.0,0.0,0.0
c11760,0.0,0.0,0.0
c11761,0.0,0.0,0.0
c11762,0.0,0.0,0.0
c11763,0.0,0.0,0.0
c11764,0.0,0.0,0.0
c11765,0.0,0.0,0.0
c11766,0.0,0.0,0.0
c11767,0.0,0.0,0.0
c11768,0.0,0.0,0.0
c11769,0.0,0.0,0.0
c11770,0.0,0.0,0.0
c11771,0.0,0.0,0.0
c11772,0.0,0.0,0.0
c11773,0.0,0.0,0.0
c11774,0.0,0.0,0.0
c11775,0.0,0.0,0.0
c11776,0.0,0.0,0.0
c11777,0.0,0.0,0.0
c11778,0.0,0.0,0.0
c11779,0.0,0.0,0.0
c11780,0.0,0.0,0.0
c11781,7.36446003120267,0.0,0.0
c11782,7.36446003120267,0.0,0.0
c11783,0.0,0.0,0.0
c11784,6.466464098130868,0.0,0.0
c11785,3.5782620278782935,0.0,0.0
c11786,8.951153285115945,0.0,0.0
c11787,12.694488836273479,0.0,0.0
c11788,6.622502254251085,0.0,0.0
c11789,0.0,0.0,0.0
c11790,6.028107790672805,0.0,0.0
c11791,0.0,0.0,0.0
c11792,0.0,0.0,0.0
c11793,0.0,0.0,0.0
c11794,0.0,0.0,0.0
c11795,3.4684968051105374,0.0,0.0
c11796,1.948819858867653,0.0,0.0
c11797,4.602822941716661,0.0,0.0
c11798,4.602822941716661,0.0,0.0
c11799,4.602822941716661,0.0,0.0
c11800,0.0,0.0,0.0
c11801,1.0767027712121553,0.0,0.0
c11802,3.6482608750234213,0.0,0.0
c11803,0.0,0.0,0.0
c11804,2.5582242767168335,0.0,0.0
c11805,3.134400792702231,0.0,0.0
c11806,3.134400792702231,0.0,0.0
c11807,7.191402419578438,0.0,0.0
c11808,3.1854808448675924,0.0,0.0
c11809,13.016034576066676,0.0,0.0
c11810,9.820531941204193,0.0,0.0
c11811,6.371598583101414,0.0,0.0
c11812,6.371598583101414,0.0,0.0
c11813,6.371598583101414,0.0,0.0
c11814,7.726413872558139,0.0,0.0
c11815,3.101554373153018,0.0,0.0
c11816,12.494439894455375,0.0,0.0
c11817,12.494439894455375,0.0,0.0
c11818,0.0,0.0,0.0
c11819,5.931291726264892,0.0,0.0
c11820,2.8467520337375616,0.0,0.0
c11821,1.400896154407964,0.0,0.0
c11822,13.684149117392888,0.0,0.0
c11823,15.600674790793997,0.0,0.0
c11824,1.6063491230623044,0.0,0.0
c11825,0.0,0.0,0.0
c11826,0.0,0.0,0.0
c11827,4.952595139334273,0.0,0.0
c11828,0.0,0.0,0.0
c11829,0.0,0.0,0.0
c11830,0.0,0.0,0.0
c11831,0.0,0.0,0.0
c11832,23.275661842905308,0.0,0.0
c11833,25.87839371462074,0.0,0.0
c11834,0.0,0.0,0.0
c11835,4.094305384031509,0.0,0.0
c11836,0.0,0.0,0.0
c11837,3.28608125565224,0.0,0.0
c11838,3.28608125565224,0.0,0.0
c11839,17.925517112513194,0.0,0.0
c11840,29.15280070710119,0.0,0.0
c11841,0.0,0.0,0.0
c11842,0.0,0.0,0.0
c11843,0.0,0.0,0.0
c11844,0.0,0.0,0.0
c11845,0.0,0.0,0.0
c11846,8.68065324643983,0.0,0.0
c11847,0.0,0.0,0.0
c11848,0.0,0.0,0.0
c11849,0.0,0.0,0.0
c11850,0.0,0.0,0.0
c11851,15.797360830257094,0.0,0.0
c11852,0.0,0.0,0.0
c11853,0.0,0.0,0.0
c11854,10.728340724994984,0.0,0.0
c11855,10.728340724994984,1.0,0.0
c11856,0.0,0.0,0.0
c11857,0.0,0.0,0.0
c11858,0.0,0.0,0.0
c11859,0.0,0.0,0.0
c11860,0.0,0.0,0.0
c11861,0.0,0.0,0.0
c11862,0.0,0.0,0.0
c11863,0.0,0.0,0.0
c11864,0.0,0.0,0.0
c11865,0.0,0.0,0.0
c11866,0.0,0.0,0.0
c11867,0.0,0.0,0.0
c11868,0.0,0.0,0.0
c11869,0.0,0.0,0.0
c11870,0.0,0.0,0.0
c11871,0.0,0.0,0.0
c11872,0.0,0.0,0.0
c11873,0.0,0.0,0.0
c11874,0.0,0.0,0.0
c11875,0.0,0.0,0.0
c11876,0.0,0.0,0.0
c11877,0.0,0.0,0.0
c11878,0.0,0.0,0.0
c11879,0.0,0.0,0.0
c11880,0.0,0.0,0.0
c11881,0.0,0.0,0.0
c11882,0.0,0.0,0.0
c11883,0.0,0.0,0.0
c11884,0.0,0.0,0.0
c11885,0.0,0.0,0.0
c11886,0.0,0.0,0.0
c11887,0.0,0.0,0.0
c11888,0.0,0.0,0.0
c11889,0.0,0.0,0.0
c11890,0.0,0.0,0.0
c11891,0.0,0.0,0.0
c11892,0.0,0.0,0.0
c11893,0.0,0.0,0.0
c11894,0.0,0.0,0.0
c11895,0.0,0.0,0.0
c11896,0.0,0.0,0.0
c11897,0.0,0.0,0.0
c11898,0.0,0.0,0.0
c11899,0.0,0.0,0.0
c11900,0.0,0.0,0.0
c11901,0.0,0.0,0.0
c11902,0.0,0.0,0.0
c11903,7.36446003120267,0.0,0.0
c11904,0.0,0.0,0.0
c11905,6.466464098130868,0.0,0.0
c11906,10.075963765833931,0.0,0.0
c11907,5.372891257237652,0.0,0.0
c11908,5.372891257237652,0.0,0.0
c11909,11.447521967179703,0.0,0.0
c11910,9.065539918578658,0.0,0.0
c11911,6.028107790672805,0.0,0.0
c11912,0.0,0.0,0.0
c11913,0.0,0.0,0.0
c11914,0.0,0.0,0.0
c11915,0.0,0.0,0.0
c11916,10.670597809112332,0.0,0.0
c11917,5.146931012363255,0.0,0.0
c11918,0.0,0.0,0.0
c11919,0.0,0.0,0.0
c11920,7.003807785455004,0.0,0.0
c11921,2.384125970399287,0.0,0.0
c11922,0.0,0.0,0.0
c11923,2.5618126698486265,0.0,0.0
c11924,3.90966174922875,0.0,0.0
c11925,0.8001395590984322,0.0,0.0
c11926,1.4913629515546063,0.0,0.0
c11927,4.691201763350559,0.0,0.0
c11928,4.040171443125291,0.0,0.0
c11929,0.0,0.0,0.0
c11930,0.0,0.0,0.0
c11931,3.4489333581027792,0.0,0.0
c11932,3.4489333581027792,0.0,0.0
c11933,4.918448766437953,0.0,0.0
c11934,1.462503577535375,0.0,0.0
c11935,2.1662707412407234,0.0,0.0
c11936,15.502879619717449,0.0,0.0
c11937,12.494439894455375,0.0,0.0
c11938,0.0,0.0,0.0
c11939,0.0,0.0,0.0
c11940,3.6418717701251277,0.0,0.0
c11941,3.6418717701251277,0.0,0.0
c11942,15.311689941422506,2.0,0.0
c11943,13.894202427530779,0.0,0.0
c11944,0.4459908958694364,0.0,0.0
c11945,10.187718730018057,0.0,0.0
c11946,8.531829273034633,0.0,0.0
c11947,5.850315918955069,0.0,0.0
c11948,4.952595139334273,0.0,0.0
c11949,0.0,0.0,0.0
c11950,0.0,0.0,0.0
c11951,0.0,0.0,0.0
c11952,0.0,0.0,0.0
c11953,23.275661842905308,0.0,0.0
c11954,4.642566613119775,0.0,0.0
c11955,4.367253547180617,0.0,0.0
c11956,4.367253547180617,0.0,0.0
c11957,3.348132921495448,0.0,0.0
c11958,6.634214177147689,0.0,0.0
c11959,3.28608125565224,0.0,0.0
c11960,9.525123352078104,0.0,0.0
c11961,20.4403584051353,0.0,0.0
c11962,0.0,0.0,0.0
c11963,0.0,0.0,0.0
c11964,0.0,0.0,0.0
c11965,0.0,0.0,0.0
c11966,0.0,0.0,0.0
c11967,6.66894627539597,0.0,0.0
c11968,0.0,0.0,0.0
c11969,0.0,0.0,0.0
c11970,0.0,0.0,0.0
c11971,0.0,0.0,0.0
c11972,15.797360830257094,0.0,0.0
c11973,17.514096473937748,0.0,0.0
c11974,12.472642672670723,0.0,0.0
c11975,10.728340724994984,0.0,0.0
c11976,0.0,0.0,0.0
c11977,0.0,0.0,0.0
c11978,0.0,0.0,0.0
c11979,0.0,0.0,0.0
c11980,0.0,0.0,0.0
c11981,0.0,0.0,0.0
c11982,0.0,0.0,0.0
c11983,0.0,0.0,0.0
c11984,0.0,0.0,0.0
c11985,0.0,0.0,0.0
c11986,0.0,0.0,0.0
c11987,0.0,0.0,0.0
c11988,0.0,0.0,0.0
c11989,0.0,0.0,0.0
c11990,0.0,0.0,0.0
c11991,0.0,0.0,0.0
c11992,0.0,0.0,0.0
c11993,0.0,0.0,0.0
c11994,0.0,0.0,0.0
c11995,0.0,0.0,0.0
c11996,0.0,0.0,0.0
c11997,0.0,0.0,0.0
c11998,0.0,0.0,0.0
c11999,0.0,0.0,0.0
c12000,0.0,0.0,0.0
c12001,0.0,0.0,0.0
c12002,0.0,0.0,0.0
c12003,0.0,0.0,0.0
c12004,0.0,0.0,0.0
c12005,0.0,0.0,0.0
c12006,0.0,0.0,0.0
c12007,0.0,0.0,0.0
c12008,0.0,0.0,0.0
c12009,0.0,0.0,0.0
c12010,0.0,0.0,0.0
c12011,0.0,0.0,0.0
c12012,0.0,0.0,0.0
c12013,0.0,0.0,0.0
c12014,0.0,0.0,0.0
c12015,0.0,0.0,0.0
c12016,0.0,0.0,0.0
c12017,0.0,0.0,0.0
c12018,0.0,0.0,0.0
c12019,0.0,0.0,0.0
c12020,0.0,0.0,0.0
c12021,0.0,0.0,0.0
c12022,0.0,0.0,0.0
c12023,0.0,0.0,0.0
c12024,18.292178693413017,0.0,0.0
c12025,10.927718662210347,0.0,0.0
c12026,17.394182760341216,0.0,0.0
c12027,0.0,0.0,0.0
c12028,5.372891257237652,0.0,0.0
c12029,5.372891257237652,0.0,0.0
c12030,3.0371985820361993,0.0,0.0
c12031,19.443960572491548,0.0,0.0
c12032,0.0,0.0,0.0
c12033,0.0,0.0,0.0
c12034,0.0,0.0,0.0
c12035,0.0,0.0,0.0
c12036,3.2421037806914432,0.0,0.0
c12037,3.2421037806914432,0.0,0.0
c12038,5.146931012363255,0.0,0.0
c12039,5.146931012363255,0.0,0.0
c12040,4.666027240122096,0.0,0.0
c12041,4.666027240122096,0.0,0.0
c12042,7.050153210521383,0.0,0.0
c12043,0.0,0.0,0.0
c12044,2.5618126698486265,0.0,0.0
c12045,4.902854846714486,0.0,0.0
c12046,2.202063787516011,0.0,0.0
c12047,2.2071271579238343,0.0,0.0
c12048,0.0,0.0,0.0
c12049,0.0,0.0,0.0
c12050,0.0,0.0,0.0
c12051,0.0,0.0,0.0
c12052,0.0,0.0,0.0
c12053,0.0,0.0,0.0
c12054,0.0,0.0,0.0
c12055,3.6287743187760984,0.0,0.0
c12056,2.9726572925513937,0.0,0.0
c12057,13.93486901441008,0.0,0.0
c12058,0.0,0.0,0.0
c12059,2.1723215039395,0.0,0.0
c12060,2.1723215039395,0.0,0.0
c12061,5.814193274064628,0.0,0.0
c12062,4.002949194999814,0.0,0.0
c12063,17.703738518061563,0.0,0.0
c12064,0.0,0.0,0.0
c12065,0.0,0.0,0.0
c12066,0.0,0.0,0.0
c12067,9.37444929108067,0.0,0.0
c12068,9.37444929108067,0.0,0.0
c12069,0.0,0.0,0.0
c12070,0.0,0.0,0.0
c12071,0.0,0.0,0.0
c12072,0.0,0.0,0.0
c12073,0.0,0.0,0.0
c12074,23.275661842905308,0.0,0.0
c12075,3.990507994497851,0.0,0.0
c12076,3.990507994497851,0.0,0.0
c12077,2.0569829373770947,0.0,0.0
c12078,3.348132921495448,0.0,0.0
c12079,0.0,0.0,0.0
c12080,3.3531840629767236,0.0,0.0
c12081,6.239042096425865,0.0,0.0
c12082,23.326216438584442,0.0,0.0
c12083,0.0,0.0,0.0
c12084,0.0,0.0,0.0
c12085,9.22731118145152,0.0,0.0
c12086,0.0,0.0,0.0
c12087,6.66894627539597,0.0,0.0
c12088,6.66894627539597,0.0,0.0
c12089,0.0,0.0,0.0
c12090,0.0,0.0,0.0
c12091,0.0,0.0,0.0
c12092,0.0,0.0,0.0
c12093,0.0,0.0,0.0
c12094,17.514096473937748,0.0,0.0
c12095,15.797360830257094,0.0,0.0
c12096,0.0,0.0,0.0
c12097,0.0,0.0,0.0
c12098,0.0,0.0,0.0
c12099,0.0,0.0,0.0
c12100,0.0,0.0,0.0
c12101,0.0,0.0,0.0
c12102,0.0,0.0,0.0
c12103,0.0,0.0,0.0
c12104,0.0,0.0,0.0
c12105,0.0,0.0,0.0
c12106,0.0,0.0,0.0
c12107,0.0,0.0,0.0
c12108,0.0,0.0,0.0
c12109,0.0,0.0,0.0
c12110,0.0,0.0,0.0
c12111,0.0,0.0,0.0
c12112,0.0,0.0,0.0
c12113,0.0,0.0,0.0
c12114,0.0,0.0,0.0
c12115,0.0,0.0,0.0
c12116,0.0,0.0,0.0
c12117,0.0,0.0,0.0
c12118,0.0,0.0,0.0
c12119,0.0,0.0,0.0
c12120,0.0,0.0,0.0
c12121,0.0,0.0,0.0
c12122,0.0,0.0,0.0
c12123,0.0,0.0,0.0
c12124,0.0,0.0,0.0
c12125,0.0,0.0,0.0
c12126,0.0,0.0,0.0
c12127,0.0,0.0,0.0
c12128,0.0,0.0,0.0
c12129,0.0,0.0,0.0
c12130,0.0,0.0,0.0
c12131,0.0,0.0,0.0
c12132,0.0,0.0,0.0
c12133,0.0,0.0,0.0
c12134,0.0,0.0,0.0
c12135,0.0,0.0,0.0
c12136,0.0,0.0,0.0
c12137,0.0,0.0,0.0
c12138,0.0,0.0,0.0
c12139,0.0,0.0,0.0
c12140,0.0,0.0,0.0
c12141,0.0,0.0,0.0
c12142,0.0,0.0,0.0
c12143,0.0,0.0,0.0
c12144,0.0,0.0,0.0
c12145,21.913954946955062,0.0,0.0
c12146,10.927718662210347,0.0,0.0
c12147,10.927718662210347,0.0,0.0
c12148,10.927718662210347,0.0,0.0
c12149,10.927718662210347,0.0,0.0
c12150,6.954801477639263,0.0,0.0
c12151,6.954801477639263,0.0,0.0
c12152,9.429309139907689,0.0,0.0
c12153,1.9027579779678554,0.0,1.0
c12154,0.0,0.0,0.0
c12155,0.0,0.0,0.0
c12156,0.0,0.0,0.0
c12157,3.2421037806914432,0.0,0.0
c12158,6.524168473898095,0.0,0.0
c12159,14.407494493920968,0.0,0.0
c12160,19.062237812735688,0.0,0.0
c12161,13.744333828711289,0.0,0.0
c12162,9.078306588589193,0.0,1.0
c12163,22.329518576921387,0.0,0.0
c12164,16.319909386223607,0.0,0.0
c12165,15.288051270323026,0.0,0.0
c12166,27.12304057107231,0.0,0.0
c12167,10.946080213485303,0.0,0.0
c12168,0.0,0.0,0.0
c12169,0.0,0.0,0.0
c12170,0.0,0.0,0.0
c12171,0.0,0.0,0.0
c12172,0.0,0.0,0.0
c12173,0.0,0.0,0.0
c12174,0.0,0.0,0.0
c12175,0.0,0.0,0.0
c12176,0.0,0.0,0.0
c12177,2.2593257093845067,0.0,0.0
c12178,12.494439894455375,0.0,0.0
c12179,14.103054716656384,0.0,0.0
c12180,3.7982403829342304,0.0,0.0
c12181,0.0,0.0,0.0
c12182,8.207347072680339,0.0,0.0
c12183,4.002949194999814,0.0,0.0
c12184,2.116184058571805,0.0,0.0
c12185,2.116184058571805,0.0,0.0
c12186,0.0,0.0,0.0
c12187,0.0,0.0,0.0
c12188,8.531829273034633,0.0,0.0
c12189,8.531829273034633,0.0,0.0
c12190,0.0,0.0,0.0
c12191,0.0,0.0,0.0
c12192,0.0,0.0,0.0
c12193,0.0,0.0,0.0
c12194,0.0,0.0,0.0
c12195,23.275661842905308,0.0,0.0
c12196,0.0,0.0,0.0
c12197,3.990507994497851,0.0,0.0
c12198,10.746014902316883,0.0,0.0
c12199,3.348132921495448,0.0,0.0
c12200,0.0,0.0,0.0
c12201,4.740904844896254,0.0,0.0
c12202,0.0,0.0,0.0
c12203,20.4403584051353,0.0,0.0
c12204,0.0,0.0,0.0
c12205,0.0,0.0,0.0
c12206,9.22731118145152,0.0,0.0
c12207,0.0,0.0,0.0
c12208,8.326362677892691,2.0,0.0
c12209,0.0,0.0,0.0
c12210,0.0,0.0,0.0
c12211,0.0,0.0,0.0
c12212,0.0,0.0,0.0
c12213,0.0,0.0,0.0
c12214,0.0,0.0,0.0
c12215,0.0,0.0,0.0
c12216,20.78323868999503,0.0,0.0
c12217,0.0,0.0,0.0
c12218,0.0,0.0,0.0
c12219,0.0,0.0,0.0
c12220,0.0,0.0,0.0
c12221,0.0,0.0,0.0
c12222,0.0,0.0,0.0
c12223,0.0,0.0,0.0
c12224,0.0,0.0,0.0
c12225,0.0,0.0,0.0
c12226,0.0,0.0,0.0
c12227,0.0,0.0,0.0
c12228,0.0,0.0,0.0
c12229,0.0,0.0,0.0
c12230,0.0,0.0,0.0
c12231,0.0,0.0,0.0
c12232,0.0,0.0,0.0
c12233,0.0,0.0,0.0
c12234,0.0,0.0,0.0
c12235,0.0,0.0,0.0
c12236,0.0,0.0,0.0
c12237,0.0,0.0,0.0
c12238,0.0,0.0,0.0
c12239,0.0,0.0,0.0
c12240,0.0,0.0,0.0
c12241,0.0,0.0,0.0
c12242,0.0,0.0,0.0
c12243,0.0,0.0,0.0
c12244,0.0,0.0,0.0
c12245,0.0,0.0,0.0
c12246,0.0,0.0,0.0
c12247,0.0,0.0,0.0
c12248,0.0,0.0,0.0
c12249,0.0,0.0,0.0
c12250,0.0,0.0,0.0
c12251,0.0,0.0,0.0
c12252,0.0,0.0,0.0
c12253,0.0,0.0,0.0
c12254,0.0,0.0,0.0
c12255,0.0,0.0,0.0
c12256,0.0,0.0,0.0
c12257,0.0,0.0,0.0
c12258,0.0,0.0,0.0
c12259,0.0,0.0,0.0
c12260,0.0,0.0,0.0
c12261,0.0,0.0,0.0
c12262,0.0,0.0,0.0
c12263,0.0,0.0,0.0
c12264,0.0,0.0,0.0
c12265,0.0,0.0,0.0
c12266,6.803737500846182,0.0,0.0
c12267,3.4251804237026806,0.0,0.0
c12268,10.927718662210347,0.0,0.0
c12269,10.927718662210347,0.0,0.0
c12270,17.88252013984961,0.0,0.0
c12271,6.954801477639263,0.0,0.0
c12272,0.0,0.0,0.0
c12273,0.0,0.0,0.0
c12274,7.878063518506474,0.0,0.0
c12275,7.628495321787815,0.0,0.0
c12276,3.6621019618518327,0.0,0.0
c12277,3.6621019618518327,0.0,0.0
c12278,9.887375210289745,0.0,0.0
c12279,16.64570210798835,0.0,0.0
c12280,14.698978111037539,0.0,0.0
c12281,9.078306588589193,0.0,0.0
c12282,9.078306588589193,0.0,0.0
c12283,6.181645027949571,0.0,0.0
c12284,6.181645027949571,0.0,0.0
c12285,9.078306588589193,0.0,0.0
c12286,13.59354451230417,0.0,0.0
c12287,2.2519587280347566,0.0,0.0
c12288,10.946080213485303,0.0,0.0
c12289,10.946080213485303,0.0,0.0
c12290,0.0,0.0,0.0
c12291,10.946080213485303,0.0,0.0
c12292,10.946080213485303,0.0,1.0
c12293,10.946080213485303,0.0,0.0
c12294,10.946080213485303,0.0,0.0
c12295,24.059212997704435,0.0,0.0
c12296,12.494439894455375,0.0,0.0
c12297,12.494439894455375,0.0,0.0
c12298,15.488188236253794,0.0,0.0
c12299,12.494439894455375,0.0,0.0
c12300,0.0,0.0,0.0
c12301,2.753829524728417,0.0,0.0
c12302,6.489877667211497,0.0,0.0
c12303,3.79012749880813,0.0,0.0
c12304,0.0,0.0,0.0
c12305,9.332645201795506,0.0,0.0
c12306,8.019621835372105,0.0,0.0
c12307,5.326110430874475,0.0,0.0
c12308,5.326110430874475,0.0,0.0
c12309,0.0,0.0,0.0
c12310,8.531829273034633,0.0,0.0
c12311,8.531829273034633,0.0,0.0
c12312,0.0,0.0,0.0
c12313,23.275661842905308,0.0,0.0
c12314,23.275661842905308,0.0,0.0
c12315,23.275661842905308,0.0,0.0
c12316,23.275661842905308,0.0,0.0
c12317,0.0,0.0,0.0
c12318,32.03039843746482,0.0,0.0
c12319,30.338130972868772,0.0,0.0
c12320,2.014459066261931,0.0,0.0
c12321,26.49407874325802,0.0,0.0
c12322,1.3877207819195303,0.0,0.0
c12323,0.0,0.0,0.0
c12324,20.4403584051353,0.0,0.0
c12325,0.0,0.0,0.0
c12326,9.22731118145152,0.0,0.0
c12327,9.22731118145152,0.0,0.0
c12328,0.0,0.0,0.0
c12329,6.966809123304678,0.0,0.0
c12330,0.0,0.0,0.0
c12331,0.0,0.0,0.0
c12332,0.0,0.0,0.0
c12333,0.0,0.0,0.0
c12334,0.0,1.0,0.0
c12335,0.0,0.0,0.0
c12336,0.0,0.0,0.0
c12337,4.952552080690106,0.0,0.0
c12338,4.952552080690106,0.0,0.0
c12339,0.0,0.0,0.0
c12340,0.0,0.0,0.0
c12341,0.0,0.0,0.0
c12342,0.0,0.0,0.0
c12343,0.0,0.0,0.0
c12344,0.0,0.0,0.0
c12345,0.0,0.0,0.0
c12346,0.0,0.0,0.0
c12347,0.0,0.0,0.0
c12348,0.0,0.0,0.0
c12349,0.0,0.0,0.0
c12350,0.0,0.0,0.0
c12351,0.0,0.0,0.0
c12352,0.0,0.0,0.0
c12353,0.0,0.0,0.0
c12354,0.0,0.0,0.0
c12355,0.0,0.0,0.0
c12356,0.0,0.0,0.0
c12357,0.0,0.0,0.0
c12358,0.0,0.0,0.0
c12359,0.0,0.0,0.0
c12360,0.0,0.0,0.0
c12361,0.0,0.0,0.0
c12362,0.0,0.0,0.0
c12363,0.0,0.0,0.0
c12364,0.0,0.0,0.0
c12365,0.0,0.0,0.0
c12366,0.0,0.0,0.0
c12367,0.0,0.0,0.0
c12368,0.0,0.0,0.0
c12369,0.0,0.0,0.0
c12370,0.0,0.0,0.0
c12371,0.0,0.0,0.0
c12372,0.0,0.0,0.0
c12373,0.0,0.0,0.0
c12374,0.0,0.0,0.0
c12375,0.0,0.0,0.0
c12376,0.0,0.0,0.0
c12377,0.0,0.0,0.0
c12378,0.0,0.0,0.0
c12379,0.0,0.0,0.0
c12380,0.0,0.0,0.0
c12381,0.0,0.0,0.0
c12382,0.0,0.0,0.0
c12383,0.0,0.0,0.0
c12384,0.0,0.0,0.0
c12385,0.0,0.0,0.0
c12386,0.0,0.0,0.0
c12387,3.378557077143502,0.0,0.0
c12388,6.803737500846182,0.0,0.0
c12389,3.4251804237026806,0.0,0.0
c12390,10.392504369377878,0.0,0.0
c12391,17.88252013984961,0.0,0.0
c12392,6.954801477639263,0.0,0.0
c12393,0.0,0.0,0.0
c12394,3.2123506673647935,0.0,0.0
c12395,3.2123506673647935,0.0,0.0
c12396,2.450895593773939,0.0,0.0
c12397,0.0,0.0,0.0
c12398,3.5287059885959966,0.0,0.0
c12399,8.026394112919283,0.0,1.0
c12400,2.5950333942994512,0.0,0.0
c12401,3.33636977019563,0.0,0.0
c12402,0.0,0.0,0.0
c12403,0.0,0.0,0.0
c12404,6.181645027949571,0.0,0.0
c12405,0.0,0.0,0.0
c12406,4.490590160400153,0.0,0.0
c12407,4.490590160400153,0.0,0.0
c12408,4.822076945357573,0.0,0.0
c12409,0.0,0.0,0.0
c12410,10.946080213485303,0.0,0.0
c12411,10.946080213485303,0.0,0.0
c12412,10.946080213485303,0.0,0.0
c12413,0.0,0.0,0.0
c12414,0.0,0.0,0.0
c12415,0.0,0.0,0.0
c12416,12.494439894455375,0.0,0.0
c12417,12.494439894455375,0.0,0.0
c12418,5.418368202566801,0.0,0.0
c12419,1.6497016831086853,0.0,0.0
c12420,6.853024577112001,0.0,0.0
c12421,2.753829524728417,0.0,0.0
c12422,2.753829524728417,0.0,0.0
c12423,8.790882901213575,0.0,0.0
c12424,20.162112991196754,0.0,0.0
c12425,8.790882901213575,0.0,0.0
c12426,8.790882901213575,0.0,0.0
c12427,0.0,0.0,0.0
c12428,0.0,0.0,0.0
c12429,5.326110430874475,0.0,0.0
c12430,5.326110430874475,0.0,0.0
c12431,37.42675163936843,0.0,0.0
c12432,31.80749111593994,0.0,0.0
c12433,23.275661842905308,0.0,0.0
c12434,23.275661842905308,0.0,0.0
c12435,0.0,0.0,0.0
c12436,0.0,0.0,0.0
c12437,0.0,0.0,0.0
c12438,0.0,0.0,0.0
c12439,32.03039843746482,0.0,0.0
c12440,0.0,0.0,0.0
c12441,0.0,0.0,0.0
c12442,23.091898895076557,0.0,0.0
c12443,0.0,0.0,0.0
c12444,0.0,0.0,0.0
c12445,20.4403584051353,0.0,0.0
c12446,0.0,0.0,0.0
c12447,0.0,0.0,0.0
c12448,9.22731118145152,0.0,1.0
c12449,0.0,0.0,0.0
c12450,5.289058972343816,0.0,0.0
c12451,0.0,0.0,0.0
c12452,0.0,0.0,0.0
c12453,0.0,0.0,0.0
c12454,0.0,0.0,0.0
c12455,0.0,0.0,0.0
c12456,0.0,0.0,0.0
c12457,0.0,0.0,0.0
c12458,0.0,0.0,0.0
c12459,9.809218073488468,0.0,0.0
c12460,0.0,0.0,0.0
c12461,0.0,0.0,0.0
c12462,0.0,0.0,0.0
c12463,0.0,0.0,0.0
c12464,0.0,0.0,0.0
c12465,0.0,0.0,0.0
c12466,0.0,0.0,0.0
c12467,0.0,0.0,0.0
c12468,0.0,0.0,0.0
c12469,0.0,0.0,0.0
c12470,0.0,0.0,0.0
c12471,0.0,0.0,0.0
c12472,0.0,0.0,0.0
c12473,0.0,0.0,0.0
c12474,0.0,0.0,0.0
c12475,0.0,0.0,0.0
c12476,0.0,0.0,0.0
c12477,0.0,0.0,0.0
c12478,0.0,0.0,0.0
c12479,0.0,0.0,0.0
c12480,0.0,0.0,0.0
c12481,0.0,0.0,0.0
c12482,0.0,0.0,0.0
c12483,0.0,0.0,0.0
c12484,0.0,0.0,0.0
c12485,0.0,0.0,0.0
c12486,0.0,0.0,0.0
c12487,0.0,0.0,0.0
c12488,0.0,0.0,0.0
c12489,0.0,0.0,0.0
c12490,0.0,0.0,0.0
c12491,0.0,0.0,0.0
c12492,0.0,0.0,0.0
c12493,0.0,0.0,0.0
c12494,0.0,0.0,0.0
c12495,0.0,0.0,0.0
c12496,0.0,0.0,0.0
c12497,0.0,0.0,0.0
c12498,0.0,0.0,0.0
c12499,0.0,0.0,0.0
c12500,0.0,0.0,0.0
c12501,0.0,0.0,0.0
c12502,0.0,0.0,0.0
c12503,0.0,0.0,0.0
c12504,0.0,0.0,0.0
c12505,0.0,0.0,0.0
c12506,0.0,0.0,0.0
c12507,0.0,0.0,0.0
c12508,4.099476269231809,0.0,0.0
c12509,0.0,0.0,0.0
c12510,0.0,0.0,0.0
c12511,0.0,0.0,0.0
c12512,0.0,0.0,0.0
c12513,0.0,0.0,0.0
c12514,0.0,0.0,0.0
c12515,3.2123506673647935,0.0,0.0
c12516,3.616553734632494,0.0,0.0
c12517,5.871917493075671,0.0,0.0
c12518,9.62836913075548,0.0,0.0
c12519,8.637618627459505,0.0,0.0
c12520,0.0,0.0,0.0
c12521,0.0,0.0,0.0
c12522,2.21040249796781,0.0,0.0
c12523,2.21040249796781,0.0,0.0
c12524,6.181645027949571,0.0,0.0
c12525,11.488343704459712,0.0,0.0
c12526,4.490590160400153,0.0,0.0
c12527,4.490590160400153,0.0,0.0
c12528,0.0,0.0,0.0
c12529,2.560845940272427,0.0,0.0
c12530,0.0,0.0,0.0
c12531,0.0,0.0,0.0
c12532,0.0,0.0,0.0
c12533,0.0,0.0,0.0
c12534,0.0,0.0,0.0
c12535,0.0,0.0,0.0
c12536,0.0,0.0,0.0
c12537,0.0,0.0,0.0
c12538,3.7134214221871473,0.0,0.0
c12539,7.7832151602983135,0.0,0.0
c12540,7.532136250637354,0.0,0.0
c12541,4.069793738111166,0.0,0.0
c12542,0.0,0.0,0.0
c12543,12.949979949551691,0.0,0.0
c12544,19.807358619841693,0.0,0.0
c12545,9.256363158815091,0.0,0.0
c12546,2.398984488525087,0.0,0.0
c12547,0.0,0.0,0.0
c12548,0.0,0.0,0.0
c12549,0.0,0.0,0.0
c12550,0.0,0.0,0.0
c12551,13.564822005749077,0.0,0.0
c12552,25.515208830610398,0.0,0.0
c12553,34.213721691734634,0.0,0.0
c12554,10.93805984882933,0.0,0.0
c12555,10.93805984882933,0.0,0.0
c12556,0.0,0.0,0.0
c12557,0.0,0.0,0.0
c12558,24.193899262865173,0.0,0.0
c12559,24.193899262865173,0.0,0.0
c12560,32.03039843746482,0.0,0.0
c12561,0.0,0.0,0.0
c12562,23.091898895076557,0.0,0.0
c12563,23.091898895076557,0.0,0.0
c12564,0.0,0.0,0.0
c12565,0.0,0.0,0.0
c12566,20.4403584051353,0.0,0.0
c12567,0.0,0.0,0.0
c12568,0.0,0.0,0.0
c12569,9.22731118145152,0.0,0.0
c12570,5.289058972343816,0.0,0.0
c12571,5.289058972343816,0.0,0.0
c12572,0.0,0.0,0.0
c12573,0.0,0.0,0.0
c12574,0.0,0.0,0.0
c12575,0.0,0.0,0.0
c12576,0.0,0.0,0.0
c12577,0.0,0.0,0.0
c12578,0.0,0.0,0.0
c12579,0.0,0.0,0.0
c12580,4.832673193784846,0.0,0.0
c12581,7.996747451464214,0.0,0.0
c12582,0.0,0.0,0.0
c12583,0.0,0.0,0.0
c12584,0.0,0.0,0.0
c12585,0.0,0.0,0.0
c12586,0.0,0.0,0.0
c12587,0.0,0.0,0.0
c12588,0.0,0.0,0.0
c12589,0.0,0.0,0.0
c12590,0.0,0.0,0.0
c12591,0.0,0.0,0.0
c12592,0.0,0.0,0.0
c12593,0.0,0.0,0.0
c12594,0.0,0.0,0.0
c12595,0.0,0.0,0.0
c12596,0.0,0.0,0.0
c12597,0.0,0.0,0.0
c12598,0.0,0.0,0.0
c12599,0.0,0.0,0.0
c12600,0.0,0.0,0.0
c12601,0.0,0.0,0.0
c12602,0.0,0.0,0.0
c12603,0.0,0.0,0.0
c12604,0.0,0.0,0.0
c12605,0.0,0.0,0.0
c12606,0.0,0.0,0.0
c12607,0.0,0.0,0.0
c12608,0.0,0.0,0.0
c12609,0.0,0.0,0.0
c12610,0.0,0.0,0.0
c12611,0.0,0.0,0.0
c12612,0.0,0.0,0.0
c12613,0.0,0.0,0.0
c12614,0.0,0.0,0.0
c12615,0.0,0.0,0.0
c12616,0.0,0.0,0.0
c12617,0.0,0.0,0.0
c12618,0.0,0.0,0.0
c12619,0.0,0.0,0.0
c12620,0.0,0.0,0.0
c12621,0.0,0.0,0.0
c12622,0.0,0.0,0.0
c12623,0.0,0.0,0.0
c12624,0.0,0.0,0.0
c12625,0.0,0.0,0.0
c12626,0.0,0.0,0.0
c12627,0.0,0.0,0.0
c12628,0.0,0.0,0.0
c12629,2.633759499300767,0.0,0.0
c12630,0.0,0.0,0.0
c12631,0.0,0.0,0.0
c12632,0.0,0.0,0.0
c12633,0.0,0.0,0.0
c12634,0.0,0.0,0.0
c12635,4.377425826149765,0.0,0.0
c12636,13.434053282227428,0.0,0.0
c12637,3.616553734632494,0.0,0.0
c12638,9.94059929932677,0.0,0.0
c12639,3.893910861290604,0.0,0.0
c12640,4.601155042361311,0.0,0.0
c12641,0.0,0.0,0.0
c12642,0.0,0.0,0.0
c12643,0.0,0.0,0.0
c12644,11.158703391846897,0.0,0.0
c12645,8.258845939933163,0.0,0.0
c12646,2.78295052317098,0.0,0.0
c12647,0.0,0.0,0.0
c12648,0.0,0.0,0.0
c12649,0.0,0.0,0.0
c12650,2.560845940272427,0.0,0.0
c12651,0.0,0.0,0.0
c12652,0.0,0.0,0.0
c12653,0.0,0.0,0.0
c12654,0.0,0.0,0.0
c12655,0.0,0.0,0.0
c12656,0.0,0.0,0.0
c12657,0.0,0.0,0.0
c12658,8.297326344421727,0.0,0.0
c12659,8.830283124148199,0.0,0.0
c12660,4.069793738111166,0.0,0.0
c12661,3.462342512526188,0.0,0.0
c12662,0.0,0.0,0.0
c12663,0.0,0.0,0.0
c12664,12.949979949551691,0.0,0.0
c12665,6.857378670290004,0.0,0.0
c12666,9.676624392939651,0.0,0.0
c12667,5.218230211174733,0.0,0.0
c12668,3.409430157240828,0.0,0.0
c12669,0.0,0.0,0.0
c12670,0.0,0.0,0.0
c12671,13.564822005749077,0.0,0.0
c12672,13.564822005749077,0.0,0.0
c12673,0.0,0.0,0.0
c12674,0.0,0.0,0.0
c12675,0.0,0.0,0.0
c12676,10.93805984882933,0.0,0.0
c12677,0.0,0.0,0.0
c12678,24.193899262865173,0.0,0.0
c12679,24.193899262865173,0.0,0.0
c12680,7.8364991745996475,0.0,0.0
c12681,7.8364991745996475,0.0,0.0
c12682,0.0,0.0,0.0
c12683,23.091898895076557,0.0,0.0
c12684,0.0,0.0,0.0
c12685,0.0,0.0,0.0
c12686,0.0,0.0,0.0
c12687,20.4403584051353,0.0,0.0
c12688,0.0,0.0,0.0
c12689,0.0,0.0,0.0
c12690,9.22731118145152,0.0,0.0
c12691,0.0,0.0,0.0
c12692,5.289058972343816,0.0,0.0
c12693,0.0,0.0,0.0
c12694,0.0,0.0,0.0
c12695,0.0,0.0,0.0
c12696,0.0,0.0,0.0
c12697,0.0,0.0,0.0
c12698,0.0,0.0,0.0
c12699,0.0,0.0,0.0
c12700,0.0,0.0,0.0
c12701,0.0,0.0,0.0
c12702,11.033018995752627,0.0,0.0
c12703,6.557497032478939,0.0,0.0
c12704,0.0,0.0,0.0
c12705,0.0,0.0,0.0
c12706,0.0,0.0,0.0
c12707,0.0,0.0,0.0
c12708,0.0,0.0,0.0
c12709,0.0,0.0,0.0
c12710,0.0,0.0,0.0
c12711,0.0,0.0,0.0
c12712,0.0,0.0,0.0
c12713,0.0,0.0,0.0
c12714,0.0,0.0,0.0
c12715,0.0,0.0,0.0
c12716,0.0,0.0,0.0
c12717,0.0,0.0,0.0
c12718,0.0,0.0,0.0
c12719,0.0,0.0,0.0
c12720,0.0,0.0,0.0
c12721,0.0,0.0,0.0
c12722,0.0,0.0,0.0
c12723,0.0,0.0,0.0
c12724,0.0,0.0,0.0
c12725,0.0,0.0,0.0
c12726,0.0,0.0,0.0
c12727,0.0,0.0,0.0
c12728,0.0,0.0,0.0
c12729,0.0,0.0,0.0
c12730,0.0,0.0,0.0
c12731,0.0,0.0,0.0
c12732,0.0,0.0,0.0
c12733,0.0,0.0,0.0
c12734,0.0,0.0,0.0
c12735,0.0,0.0,0.0
c12736,0.0,0.0,0.0
c12737,0.0,0.0,0.0
c12738,0.0,0.0,0.0
c12739,0.0,0.0,0.0
c12740,0.0,0.0,0.0
c12741,0.0,0.0,0.0
c12742,0.0,0.0,0.0
c12743,0.0,0.0,0.0
c12744,0.0,0.0,0.0
c12745,0.0,0.0,0.0
c12746,0.0,0.0,0.0
c12747,0.0,0.0,0.0
c12748,0.0,0.0,0.0
c12749,0.0,0.0,0.0
c12750,1.92100989935209,0.0,0.0
c12751,0.0,0.0,0.0
c12752,0.0,0.0,0.0
c12753,0.0,0.0,0.0
c12754,0.0,0.0,0.0
c12755,0.0,0.0,0.0
c12756,4.377425826149765,0.0,0.0
c12757,2.212092213052316,0.0,0.0
c12758,4.941661904686232,0.0,0.0
c12759,6.403984853640404,0.0,0.0
c12760,0.0,0.0,0.0
c12761,4.601155042361311,0.0,0.0
c12762,0.0,0.0,0.0
c12763,0.0,0.0,0.0
c12764,0.0,0.0,0.0
c12765,6.862969325341306,0.0,0.0
c12766,8.258845939933163,0.0,0.0
c12767,9.2488389894906,0.0,0.0
c12768,0.0,0.0,0.0
c12769,0.0,0.0,0.0
c12770,0.0,0.0,0.0
c12771,5.844556329273523,0.0,0.0
c12772,0.0,0.0,0.0
c12773,0.0,0.0,0.0
c12774,0.0,0.0,0.0
c12775,0.0,0.0,0.0
c12776,0.0,0.0,0.0
c12777,0.0,0.0,0.0
c12778,8.283497326413066,0.0,1.0
c12779,8.283497326413066,0.0,0.0
c12780,0.0,0.0,0.0
c12781,0.0,0.0,0.0
c12782,3.462342512526188,0.0,0.0
c12783,0.0,0.0,0.0
c12784,15.390940815775789,0.0,0.0
c12785,17.6069096422905,0.0,0.0
c12786,11.01647571862812,0.0,0.0
c12787,13.835721441277766,0.0,0.0
c12788,0.0,0.0,0.0
c12789,1.9704821916859983,0.0,0.0
c12790,0.0,0.0,0.0
c12791,0.0,0.0,0.0
c12792,13.564822005749077,0.0,0.0
c12793,0.0,0.0,0.0
c12794,0.0,0.0,0.0
c12795,0.0,0.0,0.0
c12796,10.93805984882933,0.0,0.0
c12797,10.93805984882933,0.0,0.0
c12798,0.0,0.0,0.0
c12799,24.193899262865173,0.0,0.0
c12800,0.0,0.0,0.0
c12801,7.8364991745996475,0.0,0.0
c12802,0.0,0.0,0.0
c12803,0.0,0.0,0.0
c12804,23.091898895076557,1.0,0.0
c12805,0.0,0.0,0.0
c12806,0.0,0.0,0.0
c12807,0.0,0.0,0.0
c12808,20.4403584051353,0.0,0.0
c12809,46.15207345874338,0.0,0.0
c12810,46.15207345874338,0.0,0.0
c12811,9.22731118145152,0.0,0.0
c12812,0.0,0.0,0.0
c12813,5.289058972343816,0.0,0.0
c12814,0.0,0.0,0.0
c12815,0.0,0.0,0.0
c12816,0.0,0.0,0.0
c12817,0.0,0.0,0.0
c12818,0.0,0.0,0.0
c12819,0.0,0.0,0.0
c12820,0.0,0.0,0.0
c12821,0.0,0.0,0.0
c12822,0.0,0.0,0.0
c12823,0.0,0.0,0.0
c12824,9.347457349470647,0.0,0.0
c12825,5.446568853081042,0.0,0.0
c12826,0.0,0.0,0.0
c12827,0.0,0.0,0.0
c12828,0.0,0.0,0.0
c12829,0.0,0.0,0.0
c12830,0.0,0.0,0.0
c12831,0.0,0.0,0.0
c12832,0.0,0.0,0.0
c12833,0.0,0.0,0.0
c12834,0.0,0.0,0.0
c12835,0.0,0.0,0.0
c12836,0.0,0.0,0.0
c12837,0.0,0.0,0.0
c12838,0.0,0.0,0.0
c12839,0.0,0.0,0.0
c12840,0.0,0.0,0.0
c12841,0.0,0.0,0.0
c12842,0.0,0.0,0.0
c12843,0.0,0.0,0.0
c12844,0.0,0.0,0.0
c12845,0.0,0.0,0.0
c12846,0.0,0.0,0.0
c12847,0.0,0.0,0.0
c12848,0.0,0.0,0.0
c12849,0.0,0.0,0.0
c12850,0.0,0.0,0.0
c12851,0.0,0.0,0.0
c12852,0.0,0.0,0.0
c12853,0.0,0.0,0.0
c12854,0.0,0.0,0.0
c12855,0.0,0.0,0.0
c12856,0.0,0.0,0.0
c12857,0.0,0.0,0.0
c12858,0.0,0.0,0.0
c12859,0.0,0.0,0.0
c12860,0.0,0.0,0.0
c12861,0.0,0.0,0.0
c12862,0.0,0.0,0.0
c12863,0.0,0.0,0.0
c12864,0.0,0.0,0.0
c12865,0.0,0.0,0.0
c12866,0.0,0.0,0.0
c12867,0.0,0.0,0.0
c12868,0.0,0.0,0.0
c12869,0.0,0.0,0.0
c12870,0.0,0.0,0.0
c12871,3.0068049780543187,0.0,0.0
c12872,0.0,0.0,0.0
c12873,0.0,0.0,0.0
c12874,0.0,0.0,0.0
c12875,0.0,0.0,0.0
c12876,4.377425826149765,0.0,0.0
c12877,8.109360957689834,0.0,0.0
c12878,6.445348110321351,0.0,0.0
c12879,2.7058882217156315,0.0,0.0
c12880,3.698096631924773,0.0,0.0
c12881,0.0,0.0,0.0
c12882,4.601155042361311,0.0,0.0
c12883,6.245918725468504,0.0,0.0
c12884,0.0,0.0,0.0
c12885,0.0,0.0,0.0
c12886,6.862969325341306,0.0,0.0
c12887,0.0,0.0,0.0
c12888,4.848214464431466,0.0,0.0
c12889,4.848214464431466,0.0,0.0
c12890,0.0,0.0,0.0
c12891,0.0,0.0,0.0
c12892,3.241139199040896,0.0,0.0
c12893,0.0,0.0,0.0
c12894,0.0,0.0,0.0
c12895,0.0,0.0,0.0
c12896,0.0,0.0,0.0
c12897,0.0,0.0,0.0
c12898,3.5019306297892467,0.0,0.0
c12899,3.5019306297892467,2.0,0.0
c12900,4.781566696623819,0.0,0.0
c12901,4.781566696623819,0.0,0.0
c12902,4.781566696623819,0.0,0.0
c12903,8.243909209150008,0.0,0.0
c12904,0.0,0.0,0.0
c12905,9.527717374235232,0.0,0.0
c12906,2.9569045730501413,0.0,0.0
c12907,6.857378670290004,0.0,0.0
c12908,0.0,0.0,0.0
c12909,0.0,0.0,0.0
c12910,4.754266895114188,0.0,0.0
c12911,13.564822005749077,0.0,0.0
c12912,13.564822005749077,0.0,0.0
c12913,13.564822005749077,0.0,0.0
c12914,0.0,0.0,0.0
c12915,0.0,0.0,0.0
c12916,10.93805984882933,0.0,0.0
c12917,10.93805984882933,0.0,0.0
c12918,0.0,0.0,0.0
c12919,24.193899262865173,0.0,0.0
c12920,24.193899262865173,0.0,0.0
c12921,0.0,0.0,0.0
c12922,7.8364991745996475,0.0,0.0
c12923,0.0,0.0,0.0
c12924,23.091898895076557,0.0,0.0
c12925,23.091898895076557,0.0,0.0
c12926,0.0,0.0,0.0
c12927,0.0,0.0,0.0
c12928,20.4403584051353,0.0,0.0
c12929,66.59243186387869,0.0,0.0
c12930,46.15207345874338,0.0,0.0
c12931,46.15207345874338,0.0,0.0
c12932,9.22731118145152,0.0,0.0
c12933,0.0,0.0,0.0
c12934,8.600226812338471,0.0,0.0
c12935,0.0,0.0,0.0
c12936,0.0,0.0,0.0
c12937,0.0,0.0,0.0
c12938,0.0,0.0,0.0
c12939,0.0,0.0,0.0
c12940,0.0,0.0,0.0
c12941,0.0,0.0,0.0
c12942,0.0,0.0,0.0
c12943,0.0,0.0,0.0
c12944,0.0,0.0,0.0
c12945,0.0,0.0,0.0
c12946,0.0,0.0,0.0
c12947,0.0,0.0,0.0
c12948,0.0,0.0,0.0
c12949,0.0,0.0,0.0
c12950,0.0,0.0,0.0
c12951,0.0,0.0,0.0
c12952,0.0,0.0,0.0
c12953,0.0,0.0,0.0
c12954,0.0,0.0,0.0
c12955,0.0,0.0,0.0
c12956,0.0,0.0,0.0
c12957,0.0,0.0,0.0
c12958,0.0,0.0,0.0
c12959,0.0,0.0,0.0
c12960,0.0,0.0,0.0
c12961,0.0,0.0,0.0
c12962,0.0,0.0,0.0
c12963,0.0,0.0,0.0
c12964,0.0,0.0,0.0
c12965,0.0,0.0,0.0
c12966,0.0,0.0,0.0
c12967,0.0,0.0,0.0
c12968,0.0,0.0,0.0
c12969,0.0,0.0,0.0
c12970,0.0,0.0,0.0
c12971,0.0,0.0,0.0
c12972,0.0,0.0,0.0
c12973,0.0,0.0,0.0
c12974,0.0,0.0,0.0
c12975,0.0,0.0,0.0
c12976,0.0,0.0,0.0
c12977,0.0,0.0,0.0
c12978,0.0,0.0,0.0
c12979,0.0,0.0,0.0
c12980,0.0,0.0,0.0
c12981,0.0,0.0,0.0
c12982,0.0,0.0,0.0
c12983,0.0,0.0,0.0
c12984,0.0,0.0,0.0
c12985,0.0,0.0,0.0
c12986,0.0,0.0,0.0
c12987,0.0,0.0,0.0
c12988,0.0,0.0,0.0
c12989,0.0,0.0,0.0
c12990,0.0,0.0,0.0
c12991,0.0,0.0,0.0
c12992,2.046793334642498,0.0,0.0
c12993,0.0,0.0,0.0
c12994,0.0,0.0,0.0
c12995,0.0,0.0,0.0
c12996,5.49214703202111,0.0,0.0
c12997,9.158073205862781,0.0,0.0
c12998,5.036678890635446,0.0,0.0
c12999,0.0,0.0,0.0
c13000,3.698096631924773,0.0,0.0
c13001,5.921568505481481,0.0,0.0
c13002,0.0,0.0,0.0
c13003,0.0,0.0,0.0
c13004,1.6303690890076499,0.0,0.0
c13005,3.152687824714645,0.0,0.0
c13006,6.862969325341306,0.0,0.0
c13007,6.862969325341306,0.0,0.0
c13008,0.0,0.0,0.0
c13009,0.0,0.0,0.0
c13010,10.923458468558977,0.0,0.0
c13011,10.923458468558977,0.0,0.0
c13012,0.0,0.0,0.0
c13013,3.241139199040896,0.0,0.0
c13014,0.0,0.0,0.0
c13015,0.0,0.0,0.0
c13016,0.0,0.0,0.0
c13017,4.283079138342298,0.0,0.0
c13018,6.01282150235639,0.0,0.0
c13019,7.790531887890775,0.0,0.0
c13020,0.0,0.0,0.0
c13021,0.0,0.0,0.0
c13022,7.977245953903381,0.0,0.0
c13023,7.977245953903381,0.0,0.0
c13024,0.0,0.0,0.0
c13025,8.224345632615766,0.0,0.0
c13026,9.527717374235232,0.0,0.0
c13027,2.9569045730501413,0.0,0.0
c13028,9.814283243340146,0.0,0.0
c13029,0.0,0.0,0.0
c13030,2.5646227588217614,0.0,0.0
c13031,2.5646227588217614,0.0,0.0
c13032,13.564822005749077,0.0,0.0
c13033,13.564822005749077,0.0,0.0
c13034,0.0,0.0,0.0
c13035,0.0,0.0,0.0
c13036,0.0,1.0,0.0
c13037,10.93805984882933,0.0,0.0
c13038,0.0,0.0,0.0
c13039,0.0,0.0,0.0
c13040,24.193899262865173,0.0,0.0
c13041,0.0,0.0,0.0
c13042,7.8364991745996475,0.0,0.0
c13043,7.8364991745996475,0.0,0.0
c13044,23.091898895076557,0.0,0.0
c13045,23.091898895076557,0.0,0.0
c13046,0.0,0.0,0.0
c13047,0.0,0.0,0.0
c13048,0.0,0.0,0.0
c13049,20.4403584051353,0.0,0.0
c13050,46.15207345874338,0.0,0.0
c13051,0.0,0.0,0.0
c13052,46.15207345874338,0.0,0.0
c13053,55.42625209498675,0.0,0.0
c13054,21.52609397875066,0.0,0.0
c13055,4.571445963257085,0.0,0.0
c13056,0.0,0.0,0.0
c13057,0.0,0.0,0.0
c13058,0.0,0.0,0.0
c13059,0.0,0.0,0.0
c13060,0.0,0.0,0.0
c13061,0.0,0.0,0.0
c13062,0.0,0.0,0.0
c13063,0.0,0.0,0.0
c13064,0.0,0.0,0.0
c13065,0.0,0.0,0.0
c13066,0.0,0.0,0.0
c13067,0.0,0.0,0.0
c13068,0.0,0.0,0.0
c13069,0.0,0.0,0.0
c13070,0.0,0.0,0.0
c13071,0.0,0.0,0.0
c13072,0.0,0.0,0.0
c13073,0.0,0.0,0.0
c13074,0.0,0.0,0.0
c13075,0.0,0.0,0.0
c13076,0.0,0.0,0.0
c13077,0.0,0.0,0.0
c13078,0.0,0.0,0.0
c13079,0.0,0.0,0.0
c13080,0.0,0.0,0.0
c13081,0.0,0.0,0.0
c13082,0.0,0.0,0.0
c13083,0.0,0.0,0.0
c13084,0.0,0.0,0.0
c13085,0.0,0.0,0.0
c13086,0.0,0.0,0.0
c13087,0.0,0.0,0.0
c13088,0.0,0.0,0.0
c13089,0.0,0.0,0.0
c13090,0.0,0.0,0.0
c13091,0.0,0.0,0.0
c13092,0.0,0.0,0.0
c13093,0.0,0.0,0.0
c13094,0.0,0.0,0.0
c13095,0.0,0.0,0.0
c13096,0.0,0.0,0.0
c13097,0.0,0.0,0.0
c13098,0.0,0.0,0.0
c13099,0.0,0.0,0.0
c13100,0.0,0.0,0.0
c13101,0.0,0.0,0.0
c13102,0.0,0.0,0.0
c13103,0.0,0.0,0.0
c13104,0.0,0.0,0.0
c13105,0.0,0.0,0.0
c13106,0.0,0.0,0.0
c13107,0.0,0.0,0.0
c13108,0.0,0.0,0.0
c13109,0.0,0.0,0.0
c13110,0.0,0.0,0.0
c13111,0.0,0.0,0.0
c13112,0.0,0.0,0.0
c13113,4.219016576809936,0.0,0.0
c13114,0.0,0.0,0.0
c13115,0.0,0.0,0.0
c13116,0.0,0.0,0.0
c13117,4.875519413824816,0.0,0.0
c13118,4.968389315844496,0.0,0.0
c13119,5.182789166099894,0.0,0.0
c13120,2.634924628683905,0.0,0.0
c13121,3.7690977507693226,0.0,0.0
c13122,2.214665468262195,0.0,0.0
c13123,0.0,0.0,0.0
c13124,0.0,0.0,0.0
c13125,0.0,0.0,0.0
c13126,1.4728450498512733,0.0,0.0
c13127,6.862969325341306,0.0,0.0
c13128,0.0,0.0,0.0
c13129,0.0,0.0,0.0
c13130,6.075244004127511,0.0,0.0
c13131,6.075244004127511,0.0,0.0
c13132,4.848214464431466,0.0,0.0
c13133,8.800197710648066,1.0,0.0
c13134,12.693148335327967,0.0,0.0
c13135,4.455116785295161,0.0,0.0
c13136,3.2175733479837616,0.0,0.0
c13137,9.596970218213327,0.0,0.0
c13138,4.283079138342298,0.0,0.0
c13139,2.1634372208677592,0.0,0.0
c13140,0.0,0.0,0.0
c13141,0.0,0.0,0.0
c13142,0.0,0.0,0.0
c13143,1.7755453004643704,0.0,0.0
c13144,6.594622027586238,0.0,0.0
c13145,5.473756888582114,0.0,0.0
c13146,10.187836588289274,0.0,0.0
c13147,1.1584772383494455,0.0,0.0
c13148,0.0,0.0,0.0
c13149,19.62966990832686,0.0,0.0
c13150,7.55763049697923,0.0,0.0
c13151,10.678681546972562,0.0,0.0
c13152,0.5564282911715721,0.0,0.0
c13153,0.0,0.0,0.0
c13154,13.564822005749077,0.0,0.0
c13155,13.564822005749077,0.0,0.0
c13156,13.564822005749077,0.0,0.0
c13157,0.0,0.0,0.0
c13158,30.378345635258484,0.0,0.0
c13159,20.303095604439832,0.0,0.0
c13160,27.683471237795597,0.0,0.0
c13161,24.193899262865173,0.0,0.0
c13162,0.0,0.0,0.0
c13163,7.8364991745996475,0.0,0.0
c13164,23.091898895076557,0.0,0.0
c13165,23.091898895076557,0.0,0.0
c13166,0.0,0.0,0.0
c13167,0.0,0.0,0.0
c13168,0.0,0.0,0.0
c13169,0.0,0.0,0.0
c13170,21.475415457776982,0.0,0.0
c13171,46.15207345874338,0.0,0.0
c13172,0.0,0.0,0.0
c13173,0.0,0.0,0.0
c13174,46.15207345874338,0.0,0.0
c13175,11.015554251463593,0.0,0.0
c13176,3.288217417421538,0.0,0.0
c13177,0.0,0.0,0.0
c13178,0.0,0.0,0.0
c13179,0.0,0.0,0.0
c13180,0.0,0.0,0.0
c13181,0.0,0.0,0.0
c13182,0.0,0.0,0.0
c13183,0.0,0.0,0.0
c13184,0.0,0.0,0.0
c13185,0.0,0.0,0.0
c13186,0.0,0.0,0.0
c13187,0.0,0.0,0.0
c13188,0.0,0.0,0.0
c13189,0.0,0.0,0.0
c13190,0.0,0.0,0.0
c13191,0.0,0.0,0.0
c13192,0.0,0.0,0.0
c13193,0.0,0.0,0.0
c13194,0.0,0.0,0.0
c13195,0.0,0.0,0.0
c13196,0.0,0.0,0.0
c13197,0.0,0.0,0.0
c13198,0.0,0.0,0.0
c13199,0.0,0.0,0.0
c13200,0.0,0.0,0.0
c13201,0.0,0.0,0.0
c13202,0.0,0.0,0.0
c13203,0.0,0.0,0.0
c13204,0.0,0.0,0.0
c13205,0.0,0.0,0.0
c13206,0.0,0.0,0.0
c13207,0.0,0.0,0.0
c13208,0.0,0.0,0.0
c13209,0.0,0.0,0.0
c13210,0.0,0.0,0.0
c13211,0.0,0.0,0.0
c13212,0.0,0.0,0.0
c13213,0.0,0.0,0.0
c13214,0.0,0.0,0.0
c13215,0.0,0.0,0.0
c13216,0.0,0.0,0.0
c13217,0.0,0.0,0.0
c13218,0.0,0.0,0.0
c13219,0.0,0.0,0.0
c13220,0.0,0.0,0.0
c13221,0.0,0.0,0.0
c13222,0.0,0.0,0.0
c13223,0.0,0.0,0.0
c13224,0.0,0.0,0.0
c13225,0.0,0.0,0.0
c13226,0.0,0.0,0.0
c13227,0.0,0.0,0.0
c13228,0.0,0.0,0.0
c13229,0.0,0.0,0.0
c13230,0.0,0.0,0.0
c13231,0.0,0.0,0.0
c13232,0.0,0.0,0.0
c13233,0.0,0.0,0.0
c13234,3.2319918042336306,0.0,0.0
c13235,3.2319918042336306,0.0,0.0
c13236,0.0,0.0,0.0
c13237,9.79588399195347,0.0,0.0
c13238,14.117531755148116,1.0,0.0
c13239,0.0,0.0,0.0
c13240,2.8033845568026408,0.0,0.0
c13241,4.256052832427347,0.0,0.0
c13242,3.060522687488297,0.0,0.0
c13243,0.0,0.0,0.0
c13244,0.0,0.0,0.0
c13245,0.0,0.0,0.0
c13246,0.0,0.0,0.0
c13247,8.27959305909081,0.0,0.0
c13248,12.969824198840236,0.0,0.0
c13249,12.938213329468818,0.0,0.0
c13250,6.075244004127511,0.0,0.0
c13251,7.231108908380336,0.0,0.0
c13252,0.0,0.0,0.0
c13253,0.0,0.0,0.0
c13254,3.257404369574897,0.0,0.0
c13255,0.0,0.0,0.0
c13256,5.6674075272258,0.0,0.0
c13257,7.747884596046638,0.0,0.0
c13258,2.0580309800068655,0.0,0.0
c13259,0.0,0.0,0.0
c13260,13.57940735764995,0.0,0.0
c13261,13.603094804792134,0.0,0.0
c13262,0.0,0.0,0.0
c13263,0.0,0.0,0.0
c13264,15.070657747038103,0.0,0.0
c13265,3.957733106281874,0.0,0.0
c13266,2.540662525713774,0.0,0.0
c13267,4.273102726109696,0.0,0.0
c13268,4.428585065104535,0.0,0.0
c13269,7.927731825745008,0.0,0.0
c13270,4.769553254094352,0.0,0.0
c13271,7.55763049697923,0.0,0.0
c13272,7.55763049697923,0.0,0.0
c13273,1.8101603380333988,0.0,0.0
c13274,0.0,0.0,0.0
c13275,0.0,0.0,0.0
c13276,0.0,0.0,0.0
c13277,13.564822005749077,0.0,0.0
c13278,13.564822005749077,0.0,0.0
c13279,19.440285786429154,0.0,0.0
c13280,4.432848966487947,0.0,0.0
c13281,24.193899262865173,0.0,0.0
c13282,0.0,0.0,0.0
c13283,0.0,0.0,0.0
c13284,0.0,0.0,0.0
c13285,23.091898895076557,0.0,0.0
c13286,0.0,0.0,0.0
c13287,0.0,0.0,0.0
c13288,0.0,0.0,0.0
c13289,0.0,0.0,0.0
c13290,0.0,0.0,0.0
c13291,0.773375889990836,0.0,0.0
c13292,47.370233592035525,0.0,0.0
c13293,0.0,0.0,0.0
c13294,46.15207345874338,0.0,0.0
c13295,46.15207345874338,0.0,0.0
c13296,15.404045243715412,0.0,0.0
c13297,3.288217417421538,0.0,0.0
c13298,0.0,0.0,0.0
c13299,0.0,0.0,0.0
c13300,0.0,0.0,0.0
c13301,0.0,0.0,0.0
c13302,0.0,0.0,0.0
c13303,0.0,0.0,0.0
c13304,0.0,0.0,0.0
c13305,0.0,0.0,0.0
c13306,0.0,0.0,0.0
c13307,0.0,0.0,0.0
c13308,0.0,0.0,0.0
c13309,0.0,0.0,0.0
c13310,0.0,0.0,0.0
c13311,0.0,0.0,0.0
c13312,0.0,0.0,0.0
c13313,0.0,0.0,0.0
c13314,0.0,0.0,0.0
c13315,0.0,0.0,0.0
c13316,0.0,0.0,0.0
c13317,0.0,0.0,0.0
c13318,0.0,0.0,0.0
c13319,0.0,0.0,0.0
c13320,0.0,0.0,0.0
c13321,0.0,0.0,0.0
c13322,0.0,0.0,0.0
c13323,0.0,0.0,0.0
c13324,0.0,0.0,0.0
c13325,0.0,0.0,0.0
c13326,0.0,0.0,0.0
c13327,0.0,0.0,0.0
c13328,0.0,0.0,0.0
c13329,0.0,0.0,0.0
c13330,0.0,0.0,0.0
c13331,0.0,0.0,0.0
c13332,0.0,0.0,0.0
c13333,0.0,0.0,0.0
c13334,0.0,0.0,0.0
c13335,0.0,0.0,0.0
c13336,0.0,0.0,0.0
c13337,0.0,0.0,0.0
c13338,0.0,0.0,0.0
c13339,0.0,0.0,0.0
c13340,0.0,0.0,0.0
c13341,0.0,0.0,0.0
c13342,0.0,0.0,0.0
c13343,0.0,0.0,0.0
c13344,0.0,0.0,0.0
c13345,0.0,0.0,0.0
c13346,0.0,0.0,0.0
c13347,0.0,0.0,0.0
c13348,0.0,0.0,0.0
c13349,0.0,0.0,0.0
c13350,0.0,0.0,0.0
c13351,0.0,0.0,0.0
c13352,0.0,0.0,0.0
c13353,0.0,0.0,0.0
c13354,0.0,0.0,0.0
c13355,0.0,0.0,0.0
c13356,7.741297258932159,0.0,0.0
c13357,4.509305454698527,0.0,0.0
c13358,6.361779248310878,0.0,0.0
c13359,8.161447100791108,0.0,0.0
c13360,0.0,0.0,0.0
c13361,10.021016760337487,0.0,0.0
c13362,11.145882039932813,0.0,0.0
c13363,10.021016760337487,0.0,0.0
c13364,2.760941049941632,0.0,0.0
c13365,2.760941049941632,0.0,0.0
c13366,0.0,0.0,0.0
c13367,2.89318720324018,0.0,0.0
c13368,6.71615259498252,0.0,0.0
c13369,3.8229653917423403,0.0,0.0
c13370,6.075244004127511,0.0,0.0
c13371,1.3292859908007417,0.0,0.0
c13372,4.715363290005608,0.0,0.0
c13373,0.0,0.0,0.0
c13374,0.0,0.0,0.0
c13375,3.257404369574897,0.0,0.0
c13376,0.0,0.0,0.0
c13377,4.429864089914401,0.0,0.0
c13378,0.0,0.0,0.0
c13379,0.0,0.0,0.0
c13380,0.0,0.0,0.0
c13381,13.190784893804214,0.0,0.0
c13382,13.190784893804214,0.0,0.0
c13383,13.190784893804214,0.0,0.0
c13384,13.190784893804214,0.0,0.0
c13385,14.338306422788417,0.0,0.0
c13386,1.0219174014669792,0.0,0.0
c13387,0.0,0.0,0.0
c13388,4.319339872736543,0.0,0.0
c13389,5.3377424386795855,0.0,0.0
c13390,8.964104444302382,0.0,0.0
c13391,0.0,0.0,0.0
c13392,7.55763049697923,0.0,0.0
c13393,3.866139381715218,0.0,0.0
c13394,7.561577910983262,0.0,0.0
c13395,2.1858947554937243,0.0,0.0
c13396,7.903948154553095,0.0,0.0
c13397,6.265879468302985,0.0,0.0
c13398,0.0,0.0,0.0
c13399,0.0,0.0,0.0
c13400,5.875463780680077,0.0,0.0
c13401,25.137176254422698,0.0,0.0
c13402,25.137176254422698,0.0,0.0
c13403,0.0,0.0,0.0
c13404,0.0,0.0,0.0
c13405,0.0,0.0,0.0
c13406,23.091898895076557,0.0,0.0
c13407,0.0,0.0,0.0
c13408,0.0,0.0,0.0
c13409,0.0,0.0,0.0
c13410,0.0,0.0,0.0
c13411,0.0,0.0,0.0
c13412,46.15207345874338,0.0,0.0
c13413,46.15207345874338,0.0,0.0
c13414,0.0,0.0,0.0
c13415,46.15207345874338,0.0,0.0
c13416,11.015554251463593,0.0,0.0
c13417,31.751337450690226,0.0,0.0
c13418,2.5954564826823563,0.0,0.0
c13419,0.0,0.0,0.0
c13420,0.0,0.0,1.0
c13421,0.0,0.0,0.0
c13422,0.0,0.0,0.0
c13423,0.0,0.0,0.0
c13424,0.0,0.0,0.0
c13425,0.0,0.0,0.0
c13426,0.0,0.0,0.0
c13427,0.0,0.0,0.0
c13428,0.0,0.0,0.0
c13429,0.0,0.0,0.0
c13430,0.0,0.0,0.0
c13431,0.0,0.0,0.0
c13432,0.0,0.0,0.0
c13433,0.0,0.0,0.0
c13434,0.0,0.0,0.0
c13435,0.0,0.0,0.0
c13436,0.0,0.0,0.0
c13437,0.0,0.0,0.0
c13438,0.0,0.0,0.0
c13439,0.0,0.0,0.0
c13440,0.0,0.0,0.0
c13441,0.0,0.0,0.0
c13442,0.0,0.0,0.0
c13443,0.0,0.0,0.0
c13444,0.0,0.0,0.0
c13445,0.0,0.0,0.0
c13446,0.0,0.0,0.0
c13447,0.0,0.0,0.0
c13448,0.0,0.0,0.0
c13449,0.0,0.0,0.0
c13450,0.0,0.0,0.0
c13451,0.0,0.0,0.0
c13452,0.0,0.0,0.0
c13453,0.0,0.0,0.0
c13454,0.0,0.0,0.0
c13455,0.0,0.0,0.0
c13456,0.0,0.0,0.0
c13457,0.0,0.0,0.0
c13458,0.0,0.0,0.0
c13459,0.0,0.0,0.0
c13460,0.0,0.0,0.0
c13461,0.0,0.0,0.0
c13462,0.0,0.0,0.0
c13463,0.0,0.0,0.0
c13464,0.0,0.0,0.0
c13465,0.0,0.0,0.0
c13466,0.0,0.0,0.0
c13467,0.0,0.0,0.0
c13468,0.0,0.0,0.0
c13469,0.0,0.0,0.0
c13470,0.0,0.0,0.0
c13471,0.0,0.0,0.0
c13472,0.0,0.0,0.0
c13473,0.0,0.0,0.0
c13474,0.0,0.0,0.0
c13475,0.0,0.0,0.0
c13476,0.0,0.0,0.0
c13477,7.919928678748459,0.0,0.0
c13478,0.0,0.0,0.0
c13479,0.0,0.0,0.0
c13480,19.445720576009876,0.0,0.0
c13481,13.136747268831119,0.0,0.0
c13482,10.021016760337487,0.0,0.0
c13483,0.0,0.0,0.0
c13484,10.021016760337487,0.0,0.0
c13485,13.445840526912416,0.0,0.0
c13486,2.760941049941632,0.0,0.0
c13487,5.658455503582623,0.0,0.0
c13488,3.979262244021337,0.0,0.0
c13489,3.5164162831539105,0.0,0.0
c13490,6.23101588746589,0.0,0.0
c13491,4.9767465769255255,0.0,0.0
c13492,5.125759228684312,0.0,0.0
c13493,2.36943557610129,0.0,0.0
c13494,11.09701614991586,0.0,0.0
c13495,14.74732720786433,0.0,1.0
c13496,6.019254184165048,0.0,0.0
c13497,7.553764229276864,0.0,0.0
c13498,6.304380849843531,0.0,0.0
c13499,3.25624255957399,0.0,0.0
c13500,0.0,0.0,0.0
c13501,13.190784893804214,0.0,1.0
c13502,13.190784893804214,0.0,0.0
c13503,0.0,0.0,0.0
c13504,13.190784893804214,0.0,0.0
c13505,13.190784893804214,0.0,0.0
c13506,0.0,0.0,0.0
c13507,0.0,0.0,0.0
c13508,0.0,0.0,0.0
c13509,0.0,0.0,0.0
c13510,5.066973122888807,0.0,0.0
c13511,12.327183751073582,0.0,0.0
c13512,7.55763049697923,0.0,0.0
c13513,11.423769878694447,0.0,0.0
c13514,3.866139381715218,0.0,0.0
c13515,0.0,0.0,0.0
c13516,3.8239634417438344,0.0,0.0
c13517,10.987116790928091,0.0,0.0
c13518,6.265879468302985,0.0,0.0
c13519,0.0,0.0,0.0
c13520,5.875463780680077,0.0,0.0
c13521,30.069363043545252,0.0,0.0
c13522,24.193899262865173,0.0,0.0
c13523,0.0,0.0,0.0
c13524,0.0,0.0,0.0
c13525,0.0,0.0,0.0
c13526,0.0,0.0,0.0
c13527,23.091898895076557,0.0,0.0
c13528,0.0,0.0,0.0
c13529,0.0,0.0,0.0
c13530,0.0,0.0,0.0
c13531,0.0,0.0,0.0
c13532,0.0,0.0,0.0
c13533,46.15207345874338,0.0,0.0
c13534,0.0,0.0,0.0
c13535,0.0,0.0,0.0
c13536,46.15207345874338,0.0,0.0
c13537,11.015554251463593,0.0,0.0
c13538,13.1968488685631,0.0,0.0
c13539,2.5954564826823563,0.0,0.0
c13540,2.5954564826823563,0.0,0.0
c13541,0.0,0.0,0.0
c13542,0.0,0.0,0.0
c13543,0.0,0.0,0.0
c13544,0.0,0.0,0.0
c13545,0.0,0.0,0.0
c13546,0.0,0.0,0.0
c13547,0.0,0.0,0.0
c13548,0.0,0.0,0.0
c13549,0.0,0.0,0.0
c13550,6.6066212606481844,0.0,0.0
c13551,0.0,0.0,0.0
c13552,0.0,0.0,0.0
c13553,0.0,0.0,0.0
c13554,0.0,0.0,0.0
c13555,0.0,0.0,0.0
c13556,0.0,0.0,0.0
c13557,0.0,0.0,0.0
c13558,0.0,0.0,0.0
c13559,0.0,0.0,0.0
c13560,0.0,0.0,0.0
c13561,0.0,0.0,0.0
c13562,0.0,0.0,0.0
c13563,0.0,0.0,0.0
c13564,0.0,0.0,0.0
c13565,0.0,0.0,0.0
c13566,0.0,0.0,0.0
c13567,0.0,0.0,0.0
c13568,0.0,0.0,0.0
c13569,0.0,0.0,0.0
c13570,0.0,0.0,0.0
c13571,0.0,0.0,0.0
c13572,0.0,0.0,0.0
c13573,0.0,0.0,0.0
c13574,0.0,0.0,0.0
c13575,0.0,0.0,0.0
c13576,0.0,0.0,0.0
c13577,0.0,0.0,0.0
c13578,0.0,0.0,0.0
c13579,0.0,0.0,0.0
c13580,0.0,0.0,0.0
c13581,0.0,0.0,0.0
c13582,0.0,0.0,0.0
c13583,0.0,0.0,0.0
c13584,0.0,0.0,0.0
c13585,0.0,0.0,0.0
c13586,0.0,0.0,0.0
c13587,0.0,0.0,0.0
c13588,0.0,0.0,0.0
c13589,0.0,0.0,0.0
c13590,0.0,0.0,0.0
c13591,0.0,0.0,0.0
c13592,0.0,0.0,0.0
c13593,0.0,0.0,0.0
c13594,0.0,0.0,0.0
c13595,0.0,0.0,0.0
c13596,0.0,0.0,0.0
c13597,0.0,0.0,0.0
c13598,0.0,0.0,0.0
c13599,0.0,0.0,0.0
c13600,0.0,0.0,0.0
c13601,6.308973307178757,0.0,0.0
c13602,3.1157305084936326,0.0,0.0
c13603,3.1157305084936326,0.0,0.0
c13604,0.0,0.0,0.0
c13605,0.0,0.0,0.0
c13606,10.657949977887649,0.0,0.0
c13607,4.412308762669685,0.0,0.0
c13608,0.0,0.0,0.0
c13609,0.0,0.0,0.0
c13610,0.0,0.0,0.0
c13611,2.4080504957235496,0.0,0.0
c13612,6.158849970843975,0.0,0.0
c13613,5.2172460510882805,0.0,0.0
c13614,2.4619183256185484,0.0,0.0
c13615,9.523790196195923,0.0,0.0
c13616,3.412329838898225,0.0,0.0
c13617,9.577522246941493,0.0,0.0
c13618,10.281088544376495,0.0,0.0
c13619,7.044061668287311,0.0,0.0
c13620,20.517822115172017,0.0,0.0
c13621,13.190784893804214,0.0,0.0
c13622,13.190784893804214,0.0,0.0
c13623,0.0,0.0,0.0
c13624,0.0,0.0,0.0
c13625,0.0,0.0,0.0
c13626,0.0,0.0,0.0
c13627,0.0,0.0,0.0
c13628,0.0,0.0,0.0
c13629,0.0,0.0,0.0
c13630,0.0,0.0,0.0
c13631,8.629021138095412,0.0,0.0
c13632,4.64396098072277,0.0,0.0
c13633,4.64396098072277,0.0,0.0
c13634,3.866139381715218,0.0,0.0
c13635,0.0,0.0,0.0
c13636,0.0,0.0,0.0
c13637,0.0,0.0,0.0
c13638,9.34904810467798,0.0,0.0
c13639,7.737351504707913,0.0,0.0
c13640,0.0,0.0,0.0
c13641,0.0,0.0,0.0
c13642,30.069363043545252,0.0,0.0
c13643,0.0,0.0,0.0
c13644,0.0,0.0,0.0
c13645,0.0,0.0,0.0
c13646,0.0,0.0,0.0
c13647,0.0,0.0,0.0
c13648,23.091898895076557,0.0,0.0
c13649,0.0,0.0,0.0
c13650,0.0,0.0,0.0
c13651,0.0,0.0,0.0
c13652,0.0,0.0,0.0
c13653,46.15207345874338,0.0,0.0
c13654,46.15207345874338,0.0,0.0
c13655,0.0,0.0,0.0
c13656,0.0,0.0,0.0
c13657,46.15207345874338,0.0,0.0
c13658,11.015554251463593,0.0,0.0
c13659,13.1968488685631,0.0,0.0
c13660,0.0,0.0,0.0
c13661,16.453840403743133,0.0,0.0
c13662,13.858383921060776,0.0,0.0
c13663,0.0,0.0,0.0
c13664,0.0,0.0,0.0
c13665,0.0,0.0,0.0
c13666,0.0,0.0,0.0
c13667,0.0,0.0,0.0
c13668,0.0,0.0,0.0
c13669,12.75784460235437,0.0,0.0
c13670,6.2122038033584515,0.0,0.0
c13671,14.873632213823665,0.0,0.0
c13672,8.661428410465215,0.0,0.0
c13673,0.0,0.0,0.0
c13674,0.0,0.0,0.0
c13675,0.0,0.0,0.0
c13676,0.0,0.0,0.0
c13677,0.0,0.0,0.0
c13678,0.0,0.0,0.0
c13679,0.0,0.0,0.0
c13680,0.0,0.0,0.0
c13681,0.0,0.0,0.0
c13682,0.0,0.0,0.0
c13683,0.0,0.0,0.0
c13684,0.0,0.0,0.0
c13685,0.0,0.0,0.0
c13686,0.0,0.0,0.0
c13687,0.0,0.0,0.0
c13688,0.0,0.0,0.0
c13689,0.0,0.0,0.0
c13690,0.0,0.0,0.0
c13691,0.0,0.0,0.0
c13692,0.0,0.0,0.0
c13693,0.0,0.0,0.0
c13694,0.0,0.0,0.0
c13695,0.0,0.0,0.0
c13696,0.0,0.0,0.0
c13697,0.0,0.0,0.0
c13698,0.0,0.0,0.0
c13699,0.0,0.0,0.0
c13700,0.0,0.0,0.0
c13701,0.0,0.0,0.0
c13702,0.0,0.0,0.0
c13703,0.0,0.0,0.0
c13704,0.0,0.0,0.0
c13705,0.0,0.0,0.0
c13706,0.0,0.0,0.0
c13707,0.0,0.0,0.0
c13708,0.0,0.0,0.0
c13709,0.0,0.0,0.0
c13710,0.0,0.0,0.0
c13711,0.0,0.0,0.0
c13712,0.0,0.0,0.0
c13713,0.0,0.0,0.0
c13714,0.0,0.0,0.0
c13715,0.0,0.0,0.0
c13716,0.0,0.0,0.0
c13717,0.0,0.0,0.0
c13718,0.0,0.0,0.0
c13719,0.0,0.0,0.0
c13720,0.0,0.0,0.0
c13721,0.0,0.0,0.0
c13722,6.308973307178757,0.0,0.0
c13723,6.308973307178757,0.0,0.0
c13724,6.320346505846803,0.0,0.0
c13725,14.223449920769939,0.0,0.0
c13726,10.021016760337487,0.0,0.0
c13727,10.021016760337487,0.0,0.0
c13728,3.6381081336152694,0.0,0.0
c13729,3.6381081336152694,0.0,0.0
c13730,4.618760367226097,0.0,0.0
c13731,8.371401672975091,0.0,0.0
c13732,4.727303105778746,0.0,0.0
c13733,4.727303105778746,0.0,0.0
c13734,2.7689827851846367,0.0,0.0
c13735,2.8802365737587414,0.0,0.0
c13736,10.17316437207286,0.0,0.0
c13737,5.296854643587734,0.0,0.0
c13738,2.3379282066852554,0.0,0.0
c13739,1.5049769474812607,0.0,0.0
c13740,7.148147019059092,0.0,0.0
c13741,13.190784893804214,0.0,0.0
c13742,13.190784893804214,0.0,0.0
c13743,0.0,0.0,0.0
c13744,0.0,0.0,0.0
c13745,0.0,0.0,0.0
c13746,0.0,0.0,0.0
c13747,0.0,0.0,0.0
c13748,0.0,0.0,0.0
c13749,0.0,0.0,0.0
c13750,0.0,0.0,0.0
c13751,0.0,0.0,0.0
c13752,3.6876402885781867,0.0,0.0
c13753,3.6876402885781867,0.0,0.0
c13754,8.331601269300958,0.0,1.0
c13755,5.51759199701473,0.0,0.0
c13756,0.0,0.0,0.0
c13757,0.0,0.0,0.0
c13758,4.85253179904533,0.0,0.0
c13759,3.083168636374995,0.0,0.0
c13760,7.737351504707913,0.0,0.0
c13761,6.265879468302985,0.0,0.0
c13762,30.459778731168157,0.0,0.0
c13763,24.193899262865173,0.0,0.0
c13764,0.0,0.0,0.0
c13765,0.0,0.0,0.0
c13766,0.0,0.0,0.0
c13767,0.0,0.0,0.0
c13768,23.091898895076557,0.0,0.0
c13769,23.091898895076557,0.0,0.0
c13770,0.0,0.0,0.0
c13771,0.0,0.0,0.0
c13772,0.0,0.0,0.0
c13773,46.15207345874338,0.0,0.0
c13774,46.15207345874338,0.0,0.0
c13775,0.0,0.0,0.0
c13776,0.0,0.0,0.0
c13777,0.0,0.0,0.0
c13778,46.15207345874338,0.0,0.0
c13779,11.015554251463593,0.0,0.0
c13780,13.1968488685631,0.0,0.0
c13781,0.0,0.0,0.0
c13782,0.0,0.0,0.0
c13783,13.858383921060776,0.0,0.0
c13784,0.0,0.0,0.0
c13785,0.0,0.0,0.0
c13786,0.0,0.0,0.0
c13787,0.0,0.0,0.0
c13788,0.0,0.0,0.0
c13789,0.0,0.0,0.0
c13790,13.967398828276151,0.0,0.0
c13791,6.2122038033584515,0.0,0.0
c13792,8.26701095317548,0.0,0.0
c13793,8.26701095317548,0.0,0.0
c13794,0.0,0.0,0.0
c13795,0.0,0.0,0.0
c13796,0.0,0.0,0.0
c13797,0.0,0.0,0.0
c13798,0.0,0.0,0.0
c13799,0.0,0.0,0.0
c13800,0.0,0.0,0.0
c13801,0.0,0.0,0.0
c13802,0.0,0.0,0.0
c13803,0.0,0.0,0.0
c13804,0.0,0.0,0.0
c13805,0.0,0.0,0.0
c13806,0.0,0.0,0.0
c13807,0.0,0.0,0.0
c13808,0.0,0.0,0.0
c13809,0.0,0.0,0.0
c13810,0.0,0.0,0.0
c13811,0.0,0.0,0.0
c13812,0.0,0.0,0.0
c13813,0.0,0.0,0.0
c13814,0.0,0.0,0.0
c13815,0.0,0.0,0.0
c13816,0.0,0.0,0.0
c13817,0.0,0.0,0.0
c13818,0.0,0.0,0.0
c13819,0.0,0.0,0.0
c13820,0.0,0.0,0.0
c13821,0.0,0.0,0.0
c13822,0.0,0.0,0.0
c13823,0.0,0.0,0.0
c13824,0.0,0.0,0.0
c13825,0.0,0.0,0.0
c13826,0.0,0.0,0.0
c13827,0.0,0.0,0.0
c13828,0.0,0.0,0.0
c13829,0.0,0.0,0.0
c13830,0.0,0.0,0.0
c13831,0.0,0.0,0.0
c13832,0.0,0.0,0.0
c13833,0.0,0.0,0.0
c13834,0.0,0.0,0.0
c13835,0.0,0.0,0.0
c13836,0.0,0.0,0.0
c13837,0.0,0.0,0.0
c13838,0.0,0.0,0.0
c13839,0.0,0.0,0.0
c13840,0.0,0.0,0.0
c13841,0.0,0.0,0.0
c13842,0.0,0.0,0.0
c13843,0.0,0.0,0.0
c13844,6.308973307178757,0.0,0.0
c13845,3.1829279052229222,0.0,0.0
c13846,4.202433160432452,0.0,0.0
c13847,0.0,0.0,0.0
c13848,0.0,0.0,0.0
c13849,0.0,0.0,0.0
c13850,3.0322487241932485,0.0,0.0
c13851,3.9881287014175464,0.0,0.0
c13852,0.0,0.0,0.0
c13853,4.727303105778746,0.0,0.0
c13854,6.9005599676967195,0.0,0.0
c13855,7.8916394920557265,0.0,0.0
c13856,10.111778554155787,1.0,0.0
c13857,9.832499802280324,0.0,0.0
c13858,4.7544179762588845,0.0,0.0
c13859,3.69380239584333,0.0,0.0
c13860,5.35875852443741,0.0,0.0
c13861,5.35875852443741,0.0,0.0
c13862,0.0,0.0,0.0
c13863,0.0,0.0,0.0
c13864,0.0,0.0,0.0
c13865,0.0,0.0,0.0
c13866,0.0,0.0,0.0
c13867,0.0,0.0,0.0
c13868,0.0,0.0,0.0
c13869,0.0,0.0,0.0
c13870,0.0,0.0,0.0
c13871,0.0,0.0,0.0
c13872,0.0,0.0,0.0
c13873,0.0,0.0,0.0
c13874,0.0,0.0,0.0
c13875,8.82466803860843,0.0,0.0
c13876,7.5648766043730475,0.0,0.0
c13877,0.0,0.0,0.0
c13878,0.0,0.0,0.0
c13879,1.7693631626703354,0.0,0.0
c13880,3.0116652698994355,0.0,0.0
c13881,4.483137306304363,0.0,0.0
c13882,24.193899262865173,0.0,0.0
c13883,24.193899262865173,0.0,0.0
c13884,0.0,0.0,0.0
c13885,0.0,0.0,0.0
c13886,0.0,0.0,0.0
c13887,0.0,0.0,0.0
c13888,0.0,0.0,0.0
c13889,23.091898895076557,0.0,0.0
c13890,0.0,0.0,0.0
c13891,0.0,0.0,0.0
c13892,0.0,0.0,0.0
c13893,0.0,0.0,0.0
c13894,46.15207345874338,0.0,0.0
c13895,0.0,0.0,0.0
c13896,0.0,0.0,0.0
c13897,0.0,0.0,0.0
c13898,0.0,0.0,0.0
c13899,46.15207345874338,0.0,0.0
c13900,11.015554251463593,0.0,0.0
c13901,13.1968488685631,0.0,0.0
c13902,0.0,0.0,0.0
c13903,0.0,0.0,0.0
c13904,13.858383921060776,0.0,0.0
c13905,13.858383921060776,0.0,0.0
c13906,13.858383921060776,1.0,0.0
c13907,0.0,0.0,0.0
c13908,0.0,0.0,0.0
c13909,0.0,0.0,0.0
c13910,0.0,0.0,0.0
c13911,15.14853096525824,0.0,0.0
c13912,8.26366647807058,0.0,0.0
c13913,8.26701095317548,0.0,0.0
c13914,0.0,0.0,0.0
c13915,0.0,0.0,0.0
c13916,0.0,0.0,0.0
c13917,0.0,0.0,0.0
c13918,0.0,0.0,0.0
c13919,0.0,0.0,0.0
c13920,0.0,0.0,0.0
c13921,0.0,0.0,0.0
c13922,0.0,0.0,0.0
c13923,0.0,0.0,0.0
c13924,0.0,0.0,0.0
c13925,0.0,0.0,0.0
c13926,0.0,0.0,0.0
c13927,0.0,0.0,0.0
c13928,0.0,0.0,0.0
c13929,0.0,0.0,0.0
c13930,0.0,0.0,0.0
c13931,0.0,0.0,0.0
c13932,0.0,0.0,0.0
c13933,0.0,0.0,0.0
c13934,0.0,0.0,0.0
c13935,0.0,0.0,0.0
c13936,0.0,0.0,0.0
c13937,0.0,0.0,0.0
c13938,0.0,0.0,0.0
c13939,0.0,0.0,0.0
c13940,0.0,0.0,0.0
c13941,0.0,0.0,0.0
c13942,0.0,0.0,0.0
c13943,0.0,0.0,0.0
c13944,0.0,0.0,0.0
c13945,0.0,0.0,0.0
c13946,0.0,0.0,0.0
c13947,0.0,0.0,0.0
c13948,0.0,0.0,0.0
c13949,0.0,0.0,0.0
c13950,0.0,0.0,0.0
c13951,0.0,0.0,0.0
c13952,0.0,0.0,0.0
c13953,0.0,0.0,0.0
c13954,0.0,0.0,0.0
c13955,0.0,0.0,0.0
c13956,0.0,0.0,0.0
c13957,0.0,0.0,0.0
c13958,0.0,0.0,0.0
c13959,0.0,0.0,0.0
c13960,0.0,0.0,0.0
c13961,0.0,0.0,0.0
c13962,0.0,0.0,0.0
c13963,0.0,0.0,0.0
c13964,0.0,0.0,0.0
c13965,9.428627459452963,0.0,0.0
c13966,8.605448322212922,0.0,0.0
c13967,3.1196541522742067,0.0,0.0
c13968,0.0,0.0,0.0
c13969,0.0,0.0,0.0
c13970,0.0,0.0,0.0
c13971,3.0322487241932485,0.0,0.0
c13972,0.0,0.0,0.0
c13973,0.0,0.0,0.0
c13974,0.0,0.0,0.0
c13975,0.0,0.0,0.0
c13976,8.884329943112894,0.0,0.0
c13977,8.950615535590295,0.0,0.0
c13978,0.0,0.0,0.0
c13979,0.0,0.0,0.0
c13980,3.0086382473406204,0.0,0.0
c13981,7.0510539283438005,0.0,0.0
c13982,5.35875852443741,0.0,0.0
c13983,0.0,0.0,0.0
c13984,0.0,0.0,0.0
c13985,0.0,0.0,0.0
c13986,0.0,0.0,0.0
c13987,0.0,0.0,0.0
c13988,0.0,0.0,0.0
c13989,0.0,0.0,0.0
c13990,0.0,0.0,0.0
c13991,0.0,0.0,0.0
c13992,0.0,0.0,0.0
c13993,0.0,0.0,0.0
c13994,0.0,0.0,0.0
c13995,0.0,0.0,0.0
c13996,3.384156822336903,0.0,0.0
c13997,19.691339937145386,0.0,0.0
c13998,5.420357219766065,0.0,0.0
c13999,0.0,0.0,0.0
c14000,5.379018808786512,0.0,1.0
c14001,28.974927695434943,0.0,0.0
c14002,24.193899262865173,0.0,0.0
c14003,24.193899262865173,0.0,0.0
c14004,0.0,0.0,0.0
c14005,0.0,0.0,0.0
c14006,0.0,0.0,0.0
c14007,0.0,0.0,0.0
c14008,0.0,0.0,0.0
c14009,0.0,0.0,0.0
c14010,23.091898895076557,1.0,0.0
c14011,0.0,0.0,0.0
c14012,0.0,0.0,0.0
c14013,0.0,0.0,0.0
c14014,0.0,0.0,0.0
c14015,46.15207345874338,0.0,0.0
c14016,0.0,0.0,0.0
c14017,0.0,0.0,0.0
c14018,0.0,0.0,0.0
c14019,46.15207345874338,0.0,0.0
c14020,46.15207345874338,0.0,0.0
c14021,11.015554251463593,0.0,0.0
c14022,13.1968488685631,0.0,0.0
c14023,0.0,0.0,0.0
c14024,0.0,0.0,0.0
c14025,0.0,0.0,0.0
c14026,0.0,0.0,0.0
c14027,13.858383921060776,0.0,1.0
c14028,13.858383921060776,0.0,0.0
c14029,0.0,0.0,0.0
c14030,0.0,0.0,0.0
c14031,0.0,0.0,0.0
c14032,12.168426078564229,0.0,0.0
c14033,20.43209255663481,0.0,0.0
c14034,16.530677431246062,0.0,0.0
c14035,0.0,0.0,0.0
c14036,0.0,0.0,0.0
c14037,0.0,0.0,0.0
c14038,0.0,0.0,0.0
c14039,0.0,0.0,0.0
c14040,0.0,0.0,0.0
c14041,0.0,0.0,0.0
c14042,0.0,0.0,0.0
c14043,0.0,0.0,0.0
c14044,0.0,0.0,0.0
c14045,0.0,0.0,0.0
c14046,0.0,0.0,0.0
c14047,0.0,0.0,0.0
c14048,0.0,0.0,0.0
c14049,0.0,0.0,0.0
c14050,0.0,0.0,0.0
c14051,0.0,0.0,0.0
c14052,0.0,0.0,0.0
c14053,0.0,0.0,0.0
c14054,0.0,0.0,0.0
c14055,0.0,0.0,0.0
c14056,0.0,0.0,0.0
c14057,0.0,0.0,0.0
c14058,0.0,0.0,0.0
c14059,0.0,0.0,0.0
c14060,0.0,0.0,0.0
c14061,0.0,0.0,0.0
c14062,0.0,0.0,0.0
c14063,0.0,0.0,0.0
c14064,0.0,0.0,0.0
c14065,0.0,0.0,0.0
c14066,0.0,0.0,0.0
c14067,0.0,0.0,0.0
c14068,0.0,0.0,0.0
c14069,0.0,0.0,0.0
c14070,0.0,0.0,0.0
c14071,0.0,0.0,0.0
c14072,0.0,0.0,0.0
c14073,0.0,0.0,0.0
c14074,0.0,0.0,0.0
c14075,0.0,0.0,0.0
c14076,0.0,0.0,0.0
c14077,0.0,0.0,0.0
c14078,0.0,0.0,0.0
c14079,0.0,0.0,0.0
c14080,0.0,0.0,0.0
c14081,0.0,0.0,0.0
c14082,0.0,0.0,0.0
c14083,0.0,0.0,0.0
c14084,0.0,0.0,0.0
c14085,0.0,0.0,0.0
c14086,0.0,0.0,0.0
c14087,8.912036929534649,0.0,0.0
c14088,3.1196541522742067,0.0,0.0
c14089,4.953552788738763,0.0,0.0
c14090,0.0,0.0,0.0
c14091,0.0,0.0,0.0
c14092,3.309754426640033,0.0,0.0
c14093,0.0,0.0,0.0
c14094,0.0,0.0,0.0
c14095,0.0,0.0,0.0
c14096,0.0,0.0,0.0
c14097,7.90357305056689,0.0,0.0
c14098,0.0,0.0,0.0
c14099,0.0,0.0,0.0
c14100,0.0,0.0,0.0
c14101,0.0,0.0,0.0
c14102,7.308258899898702,0.0,0.0
c14103,6.401239763134879,0.0,0.0
c14104,0.0,0.0,0.0
c14105,0.0,0.0,0.0
c14106,0.0,0.0,0.0
c14107,0.0,0.0,0.0
c14108,0.0,0.0,0.0
c14109,0.0,0.0,0.0
c14110,0.0,0.0,0.0
c14111,0.0,0.0,0.0
c14112,0.0,0.0,0.0
c14113,0.0,0.0,0.0
c14114,0.0,0.0,0.0
c14115,0.0,0.0,0.0
c14116,3.384156822336903,0.0,0.0
c14117,14.27098271737932,0.0,0.0
c14118,10.886825895042417,0.0,0.0
c14119,5.420357219766065,1.0,0.0
c14120,6.476409103939655,0.0,0.0
c14121,28.356029190475997,0.0,0.0
c14122,26.603379488888912,0.0,0.0
c14123,0.0,0.0,0.0
c14124,0.0,0.0,0.0
c14125,0.0,0.0,0.0
c14126,0.0,0.0,0.0
c14127,0.0,0.0,0.0
c14128,0.0,0.0,0.0
c14129,0.0,0.0,0.0
c14130,0.0,0.0,0.0
c14131,23.091898895076557,0.0,0.0
c14132,23.091898895076557,0.0,0.0
c14133,0.0,0.0,0.0
c14134,0.0,0.0,0.0
c14135,0.0,0.0,0.0
c14136,46.15207345874338,0.0,0.0
c14137,0.0,0.0,0.0
c14138,46.15207345874338,0.0,0.0
c14139,49.29031116148517,0.0,0.0
c14140,46.15207345874338,0.0,0.0
c14141,11.015554251463593,0.0,0.0
c14142,11.015554251463593,0.0,0.0
c14143,13.1968488685631,0.0,0.0
c14144,0.0,0.0,0.0
c14145,0.0,0.0,0.0
c14146,0.0,0.0,0.0
c14147,0.0,0.0,0.0
c14148,0.0,0.0,0.0
c14149,13.858383921060776,0.0,0.0
c14150,0.0,0.0,0.0
c14151,0.0,0.0,0.0
c14152,0.0,0.0,0.0
c14153,0.0,0.0,0.0
c14154,26.026809999625005,0.0,0.0
c14155,26.961410970677587,0.0,0.0
c14156,8.26701095317548,0.0,0.0
c14157,0.0,0.0,0.0
c14158,0.0,0.0,0.0
c14159,0.0,0.0,0.0
c14160,0.0,0.0,0.0
c14161,0.0,0.0,0.0
c14162,0.0,0.0,0.0
c14163,0.0,0.0,0.0
c14164,0.0,0.0,0.0
c14165,0.0,0.0,0.0
c14166,0.0,0.0,0.0
c14167,0.0,0.0,0.0
c14168,0.0,0.0,0.0
c14169,0.0,0.0,0.0
c14170,0.0,0.0,0.0
c14171,0.0,0.0,0.0
c14172,0.0,0.0,0.0
c14173,0.0,0.0,0.0
c14174,0.0,0.0,0.0
c14175,0.0,0.0,0.0
c14176,0.0,0.0,0.0
c14177,0.0,0.0,0.0
c14178,0.0,0.0,0.0
c14179,0.0,0.0,0.0
c14180,0.0,0.0,0.0
c14181,0.0,0.0,0.0
c14182,0.0,0.0,0.0
c14183,0.0,0.0,0.0
c14184,0.0,0.0,0.0
c14185,0.0,0.0,0.0
c14186,0.0,0.0,0.0
c14187,0.0,0.0,0.0
c14188,0.0,0.0,0.0
c14189,0.0,0.0,0.0
c14190,0.0,0.0,0.0
c14191,0.0,0.0,0.0
c14192,0.0,0.0,0.0
c14193,0.0,0.0,0.0
c14194,0.0,0.0,0.0
c14195,0.0,0.0,0.0
c14196,0.0,0.0,0.0
c14197,0.0,0.0,0.0
c14198,0.0,0.0,0.0
c14199,0.0,0.0,0.0
c14200,0.0,0.0,0.0
c14201,0.0,0.0,0.0
c14202,0.0,0.0,0.0
c14203,0.0,0.0,0.0
c14204,0.0,0.0,0.0
c14205,0.0,0.0,0.0
c14206,0.0,0.0,0.0
c14207,6.601426525031374,0.0,0.0
c14208,8.515311132149872,0.0,0.0
c14209,1.9138846071184983,0.0,0.0
c14210,1.8707474930535037,0.0,0.0
c14211,4.629863939292323,0.0,0.0
c14212,0.0,0.0,0.0
c14213,0.0,0.0,0.0
c14214,0.0,0.0,0.0
c14215,0.0,0.0,0.0
c14216,2.000932306252851,0.0,0.0
c14217,2.6043602192046067,0.0,0.0
c14218,8.514179394650753,0.0,0.0
c14219,0.0,0.0,0.0
c14220,0.0,0.0,0.0
c14221,0.0,0.0,0.0
c14222,0.0,0.0,0.0
c14223,0.0,0.0,0.0
c14224,19.24828273225929,0.0,0.0
c14225,18.453332573215096,0.0,0.0
c14226,0.0,0.0,0.0
c14227,0.0,0.0,0.0
c14228,0.0,0.0,0.0
c14229,0.0,0.0,0.0
c14230,0.0,0.0,0.0
c14231,0.0,0.0,0.0
c14232,0.0,0.0,0.0
c14233,10.886825895042417,0.0,1.0
c14234,10.886825895042417,0.0,0.0
c14235,10.886825895042417,0.0,0.0
c14236,10.886825895042417,0.0,0.0
c14237,14.27098271737932,1.0,0.0
c14238,10.886825895042417,0.0,0.0
c14239,0.0,0.0,0.0
c14240,0.0,0.0,0.0
c14241,5.420357219766065,0.0,0.0
c14242,59.18801518091837,4.0,0.0
c14243,2.4094802260237373,0.0,0.0
c14244,0.0,0.0,0.0
c14245,0.0,0.0,0.0
c14246,0.0,0.0,0.0
c14247,0.0,0.0,0.0
c14248,0.0,0.0,0.0
c14249,0.0,0.0,0.0
c14250,0.0,0.0,0.0
c14251,0.0,0.0,0.0
c14252,23.091898895076557,0.0,0.0
c14253,23.091898895076557,0.0,0.0
c14254,0.0,0.0,0.0
c14255,0.0,0.0,0.0
c14256,0.0,0.0,0.0
c14257,46.15207345874338,0.0,0.0
c14258,0.0,0.0,0.0
c14259,46.15207345874338,0.0,0.0
c14260,16.88295293514204,0.0,0.0
c14261,16.43732805703005,0.0,0.0
c14262,27.763193664895862,0.0,0.0
c14263,0.0,0.0,0.0
c14264,13.1968488685631,1.0,0.0
c14265,0.0,0.0,0.0
c14266,0.0,0.0,0.0
c14267,0.0,0.0,0.0
c14268,0.0,0.0,0.0
c14269,0.0,0.0,0.0
c14270,13.858383921060776,0.0,0.0
c14271,13.858383921060776,0.0,0.0
c14272,13.858383921060776,0.0,0.0
c14273,13.858383921060776,0.0,0.0
c14274,13.858383921060776,0.0,1.0
c14275,13.858383921060776,0.0,0.0
c14276,26.611341412602115,0.0,0.0
c14277,20.43543703173971,0.0,0.0
c14278,0.0,0.0,0.0
c14279,0.0,0.0,0.0
c14280,0.0,0.0,0.0
c14281,0.0,0.0,0.0
c14282,0.0,0.0,0.0
c14283,0.0,0.0,0.0
c14284,0.0,0.0,0.0
c14285,0.0,0.0,0.0
c14286,0.0,0.0,0.0
c14287,0.0,0.0,0.0
c14288,0.0,0.0,0.0
c14289,0.0,0.0,0.0
c14290,0.0,0.0,0.0
c14291,0.0,0.0,0.0
c14292,0.0,0.0,0.0
c14293,0.0,0.0,0.0
c14294,0.0,0.0,0.0
c14295,0.0,0.0,0.0
c14296,0.0,0.0,0.0
c14297,0.0,0.0,0.0
c14298,0.0,0.0,0.0
c14299,0.0,0.0,0.0
c14300,0.0,0.0,0.0
c14301,0.0,0.0,0.0
c14302,0.0,0.0,0.0
c14303,0.0,0.0,0.0
c14304,0.0,0.0,0.0
c14305,0.0,0.0,0.0
c14306,0.0,0.0,0.0
c14307,0.0,0.0,0.0
c14308,0.0,0.0,0.0
c14309,0.0,0.0,0.0
c14310,0.0,0.0,0.0
c14311,0.0,0.0,0.0
c14312,0.0,0.0,0.0
c14313,0.0,0.0,0.0
c14314,0.0,0.0,0.0
c14315,0.0,0.0,0.0
c14316,0.0,0.0,0.0
c14317,0.0,0.0,0.0
c14318,0.0,0.0,0.0
c14319,0.0,0.0,0.0
c14320,0.0,0.0,0.0
c14321,0.0,0.0,0.0
c14322,0.0,0.0,0.0
c14323,0.0,0.0,0.0
c14324,0.0,0.0,0.0
c14325,0.0,0.0,0.0
c14326,0.0,0.0,0.0
c14327,0.0,0.0,0.0
c14328,6.601426525031374,0.0,0.0
c14329,8.515311132149872,0.0,0.0
c14330,4.3807796871137175,0.0,0.0
c14331,0.0,0.0,0.0
c14332,4.531364725776057,0.0,1.0
c14333,4.531364725776057,0.0,0.0
c14334,0.0,0.0,0.0
c14335,0.0,0.0,0.0
c14336,1.7098130273881933,0.0,0.0
c14337,3.7332885425118363,0.0,0.0
c14338,1.9506107688744565,0.0,0.0
c14339,2.0569454261174034,0.0,0.0
c14340,0.0,0.0,0.0
c14341,0.0,0.0,0.0
c14342,0.0,0.0,0.0
c14343,0.0,0.0,0.0
c14344,0.0,0.0,0.0
c14345,24.040103950594084,0.0,0.0
c14346,18.453332573215096,0.0,0.0
c14347,18.453332573215096,0.0,0.0
c14348,18.453332573215096,0.0,0.0
c14349,0.0,0.0,0.0
c14350,0.0,0.0,0.0
c14351,0.0,0.0,0.0
c14352,0.0,0.0,0.0
c14353,0.0,0.0,0.0
c14354,10.886825895042417,0.0,0.0
c14355,0.0,0.0,0.0
c14356,0.0,0.0,0.0
c14357,0.0,0.0,0.0
c14358,0.0,0.0,0.0
c14359,0.0,0.0,0.0
c14360,0.0,0.0,0.0
c14361,0.0,0.0,0.0
c14362,15.935633761823087,0.0,0.0
c14363,32.13291697089864,0.0,0.0
c14364,5.081123923594099,0.0,0.0
c14365,0.0,0.0,0.0
c14366,0.0,0.0,0.0
c14367,0.0,0.0,0.0
c14368,0.0,0.0,0.0
c14369,0.0,0.0,0.0
c14370,0.0,0.0,0.0
c14371,0.0,0.0,0.0
c14372,0.0,0.0,0.0
c14373,23.091898895076557,0.0,0.0
c14374,0.0,0.0,0.0
c14375,0.0,0.0,0.0
c14376,0.0,0.0,0.0
c14377,46.15207345874338,0.0,0.0
c14378,46.15207345874338,0.0,0.0
c14379,59.91239287799778,0.0,0.0
c14380,59.91239287799778,0.0,0.0
c14381,13.7603194192544,0.0,0.0
c14382,0.0,0.0,0.0
c14383,0.0,0.0,0.0
c14384,0.0,0.0,0.0
c14385,13.1968488685631,0.0,0.0
c14386,0.0,0.0,0.0
c14387,0.0,0.0,0.0
c14388,0.0,0.0,0.0
c14389,0.0,0.0,0.0
c14390,0.0,0.0,0.0
c14391,0.0,1.0,0.0
c14392,0.0,0.0,0.0
c14393,16.053669549276282,0.0,0.0
c14394,16.053669549276282,0.0,0.0
c14395,0.0,0.0,0.0
c14396,0.0,0.0,0.0
c14397,0.0,0.0,0.0
c14398,12.168426078564229,0.0,0.0
c14399,0.0,0.0,0.0
c14400,0.0,0.0,0.0
c14401,0.0,0.0,0.0
c14402,0.0,0.0,0.0
c14403,0.0,0.0,0.0
c14404,0.0,0.0,0.0
c14405,0.0,0.0,0.0
c14406,0.0,0.0,0.0
c14407,0.0,0.0,0.0
c14408,0.0,0.0,0.0
c14409,0.0,0.0,0.0
c14410,0.0,0.0,0.0
c14411,0.0,0.0,0.0
c14412,0.0,0.0,0.0
c14413,0.0,0.0,0.0
c14414,0.0,0.0,0.0
c14415,0.0,0.0,0.0
c14416,0.0,0.0,0.0
c14417,0.0,0.0,0.0
c14418,0.0,0.0,0.0
c14419,0.0,0.0,0.0
c14420,0.0,0.0,0.0
c14421,0.0,0.0,0.0
c14422,0.0,0.0,0.0
c14423,0.0,0.0,0.0
c14424,0.0,0.0,0.0
c14425,0.0,0.0,0.0
c14426,0.0,0.0,0.0
c14427,0.0,0.0,0.0
c14428,0.0,0.0,0.0
c14429,0.0,0.0,0.0
c14430,0.0,0.0,0.0
c14431,0.0,0.0,0.0
c14432,0.0,0.0,0.0
c14433,0.0,0.0,0.0
c14434,0.0,0.0,0.0
c14435,0.0,0.0,0.0
c14436,0.0,0.0,0.0
c14437,0.0,0.0,0.0
c14438,0.0,0.0,0.0
c14439,0.0,0.0,0.0
c14440,0.0,0.0,0.0
c14441,0.0,0.0,0.0
c14442,0.0,0.0,0.0
c14443,0.0,0.0,0.0
c14444,0.0,0.0,0.0
c14445,0.0,0.0,0.0
c14446,0.0,0.0,0.0
c14447,0.0,0.0,0.0
c14448,0.0,0.0,0.0
c14449,6.601426525031374,0.0,0.0
c14450,0.0,0.0,0.0
c14451,4.063620784719999,0.0,0.0
c14452,2.3747791264432645,0.0,0.0
c14453,0.06298208770633106,0.0,0.0
c14454,4.531364725776057,0.0,0.0
c14455,4.531364725776057,0.0,0.0
c14456,6.3154728537055504,0.0,0.0
c14457,5.7452239568658925,0.0,0.0
c14458,3.5663795394810305,0.0,0.0
c14459,5.833578299177116,3.0,0.0
c14460,0.0,0.0,0.0
c14461,0.0,0.0,0.0
c14462,0.0,0.0,0.0
c14463,0.0,0.0,0.0
c14464,0.0,0.0,0.0
c14465,5.586771377378988,0.0,0.0
c14466,5.586771377378988,0.0,0.0
c14467,0.0,0.0,0.0
c14468,0.0,0.0,0.0
c14469,28.128460115937962,0.0,0.0
c14470,28.128460115937962,0.0,0.0
c14471,18.453332573215096,1.0,0.0
c14472,18.453332573215096,0.0,0.0
c14473,18.453332573215096,0.0,0.0
c14474,18.453332573215096,0.0,0.0
c14475,29.340158468257513,1.0,0.0
c14476,19.27384785950894,0.0,0.0
c14477,0.0,1.0,0.0
c14478,0.0,0.0,0.0
c14479,0.0,0.0,0.0
c14480,0.0,0.0,0.0
c14481,0.0,0.0,0.0
c14482,15.935633761823087,0.0,0.0
c14483,15.935633761823087,0.0,0.0
c14484,13.638124936464044,0.0,0.0
c14485,0.0,0.0,0.0
c14486,0.0,0.0,0.0
c14487,0.0,0.0,0.0
c14488,0.0,0.0,0.0
c14489,0.0,0.0,0.0
c14490,0.0,0.0,0.0
c14491,0.0,0.0,0.0
c14492,0.0,0.0,0.0
c14493,0.0,0.0,0.0
c14494,23.091898895076557,0.0,0.0
c14495,0.0,0.0,0.0
c14496,46.15207345874338,0.0,0.0
c14497,46.15207345874338,0.0,0.0
c14498,46.15207345874338,0.0,0.0
c14499,46.15207345874338,0.0,0.0
c14500,13.7603194192544,0.0,0.0
c14501,0.0,0.0,0.0
c14502,0.0,0.0,0.0
c14503,0.0,0.0,0.0
c14504,0.0,0.0,0.0
c14505,0.0,0.0,0.0
c14506,13.1968488685631,0.0,0.0
c14507,0.0,0.0,0.0
c14508,0.0,0.0,0.0
c14509,0.0,0.0,0.0
c14510,0.0,0.0,0.0
c14511,0.0,0.0,0.0
c14512,0.0,0.0,0.0
c14513,0.0,0.0,0.0
c14514,0.0,0.0,0.0
c14515,2.1952856282155078,0.0,0.0
c14516,0.0,0.0,0.0
c14517,0.0,0.0,0.0
c14518,0.0,0.0,0.0
c14519,12.168426078564229,0.0,0.0
c14520,0.0,0.0,0.0
c14521,0.0,0.0,0.0
c14522,0.0,0.0,0.0
c14523,0.0,0.0,0.0
c14524,0.0,0.0,0.0
c14525,0.0,0.0,0.0
c14526,0.0,0.0,0.0
c14527,0.0,0.0,0.0
c14528,0.0,0.0,0.0
c14529,0.0,0.0,0.0
c14530,0.0,0.0,0.0
c14531,0.0,0.0,0.0
c14532,0.0,0.0,0.0
c14533,0.0,0.0,0.0
c14534,0.0,0.0,0.0
c14535,0.0,0.0,0.0
c14536,0.0,0.0,0.0
c14537,0.0,0.0,0.0
c14538,0.0,0.0,0.0
c14539,0.0,0.0,0.0
c14540,0.0,0.0,0.0
c14541,0.0,0.0,0.0
c14542,0.0,0.0,0.0
c14543,0.0,0.0,0.0
c14544,0.0,0.0,0.0
c14545,0.0,0.0,0.0
c14546,0.0,0.0,0.0
c14547,0.0,0.0,0.0
c14548,0.0,0.0,0.0
c14549,0.0,0.0,0.0
c14550,0.0,0.0,0.0
c14551,0.0,0.0,0.0
c14552,0.0,0.0,0.0
c14553,0.0,0.0,0.0
c14554,0.0,0.0,0.0
c14555,0.0,0.0,0.0
c14556,0.0,0.0,0.0
c14557,0.0,0.0,0.0
c14558,0.0,0.0,0.0
c14559,0.0,0.0,0.0
c14560,0.0,0.0,0.0
c14561,0.0,0.0,0.0
c14562,0.0,0.0,0.0
c14563,0.0,0.0,0.0
c14564,0.0,0.0,0.0
c14565,0.0,0.0,0.0
c14566,0.0,0.0,0.0
c14567,0.0,0.0,0.0
c14568,0.0,0.0,0.0
c14569,9.120825964053235,0.0,0.0
c14570,9.109872899809034,0.0,0.0
c14571,0.0,0.0,0.0
c14572,1.6888416582767345,0.0,0.0
c14573,0.0,0.0,0.0
c14574,0.0,0.0,0.0
c14575,0.0,0.0,0.0
c14576,0.0,0.0,0.0
c14577,0.0,0.0,0.0
c14578,2.6840148879793695,0.0,0.0
c14579,5.6910881495188805,1.0,0.0
c14580,3.007073261539511,1.0,0.0
c14581,0.0,0.0,0.0
c14582,0.0,0.0,0.0
c14583,0.0,0.0,0.0
c14584,0.0,0.0,0.0
c14585,0.0,0.0,0.0
c14586,5.586771377378988,0.0,0.0
c14587,0.0,0.0,0.0
c14588,0.0,0.0,0.0
c14589,0.0,0.0,0.0
c14590,9.675127542722867,0.0,0.0
c14591,9.675127542722867,0.0,0.0
c14592,0.0,0.0,0.0
c14593,0.0,0.0,0.0
c14594,0.0,0.0,0.0
c14595,0.0,0.0,0.0
c14596,0.0,0.0,0.0
c14597,18.453332573215096,0.0,0.0
c14598,18.453332573215096,0.0,0.0
c14599,18.453332573215096,0.0,0.0
c14600,0.0,0.0,0.0
c14601,0.0,0.0,0.0
c14602,15.935633761823087,0.0,0.0
c14603,15.935633761823087,0.0,0.0
c14604,0.0,0.0,0.0
c14605,13.638124936464044,0.0,0.0
c14606,13.638124936464044,0.0,0.0
c14607,0.0,0.0,0.0
c14608,0.0,0.0,0.0
c14609,0.0,0.0,0.0
c14610,0.0,0.0,0.0
c14611,0.0,0.0,0.0
c14612,0.0,0.0,0.0
c14613,0.0,0.0,0.0
c14614,0.0,0.0,0.0
c14615,23.091898895076557,0.0,0.0
c14616,46.15207345874338,0.0,0.0
c14617,46.15207345874338,0.0,0.0
c14618,0.0,0.0,0.0
c14619,59.91239287799778,0.0,0.0
c14620,13.7603194192544,0.0,0.0
c14621,13.7603194192544,0.0,0.0
c14622,0.0,0.0,0.0
c14623,0.0,0.0,0.0
c14624,0.0,0.0,0.0
c14625,0.0,0.0,0.0
c14626,0.0,0.0,0.0
c14627,13.1968488685631,0.0,0.0
c14628,13.1968488685631,0.0,0.0
c14629,0.0,0.0,0.0
c14630,0.0,0.0,0.0
c14631,0.0,0.0,0.0
c14632,0.0,0.0,0.0
c14633,0.0,0.0,0.0
c14634,0.0,0.0,0.0
c14635,0.0,0.0,0.0
c14636,0.0,0.0,0.0
c14637,0.0,0.0,0.0
c14638,0.0,0.0,0.0
c14639,0.0,0.0,0.0
c14640,12.168426078564229,0.0,0.0
c14641,0.0,0.0,0.0
c14642,0.0,0.0,0.0
c14643,0.0,0.0,0.0
c14644,0.0,0.0,0.0
c14645,0.0,0.0,0.0
c14646,0.0,0.0,0.0
c14647,0.0,0.0,0.0
c14648,0.0,0.0,0.0
c14649,0.0,0.0,0.0
c14650,0.0,0.0,0.0
c14651,0.0,0.0,0.0
c14652,0.0,0.0,0.0
c14653,0.0,0.0,0.0
c14654,0.0,0.0,0.0
c14655,0.0,0.0,0.0
c14656,0.0,0.0,0.0
c14657,0.0,0.0,0.0
c14658,0.0,0.0,0.0
c14659,0.0,0.0,0.0
c14660,0.0,0.0,0.0
c14661,0.0,0.0,0.0
c14662,0.0,0.0,0.0
c14663,0.0,0.0,0.0
c14664,0.0,0.0,0.0
c14665,0.0,0.0,0.0
c14666,0.0,0.0,0.0
c14667,0.0,0.0,0.0
c14668,0.0,0.0,0.0
c14669,0.0,0.0,0.0
c14670,0.0,0.0,0.0
c14671,0.0,0.0,0.0
c14672,0.0,0.0,0.0
c14673,0.0,0.0,0.0
c14674,0.0,0.0,0.0
c14675,0.0,0.0,0.0
c14676,0.0,0.0,0.0
c14677,0.0,0.0,0.0
c14678,0.0,0.0,0.0
c14679,0.0,0.0,0.0
c14680,0.0,0.0,0.0
c14681,0.0,0.0,0.0
c14682,0.0,0.0,0.0
c14683,0.0,0.0,0.0
c14684,0.0,0.0,0.0
c14685,0.0,0.0,0.0
c14686,0.0,0.0,0.0
c14687,0.0,0.0,0.0
c14688,0.0,0.0,0.0
c14689,0.0,0.0,0.0
c14690,0.0,0.0,0.0
c14691,2.5084463747776606,0.0,0.0
c14692,0.0,0.0,0.0
c14693,0.0,0.0,0.0
c14694,0.0,0.0,0.0
c14695,0.0,0.0,0.0
c14696,0.0,0.0,0.0
c14697,0.0,0.0,0.0
c14698,0.0,0.0,0.0
c14699,0.0,0.0,0.0
c14700,3.007073261539511,0.0,0.0
c14701,0.0,0.0,0.0
c14702,0.0,0.0,0.0
c14703,0.0,0.0,0.0
c14704,0.0,0.0,0.0
c14705,0.0,0.0,0.0
c14706,0.0,0.0,0.0
c14707,5.586771377378988,0.0,0.0
c14708,0.0,0.0,0.0
c14709,0.0,0.0,0.0
c14710,0.0,0.0,0.0
c14711,9.675127542722867,0.0,0.0
c14712,9.675127542722867,0.0,0.0
c14713,0.0,0.0,0.0
c14714,0.0,0.0,0.0
c14715,0.0,0.0,0.0
c14716,0.0,0.0,0.0
c14717,0.0,0.0,0.0
c14718,0.0,0.0,0.0
c14719,0.0,0.0,0.0
c14720,18.453332573215096,0.0,0.0
c14721,15.935633761823087,0.0,0.0
c14722,26.961507902174205,1.0,0.0
c14723,15.935633761823087,0.0,0.0
c14724,0.0,0.0,0.0
c14725,0.0,0.0,0.0
c14726,0.0,0.0,0.0
c14727,22.79730683443164,0.0,0.0
c14728,14.365164295978529,0.0,0.0
c14729,0.0,0.0,0.0
c14730,0.0,0.0,0.0
c14731,0.0,0.0,0.0
c14732,0.0,0.0,0.0
c14733,0.0,0.0,0.0
c14734,0.0,0.0,0.0
c14735,0.0,0.0,0.0
c14736,23.091898895076557,0.0,0.0
c14737,46.15207345874338,0.0,0.0
c14738,0.0,0.0,0.0
c14739,46.15207345874338,0.0,0.0
c14740,59.91239287799778,0.0,0.0
c14741,0.0,0.0,0.0
c14742,0.0,0.0,0.0
c14743,0.0,0.0,0.0
c14744,0.0,0.0,0.0
c14745,0.0,0.0,0.0
c14746,0.0,0.0,0.0
c14747,0.0,0.0,0.0
c14748,0.0,0.0,0.0
c14749,13.1968488685631,0.0,0.0
c14750,0.0,0.0,0.0
c14751,0.0,0.0,0.0
c14752,0.0,0.0,0.0
c14753,0.0,0.0,0.0
c14754,0.0,0.0,0.0
c14755,0.0,0.0,0.0
c14756,0.0,0.0,0.0
c14757,0.0,0.0,0.0
c14758,0.0,0.0,0.0
c14759,0.0,0.0,0.0
c14760,0.0,0.0,0.0
c14761,0.0,0.0,0.0
c14762,0.0,0.0,0.0
c14763,0.0,0.0,0.0
c14764,0.0,0.0,0.0
c14765,0.0,0.0,0.0
c14766,0.0,0.0,0.0
c14767,0.0,0.0,0.0
c14768,0.0,0.0,0.0
c14769,0.0,0.0,0.0
c14770,0.0,0.0,0.0
c14771,0.0,0.0,0.0
c14772,0.0,0.0,0.0
c14773,0.0,0.0,0.0
c14774,0.0,0.0,0.0
c14775,0.0,0.0,0.0
c14776,0.0,0.0,0.0
c14777,0.0,0.0,0.0
c14778,0.0,0.0,0.0
c14779,0.0,0.0,0.0
c14780,0.0,0.0,0.0
c14781,0.0,0.0,0.0
c14782,0.0,0.0,0.0
c14783,0.0,0.0,0.0
c14784,0.0,0.0,0.0
c14785,0.0,0.0,0.0
c14786,0.0,0.0,0.0
c14787,0.0,0.0,0.0
c14788,0.0,0.0,0.0
c14789,0.0,0.0,0.0
c14790,0.0,0.0,0.0
c14791,0.0,0.0,0.0
c14792,0.0,0.0,0.0
c14793,0.0,0.0,0.0
c14794,0.0,0.0,0.0
c14795,0.0,0.0,0.0
c14796,0.0,0.0,0.0
c14797,0.0,0.0,0.0
c14798,0.0,0.0,0.0
c14799,0.0,0.0,0.0
c14800,0.0,0.0,0.0
c14801,0.0,0.0,0.0
c14802,0.0,0.0,0.0
c14803,0.0,0.0,0.0
c14804,0.0,0.0,0.0
c14805,0.0,0.0,0.0
c14806,0.0,0.0,0.0
c14807,0.0,0.0,0.0
c14808,0.0,0.0,0.0
c14809,0.0,0.0,0.0
c14810,0.0,0.0,0.0
c14811,0.0,0.0,0.0
c14812,2.5084463747776606,0.0,0.0
c14813,0.0,0.0,0.0
c14814,0.0,0.0,0.0
c14815,0.0,1.0,0.0
c14816,0.0,0.0,0.0
c14817,0.0,0.0,0.0
c14818,0.0,0.0,0.0
c14819,0.0,0.0,0.0
c14820,0.0,0.0,0.0
c14821,6.531077702675607,0.0,0.0
c14822,0.0,0.0,0.0
c14823,0.0,0.0,0.0
c14824,0.0,0.0,0.0
c14825,0.0,0.0,0.0
c14826,0.0,0.0,0.0
c14827,7.543882946298224,0.0,0.0
c14828,13.130654323677213,0.0,0.0
c14829,13.130654323677213,0.0,0.0
c14830,0.0,0.0,0.0
c14831,0.0,0.0,0.0
c14832,9.675127542722867,0.0,0.0
c14833,9.675127542722867,0.0,0.0
c14834,9.675127542722867,0.0,0.0
c14835,0.0,0.0,0.0
c14836,0.0,0.0,0.0
c14837,0.0,0.0,0.0
c14838,0.0,0.0,0.0
c14839,0.0,0.0,0.0
c14840,0.0,0.0,0.0
c14841,34.388966335038184,0.0,0.0
c14842,45.4148404753893,0.0,0.0
c14843,11.025874140351116,0.0,0.0
c14844,0.0,0.0,0.0
c14845,0.0,0.0,0.0
c14846,0.0,0.0,0.0
c14847,8.432142538453112,0.0,0.0
c14848,8.432142538453112,0.0,0.0
c14849,13.638124936464044,0.0,0.0
c14850,13.638124936464044,0.0,0.0
c14851,0.0,0.0,0.0
c14852,0.0,0.0,0.0
c14853,0.0,0.0,0.0
c14854,0.0,0.0,0.0
c14855,0.0,0.0,0.0
c14856,0.0,0.0,0.0
c14857,32.10160686347006,0.0,0.0
c14858,47.326435527788696,0.0,0.0
c14859,2.1485580629558725,0.0,0.0
c14860,53.143378071240484,0.0,0.0
c14861,13.7603194192544,0.0,0.0
c14862,0.0,0.0,0.0
c14863,0.0,0.0,0.0
c14864,0.0,0.0,0.0
c14865,0.0,0.0,0.0
c14866,0.0,0.0,0.0
c14867,0.0,0.0,0.0
c14868,0.0,0.0,0.0
c14869,0.0,0.0,0.0
c14870,13.1968488685631,0.0,0.0
c14871,0.0,0.0,0.0
c14872,0.0,0.0,0.0
c14873,0.0,0.0,0.0
c14874,0.0,0.0,0.0
c14875,0.0,0.0,0.0
c14876,0.0,0.0,0.0
c14877,0.0,0.0,0.0
c14878,0.0,0.0,0.0
c14879,0.0,0.0,0.0
c14880,0.0,0.0,0.0
c14881,0.0,0.0,0.0
c14882,0.0,0.0,0.0
c14883,0.0,0.0,0.0
c14884,0.0,0.0,0.0
c14885,0.0,0.0,0.0
c14886,0.0,0.0,0.0
c14887,0.0,0.0,0.0
c14888,0.0,0.0,0.0
c14889,0.0,0.0,0.0
c14890,0.0,0.0,0.0
c14891,0.0,0.0,0.0
c14892,0.0,0.0,0.0
c14893,0.0,0.0,0.0
c14894,0.0,0.0,0.0
c14895,0.0,0.0,0.0
c14896,0.0,0.0,0.0
c14897,0.0,0.0,0.0
c14898,0.0,0.0,0.0
c14899,0.0,0.0,0.0
c14900,0.0,0.0,0.0
c14901,0.0,0.0,0.0
c14902,0.0,0.0,0.0
c14903,0.0,0.0,0.0
c14904,0.0,0.0,0.0
c14905,0.0,0.0,0.0
c14906,0.0,0.0,0.0
c14907,0.0,0.0,0.0
c14908,0.0,0.0,0.0
c14909,0.0,0.0,0.0
c14910,0.0,0.0,0.0
c14911,0.0,0.0,0.0
c14912,0.0,0.0,0.0
c14913,0.0,0.0,0.0
c14914,0.0,0.0,0.0
c14915,0.0,0.0,0.0
c14916,0.0,0.0,0.0
c14917,0.0,0.0,0.0
c14918,0.0,0.0,0.0
c14919,0.0,0.0,0.0
c14920,0.0,0.0,0.0
c14921,0.0,0.0,0.0
c14922,0.0,0.0,0.0
c14923,0.0,0.0,0.0
c14924,0.0,0.0,0.0
c14925,0.0,0.0,0.0
c14926,0.0,0.0,0.0
c14927,0.0,0.0,0.0
c14928,0.0,0.0,0.0
c14929,0.0,0.0,0.0
c14930,0.0,0.0,0.0
c14931,0.0,0.0,0.0
c14932,0.0,0.0,0.0
c14933,0.0,0.0,0.0
c14934,4.886125596255798,0.0,0.0
c14935,0.0,0.0,0.0
c14936,0.0,0.0,0.0
c14937,0.0,0.0,0.0
c14938,0.0,0.0,0.0
c14939,0.0,0.0,0.0
c14940,0.0,0.0,0.0
c14941,3.5026577794881235,0.0,0.0
c14942,3.5026577794881235,0.0,0.0
c14943,0.0,0.0,0.0
c14944,0.0,0.0,0.0
c14945,0.0,0.0,0.0
c14946,0.0,0.0,0.0
c14947,0.0,0.0,0.0
c14948,7.543882946298224,0.0,0.0
c14949,0.0,0.0,0.0
c14950,0.0,0.0,0.0
c14951,0.0,0.0,0.0
c14952,0.0,0.0,0.0
c14953,0.0,0.0,0.0
c14954,9.675127542722867,0.0,0.0
c14955,9.675127542722867,0.0,0.0
c14956,0.0,0.0,0.0
c14957,0.0,0.0,0.0
c14958,0.0,0.0,0.0
c14959,0.0,0.0,0.0
c14960,15.935633761823087,0.0,0.0
c14961,15.935633761823087,0.0,0.0
c14962,15.935633761823087,0.0,0.0
c14963,11.025874140351116,0.0,0.0
c14964,0.0,0.0,0.0
c14965,0.0,0.0,0.0
c14966,0.0,0.0,0.0
c14967,0.0,0.0,0.0
c14968,8.432142538453112,0.0,0.0
c14969,0.0,0.0,0.0
c14970,0.0,0.0,0.0
c14971,21.869361783137347,0.0,0.0
c14972,13.638124936464044,0.0,0.0
c14973,0.0,0.0,0.0
c14974,0.0,0.0,0.0
c14975,0.0,0.0,0.0
c14976,0.0,0.0,0.0
c14977,0.0,0.0,0.0
c14978,7.738441587184026,0.0,0.0
c14979,5.847914632032364,0.0,0.0
c14980,2.1485580629558725,0.0,0.0
c14981,4.130234370799172,0.0,0.0
c14982,17.890553790053573,0.0,0.0
c14983,13.7603194192544,0.0,0.0
c14984,0.0,0.0,0.0
c14985,0.0,0.0,0.0
c14986,0.0,0.0,0.0
c14987,0.0,0.0,0.0
c14988,0.0,0.0,0.0
c14989,0.0,0.0,0.0
c14990,0.0,0.0,0.0
c14991,17.337384485760108,0.0,0.0
c14992,1.7680050468396231,0.0,0.0
c14993,0.0,0.0,0.0
c14994,0.0,0.0,0.0
c14995,0.0,0.0,0.0
c14996,0.0,0.0,0.0
c14997,0.0,0.0,0.0
c14998,0.0,0.0,0.0
c14999,0.0,1.0,0.0
c15000,0.0,0.0,0.0
c15001,0.0,0.0,0.0
c15002,0.0,0.0,0.0
c15003,9.982009200485066,0.0,0.0
c15004,0.0,0.0,0.0
c15005,0.0,0.0,0.0
c15006,0.0,0.0,0.0
c15007,0.0,0.0,0.0
c15008,0.0,0.0,0.0
c15009,0.0,0.0,0.0
c15010,0.0,0.0,0.0
c15011,0.0,0.0,0.0
c15012,0.0,0.0,0.0
c15013,0.0,0.0,0.0
c15014,0.0,0.0,0.0
c15015,0.0,0.0,0.0
c15016,0.0,0.0,0.0
c15017,0.0,0.0,0.0
c15018,0.0,0.0,0.0
c15019,0.0,0.0,0.0
c15020,0.0,0.0,0.0
c15021,0.0,0.0,0.0
c15022,0.0,0.0,0.0
c15023,0.0,0.0,0.0
c15024,0.0,0.0,0.0
c15025,0.0,0.0,0.0
c15026,0.0,0.0,0.0
c15027,0.0,0.0,0.0
c15028,0.0,0.0,0.0
c15029,0.0,0.0,0.0
c15030,0.0,0.0,0.0
c15031,0.0,0.0,0.0
c15032,0.0,0.0,0.0
c15033,0.0,0.0,0.0
c15034,0.0,0.0,0.0
c15035,0.0,0.0,0.0
c15036,0.0,0.0,0.0
c15037,0.0,0.0,0.0
c15038,0.0,0.0,0.0
c15039,0.0,0.0,0.0
c15040,0.0,0.0,0.0
c15041,0.0,0.0,0.0
c15042,0.0,0.0,0.0
c15043,0.0,0.0,0.0
c15044,0.0,0.0,0.0
c15045,0.0,0.0,0.0
c15046,0.0,0.0,0.0
c15047,0.0,0.0,0.0
c15048,0.0,0.0,0.0
c15049,0.0,0.0,0.0
c15050,0.0,0.0,0.0
c15051,0.0,0.0,0.0
c15052,0.0,0.0,0.0
c15053,0.0,0.0,0.0
c15054,0.0,0.0,0.0
c15055,4.66673060853693,0.0,0.0
c15056,4.66673060853693,0.0,0.0
c15057,0.0,0.0,0.0
c15058,0.0,0.0,0.0
c15059,0.0,0.0,0.0
c15060,0.0,0.0,0.0
c15061,0.0,0.0,0.0
c15062,3.5026577794881235,0.0,0.0
c15063,0.0,0.0,0.0
c15064,0.0,0.0,0.0
c15065,0.0,0.0,0.0
c15066,0.0,0.0,0.0
c15067,0.0,0.0,0.0
c15068,0.0,0.0,0.0
c15069,7.543882946298224,0.0,0.0
c15070,0.0,0.0,0.0
c15071,0.0,0.0,0.0
c15072,0.0,0.0,0.0
c15073,0.0,0.0,0.0
c15074,0.0,0.0,0.0
c15075,0.0,0.0,0.0
c15076,9.675127542722867,0.0,0.0
c15077,0.0,0.0,0.0
c15078,0.0,0.0,0.0
c15079,0.0,0.0,0.0
c15080,15.935633761823087,0.0,0.0
c15081,15.935633761823087,0.0,0.0
c15082,0.0,0.0,0.0
c15083,0.0,0.0,0.0
c15084,11.025874140351116,0.0,0.0
c15085,11.025874140351116,0.0,0.0
c15086,0.0,0.0,0.0
c15087,0.0,0.0,0.0
c15088,8.432142538453112,0.0,0.0
c15089,8.432142538453112,0.0,0.0
c15090,0.0,0.0,0.0
c15091,0.0,0.0,0.0
c15092,8.231236846673303,0.0,0.0
c15093,13.638124936464044,0.0,0.0
c15094,13.638124936464044,0.0,0.0
c15095,0.0,0.0,0.0
c15096,0.0,0.0,0.0
c15097,0.0,0.0,0.0
c15098,7.738441587184026,0.0,0.0
c15099,7.738441587184026,0.0,0.0
c15100,3.4274802661603028,0.0,0.0
c15101,0.0,0.0,0.0
c15102,0.0,0.0,0.0
c15103,4.130234370799172,0.0,0.0
c15104,13.7603194192544,0.0,0.0
c15105,0.0,0.0,0.0
c15106,0.0,0.0,0.0
c15107,0.0,0.0,0.0
c15108,0.0,0.0,0.0
c15109,0.0,0.0,0.0
c15110,0.6625240602202508,0.0,0.0
c15111,0.0,0.0,1.0
c15112,2.3518997420250383,0.0,0.0
c15113,2.6159923893453056,0.0,0.0
c15114,0.8345884500068266,0.0,0.0
c15115,0.0,0.0,0.0
c15116,0.0,0.0,0.0
c15117,0.0,0.0,0.0
c15118,0.0,0.0,0.0
c15119,0.0,0.0,0.0
c15120,0.0,0.0,0.0
c15121,0.0,0.0,0.0
c15122,0.0,0.0,0.0
c15123,0.0,0.0,0.0
c15124,9.982009200485066,0.0,0.0
c15125,0.0,0.0,0.0
c15126,0.0,0.0,0.0
c15127,0.0,0.0,0.0
c15128,0.0,0.0,0.0
c15129,0.0,0.0,0.0
c15130,0.0,0.0,0.0
c15131,0.0,0.0,0.0
c15132,0.0,0.0,0.0
c15133,0.0,0.0,0.0
c15134,0.0,0.0,0.0
c15135,0.0,0.0,0.0
c15136,0.0,0.0,0.0
c15137,0.0,0.0,0.0
c15138,0.0,0.0,0.0
c15139,0.0,0.0,0.0
c15140,0.0,0.0,0.0
c15141,0.0,0.0,0.0
c15142,0.0,0.0,0.0
c15143,0.0,0.0,0.0
c15144,0.0,0.0,0.0
c15145,0.0,0.0,0.0
c15146,0.0,0.0,0.0
c15147,0.0,0.0,0.0
c15148,0.0,0.0,0.0
c15149,0.0,0.0,0.0
c15150,0.0,0.0,0.0
c15151,0.0,0.0,0.0
c15152,0.0,0.0,0.0
c15153,0.0,0.0,0.0
c15154,0.0,0.0,0.0
c15155,0.0,0.0,0.0
c15156,0.0,0.0,0.0
c15157,0.0,0.0,0.0
c15158,0.0,0.0,0.0
c15159,0.0,0.0,0.0
c15160,0.0,0.0,0.0
c15161,0.0,0.0,0.0
c15162,0.0,0.0,0.0
c15163,0.0,0.0,0.0
c15164,0.0,0.0,0.0
c15165,0.0,0.0,0.0
c15166,0.0,0.0,0.0
c15167,0.0,0.0,0.0
c15168,0.0,0.0,0.0
c15169,0.0,0.0,0.0
c15170,0.0,0.0,0.0
c15171,0.0,0.0,0.0
c15172,0.0,0.0,0.0
c15173,0.0,0.0,0.0
c15174,0.0,0.0,0.0
c15175,0.0,0.0,0.0
c15176,0.0,0.0,0.0
c15177,4.66673060853693,0.0,0.0
c15178,4.66673060853693,0.0,0.0
c15179,0.0,0.0,0.0
c15180,0.0,0.0,0.0
c15181,0.0,0.0,0.0
c15182,1.3619793331506613,0.0,0.0
c15183,4.87474289795188,0.0,0.0
c15184,0.0,0.0,0.0
c15185,0.0,0.0,0.0
c15186,0.0,0.0,0.0
c15187,0.0,0.0,0.0
c15188,0.0,0.0,0.0
c15189,0.0,0.0,0.0
c15190,7.543882946298224,0.0,0.0
c15191,7.543882946298224,0.0,0.0
c15192,0.0,0.0,0.0
c15193,0.0,0.0,0.0
c15194,0.0,0.0,0.0
c15195,0.0,0.0,0.0
c15196,0.0,0.0,0.0
c15197,12.504618932260955,0.0,0.0
c15198,0.0,0.0,0.0
c15199,15.935633761823087,0.0,0.0
c15200,15.935633761823087,0.0,0.0
c15201,15.935633761823087,0.0,0.0
c15202,0.0,0.0,0.0
c15203,0.0,0.0,0.0
c15204,0.0,0.0,0.0
c15205,0.0,0.0,0.0
c15206,11.025874140351116,0.0,0.0
c15207,11.025874140351116,0.0,0.0
c15208,8.432142538453112,0.0,0.0
c15209,8.432142538453112,0.0,0.0
c15210,0.0,0.0,0.0
c15211,0.0,0.0,0.0
c15212,0.0,0.0,0.0
c15213,8.231236846673303,0.0,0.0
c15214,0.0,0.0,0.0
c15215,13.638124936464044,0.0,0.0
c15216,17.633154395791315,0.0,0.0
c15217,0.0,0.0,0.0
c15218,0.0,0.0,0.0
c15219,7.738441587184026,0.0,0.0
c15220,0.0,0.0,0.0
c15221,3.4274802661603028,0.0,0.0
c15222,0.0,0.0,0.0
c15223,0.0,0.0,0.0
c15224,8.887746669993339,0.0,0.0
c15225,25.68124297140738,0.0,0.0
c15226,6.611467509375014,0.0,0.0
c15227,6.611467509375014,0.0,0.0
c15228,0.0,0.0,0.0
c15229,6.611467509375014,0.0,0.0
c15230,15.935313251418366,0.0,0.0
c15231,19.106663426395485,0.0,0.0
c15232,2.472735832415801,0.0,0.0
c15233,6.352635052372076,0.0,0.0
c15234,0.0,0.0,0.0
c15235,0.8062096134108148,0.0,0.0
c15236,3.0583366987120586,0.0,0.0
c15237,0.0,0.0,0.0
c15238,0.0,0.0,0.0
c15239,0.0,0.0,0.0
c15240,0.0,0.0,0.0
c15241,0.0,0.0,0.0
c15242,0.0,0.0,0.0
c15243,9.982009200485066,0.0,0.0
c15244,9.982009200485066,0.0,0.0
c15245,9.982009200485066,0.0,0.0
c15246,0.0,0.0,0.0
c15247,0.0,0.0,0.0
c15248,0.0,0.0,0.0
c15249,0.0,0.0,0.0
c15250,0.0,0.0,0.0
c15251,0.0,0.0,0.0
c15252,0.0,0.0,0.0
c15253,0.0,0.0,0.0
c15254,0.0,0.0,0.0
c15255,0.0,0.0,0.0
c15256,0.0,0.0,0.0
c15257,0.0,0.0,0.0
c15258,0.0,0.0,0.0
c15259,0.0,0.0,0.0
c15260,0.0,0.0,0.0
c15261,0.0,0.0,0.0
c15262,0.0,0.0,0.0
c15263,0.0,0.0,0.0
c15264,0.0,0.0,0.0
c15265,0.0,0.0,0.0
c15266,0.0,0.0,0.0
c15267,0.0,0.0,0.0
c15268,0.0,0.0,0.0
c15269,0.0,0.0,0.0
c15270,0.0,0.0,0.0
c15271,0.0,0.0,0.0
c15272,0.0,0.0,0.0
c15273,0.0,0.0,0.0
c15274,0.0,0.0,0.0
c15275,0.0,0.0,0.0
c15276,0.0,0.0,0.0
c15277,0.0,0.0,0.0
c15278,0.0,0.0,0.0
c15279,0.0,0.0,0.0
c15280,0.0,0.0,0.0
c15281,0.0,0.0,0.0
c15282,0.0,0.0,0.0
c15283,0.0,0.0,0.0
c15284,0.0,0.0,0.0
c15285,0.0,0.0,0.0
c15286,0.0,0.0,0.0
c15287,0.0,0.0,0.0
c15288,0.0,0.0,0.0
c15289,0.0,0.0,0.0
c15290,0.0,0.0,0.0
c15291,0.0,0.0,0.0
c15292,0.0,0.0,0.0
c15293,0.0,0.0,0.0
c15294,0.0,0.0,0.0
c15295,0.0,0.0,0.0
c15296,0.0,0.0,0.0
c15297,0.0,0.0,0.0
c15298,0.0,0.0,0.0
c15299,0.017229189630841506,0.0,0.0
c15300,0.0,0.0,0.0
c15301,0.0,0.0,0.0
c15302,0.0,0.0,0.0
c15303,7.135412061247951,0.0,0.0
c15304,1.1743623842821795,0.0,0.0
c15305,0.0,0.0,0.0
c15306,0.0,0.0,0.0
c15307,0.0,0.0,0.0
c15308,0.0,0.0,0.0
c15309,0.0,0.0,0.0
c15310,0.0,0.0,0.0
c15311,0.0,0.0,0.0
c15312,7.543882946298224,0.0,0.0
c15313,0.0,0.0,0.0
c15314,0.0,0.0,0.0
c15315,0.0,0.0,0.0
c15316,0.0,0.0,0.0
c15317,0.0,0.0,0.0
c15318,2.8294913895380884,0.0,0.0
c15319,20.747862255609704,0.0,0.0
c15320,15.935633761823087,0.0,0.0
c15321,0.0,0.0,0.0
c15322,0.0,0.0,0.0
c15323,0.0,0.0,0.0
c15324,0.0,0.0,0.0
c15325,0.0,0.0,0.0
c15326,0.0,0.0,0.0
c15327,0.0,0.0,0.0
c15328,19.458016678804228,0.0,0.0
c15329,19.458016678804228,0.0,0.0
c15330,0.0,0.0,0.0
c15331,0.0,0.0,0.0
c15332,0.0,0.0,0.0
c15333,0.0,0.0,0.0
c15334,8.231236846673303,0.0,0.0
c15335,0.0,0.0,0.0
c15336,3.995029459327272,0.0,1.0
c15337,17.633154395791315,0.0,0.0
c15338,13.638124936464044,0.0,0.0
c15339,21.37656652364807,0.0,0.0
c15340,7.738441587184026,0.0,0.0
c15341,0.0,0.0,0.0
c15342,5.594287486422781,0.0,0.0
c15343,2.1668072202624775,0.0,0.0
c15344,3.933745374611319,0.0,0.0
c15345,6.5244504535430075,0.0,0.0
c15346,23.737696279199795,0.0,0.0
c15347,6.611467509375014,0.0,0.0
c15348,6.611467509375014,0.0,0.0
c15349,6.611467509375014,0.0,0.0
c15350,6.611467509375014,0.0,0.0
c15351,0.0,0.0,0.0
c15352,9.209188812960567,0.0,0.0
c15353,0.0,0.0,0.0
c15354,9.477677578551209,0.0,0.0
c15355,0.0,0.0,0.0
c15356,0.0,0.0,0.0
c15357,2.834716668046827,0.0,0.0
c15358,0.0,0.0,0.0
c15359,0.0,0.0,0.0
c15360,0.0,1.0,0.0
c15361,0.0,0.0,0.0
c15362,0.0,0.0,0.0
c15363,0.0,0.0,0.0
c15364,9.982009200485066,0.0,0.0
c15365,9.982009200485066,0.0,0.0
c15366,3.4958230616554795,0.0,0.0
c15367,0.0,0.0,0.0
c15368,0.0,0.0,0.0
c15369,0.0,0.0,0.0
c15370,0.0,0.0,0.0
c15371,0.0,0.0,0.0
c15372,0.0,0.0,0.0
c15373,0.0,0.0,0.0
c15374,0.0,0.0,0.0
c15375,0.0,0.0,0.0
c15376,0.0,0.0,0.0
c15377,0.0,0.0,0.0
c15378,0.0,0.0,0.0
c15379,0.0,0.0,0.0
c15380,0.0,0.0,0.0
c15381,0.0,0.0,0.0
c15382,0.0,0.0,0.0
c15383,0.0,0.0,0.0
c15384,0.0,0.0,0.0
c15385,0.0,0.0,0.0
c15386,0.0,0.0,0.0
c15387,0.0,0.0,0.0
c15388,0.0,0.0,0.0
c15389,0.0,0.0,0.0
c15390,0.0,0.0,0.0
c15391,0.0,0.0,0.0
c15392,0.0,0.0,0.0
c15393,0.0,0.0,0.0
c15394,0.0,0.0,0.0
c15395,0.0,0.0,0.0
c15396,0.0,0.0,0.0
c15397,0.0,0.0,0.0
c15398,0.0,0.0,0.0
c15399,0.0,0.0,0.0
c15400,0.0,0.0,0.0
c15401,0.0,0.0,0.0
c15402,0.0,0.0,0.0
c15403,0.0,0.0,0.0
c15404,0.0,0.0,0.0
c15405,0.0,0.0,0.0
c15406,0.0,0.0,0.0
c15407,0.0,0.0,0.0
c15408,0.0,0.0,0.0
c15409,0.0,0.0,0.0
c15410,0.0,0.0,0.0
c15411,0.0,0.0,0.0
c15412,0.0,0.0,0.0
c15413,0.0,0.0,0.0
c15414,0.0,0.0,0.0
c15415,0.0,0.0,0.0
c15416,0.0,0.0,0.0
c15417,0.0,0.0,0.0
c15418,0.0,0.0,0.0
c15419,0.0,0.0,0.0
c15420,0.0,0.0,0.0
c15421,9.160850304087976,0.0,0.0
c15422,0.0,0.0,0.0
c15423,0.0,0.0,1.0
c15424,4.599070343815111,0.0,0.0
c15425,2.955439341088684,0.0,0.0
c15426,1.690292059937174,0.0,0.0
c15427,0.0,0.0,0.0
c15428,0.0,0.0,0.0
c15429,0.0,0.0,0.0
c15430,0.0,0.0,0.0
c15431,0.0,0.0,0.0
c15432,0.0,0.0,0.0
c15433,20.001459277086976,0.0,0.0
c15434,7.809138844787365,0.0,0.0
c15435,22.99563326315566,0.0,0.0
c15436,7.27665703665484,0.0,0.0
c15437,0.0,0.0,0.0
c15438,0.0,0.0,0.0
c15439,0.0,0.0,0.0
c15440,1.927742943692283,0.0,0.0
c15441,0.0,0.0,0.0
c15442,0.0,0.0,0.0
c15443,0.0,0.0,0.0
c15444,0.0,0.0,0.0
c15445,0.0,0.0,0.0
c15446,0.0,0.0,0.0
c15447,0.0,0.0,0.0
c15448,0.0,0.0,0.0
c15449,0.0,0.0,0.0
c15450,11.025874140351116,0.0,0.0
c15451,11.025874140351116,0.0,0.0
c15452,11.025874140351116,0.0,0.0
c15453,0.0,0.0,0.0
c15454,0.0,0.0,0.0
c15455,14.686794601866831,0.0,0.0
c15456,3.995029459327272,0.0,0.0
c15457,3.995029459327272,0.0,0.0
c15458,0.0,0.0,0.0
c15459,7.738441587184026,0.0,0.0
c15460,7.738441587184026,0.0,0.0
c15461,0.0,0.0,0.0
c15462,0.0,0.0,0.0
c15463,0.0,0.0,0.0
c15464,0.0,0.0,0.0
c15465,0.0,0.0,0.0
c15466,4.7575122991941665,0.0,0.0
c15467,14.397092156922318,1.0,0.0
c15468,0.0,0.0,0.0
c15469,0.0,0.0,0.0
c15470,0.0,0.0,0.0
c15471,0.0,0.0,0.0
c15472,0.0,0.0,0.0
c15473,9.209188812960567,0.0,0.0
c15474,0.0,0.0,0.0
c15475,7.929820402395131,0.0,0.0
c15476,0.0,0.0,0.0
c15477,0.0,0.0,0.0
c15478,6.110317607080878,0.0,0.0
c15479,0.0,0.0,0.0
c15480,0.0,0.0,0.0
c15481,0.0,0.0,0.0
c15482,0.0,0.0,0.0
c15483,0.0,0.0,0.0
c15484,0.0,0.0,0.0
c15485,14.535807094139436,0.0,0.0
c15486,13.738263014180786,0.0,0.0
c15487,13.477832262140547,0.0,0.0
c15488,0.0,0.0,0.0
c15489,0.0,0.0,0.0
c15490,0.0,0.0,0.0
c15491,0.0,0.0,0.0
c15492,0.0,0.0,0.0
c15493,0.0,0.0,0.0
c15494,0.0,0.0,0.0
c15495,0.0,0.0,0.0
c15496,0.0,0.0,0.0
c15497,0.0,0.0,0.0
c15498,0.0,0.0,0.0
c15499,0.0,0.0,0.0
c15500,0.0,0.0,0.0
c15501,0.0,0.0,0.0
c15502,0.0,0.0,0.0
c15503,0.0,0.0,0.0
c15504,0.0,0.0,0.0
c15505,0.0,0.0,0.0
c15506,0.0,0.0,0.0
c15507,0.0,0.0,0.0
c15508,0.0,0.0,0.0
c15509,0.0,0.0,0.0
c15510,0.0,0.0,0.0
c15511,0.0,0.0,0.0
c15512,0.0,0.0,0.0
c15513,0.0,0.0,0.0
c15514,0.0,0.0,0.0
c15515,0.0,0.0,0.0
c15516,0.0,0.0,0.0
c15517,0.0,0.0,0.0
c15518,0.0,0.0,0.0
c15519,0.0,0.0,0.0
c15520,0.0,0.0,0.0
c15521,0.0,0.0,0.0
c15522,0.0,0.0,0.0
c15523,0.0,0.0,0.0
c15524,0.0,0.0,0.0
c15525,0.0,0.0,0.0
c15526,0.0,0.0,0.0
c15527,0.0,0.0,0.0
c15528,0.0,0.0,0.0
c15529,0.0,0.0,0.0
c15530,0.0,0.0,0.0
c15531,0.0,0.0,0.0
c15532,0.0,0.0,0.0
c15533,0.0,0.0,0.0
c15534,0.0,0.0,0.0
c15535,0.0,0.0,0.0
c15536,0.0,0.0,0.0
c15537,0.0,0.0,0.0
c15538,0.0,0.0,0.0
c15539,0.0,0.0,0.0
c15540,0.0,0.0,0.0
c15541,0.0,0.0,0.0
c15542,9.106711956219714,0.0,0.0
c15543,0.0,0.0,0.0
c15544,0.0,0.0,0.0
c15545,4.599070343815111,0.0,0.0
c15546,0.0,0.0,0.0
c15547,0.0,0.0,0.0
c15548,0.0,0.0,0.0
c15549,0.0,0.0,0.0
c15550,0.0,0.0,0.0
c15551,0.0,0.0,0.0
c15552,0.0,0.0,0.0
c15553,0.0,0.0,0.0
c15554,4.627595979958629,0.0,0.0
c15555,0.0,0.0,0.0
c15556,15.718976226500821,0.0,1.0
c15557,7.27665703665484,0.0,0.0
c15558,7.27665703665484,0.0,0.0
c15559,16.71830580413453,0.0,0.0
c15560,16.71830580413453,0.0,0.0
c15561,9.204399980347123,0.0,0.0
c15562,0.0,0.0,0.0
c15563,0.0,0.0,0.0
c15564,0.0,0.0,0.0
c15565,0.0,0.0,0.0
c15566,0.0,0.0,0.0
c15567,0.0,0.0,0.0
c15568,0.0,0.0,0.0
c15569,0.0,0.0,0.0
c15570,0.0,0.0,0.0
c15571,0.0,0.0,0.0
c15572,0.0,0.0,0.0
c15573,13.832393538195113,0.0,0.0
c15574,2.740338051801092,0.0,0.0
c15575,6.159307369988094,0.0,0.0
c15576,10.691765142539559,0.0,0.0
c15577,0.0,0.0,0.0
c15578,0.0,0.0,0.0
c15579,0.0,0.0,0.0
c15580,33.8214904544011,0.0,0.0
c15581,0.0,0.0,0.0
c15582,0.0,0.0,0.0
c15583,0.0,0.0,0.0
c15584,0.0,0.0,0.0
c15585,0.0,0.0,0.0
c15586,0.0,0.0,0.0
c15587,0.0,0.0,0.0
c15588,14.397092156922318,0.0,0.0
c15589,9.639579857728151,0.0,1.0
c15590,0.0,0.0,0.0
c15591,0.0,0.0,0.0
c15592,0.0,0.0,0.0
c15593,0.0,0.0,0.0
c15594,9.209188812960567,0.0,0.0
c15595,0.0,0.0,0.0
c15596,12.441977966733667,0.0,0.0
c15597,4.512157564338535,0.0,0.0
c15598,4.512157564338535,0.0,0.0
c15599,7.7877585033725865,0.0,0.0
c15600,3.275600939034051,0.0,0.0
c15601,3.275600939034051,0.0,0.0
c15602,0.0,0.0,0.0
c15603,0.0,0.0,0.0
c15604,0.0,0.0,0.0
c15605,14.275376342099197,0.0,0.0
c15606,14.275376342099197,0.0,0.0
c15607,0.0,0.0,0.0
c15608,0.0,0.0,0.0
c15609,0.0,0.0,0.0
c15610,0.0,0.0,0.0
c15611,0.0,0.0,0.0
c15612,0.0,0.0,0.0
c15613,0.0,0.0,0.0
c15614,0.0,0.0,0.0
c15615,0.0,0.0,0.0
c15616,0.0,0.0,0.0
c15617,0.0,0.0,0.0
c15618,0.0,0.0,0.0
c15619,0.0,0.0,0.0
c15620,0.0,0.0,0.0
c15621,0.0,0.0,0.0
c15622,0.0,0.0,0.0
c15623,0.0,0.0,0.0
c15624,0.0,0.0,0.0
c15625,0.0,0.0,0.0
c15626,0.0,0.0,0.0
c15627,0.0,0.0,0.0
c15628,0.0,0.0,0.0
c15629,0.0,0.0,0.0
c15630,0.0,0.0,0.0
c15631,0.0,0.0,0.0
c15632,0.0,0.0,0.0
c15633,0.0,0.0,0.0
c15634,0.0,0.0,0.0
c15635,0.0,0.0,0.0
c15636,0.0,0.0,0.0
c15637,0.0,0.0,0.0
c15638,0.0,0.0,0.0
c15639,0.0,0.0,0.0
c15640,0.0,0.0,0.0
c15641,0.0,0.0,0.0
c15642,0.0,0.0,0.0
c15643,0.0,0.0,0.0
c15644,0.0,0.0,0.0
c15645,0.0,0.0,0.0
c15646,0.0,0.0,0.0
c15647,0.0,0.0,0.0
c15648,0.0,0.0,0.0
c15649,0.0,0.0,0.0
c15650,0.0,0.0,0.0
c15651,0.0,0.0,0.0
c15652,0.0,0.0,0.0
c15653,0.0,0.0,0.0
c15654,0.0,0.0,0.0
c15655,0.0,0.0,0.0
c15656,0.0,0.0,0.0
c15657,0.0,0.0,0.0
c15658,0.0,0.0,0.0
c15659,0.0,0.0,0.0
c15660,0.0,0.0,0.0
c15661,0.0,0.0,0.0
c15662,0.0,0.0,0.0
c15663,9.106711956219714,0.0,0.0
c15664,0.0,0.0,0.0
c15665,0.0,0.0,0.0
c15666,4.599070343815111,0.0,0.0
c15667,0.0,0.0,0.0
c15668,0.0,0.0,0.0
c15669,0.0,0.0,0.0
c15670,0.0,0.0,0.0
c15671,0.0,0.0,0.0
c15672,0.0,0.0,0.0
c15673,0.0,0.0,0.0
c15674,4.627595979958629,0.0,0.0
c15675,4.627595979958629,0.0,0.0
c15676,15.718976226500821,0.0,0.0
c15677,15.718976226500821,0.0,0.0
c15678,0.0,0.0,0.0
c15679,0.0,0.0,0.0
c15680,9.441648767479691,0.0,0.0
c15681,9.441648767479691,0.0,0.0
c15682,0.0,0.0,0.0
c15683,0.0,0.0,0.0
c15684,0.0,0.0,0.0
c15685,0.0,0.0,0.0
c15686,0.0,0.0,0.0
c15687,0.0,0.0,0.0
c15688,0.0,0.0,0.0
c15689,0.0,0.0,0.0
c15690,0.0,0.0,0.0
c15691,0.0,0.0,0.0
c15692,0.0,0.0,0.0
c15693,0.0,0.0,0.0
c15694,0.0,0.0,0.0
c15695,7.950849460401852,0.0,0.0
c15696,11.830817440719406,0.0,0.0
c15697,9.162260323592319,0.0,1.0
c15698,0.0,0.0,0.0
c15699,0.0,0.0,0.0
c15700,26.06671071261936,0.0,0.0
c15701,26.06671071261936,0.0,0.0
c15702,0.0,0.0,0.0
c15703,0.0,0.0,0.0
c15704,0.0,0.0,0.0
c15705,0.0,0.0,0.0
c15706,0.0,0.0,0.0
c15707,0.0,0.0,0.0
c15708,0.0,0.0,0.0
c15709,9.639579857728151,0.0,0.0
c15710,9.639579857728151,0.0,0.0
c15711,0.0,0.0,0.0
c15712,0.0,0.0,0.0
c15713,0.0,0.0,0.0
c15714,0.0,0.0,1.0
c15715,9.209188812960567,0.0,0.0
c15716,0.0,1.0,0.0
c15717,7.929820402395131,0.0,0.0
c15718,7.929820402395131,0.0,0.0
c15719,0.0,0.0,0.0
c15720,4.512157564338535,0.0,0.0
c15721,10.651914704109888,0.0,0.0
c15722,10.16660900518132,0.0,0.0
c15723,0.0,0.0,0.0
c15724,0.0,0.0,0.0
c15725,14.275376342099197,0.0,0.0
c15726,14.275376342099197,0.0,0.0
c15727,0.0,0.0,0.0
c15728,0.0,0.0,0.0
c15729,0.0,0.0,0.0
c15730,0.0,0.0,0.0
c15731,0.0,0.0,0.0
c15732,0.0,0.0,0.0
c15733,0.0,0.0,0.0
c15734,0.0,0.0,0.0
c15735,0.0,0.0,0.0
c15736,0.0,0.0,0.0
c15737,0.0,0.0,0.0
c15738,0.0,0.0,0.0
c15739,0.0,0.0,0.0
c15740,0.0,0.0,0.0
c15741,0.0,0.0,0.0
c15742,0.0,0.0,0.0
c15743,0.0,0.0,0.0
c15744,0.0,0.0,0.0
c15745,0.0,0.0,0.0
c15746,0.0,0.0,0.0
c15747,0.0,0.0,0.0
c15748,0.0,0.0,0.0
c15749,0.0,0.0,0.0
c15750,0.0,0.0,0.0
c15751,0.0,0.0,0.0
c15752,0.0,0.0,0.0
c15753,0.0,0.0,0.0
c15754,0.0,0.0,0.0
c15755,0.0,0.0,0.0
c15756,0.0,0.0,0.0
c15757,0.0,0.0,0.0
c15758,0.0,0.0,0.0
c15759,0.0,0.0,0.0
c15760,0.0,0.0,0.0
c15761,0.0,0.0,0.0
c15762,0.0,0.0,0.0
c15763,0.0,0.0,0.0
c15764,0.0,0.0,0.0
c15765,0.0,0.0,0.0
c15766,0.0,0.0,0.0
c15767,0.0,0.0,0.0
c15768,0.0,0.0,0.0
c15769,0.0,0.0,0.0
c15770,0.0,0.0,0.0
c15771,0.0,0.0,0.0
c15772,0.0,0.0,0.0
c15773,0.0,0.0,0.0
c15774,0.0,0.0,0.0
c15775,0.0,0.0,0.0
c15776,0.0,0.0,0.0
c15777,0.0,0.0,0.0
c15778,0.0,0.0,0.0
c15779,0.0,0.0,0.0
c15780,0.0,0.0,0.0
c15781,0.0,0.0,0.0
c15782,0.0,0.0,0.0
c15783,0.0,0.0,0.0
c15784,10.339501980745338,0.0,0.0
c15785,2.416064224024719,0.0,0.0
c15786,0.0,0.0,0.0
c15787,6.408822839005001,0.0,0.0
c15788,0.0,0.0,0.0
c15789,0.0,0.0,0.0
c15790,0.0,0.0,0.0
c15791,0.0,0.0,0.0
c15792,0.0,0.0,0.0
c15793,0.0,0.0,0.0
c15794,0.0,0.0,0.0
c15795,4.627595979958629,0.0,0.0
c15796,15.718976226500821,0.0,0.0
c15797,15.718976226500821,0.0,0.0
c15798,0.0,0.0,0.0
c15799,0.0,0.0,0.0
c15800,0.0,0.0,0.0
c15801,0.0,0.0,0.0
c15802,9.441648767479691,0.0,0.0
c15803,0.0,0.0,0.0
c15804,0.0,0.0,0.0
c15805,0.0,0.0,0.0
c15806,0.0,0.0,0.0
c15807,0.0,0.0,0.0
c15808,0.0,0.0,0.0
c15809,0.0,0.0,0.0
c15810,0.0,0.0,0.0
c15811,0.0,0.0,0.0
c15812,0.0,0.0,0.0
c15813,6.341771520650005,0.0,0.0
c15814,0.0,0.0,0.0
c15815,5.21051140860076,0.0,0.0
c15816,5.21051140860076,0.0,0.0
c15817,0.0,0.0,0.0
c15818,0.9129242565337141,0.0,0.0
c15819,3.5630503157701914,0.0,0.0
c15820,26.06671071261936,0.0,0.0
c15821,26.06671071261936,0.0,0.0
c15822,0.0,0.0,0.0
c15823,0.0,0.0,0.0
c15824,0.0,0.0,0.0
c15825,0.0,0.0,0.0
c15826,0.0,0.0,0.0
c15827,0.0,0.0,0.0
c15828,0.0,0.0,0.0
c15829,17.23274290552232,0.0,0.0
c15830,9.639579857728151,0.0,0.0
c15831,0.0,0.0,0.0
c15832,0.0,0.0,0.0
c15833,0.0,0.0,0.0
c15834,0.0,0.0,0.0
c15835,0.0,0.0,0.0
c15836,9.209188812960567,0.0,0.0
c15837,0.0,0.0,0.0
c15838,0.0,0.0,0.0
c15839,7.929820402395131,0.0,0.0
c15840,0.0,0.0,0.0
c15841,0.0,0.0,0.0
c15842,0.0,0.0,0.0
c15843,6.8768448452970175,0.0,0.0
c15844,3.890103817231596,0.0,0.0
c15845,2.093035842255141,0.0,0.0
c15846,14.275376342099197,0.0,0.0
c15847,0.0,0.0,0.0
c15848,0.0,0.0,0.0
c15849,0.0,0.0,0.0
c15850,0.0,0.0,0.0
c15851,0.0,0.0,0.0
c15852,0.0,0.0,0.0
c15853,0.0,0.0,0.0
c15854,0.0,0.0,0.0
c15855,0.0,0.0,0.0
c15856,0.0,0.0,0.0
c15857,0.0,0.0,0.0
c15858,0.0,0.0,0.0
c15859,0.0,0.0,0.0
c15860,0.0,0.0,0.0
c15861,0.0,0.0,0.0
c15862,0.0,0.0,0.0
c15863,0.0,0.0,0.0
c15864,0.0,0.0,0.0
c15865,0.0,0.0,0.0
c15866,0.0,0.0,0.0
c15867,0.0,0.0,0.0
c15868,0.0,0.0,0.0
c15869,0.0,0.0,0.0
c15870,0.0,0.0,0.0
c15871,0.0,0.0,0.0
c15872,0.0,0.0,0.0
c15873,0.0,0.0,0.0
c15874,0.0,0.0,0.0
c15875,0.0,0.0,0.0
c15876,0.0,0.0,0.0
c15877,0.0,0.0,0.0
c15878,0.0,0.0,0.0
c15879,0.0,0.0,0.0
c15880,0.0,0.0,0.0
c15881,0.0,0.0,0.0
c15882,0.0,0.0,0.0
c15883,0.0,0.0,0.0
c15884,0.0,0.0,0.0
c15885,0.0,0.0,0.0
c15886,0.0,0.0,0.0
c15887,0.0,0.0,0.0
c15888,0.0,0.0,0.0
c15889,0.0,0.0,0.0
c15890,0.0,0.0,0.0
c15891,0.0,0.0,0.0
c15892,0.0,0.0,0.0
c15893,0.0,0.0,0.0
c15894,0.0,0.0,0.0
c15895,0.0,0.0,0.0
c15896,0.0,0.0,0.0
c15897,0.0,0.0,0.0
c15898,0.0,0.0,0.0
c15899,0.0,0.0,0.0
c15900,0.0,0.0,0.0
c15901,0.0,0.0,0.0
c15902,0.0,0.0,0.0
c15903,0.0,0.0,0.0
c15904,0.0,0.0,0.0
c15905,10.339501980745338,0.0,0.0
c15906,6.644444997202888,0.0,0.0
c15907,0.0,0.0,0.0
c15908,2.873940295985996,0.0,0.0
c15909,1.0729366297286447,0.0,0.0
c15910,0.0,0.0,0.0
c15911,0.0,0.0,0.0
c15912,0.0,0.0,0.0
c15913,0.0,0.0,0.0
c15914,0.0,0.0,0.0
c15915,0.0,0.0,0.0
c15916,15.718976226500821,0.0,0.0
c15917,15.718976226500821,1.0,0.0
c15918,0.0,0.0,0.0
c15919,0.0,0.0,0.0
c15920,0.0,0.0,0.0
c15921,0.0,0.0,0.0
c15922,0.0,0.0,0.0
c15923,9.441648767479691,0.0,0.0
c15924,0.0,0.0,0.0
c15925,0.0,0.0,0.0
c15926,0.0,0.0,0.0
c15927,0.0,0.0,0.0
c15928,0.0,0.0,0.0
c15929,0.0,0.0,0.0
c15930,0.0,0.0,0.0
c15931,0.0,0.0,0.0
c15932,0.0,0.0,0.0
c15933,0.0,0.0,0.0
c15934,11.527789554091434,0.0,0.0
c15935,5.21051140860076,0.0,0.0
c15936,5.21051140860076,0.0,0.0
c15937,0.0,0.0,0.0
c15938,0.0,0.0,0.0
c15939,0.0,0.0,0.0
c15940,2.627749187768636,0.0,0.0
c15941,28.694459900387997,0.0,0.0
c15942,0.0,0.0,0.0
c15943,0.0,0.0,0.0
c15944,0.0,0.0,0.0
c15945,0.0,0.0,0.0
c15946,0.0,0.0,0.0
c15947,0.0,0.0,0.0
c15948,0.0,0.0,0.0
c15949,0.0,0.0,0.0
c15950,17.23274290552232,0.0,0.0
c15951,7.5931630477941665,0.0,0.0
c15952,7.5931630477941665,0.0,0.0
c15953,0.0,0.0,0.0
c15954,0.0,0.0,0.0
c15955,0.0,0.0,0.0
c15956,9.209188812960567,0.0,0.0
c15957,9.209188812960567,0.0,0.0
c15958,0.0,0.0,0.0
c15959,0.0,0.0,0.0
c15960,7.929820402395131,0.0,0.0
c15961,0.0,0.0,0.0
c15962,0.0,0.0,0.0
c15963,0.0,0.0,0.0
c15964,6.124169434839112,0.0,0.0
c15965,0.0,0.0,0.0
c15966,16.368412184354337,0.0,0.0
c15967,14.275376342099197,0.0,0.0
c15968,0.0,0.0,0.0
c15969,0.0,0.0,0.0
c15970,0.0,0.0,0.0
c15971,0.0,0.0,0.0
c15972,0.0,0.0,0.0
c15973,0.0,0.0,0.0
c15974,0.0,0.0,0.0
c15975,0.0,0.0,0.0
c15976,0.0,0.0,0.0
c15977,0.0,0.0,0.0
c15978,0.0,0.0,0.0
c15979,0.0,0.0,0.0
c15980,0.0,0.0,0.0
c15981,0.0,0.0,0.0
c15982,0.0,0.0,0.0
c15983,0.0,0.0,0.0
c15984,0.0,0.0,0.0
c15985,0.0,0.0,0.0
c15986,0.0,0.0,0.0
c15987,0.0,0.0,0.0
c15988,0.0,0.0,0.0
c15989,0.0,0.0,0.0
c15990,0.0,0.0,0.0
c15991,0.0,0.0,0.0
c15992,0.0,0.0,0.0
c15993,0.0,0.0,0.0
c15994,0.0,0.0,0.0
c15995,0.0,0.0,0.0
c15996,0.0,0.0,0.0
c15997,0.0,0.0,0.0
c15998,0.0,0.0,0.0
c15999,0.0,0.0,0.0
c16000,0.0,0.0,0.0
c16001,0.0,0.0,0.0
c16002,0.0,0.0,0.0
c16003,0.0,0.0,0.0
c16004,0.0,0.0,0.0
c16005,0.0,0.0,0.0
c16006,0.0,0.0,0.0
c16007,0.0,0.0,0.0
c16008,0.0,0.0,0.0
c16009,0.0,0.0,0.0
c16010,0.0,0.0,0.0
c16011,0.0,0.0,0.0
c16012,0.0,0.0,0.0
c16013,0.0,0.0,0.0
c16014,0.0,0.0,0.0
c16015,0.0,0.0,0.0
c16016,0.0,0.0,0.0
c16017,0.0,0.0,0.0
c16018,0.0,0.0,0.0
c16019,0.0,0.0,0.0
c16020,0.0,0.0,0.0
c16021,0.0,0.0,0.0
c16022,0.0,0.0,0.0
c16023,0.0,0.0,0.0
c16024,0.0,0.0,0.0
c16025,0.0,0.0,0.0
c16026,9.106711956219714,0.0,0.0
c16027,14.513412097174422,0.0,0.0
c16028,5.406700140954708,0.0,0.0
c16029,6.4865817895188815,0.0,0.0
c16030,1.0729366297286447,0.0,0.0
c16031,0.0,0.0,0.0
c16032,0.0,0.0,0.0
c16033,0.0,0.0,0.0
c16034,0.0,0.0,0.0
c16035,0.0,0.0,0.0
c16036,15.718976226500821,0.0,0.0
c16037,15.718976226500821,0.0,0.0
c16038,0.0,0.0,0.0
c16039,0.0,0.0,0.0
c16040,0.0,0.0,0.0
c16041,0.0,0.0,0.0
c16042,0.0,0.0,0.0
c16043,0.0,0.0,0.0
c16044,19.39807077834989,0.0,0.0
c16045,0.0,0.0,0.0
c16046,0.0,0.0,0.0
c16047,0.0,0.0,0.0
c16048,0.0,0.0,0.0
c16049,0.0,0.0,0.0
c16050,0.0,0.0,0.0
c16051,0.0,0.0,0.0
c16052,0.0,0.0,0.0
c16053,0.0,0.0,0.0
c16054,5.1717364129368795,0.0,0.0
c16055,5.1717364129368795,0.0,0.0
c16056,0.0,0.0,0.0
c16057,0.0,0.0,0.0
c16058,0.0,0.0,0.0
c16059,0.0,0.0,0.0
c16060,0.0,0.0,0.0
c16061,0.0,0.0,0.0
c16062,28.694459900387997,0.0,0.0
c16063,0.0,0.0,0.0
c16064,0.0,0.0,0.0
c16065,0.0,0.0,0.0
c16066,0.0,0.0,0.0
c16067,0.0,0.0,0.0
c16068,0.0,0.0,0.0
c16069,0.0,0.0,0.0
c16070,0.0,0.0,0.0
c16071,9.639579857728151,1.0,0.0
c16072,9.639579857728151,0.0,0.0
c16073,7.5931630477941665,0.0,0.0
c16074,7.5931630477941665,0.0,0.0
c16075,11.397332720192782,0.0,0.0
c16076,0.0,0.0,0.0
c16077,9.209188812960567,0.0,0.0
c16078,0.0,0.0,0.0
c16079,0.0,0.0,0.0
c16080,0.0,0.0,0.0
c16081,7.929820402395131,0.0,0.0
c16082,7.929820402395131,0.0,0.0
c16083,0.0,0.0,0.0
c16084,0.0,0.0,0.0
c16085,6.124169434839112,0.0,0.0
c16086,14.275376342099197,0.0,0.0
c16087,16.368412184354337,0.0,0.0
c16088,0.0,0.0,0.0
c16089,0.0,0.0,0.0
c16090,0.0,0.0,0.0
c16091,0.0,0.0,0.0
c16092,0.0,0.0,0.0
c16093,0.0,0.0,0.0
c16094,0.0,0.0,0.0
c16095,0.0,0.0,0.0
c16096,0.0,0.0,0.0
c16097,0.0,0.0,0.0
c16098,0.0,0.0,0.0
c16099,0.0,0.0,0.0
c16100,0.0,0.0,0.0
c16101,0.0,0.0,0.0
c16102,0.0,0.0,0.0
c16103,0.0,0.0,0.0
c16104,0.0,0.0,0.0
c16105,0.0,0.0,0.0
c16106,0.0,0.0,0.0
c16107,0.0,0.0,0.0
c16108,0.0,0.0,0.0
c16109,0.0,0.0,0.0
c16110,0.0,0.0,0.0
c16111,0.0,0.0,0.0
c16112,0.0,0.0,0.0
c16113,0.0,0.0,0.0
c16114,0.0,0.0,0.0
c16115,0.0,0.0,0.0
c16116,0.0,0.0,0.0
c16117,0.0,0.0,0.0
c16118,0.0,0.0,0.0
c16119,0.0,0.0,0.0
c16120,0.0,0.0,0.0
c16121,0.0,0.0,0.0
c16122,0.0,0.0,0.0
c16123,0.0,0.0,0.0
c16124,0.0,0.0,0.0
c16125,0.0,0.0,0.0
c16126,0.0,0.0,0.0
c16127,0.0,0.0,0.0
c16128,0.0,0.0,0.0
c16129,0.0,0.0,0.0
c16130,0.0,0.0,0.0
c16131,0.0,0.0,0.0
c16132,0.0,0.0,0.0
c16133,0.0,0.0,0.0
c16134,0.0,0.0,0.0
c16135,0.0,0.0,0.0
c16136,0.0,0.0,0.0
c16137,0.0,0.0,0.0
c16138,0.0,0.0,0.0
c16139,0.0,0.0,0.0
c16140,0.0,0.0,0.0
c16141,0.0,0.0,0.0
c16142,0.0,0.0,0.0
c16143,0.0,0.0,0.0
c16144,0.0,0.0,0.0
c16145,0.0,0.0,0.0
c16146,0.0,0.0,0.0
c16147,0.0,0.0,0.0
c16148,9.106711956219714,0.0,0.0
c16149,5.406700140954708,0.0,0.0
c16150,5.406700140954708,0.0,0.0
c16151,0.0,0.0,0.0
c16152,0.0,0.0,0.0
c16153,0.0,0.0,0.0
c16154,0.0,0.0,0.0
c16155,15.718976226500821,0.0,0.0
c16156,15.718976226500821,0.0,0.0
c16157,15.718976226500821,0.0,0.0
c16158,0.0,0.0,0.0
c16159,0.0,0.0,0.0
c16160,0.0,0.0,0.0
c16161,0.0,0.0,0.0
c16162,0.0,0.0,0.0
c16163,0.0,0.0,0.0
c16164,9.441648767479691,0.0,0.0
c16165,19.39807077834989,0.0,0.0
c16166,9.956422010870197,0.0,0.0
c16167,0.0,0.0,0.0
c16168,9.956422010870197,0.0,0.0
c16169,9.956422010870197,0.0,0.0
c16170,0.0,0.0,0.0
c16171,0.0,0.0,0.0
c16172,0.0,0.0,0.0
c16173,0.0,0.0,0.0
c16174,0.0,0.0,0.0
c16175,5.1717364129368795,0.0,0.0
c16176,0.0,0.0,0.0
c16177,0.0,0.0,0.0
c16178,0.0,0.0,0.0
c16179,0.0,0.0,0.0
c16180,0.0,0.0,0.0
c16181,0.0,0.0,0.0
c16182,0.0,0.0,0.0
c16183,26.06671071261936,0.0,0.0
c16184,0.0,0.0,0.0
c16185,0.0,0.0,0.0
c16186,0.0,0.0,0.0
c16187,0.0,0.0,0.0
c16188,0.0,0.0,0.0
c16189,0.0,0.0,0.0
c16190,0.0,0.0,0.0
c16191,0.0,0.0,0.0
c16192,0.0,0.0,0.0
c16193,9.639579857728151,0.0,0.0
c16194,3.8041696723986163,0.0,0.0
c16195,3.8041696723986163,0.0,0.0
c16196,11.397332720192782,0.0,0.0
c16197,7.5931630477941665,0.0,0.0
c16198,27.794072844311366,0.0,0.0
c16199,0.0,0.0,0.0
c16200,0.0,0.0,0.0
c16201,0.0,0.0,0.0
c16202,0.0,0.0,0.0
c16203,7.929820402395131,0.0,0.0
c16204,0.0,0.0,0.0
c16205,0.0,0.0,0.0
c16206,6.124169434839112,0.0,0.0
c16207,22.891653780051076,0.0,0.0
c16208,0.0,0.0,0.0
c16209,0.0,0.0,0.0
c16210,0.0,0.0,0.0
c16211,0.0,0.0,0.0
c16212,0.0,0.0,0.0
c16213,0.0,0.0,0.0
c16214,0.0,0.0,0.0
c16215,0.0,0.0,0.0
c16216,0.0,0.0,0.0
c16217,0.0,0.0,0.0
c16218,0.0,0.0,0.0
c16219,0.0,0.0,0.0
c16220,0.0,0.0,0.0
c16221,0.0,0.0,0.0
c16222,0.0,0.0,0.0
c16223,0.0,0.0,0.0
c16224,0.0,0.0,0.0
c16225,0.0,0.0,0.0
c16226,0.0,0.0,0.0
c16227,0.0,0.0,0.0
c16228,0.0,0.0,0.0
c16229,0.0,0.0,0.0
c16230,0.0,0.0,0.0
c16231,0.0,0.0,0.0
c16232,0.0,0.0,0.0
c16233,0.0,0.0,0.0
c16234,0.0,0.0,0.0
c16235,0.0,0.0,0.0
c16236,0.0,0.0,0.0
c16237,0.0,0.0,0.0
c16238,0.0,0.0,0.0
c16239,0.0,0.0,0.0
c16240,0.0,0.0,0.0
c16241,0.0,0.0,0.0
c16242,0.0,0.0,0.0
c16243,0.0,0.0,0.0
c16244,0.0,0.0,0.0
c16245,0.0,0.0,0.0
c16246,0.0,0.0,0.0
c16247,0.0,0.0,0.0
c16248,0.0,0.0,0.0
c16249,0.0,0.0,0.0
c16250,0.0,0.0,0.0
c16251,0.0,0.0,0.0
c16252,0.0,0.0,0.0
c16253,0.0,0.0,0.0
c16254,0.0,0.0,0.0
c16255,0.0,0.0,0.0
c16256,0.0,0.0,0.0
c16257,0.0,0.0,0.0
c16258,0.0,0.0,0.0
c16259,0.0,0.0,0.0
c16260,0.0,0.0,0.0
c16261,0.0,0.0,0.0
c16262,0.0,0.0,0.0
c16263,0.0,0.0,0.0
c16264,0.0,0.0,0.0
c16265,0.0,0.0,0.0
c16266,0.0,0.0,0.0
c16267,0.0,0.0,0.0
c16268,0.0,0.0,0.0
c16269,9.106711956219714,0.0,0.0
c16270,9.106711956219714,0.0,0.0
c16271,5.406700140954708,0.0,0.0
c16272,0.0,0.0,0.0
c16273,0.0,0.0,0.0
c16274,15.718976226500821,0.0,0.0
c16275,15.718976226500821,0.0,0.0
c16276,15.718976226500821,0.0,0.0
c16277,0.0,0.0,0.0
c16278,0.0,0.0,0.0
c16279,0.0,0.0,0.0
c16280,0.0,0.0,0.0
c16281,0.0,0.0,0.0
c16282,0.0,0.0,0.0
c16283,0.0,0.0,0.0
c16284,9.441648767479691,0.0,0.0
c16285,9.441648767479691,0.0,0.0
c16286,0.0,0.0,0.0
c16287,9.956422010870197,0.0,0.0
c16288,9.956422010870197,0.0,0.0
c16289,9.956422010870197,0.0,0.0
c16290,9.956422010870197,0.0,0.0
c16291,9.956422010870197,0.0,0.0
c16292,9.956422010870197,0.0,0.0
c16293,0.0,0.0,0.0
c16294,0.0,0.0,0.0
c16295,0.0,0.0,0.0
c16296,26.826234875097935,0.0,1.0
c16297,36.39589609724616,0.0,0.0
c16298,9.553684334069985,0.0,0.0
c16299,0.0,0.0,0.0
c16300,0.0,0.0,0.0
c16301,0.0,0.0,0.0
c16302,0.0,0.0,0.0
c16303,0.0,0.0,0.0
c16304,29.372971767020335,0.0,0.0
c16305,3.1540762110336846,0.0,0.0
c16306,0.0,0.0,0.0
c16307,0.0,0.0,0.0
c16308,0.0,0.0,0.0
c16309,0.0,0.0,0.0
c16310,0.0,0.0,0.0
c16311,0.0,0.0,0.0
c16312,0.0,0.0,0.0
c16313,9.342109565554578,0.0,0.0
c16314,35.10267378898477,0.0,0.0
c16315,3.8041696723986163,0.0,0.0
c16316,0.0,0.0,0.0
c16317,0.0,0.0,0.0
c16318,0.0,0.0,0.0
c16319,10.99172098355663,0.0,0.0
c16320,0.0,0.0,0.0
c16321,0.0,0.0,0.0
c16322,0.0,0.0,0.0
c16323,0.0,0.0,0.0
c16324,12.12726080722584,0.0,0.0
c16325,0.0,0.0,0.0
c16326,0.0,0.0,0.0
c16327,5.534139620366476,0.0,0.0
c16328,6.402941600706107,0.0,0.0
c16329,0.0,0.0,0.0
c16330,0.0,0.0,0.0
c16331,0.0,0.0,0.0
c16332,0.0,0.0,0.0
c16333,0.0,0.0,0.0
c16334,0.0,0.0,0.0
c16335,0.0,0.0,0.0
c16336,0.0,0.0,0.0
c16337,0.0,0.0,0.0
c16338,0.0,0.0,0.0
c16339,0.0,0.0,0.0
c16340,0.0,0.0,0.0
c16341,0.0,0.0,0.0
c16342,0.0,0.0,0.0
c16343,0.0,0.0,0.0
c16344,0.0,0.0,0.0
c16345,0.0,0.0,0.0
c16346,0.0,0.0,0.0
c16347,0.0,0.0,0.0
c16348,0.0,0.0,0.0
c16349,0.0,0.0,0.0
c16350,0.0,0.0,0.0
c16351,0.0,0.0,0.0
c16352,0.0,0.0,0.0
c16353,0.0,0.0,0.0
c16354,0.0,0.0,0.0
c16355,0.0,0.0,0.0
c16356,0.0,0.0,0.0
c16357,0.0,0.0,0.0
c16358,0.0,0.0,0.0
c16359,0.0,0.0,0.0
c16360,0.0,0.0,0.0
c16361,0.0,0.0,0.0
c16362,0.0,0.0,0.0
c16363,0.0,0.0,0.0
c16364,0.0,0.0,0.0
c16365,0.0,0.0,0.0
c16366,0.0,0.0,0.0
c16367,0.0,0.0,0.0
c16368,0.0,0.0,0.0
c16369,0.0,0.0,0.0
c16370,0.0,0.0,0.0
c16371,0.0,0.0,0.0
c16372,0.0,0.0,0.0
c16373,0.0,0.0,0.0
c16374,0.0,0.0,0.0
c16375,0.0,0.0,0.0
c16376,0.0,0.0,0.0
c16377,0.0,0.0,0.0
c16378,0.0,0.0,0.0
c16379,0.0,0.0,0.0
c16380,0.0,0.0,0.0
c16381,0.0,0.0,0.0
c16382,0.0,0.0,0.0
c16383,0.0,0.0,0.0
c16384,0.0,0.0,0.0
c16385,0.0,0.0,0.0
c16386,0.0,0.0,0.0
c16387,0.0,0.0,0.0
c16388,0.0,0.0,0.0
c16389,0.0,0.0,0.0
c16390,0.0,0.0,0.0
c16391,0.0,0.0,0.0
c16392,0.0,0.0,0.0
c16393,0.0,0.0,0.0
c16394,15.718976226500821,0.0,0.0
c16395,15.718976226500821,0.0,0.0
c16396,0.0,0.0,0.0
c16397,0.0,0.0,0.0
c16398,0.0,0.0,0.0
c16399,0.0,0.0,0.0
c16400,0.0,0.0,0.0
c16401,0.0,1.0,0.0
c16402,0.0,0.0,0.0
c16403,0.0,0.0,0.0
c16404,0.0,0.0,0.0
c16405,19.281029938481396,0.0,0.0
c16406,0.0,0.0,0.0
c16407,0.0,0.0,0.0
c16408,0.0,0.0,0.0
c16409,0.0,0.0,0.0
c16410,0.0,0.0,0.0
c16411,0.0,0.0,0.0
c16412,0.0,0.0,0.0
c16413,9.956422010870197,0.0,0.0
c16414,0.0,0.0,0.0
c16415,0.0,0.0,0.0
c16416,21.654498462161055,0.0,0.0
c16417,21.654498462161055,0.0,0.0
c16418,0.0,0.0,0.0
c16419,9.553684334069985,0.0,0.0
c16420,9.553684334069985,0.0,0.0
c16421,9.553684334069985,0.0,1.0
c16422,0.0,0.0,0.0
c16423,0.0,0.0,0.0
c16424,0.0,0.0,0.0
c16425,26.06671071261936,0.0,0.0
c16426,3.1540762110336846,0.0,0.0
c16427,0.0,0.0,0.0
c16428,0.0,0.0,0.0
c16429,0.0,0.0,0.0
c16430,0.0,0.0,0.0
c16431,0.0,0.0,0.0
c16432,0.0,0.0,0.0
c16433,0.0,0.0,0.0
c16434,9.342109565554578,0.0,0.0
c16435,11.745644049183179,0.0,0.0
c16436,11.745644049183179,0.0,0.0
c16437,0.0,0.0,0.0
c16438,0.0,0.0,0.0
c16439,1.45956123673356,0.0,0.0
c16440,12.45128222029019,0.0,0.0
c16441,4.626994252121852,1.0,0.0
c16442,2.6234931638720886,0.0,0.0
c16443,2.6234931638720886,0.0,0.0
c16444,0.0,0.0,0.0
c16445,4.197440404830709,0.0,0.0
c16446,0.0,0.0,0.0
c16447,4.5570529654657275,0.0,0.0
c16448,4.5570529654657275,0.0,0.0
c16449,0.0,0.0,0.0
c16450,0.0,0.0,0.0
c16451,0.0,0.0,0.0
c16452,0.0,0.0,0.0
c16453,0.0,0.0,0.0
c16454,0.0,0.0,0.0
c16455,0.0,0.0,0.0
c16456,0.0,0.0,0.0
c16457,0.0,0.0,0.0
c16458,0.0,0.0,0.0
c16459,0.0,0.0,0.0
c16460,0.0,0.0,0.0
c16461,0.0,0.0,0.0
c16462,0.0,0.0,0.0
c16463,0.0,0.0,0.0
c16464,0.0,0.0,0.0
c16465,0.0,0.0,0.0
c16466,0.0,0.0,0.0
c16467,0.0,0.0,0.0
c16468,0.0,0.0,0.0
c16469,0.0,0.0,0.0
c16470,0.0,0.0,0.0
c16471,0.0,0.0,0.0
c16472,0.0,0.0,0.0
c16473,0.0,0.0,0.0
c16474,0.0,0.0,0.0
c16475,0.0,0.0,0.0
c16476,0.0,0.0,0.0
c16477,0.0,0.0,0.0
c16478,0.0,0.0,0.0
c16479,0.0,0.0,0.0
c16480,0.0,0.0,0.0
c16481,0.0,0.0,0.0
c16482,0.0,0.0,0.0
c16483,0.0,0.0,0.0
c16484,0.0,0.0,0.0
c16485,0.0,0.0,0.0
c16486,0.0,0.0,0.0
c16487,0.0,0.0,0.0
c16488,0.0,0.0,0.0
c16489,0.0,0.0,0.0
c16490,0.0,0.0,0.0
c16491,0.0,0.0,0.0
c16492,0.0,0.0,0.0
c16493,0.0,0.0,0.0
c16494,0.0,0.0,0.0
c16495,0.0,0.0,0.0
c16496,0.0,0.0,0.0
c16497,0.0,0.0,0.0
c16498,0.0,0.0,0.0
c16499,0.0,0.0,0.0
c16500,0.0,0.0,0.0
c16501,0.0,0.0,0.0
c16502,0.0,0.0,0.0
c16503,0.0,0.0,0.0
c16504,0.0,0.0,0.0
c16505,0.0,0.0,0.0
c16506,0.0,0.0,0.0
c16507,0.0,0.0,0.0
c16508,0.0,0.0,0.0
c16509,0.0,0.0,0.0
c16510,0.0,0.0,0.0
c16511,0.0,0.0,0.0
c16512,0.0,0.0,0.0
c16513,0.0,0.0,0.0
c16514,0.0,0.0,0.0
c16515,0.0,0.0,0.0
c16516,0.0,0.0,0.0
c16517,0.0,0.0,0.0
c16518,0.0,0.0,0.0
c16519,0.0,0.0,0.0
c16520,0.0,0.0,0.0
c16521,0.0,0.0,0.0
c16522,0.0,0.0,0.0
c16523,0.0,0.0,0.0
c16524,0.0,0.0,0.0
c16525,0.0,0.0,0.0
c16526,9.783887331907183,0.0,0.0
c16527,0.0,0.0,0.0
c16528,0.0,0.0,0.0
c16529,0.0,0.0,0.0
c16530,0.0,0.0,0.0
c16531,0.0,0.0,0.0
c16532,0.0,0.0,0.0
c16533,0.0,0.0,0.0
c16534,0.0,0.0,0.0
c16535,0.0,0.0,0.0
c16536,0.0,0.0,0.0
c16537,35.90501867981968,0.0,0.0
c16538,14.25052021765863,0.0,0.0
c16539,0.0,0.0,0.0
c16540,0.0,0.0,0.0
c16541,0.0,0.0,0.0
c16542,9.553684334069985,0.0,0.0
c16543,9.553684334069985,0.0,0.0
c16544,9.553684334069985,0.0,0.0
c16545,9.553684334069985,0.0,0.0
c16546,35.620395046689346,0.0,0.0
c16547,3.1540762110336846,0.0,0.0
c16548,0.0,0.0,0.0
c16549,0.0,0.0,0.0
c16550,0.0,0.0,0.0
c16551,0.0,0.0,0.0
c16552,0.0,0.0,0.0
c16553,0.0,0.0,0.0
c16554,25.753487918469403,0.0,0.0
c16555,9.342109565554578,0.0,0.0
c16556,11.745644049183179,0.0,0.0
c16557,11.745644049183179,0.0,0.0
c16558,0.0,0.0,0.0
c16559,0.0,0.0,0.0
c16560,0.0,0.0,0.0
c16561,10.99172098355663,0.0,0.0
c16562,0.0,0.0,0.0
c16563,0.0,0.0,0.0
c16564,0.0,0.0,0.0
c16565,0.0,0.0,0.0
c16566,4.197440404830709,0.0,0.0
c16567,4.197440404830709,0.0,0.0
c16568,8.754344342485748,0.0,0.0
c16569,0.0,0.0,0.0
c16570,0.0,0.0,0.0
c16571,0.0,0.0,0.0
c16572,0.0,0.0,0.0
c16573,0.0,0.0,0.0
c16574,0.0,0.0,0.0
c16575,0.0,0.0,0.0
c16576,0.0,0.0,0.0
c16577,0.0,0.0,0.0
c16578,0.0,0.0,0.0
c16579,0.0,0.0,0.0
c16580,0.0,0.0,0.0
c16581,0.0,0.0,0.0
c16582,0.0,0.0,0.0
c16583,0.0,0.0,0.0
c16584,0.0,0.0,0.0
c16585,0.0,0.0,0.0
c16586,0.0,0.0,0.0
c16587,0.0,0.0,0.0
c16588,0.0,0.0,0.0
c16589,0.0,0.0,0.0
c16590,0.0,0.0,0.0
c16591,0.0,0.0,0.0
c16592,0.0,0.0,0.0
c16593,0.0,0.0,0.0
c16594,0.0,0.0,0.0
c16595,0.0,0.0,0.0
c16596,0.0,0.0,0.0
c16597,0.0,0.0,0.0
c16598,0.0,0.0,0.0
c16599,0.0,0.0,0.0
c16600,0.0,0.0,0.0
c16601,0.0,0.0,0.0
c16602,0.0,0.0,0.0
c16603,0.0,0.0,0.0
c16604,0.0,0.0,0.0
c16605,0.0,0.0,0.0
c16606,0.0,0.0,0.0
c16607,0.0,0.0,0.0
c16608,0.0,0.0,0.0
c16609,0.0,0.0,0.0
c16610,0.0,0.0,0.0
c16611,0.0,0.0,0.0
c16612,0.0,0.0,0.0
c16613,0.0,0.0,0.0
c16614,0.0,0.0,0.0
c16615,0.0,0.0,0.0
c16616,0.0,0.0,0.0
c16617,0.0,0.0,0.0
c16618,0.0,0.0,0.0
c16619,0.0,0.0,0.0
c16620,0.0,0.0,0.0
c16621,0.0,0.0,0.0
c16622,0.0,0.0,0.0
c16623,0.0,0.0,0.0
c16624,0.0,0.0,0.0
c16625,0.0,0.0,0.0
c16626,0.0,0.0,0.0
c16627,0.0,0.0,0.0
c16628,0.0,0.0,0.0
c16629,0.0,0.0,0.0
c16630,0.0,0.0,0.0
c16631,0.0,0.0,0.0
c16632,0.0,0.0,0.0
c16633,0.0,0.0,0.0
c16634,0.0,0.0,0.0
c16635,0.0,0.0,0.0
c16636,0.0,0.0,0.0
c16637,0.0,0.0,0.0
c16638,0.0,0.0,0.0
c16639,0.0,0.0,0.0
c16640,0.0,0.0,0.0
c16641,0.0,0.0,0.0
c16642,0.0,0.0,0.0
c16643,0.0,0.0,0.0
c16644,0.0,0.0,0.0
c16645,0.0,0.0,0.0
c16646,0.0,0.0,0.0
c16647,9.783887331907183,0.0,0.0
c16648,0.0,0.0,0.0
c16649,0.0,0.0,0.0
c16650,0.0,0.0,0.0
c16651,0.0,0.0,0.0
c16652,0.0,0.0,0.0
c16653,0.0,0.0,0.0
c16654,0.0,0.0,0.0
c16655,0.0,0.0,0.0
c16656,0.0,0.0,0.0
c16657,0.0,0.0,0.0
c16658,21.654498462161055,0.0,0.0
c16659,14.25052021765863,0.0,0.0
c16660,0.0,0.0,0.0
c16661,0.0,0.0,0.0
c16662,0.0,0.0,0.0
c16663,0.0,0.0,0.0
c16664,0.0,0.0,0.0
c16665,9.553684334069985,0.0,0.0
c16666,9.553684334069985,0.0,0.0
c16667,36.76790305123544,0.0,0.0
c16668,11.244597610651656,0.0,0.0
c16669,3.448435196138564,0.0,0.0
c16670,3.448435196138564,0.0,0.0
c16671,13.037393545185147,0.0,0.0
c16672,9.342109565554578,0.0,0.0
c16673,0.0,0.0,0.0
c16674,9.342109565554578,0.0,0.0
c16675,25.753487918469403,0.0,0.0
c16676,11.745644049183179,0.0,0.0
c16677,11.745644049183179,0.0,0.0
c16678,0.0,0.0,0.0
c16679,0.0,0.0,0.0
c16680,0.0,0.0,0.0
c16681,10.99172098355663,0.0,0.0
c16682,10.99172098355663,0.0,0.0
c16683,0.0,0.0,0.0
c16684,0.0,0.0,0.0
c16685,0.0,0.0,0.0
c16686,0.0,0.0,0.0
c16687,0.0,0.0,0.0
c16688,9.401916460294666,0.0,1.0
c16689,4.065561429129044,0.0,0.0
c16690,0.0,0.0,0.0
c16691,0.0,0.0,0.0
c16692,0.0,0.0,0.0
c16693,0.0,0.0,0.0
c16694,0.0,0.0,0.0
c16695,0.0,0.0,0.0
c16696,0.0,0.0,0.0
c16697,0.0,0.0,0.0
c16698,0.0,0.0,0.0
c16699,0.0,0.0,0.0
c16700,0.0,0.0,0.0
c16701,0.0,0.0,0.0
c16702,0.0,0.0,0.0
c16703,0.0,0.0,0.0
c16704,0.0,0.0,0.0
c16705,0.0,0.0,0.0
c16706,0.0,0.0,0.0
c16707,0.0,0.0,0.0
c16708,0.0,0.0,0.0
c16709,0.0,0.0,0.0
c16710,0.0,0.0,0.0
c16711,0.0,0.0,0.0
c16712,0.0,0.0,0.0
c16713,0.0,0.0,0.0
c16714,0.0,0.0,0.0
c16715,0.0,0.0,0.0
c16716,0.0,0.0,0.0
c16717,0.0,0.0,0.0
c16718,0.0,0.0,0.0
c16719,0.0,0.0,0.0
c16720,0.0,0.0,0.0
c16721,0.0,0.0,0.0
c16722,0.0,0.0,0.0
c16723,0.0,0.0,0.0
c16724,0.0,0.0,0.0
c16725,0.0,0.0,0.0
c16726,0.0,0.0,0.0
c16727,0.0,0.0,0.0
c16728,0.0,0.0,0.0
c16729,0.0,0.0,0.0
c16730,0.0,0.0,0.0
c16731,0.0,0.0,0.0
c16732,0.0,0.0,0.0
c16733,0.0,0.0,0.0
c16734,0.0,0.0,0.0
c16735,0.0,0.0,0.0
c16736,0.0,0.0,0.0
c16737,0.0,0.0,0.0
c16738,0.0,0.0,0.0
c16739,0.0,0.0,0.0
c16740,0.0,0.0,0.0
c16741,0.0,0.0,0.0
c16742,0.0,0.0,0.0
c16743,0.0,0.0,0.0
c16744,0.0,0.0,0.0
c16745,0.0,0.0,0.0
c16746,0.0,0.0,0.0
c16747,0.0,0.0,0.0
c16748,0.0,0.0,0.0
c16749,0.0,0.0,0.0
c16750,0.0,0.0,0.0
c16751,0.0,0.0,0.0
c16752,0.0,0.0,0.0
c16753,0.0,0.0,0.0
c16754,0.0,0.0,0.0
c16755,0.0,0.0,0.0
c16756,0.0,0.0,0.0
c16757,0.0,0.0,0.0
c16758,0.0,0.0,0.0
c16759,0.0,0.0,0.0
c16760,0.0,0.0,0.0
c16761,0.0,0.0,0.0
c16762,0.0,0.0,0.0
c16763,0.0,0.0,0.0
c16764,0.0,0.0,0.0
c16765,0.0,0.0,0.0
c16766,0.0,0.0,0.0
c16767,0.0,0.0,0.0
c16768,9.783887331907183,0.0,0.0
c16769,0.0,0.0,0.0
c16770,0.0,0.0,0.0
c16771,0.0,0.0,0.0
c16772,0.0,0.0,0.0
c16773,0.0,0.0,0.0
c16774,0.0,0.0,0.0
c16775,0.0,0.0,0.0
c16776,0.0,0.0,0.0
c16777,0.0,0.0,0.0
c16778,21.654498462161055,0.0,0.0
c16779,21.654498462161055,0.0,0.0
c16780,14.25052021765863,0.0,0.0
c16781,0.0,0.0,0.0
c16782,0.0,0.0,0.0
c16783,0.0,0.0,0.0
c16784,0.0,0.0,0.0
c16785,0.0,0.0,0.0
c16786,0.0,0.0,0.0
c16787,0.0,0.0,0.0
c16788,26.06671071261936,0.0,0.0
c16789,3.2849375800728353,0.0,0.0
c16790,0.0,0.0,0.0
c16791,3.448435196138564,0.0,0.0
c16792,3.448435196138564,0.0,0.0
c16793,9.342109565554578,0.0,0.0
c16794,9.342109565554578,0.0,0.0
c16795,9.488045191498115,0.0,0.0
c16796,16.411378352914824,0.0,0.0
c16797,28.157022402098,0.0,0.0
c16798,11.745644049183179,0.0,0.0
c16799,11.745644049183179,0.0,0.0
c16800,0.0,0.0,0.0
c16801,0.0,0.0,0.0
c16802,10.99172098355663,0.0,0.0
c16803,0.0,0.0,0.0
c16804,0.0,0.0,0.0
c16805,0.0,0.0,0.0
c16806,2.800938005191513,0.0,0.0
c16807,2.800938005191513,0.0,0.0
c16808,3.662698638642429,0.0,0.0
c16809,7.823713291333135,0.0,0.0
c16810,0.0,0.0,0.0
c16811,0.0,0.0,0.0
c16812,0.0,0.0,0.0
c16813,0.0,0.0,0.0
c16814,0.0,0.0,0.0
c16815,8.508838775898155,0.0,0.0
c16816,8.508838775898155,0.0,0.0
c16817,0.0,0.0,0.0
c16818,0.0,0.0,0.0
c16819,0.0,0.0,0.0
c16820,0.0,0.0,0.0
c16821,0.0,0.0,0.0
c16822,0.0,0.0,0.0
c16823,0.0,0.0,0.0
c16824,0.0,0.0,0.0
c16825,0.0,0.0,0.0
c16826,0.0,0.0,0.0
c16827,0.0,0.0,0.0
c16828,0.0,0.0,0.0
c16829,0.0,0.0,0.0
c16830,0.0,0.0,0.0
c16831,0.0,0.0,0.0
c16832,0.0,0.0,0.0
c16833,0.0,0.0,0.0
c16834,0.0,0.0,0.0
c16835,0.0,0.0,0.0
c16836,0.0,0.0,0.0
c16837,0.0,0.0,0.0
c16838,0.0,0.0,0.0
c16839,0.0,0.0,0.0
c16840,0.0,0.0,0.0
c16841,0.0,0.0,0.0
c16842,0.0,0.0,0.0
c16843,0.0,0.0,0.0
c16844,0.0,0.0,0.0
c16845,0.0,0.0,0.0
c16846,0.0,0.0,0.0
c16847,0.0,0.0,0.0
c16848,0.0,0.0,0.0
c16849,0.0,0.0,0.0
c16850,0.0,0.0,0.0
c16851,0.0,0.0,0.0
c16852,0.0,0.0,0.0
c16853,0.0,0.0,0.0
c16854,0.0,0.0,0.0
c16855,0.0,0.0,0.0
c16856,0.0,0.0,0.0
c16857,0.0,0.0,0.0
c16858,0.0,0.0,0.0
c16859,0.0,0.0,0.0
c16860,0.0,0.0,0.0
c16861,0.0,0.0,0.0
c16862,0.0,0.0,0.0
c16863,0.0,0.0,0.0
c16864,0.0,0.0,0.0
c16865,0.0,0.0,0.0
c16866,0.0,0.0,0.0
c16867,0.0,0.0,0.0
c16868,0.0,0.0,0.0
c16869,0.0,0.0,0.0
c16870,0.0,0.0,0.0
c16871,0.0,0.0,0.0
c16872,0.0,0.0,0.0
c16873,0.0,0.0,0.0
c16874,0.0,0.0,0.0
c16875,0.0,0.0,0.0
c16876,0.0,0.0,0.0
c16877,0.0,0.0,0.0
c16878,0.0,0.0,0.0
c16879,0.0,0.0,0.0
c16880,0.0,0.0,0.0
c16881,0.0,0.0,0.0
c16882,0.0,0.0,0.0
c16883,0.0,0.0,0.0
c16884,0.0,0.0,0.0
c16885,0.0,0.0,0.0
c16886,0.0,0.0,0.0
c16887,0.0,0.0,0.0
c16888,0.0,0.0,0.0
c16889,9.783887331907183,0.0,0.0
c16890,0.0,0.0,0.0
c16891,0.0,0.0,0.0
c16892,0.0,0.0,0.0
c16893,0.0,0.0,0.0
c16894,0.0,0.0,0.0
c16895,0.0,0.0,0.0
c16896,0.0,0.0,0.0
c16897,0.0,0.0,0.0
c16898,0.0,0.0,0.0
c16899,21.654498462161055,0.0,0.0
c16900,0.0,0.0,0.0
c16901,14.25052021765863,0.0,0.0
c16902,14.25052021765863,0.0,0.0
c16903,14.25052021765863,0.0,0.0
c16904,0.0,0.0,1.0
c16905,0.0,0.0,0.0
c16906,0.0,0.0,0.0
c16907,0.0,0.0,0.0
c16908,14.25052021765863,0.0,0.0
c16909,40.317230930277994,0.0,0.0
c16910,3.2849375800728353,0.0,0.0
c16911,0.0,0.0,0.0
c16912,0.0,0.0,0.0
c16913,0.0,0.0,0.0
c16914,0.0,0.0,0.0
c16915,0.0,0.0,0.0
c16916,0.0,0.0,0.0
c16917,0.0,0.0,0.0
c16918,16.411378352914824,0.0,0.0
c16919,11.745644049183179,0.0,0.0
c16920,0.0,0.0,0.0
c16921,0.0,0.0,0.0
c16922,0.0,0.0,0.0
c16923,10.99172098355663,0.0,0.0
c16924,0.0,0.0,0.0
c16925,0.0,0.0,0.0
c16926,0.0,0.0,0.0
c16927,0.0,0.0,0.0
c16928,2.800938005191513,0.0,0.0
c16929,11.839276871693775,0.0,0.0
c16930,2.7692500845589594,0.0,0.0
c16931,2.617673854982336,0.0,0.0
c16932,11.126512630880491,0.0,0.0
c16933,8.508838775898155,0.0,0.0
c16934,8.508838775898155,0.0,0.0
c16935,8.508838775898155,0.0,0.0
c16936,8.508838775898155,0.0,0.0
c16937,8.508838775898155,1.0,0.0
c16938,8.508838775898155,0.0,0.0
c16939,8.508838775898155,0.0,0.0
c16940,0.0,0.0,0.0
c16941,0.0,0.0,0.0
c16942,0.0,0.0,0.0
c16943,0.0,0.0,0.0
c16944,0.0,0.0,0.0
c16945,0.0,0.0,0.0
c16946,0.0,0.0,0.0
c16947,0.0,0.0,0.0
c16948,0.0,0.0,0.0
c16949,0.0,0.0,0.0
c16950,0.0,0.0,0.0
c16951,0.0,0.0,0.0
c16952,0.0,0.0,0.0
c16953,0.0,0.0,0.0
c16954,0.0,0.0,0.0
c16955,0.0,0.0,0.0
c16956,0.0,0.0,0.0
c16957,0.0,0.0,0.0
c16958,0.0,0.0,0.0
c16959,0.0,0.0,0.0
c16960,0.0,0.0,0.0
c16961,0.0,0.0,0.0
c16962,0.0,0.0,0.0
c16963,0.0,0.0,0.0
c16964,0.0,0.0,0.0
c16965,0.0,0.0,0.0
c16966,0.0,0.0,0.0
c16967,0.0,0.0,0.0
c16968,0.0,0.0,0.0
c16969,0.0,0.0,0.0
c16970,0.0,0.0,0.0
c16971,0.0,0.0,0.0
c16972,0.0,0.0,0.0
c16973,0.0,0.0,0.0
c16974,0.0,0.0,0.0
c16975,0.0,0.0,0.0
c16976,0.0,0.0,0.0
c16977,0.0,0.0,0.0
c16978,0.0,0.0,0.0
c16979,0.0,0.0,0.0
c16980,0.0,0.0,0.0
c16981,0.0,0.0,0.0
c16982,0.0,0.0,0.0
c16983,0.0,0.0,0.0
c16984,0.0,0.0,0.0
c16985,0.0,0.0,0.0
c16986,0.0,0.0,0.0
c16987,0.0,0.0,0.0
c16988,0.0,0.0,0.0
c16989,0.0,0.0,0.0
c16990,0.0,0.0,0.0
c16991,0.0,0.0,0.0
c16992,0.0,0.0,0.0
c16993,0.0,0.0,0.0
c16994,0.0,0.0,0.0
c16995,0.0,0.0,0.0
c16996,0.0,0.0,0.0
c16997,0.0,0.0,0.0
c16998,0.0,0.0,0.0
c16999,0.0,0.0,0.0
c17000,0.0,0.0,0.0
c17001,0.0,0.0,0.0
c17002,0.0,0.0,0.0
c17003,0.0,0.0,0.0
c17004,0.0,0.0,0.0
c17005,0.0,0.0,0.0
c17006,0.0,0.0,0.0
c17007,0.0,0.0,0.0
c17008,0.0,0.0,0.0
c17009,0.0,0.0,0.0
c17010,9.783887331907183,0.0,0.0
c17011,0.0,0.0,0.0
c17012,0.0,0.0,0.0
c17013,0.0,0.0,0.0
c17014,0.0,0.0,0.0
c17015,0.0,0.0,0.0
c17016,0.0,0.0,0.0
c17017,0.0,0.0,0.0
c17018,11.948344396712038,0.0,0.0
c17019,11.948344396712038,0.0,0.0
c17020,33.60284285887309,0.0,0.0
c17021,0.0,0.0,0.0
c17022,0.0,0.0,0.0
c17023,0.0,0.0,0.0
c17024,14.25052021765863,0.0,0.0
c17025,14.25052021765863,0.0,0.0
c17026,14.25052021765863,0.0,0.0
c17027,14.25052021765863,0.0,0.0
c17028,14.25052021765863,0.0,0.0
c17029,14.25052021765863,0.0,0.0
c17030,27.657389659794536,0.0,0.0
c17031,9.274874536900336,0.0,0.0
c17032,4.390820916850401,0.0,0.0
c17033,3.131298150340512,0.0,0.0
c17034,0.0,0.0,0.0
c17035,0.0,0.0,0.0
c17036,0.0,0.0,0.0
c17037,16.411378352914824,0.0,0.0
c17038,16.411378352914824,0.0,0.0
c17039,28.574732008991113,0.0,0.0
c17040,11.745644049183179,0.0,0.0
c17041,0.0,0.0,0.0
c17042,0.0,0.0,0.0
c17043,0.0,0.0,0.0
c17044,10.99172098355663,0.0,0.0
c17045,0.0,0.0,0.0
c17046,0.0,0.0,0.0
c17047,0.0,0.0,0.0
c17048,0.0,0.0,0.0
c17049,5.056488219376246,0.0,0.0
c17050,6.375679832745133,0.0,0.0
c17051,7.488303260310722,0.0,0.0
c17052,2.617673854982336,0.0,0.0
c17053,0.0,0.0,0.0
c17054,0.0,0.0,0.0
c17055,0.0,0.0,0.0
c17056,0.0,0.0,0.0
c17057,0.0,0.0,0.0
c17058,0.0,0.0,0.0
c17059,0.0,0.0,0.0
c17060,11.176940089419483,0.0,0.0
c17061,0.0,0.0,0.0
c17062,0.0,0.0,0.0
c17063,0.0,0.0,0.0
c17064,0.0,0.0,0.0
c17065,0.0,0.0,0.0
c17066,0.0,0.0,0.0
c17067,0.0,0.0,0.0
c17068,0.0,0.0,0.0
c17069,0.0,0.0,0.0
c17070,0.0,0.0,0.0
c17071,0.0,0.0,0.0
c17072,0.0,0.0,0.0
c17073,0.0,0.0,0.0
c17074,0.0,0.0,0.0
c17075,0.0,0.0,0.0
c17076,0.0,0.0,0.0
c17077,0.0,0.0,0.0
c17078,0.0,0.0,0.0
c17079,0.0,0.0,0.0
c17080,0.0,0.0,0.0
c17081,0.0,0.0,0.0
c17082,0.0,0.0,0.0
c17083,0.0,0.0,0.0
c17084,0.0,0.0,0.0
c17085,0.0,0.0,0.0
c17086,0.0,0.0,0.0
c17087,0.0,0.0,0.0
c17088,0.0,0.0,0.0
c17089,0.0,0.0,0.0
c17090,0.0,0.0,0.0
c17091,0.0,0.0,0.0
c17092,0.0,0.0,0.0
c17093,0.0,0.0,0.0
c17094,0.0,0.0,0.0
c17095,0.0,0.0,0.0
c17096,0.0,0.0,0.0
c17097,0.0,0.0,0.0
c17098,0.0,0.0,0.0
c17099,0.0,0.0,0.0
c17100,0.0,0.0,0.0
c17101,0.0,0.0,0.0
c17102,0.0,0.0,0.0
c17103,0.0,0.0,0.0
c17104,0.0,0.0,0.0
c17105,0.0,0.0,0.0
c17106,0.0,0.0,0.0
c17107,0.0,0.0,0.0
c17108,0.0,0.0,0.0
c17109,0.0,0.0,0.0
c17110,0.0,0.0,0.0
c17111,0.0,0.0,0.0
c17112,0.0,0.0,0.0
c17113,0.0,0.0,0.0
c17114,0.0,0.0,0.0
c17115,0.0,0.0,0.0
c17116,0.0,0.0,0.0
c17117,0.0,0.0,0.0
c17118,0.0,0.0,0.0
c17119,0.0,0.0,0.0
c17120,0.0,0.0,0.0
c17121,0.0,0.0,0.0
c17122,0.0,0.0,0.0
c17123,0.0,0.0,0.0
c17124,0.0,0.0,0.0
c17125,0.0,0.0,0.0
c17126,0.0,0.0,0.0
c17127,0.0,0.0,0.0
c17128,0.0,0.0,0.0
c17129,0.0,0.0,0.0
c17130,9.783887331907183,0.0,0.0
c17131,9.783887331907183,0.0,0.0
c17132,0.0,0.0,0.0
c17133,0.0,0.0,0.0
c17134,0.0,0.0,0.0
c17135,0.0,0.0,1.0
c17136,0.0,0.0,0.0
c17137,0.0,0.0,0.0
c17138,11.948344396712038,0.0,0.0
c17139,11.948344396712038,0.0,0.0
c17140,0.0,0.0,0.0
c17141,21.654498462161055,0.0,0.0
c17142,0.0,0.0,0.0
c17143,0.0,0.0,0.0
c17144,0.0,0.0,0.0
c17145,0.0,0.0,0.0
c17146,0.0,0.0,0.0
c17147,0.0,0.0,0.0
c17148,14.25052021765863,0.0,0.0
c17149,14.25052021765863,0.0,0.0
c17150,0.0,0.0,0.0
c17151,26.06671071261936,0.0,0.0
c17152,0.0,0.0,0.0
c17153,1.2595227665098885,0.0,0.0
c17154,3.131298150340512,0.0,0.0
c17155,3.131298150340512,0.0,0.0
c17156,0.0,0.0,0.0
c17157,0.0,0.0,0.0
c17158,16.411378352914824,0.0,0.0
c17159,16.411378352914824,0.0,0.0
c17160,11.745644049183179,0.0,0.0
c17161,12.5336784453493,0.0,0.0
c17162,2.2615007241873095,0.0,0.0
c17163,2.4578442267353675,0.0,0.0
c17164,0.0,0.0,0.0
c17165,10.99172098355663,0.0,0.0
c17166,0.0,0.0,0.0
c17167,2.470702294582041,0.0,0.0
c17168,0.0,0.0,0.0
c17169,17.025146073935392,0.0,0.0
c17170,6.463870299187868,0.0,0.0
c17171,6.408362368486846,1.0,0.0
c17172,2.809395549436844,0.0,0.0
c17173,6.120420154253253,0.0,0.0
c17174,0.0,0.0,0.0
c17175,0.0,0.0,0.0
c17176,0.0,0.0,0.0
c17177,0.0,0.0,0.0
c17178,0.0,0.0,0.0
c17179,0.0,0.0,0.0
c17180,0.0,0.0,0.0
c17181,11.176940089419483,0.0,0.0
c17182,0.0,0.0,0.0
c17183,0.0,0.0,0.0
c17184,0.0,0.0,0.0
c17185,0.0,0.0,0.0
c17186,0.0,0.0,0.0
c17187,0.0,0.0,0.0
c17188,0.0,0.0,0.0
c17189,0.0,0.0,0.0
c17190,0.0,0.0,0.0
c17191,0.0,0.0,0.0
c17192,0.0,0.0,0.0
c17193,0.0,0.0,0.0
c17194,0.0,0.0,0.0
c17195,0.0,0.0,0.0
c17196,0.0,0.0,0.0
c17197,0.0,0.0,0.0
c17198,0.0,0.0,0.0
c17199,0.0,0.0,0.0
c17200,0.0,0.0,0.0
c17201,0.0,0.0,0.0
c17202,0.0,0.0,0.0
c17203,0.0,0.0,0.0
c17204,0.0,0.0,0.0
c17205,0.0,0.0,0.0
c17206,0.0,0.0,0.0
c17207,0.0,0.0,0.0
c17208,0.0,0.0,0.0
c17209,0.0,0.0,0.0
c17210,0.0,0.0,0.0
c17211,0.0,0.0,0.0
c17212,0.0,0.0,0.0
c17213,0.0,0.0,0.0
c17214,0.0,0.0,0.0
c17215,0.0,0.0,0.0
c17216,0.0,0.0,0.0
c17217,0.0,0.0,0.0
c17218,0.0,0.0,0.0
c17219,0.0,0.0,0.0
c17220,0.0,0.0,0.0
c17221,0.0,0.0,0.0
c17222,0.0,0.0,0.0
c17223,0.0,0.0,0.0
c17224,0.0,0.0,0.0
c17225,0.0,0.0,0.0
c17226,0.0,0.0,0.0
c17227,0.0,0.0,0.0
c17228,0.0,0.0,0.0
c17229,0.0,0.0,0.0
c17230,0.0,0.0,0.0
c17231,0.0,0.0,0.0
c17232,0.0,0.0,0.0
c17233,0.0,0.0,0.0
c17234,0.0,0.0,0.0
c17235,0.0,0.0,0.0
c17236,0.0,0.0,0.0
c17237,0.0,0.0,0.0
c17238,0.0,0.0,0.0
c17239,0.0,0.0,0.0
c17240,0.0,0.0,0.0
c17241,0.0,0.0,0.0
c17242,0.0,0.0,0.0
c17243,0.0,0.0,0.0
c17244,0.0,0.0,0.0
c17245,0.0,0.0,0.0
c17246,0.0,0.0,0.0
c17247,0.0,0.0,0.0
c17248,0.0,0.0,0.0
c17249,0.0,0.0,0.0
c17250,9.783887331907183,0.0,0.0
c17251,9.783887331907183,0.0,0.0
c17252,0.0,0.0,0.0
c17253,0.0,0.0,0.0
c17254,0.0,0.0,0.0
c17255,0.0,0.0,0.0
c17256,0.0,0.0,0.0
c17257,0.0,0.0,0.0
c17258,11.948344396712038,0.0,0.0
c17259,11.948344396712038,0.0,0.0
c17260,0.0,0.0,0.0
c17261,0.0,0.0,0.0
c17262,21.654498462161055,0.0,0.0
c17263,0.0,0.0,0.0
c17264,0.0,0.0,0.0
c17265,0.0,0.0,0.0
c17266,0.0,0.0,0.0
c17267,0.0,0.0,0.0
c17268,0.0,0.0,0.0
c17269,0.0,0.0,0.0
c17270,0.0,0.0,0.0
c17271,0.0,0.0,0.0
c17272,26.06671071261936,0.0,0.0
c17273,0.0,0.0,0.0
c17274,0.0,0.0,0.0
c17275,0.0,0.0,0.0
c17276,0.0,0.0,0.0
c17277,0.0,0.0,0.0
c17278,0.0,0.0,0.0
c17279,0.0,0.0,0.0
c17280,16.411378352914824,0.0,0.0
c17281,16.411378352914824,0.0,0.0
c17282,0.0,0.0,0.0
c17283,0.0,0.0,0.0
c17284,0.972689785949114,0.0,0.0
c17285,3.1810104835416895,0.0,0.0
c17286,16.338912649919383,0.0,0.0
c17287,22.107886649988423,0.0,0.0
c17288,4.512085466086868,0.0,0.0
c17289,12.46988326687052,0.0,0.0
c17290,11.903865725414489,0.0,0.0
c17291,16.30994612877458,1.0,0.0
c17292,6.051003506484396,5.0,0.0
c17293,1.6599843118089708,0.0,0.0
c17294,4.312246950965833,0.0,0.0
c17295,0.0,0.0,0.0
c17296,0.0,0.0,0.0
c17297,0.0,0.0,0.0
c17298,0.0,0.0,0.0
c17299,0.0,0.0,0.0
c17300,0.0,0.0,0.0
c17301,11.176940089419483,0.0,0.0
c17302,11.176940089419483,0.0,0.0
c17303,0.0,0.0,0.0
c17304,0.0,0.0,0.0
c17305,0.0,0.0,0.0
c17306,0.0,0.0,0.0
c17307,0.0,0.0,0.0
c17308,0.0,0.0,0.0
c17309,0.0,0.0,0.0
c17310,0.0,0.0,0.0
c17311,0.0,0.0,0.0
c17312,0.0,0.0,0.0
c17313,0.0,0.0,0.0
c17314,0.0,0.0,0.0
c17315,0.0,0.0,0.0
c17316,0.0,0.0,0.0
c17317,0.0,0.0,0.0
c17318,0.0,0.0,0.0
c17319,0.0,0.0,0.0
c17320,0.0,0.0,0.0
c17321,0.0,0.0,0.0
c17322,0.0,0.0,0.0
c17323,0.0,0.0,0.0
c17324,0.0,0.0,0.0
c17325,0.0,0.0,0.0
c17326,0.0,0.0,0.0
c17327,0.0,0.0,0.0
c17328,0.0,0.0,0.0
c17329,0.0,0.0,0.0
c17330,0.0,0.0,0.0
c17331,0.0,0.0,0.0
c17332,0.0,0.0,0.0
c17333,0.0,0.0,0.0
c17334,0.0,0.0,0.0
c17335,0.0,0.0,0.0
c17336,0.0,0.0,0.0
c17337,0.0,0.0,0.0
c17338,0.0,0.0,0.0
c17339,0.0,0.0,0.0
c17340,0.0,0.0,0.0
c17341,0.0,0.0,0.0
c17342,0.0,0.0,0.0
c17343,0.0,0.0,0.0
c17344,0.0,0.0,0.0
c17345,0.0,0.0,0.0
c17346,0.0,0.0,0.0
c17347,0.0,0.0,0.0
c17348,0.0,0.0,0.0
c17349,0.0,0.0,0.0
c17350,0.0,0.0,0.0
c17351,0.0,0.0,0.0
c17352,0.0,0.0,0.0
c17353,0.0,0.0,0.0
c17354,0.0,0.0,0.0
c17355,0.0,0.0,0.0
c17356,0.0,0.0,0.0
c17357,0.0,0.0,0.0
c17358,0.0,0.0,0.0
c17359,0.0,0.0,0.0
c17360,0.0,0.0,0.0
c17361,0.0,0.0,0.0
c17362,0.0,0.0,0.0
c17363,0.0,0.0,0.0
c17364,0.0,0.0,0.0
c17365,0.0,0.0,0.0
c17366,0.0,0.0,0.0
c17367,0.0,0.0,0.0
c17368,0.0,0.0,0.0
c17369,0.0,0.0,0.0
c17370,9.783887331907183,0.0,0.0
c17371,9.783887331907183,0.0,0.0
c17372,0.0,0.0,0.0
c17373,0.0,0.0,0.0
c17374,0.0,0.0,0.0
c17375,0.0,0.0,0.0
c17376,0.0,0.0,0.0
c17377,0.0,0.0,0.0
c17378,11.948344396712038,0.0,0.0
c17379,11.948344396712038,0.0,0.0
c17380,0.0,0.0,0.0
c17381,0.0,0.0,0.0
c17382,0.0,0.0,0.0
c17383,21.654498462161055,0.0,0.0
c17384,21.654498462161055,0.0,0.0
c17385,0.0,0.0,0.0
c17386,0.0,0.0,0.0
c17387,0.0,0.0,0.0
c17388,0.0,0.0,0.0
c17389,0.0,0.0,0.0
c17390,0.0,0.0,0.0
c17391,0.0,0.0,0.0
c17392,0.0,0.0,0.0
c17393,26.06671071261936,0.0,0.0
c17394,0.0,0.0,0.0
c17395,0.0,0.0,0.0
c17396,0.0,0.0,0.0
c17397,0.0,0.0,0.0
c17398,0.0,0.0,0.0
c17399,0.0,0.0,0.0
c17400,0.0,0.0,0.0
c17401,16.411378352914824,0.0,0.0
c17402,16.411378352914824,1.0,0.0
c17403,0.0,0.0,0.0
c17404,0.0,0.0,0.0
c17405,0.0,0.0,0.0
c17406,0.0,0.0,0.0
c17407,9.033924450607989,0.0,0.0
c17408,7.925376755468948,0.0,0.0
c17409,13.153724394041157,0.0,0.0
c17410,13.9645363897264,0.0,0.0
c17411,6.250664135719346,0.0,0.0
c17412,12.666800937834852,0.0,0.0
c17413,0.0,0.0,0.0
c17414,0.0,0.0,0.0
c17415,3.260562415502212,0.0,0.0
c17416,0.0,0.0,0.0
c17417,0.0,0.0,0.0
c17418,0.0,0.0,0.0
c17419,0.0,0.0,0.0
c17420,0.0,0.0,0.0
c17421,0.0,0.0,0.0
c17422,11.176940089419483,0.0,0.0
c17423,0.0,0.0,0.0
c17424,0.0,0.0,0.0
c17425,0.0,0.0,0.0
c17426,0.0,0.0,0.0
c17427,0.0,0.0,0.0
c17428,0.0,0.0,0.0
c17429,0.0,0.0,0.0
c17430,0.0,0.0,0.0
c17431,0.0,0.0,0.0
c17432,0.0,0.0,0.0
c17433,0.0,0.0,0.0
c17434,0.0,0.0,0.0
c17435,0.0,0.0,0.0
c17436,0.0,0.0,0.0
c17437,0.0,0.0,0.0
c17438,0.0,0.0,0.0
c17439,0.0,0.0,0.0
c17440,0.0,0.0,0.0
c17441,0.0,0.0,0.0
c17442,0.0,0.0,0.0
c17443,0.0,0.0,0.0
c17444,0.0,0.0,0.0
c17445,0.0,0.0,0.0
c17446,0.0,0.0,0.0
c17447,0.0,0.0,0.0
c17448,0.0,0.0,0.0
c17449,0.0,0.0,0.0
c17450,0.0,0.0,0.0
c17451,0.0,0.0,0.0
c17452,0.0,0.0,0.0
c17453,0.0,0.0,0.0
c17454,0.0,0.0,0.0
c17455,0.0,0.0,0.0
c17456,0.0,0.0,0.0
c17457,0.0,0.0,0.0
c17458,0.0,0.0,0.0
c17459,0.0,0.0,0.0
c17460,0.0,0.0,0.0
c17461,0.0,0.0,0.0
c17462,0.0,0.0,0.0
c17463,0.0,0.0,0.0
c17464,0.0,0.0,0.0
c17465,0.0,0.0,0.0
c17466,0.0,0.0,0.0
c17467,0.0,0.0,0.0
c17468,0.0,0.0,0.0
c17469,0.0,0.0,0.0
c17470,0.0,0.0,0.0
c17471,0.0,0.0,0.0
c17472,0.0,0.0,0.0
c17473,0.0,0.0,0.0
c17474,0.0,0.0,0.0
c17475,0.0,0.0,0.0
c17476,0.0,0.0,0.0
c17477,0.0,0.0,0.0
c17478,0.0,0.0,0.0
c17479,0.0,0.0,0.0
c17480,0.0,0.0,0.0
c17481,0.0,0.0,0.0
c17482,0.0,0.0,0.0
c17483,0.0,0.0,0.0
c17484,0.0,0.0,0.0
c17485,0.0,0.0,0.0
c17486,0.0,0.0,0.0
c17487,0.0,0.0,0.0
c17488,0.0,0.0,0.0
c17489,0.0,0.0,0.0
c17490,0.0,0.0,0.0
c17491,0.0,0.0,0.0
c17492,0.0,0.0,0.0
c17493,0.0,0.0,0.0
c17494,0.0,0.0,0.0
c17495,0.0,0.0,0.0
c17496,0.0,0.0,0.0
c17497,0.0,0.0,0.0
c17498,11.948344396712038,0.0,0.0
c17499,11.948344396712038,0.0,0.0
c17500,0.0,0.0,0.0
c17501,0.0,0.0,0.0
c17502,0.0,0.0,0.0
c17503,0.0,0.0,0.0
c17504,0.0,0.0,0.0
c17505,21.654498462161055,0.0,0.0
c17506,21.654498462161055,0.0,0.0
c17507,0.0,0.0,0.0
c17508,0.0,0.0,0.0
c17509,4.019389430094629,0.0,0.0
c17510,4.019389430094629,0.0,0.0
c17511,0.0,0.0,0.0
c17512,0.0,0.0,0.0
c17513,0.0,0.0,0.0
c17514,26.06671071261936,0.0,0.0
c17515,0.0,0.0,0.0
c17516,0.0,0.0,0.0
c17517,0.0,0.0,0.0
c17518,0.0,0.0,0.0
c17519,0.0,0.0,0.0
c17520,0.0,0.0,0.0
c17521,0.0,0.0,0.0
c17522,16.411378352914824,0.0,0.0
c17523,0.0,0.0,0.0
c17524,0.0,0.0,0.0
c17525,0.0,0.0,0.0
c17526,0.0,0.0,0.0
c17527,2.3391188709586253,0.0,0.0
c17528,9.033924450607989,0.0,0.0
c17529,0.0,0.0,0.0
c17530,10.428500095365692,0.0,0.0
c17531,8.392405845783435,0.0,0.0
c17532,6.250664135719346,0.0,0.0
c17533,6.416136802115505,0.0,0.0
c17534,6.416136802115505,0.0,0.0
c17535,0.0,0.0,0.0
c17536,16.141852949834256,0.0,0.0
c17537,12.845968015784424,0.0,0.0
c17538,0.0,0.0,0.0
c17539,0.0,0.0,0.0
c17540,0.0,0.0,0.0
c17541,0.0,0.0,0.0
c17542,11.176940089419483,0.0,0.0
c17543,11.176940089419483,0.0,0.0
c17544,0.0,0.0,0.0
c17545,0.0,0.0,0.0
c17546,0.0,0.0,0.0
c17547,0.0,0.0,0.0
c17548,0.0,0.0,0.0
c17549,0.0,0.0,0.0
c17550,0.0,0.0,0.0
c17551,0.0,0.0,0.0
c17552,0.0,0.0,0.0
c17553,0.0,0.0,0.0
c17554,0.0,0.0,0.0
c17555,0.0,0.0,0.0
c17556,0.0,0.0,0.0
c17557,0.0,0.0,0.0
c17558,0.0,0.0,0.0
c17559,0.0,0.0,0.0
c17560,0.0,0.0,0.0
c17561,0.0,0.0,0.0
c17562,0.0,0.0,0.0
c17563,0.0,0.0,0.0
c17564,0.0,0.0,0.0
c17565,0.0,0.0,0.0
c17566,0.0,0.0,0.0
c17567,0.0,0.0,0.0
c17568,0.0,0.0,0.0
c17569,0.0,0.0,0.0
c17570,0.0,0.0,0.0
c17571,0.0,0.0,0.0
c17572,0.0,0.0,0.0
c17573,0.0,0.0,0.0
c17574,0.0,0.0,0.0
c17575,0.0,0.0,0.0
c17576,0.0,0.0,0.0
c17577,0.0,0.0,0.0
c17578,0.0,0.0,0.0
c17579,0.0,0.0,0.0
c17580,0.0,0.0,0.0
c17581,0.0,0.0,0.0
c17582,0.0,0.0,0.0
c17583,0.0,0.0,0.0
c17584,0.0,0.0,0.0
c17585,0.0,0.0,0.0
c17586,0.0,0.0,0.0
c17587,0.0,0.0,0.0
c17588,0.0,0.0,0.0
c17589,0.0,0.0,0.0
c17590,0.0,0.0,0.0
c17591,0.0,0.0,0.0
c17592,0.0,0.0,0.0
c17593,0.0,0.0,0.0
c17594,0.0,0.0,0.0
c17595,0.0,0.0,0.0
c17596,0.0,0.0,0.0
c17597,0.0,0.0,0.0
c17598,0.0,0.0,0.0
c17599,0.0,0.0,0.0
c17600,0.0,0.0,0.0
c17601,0.0,0.0,0.0
c17602,0.0,0.0,0.0
c17603,0.0,0.0,0.0
c17604,0.0,0.0,0.0
c17605,0.0,0.0,0.0
c17606,0.0,0.0,0.0
c17607,0.0,0.0,0.0
c17608,0.0,0.0,0.0
c17609,0.0,0.0,0.0
c17610,0.0,0.0,0.0
c17611,0.0,0.0,0.0
c17612,0.0,0.0,0.0
c17613,0.0,0.0,0.0
c17614,0.0,0.0,0.0
c17615,0.0,0.0,0.0
c17616,0.0,0.0,0.0
c17617,0.0,0.0,0.0
c17618,11.948344396712038,0.0,0.0
c17619,11.948344396712038,0.0,0.0
c17620,11.948344396712038,0.0,0.0
c17621,0.0,0.0,0.0
c17622,0.0,0.0,0.0
c17623,0.0,0.0,0.0
c17624,12.261603641038404,0.0,0.0
c17625,12.261603641038404,0.0,0.0
c17626,0.0,0.0,0.0
c17627,21.654498462161055,0.0,0.0
c17628,21.654498462161055,0.0,0.0
c17629,0.0,0.0,0.0
c17630,4.019389430094629,0.0,0.0
c17631,0.0,0.0,0.0
c17632,0.0,0.0,0.0
c17633,0.0,0.0,0.0
c17634,0.0,0.0,0.0
c17635,26.06671071261936,0.0,0.0
c17636,26.06671071261936,0.0,0.0
c17637,0.0,0.0,0.0
c17638,0.0,0.0,0.0
c17639,0.0,0.0,0.0
c17640,0.0,0.0,0.0
c17641,0.0,0.0,0.0
c17642,0.0,0.0,0.0
c17643,16.411378352914824,0.0,0.0
c17644,16.411378352914824,0.0,0.0
c17645,0.0,0.0,0.0
c17646,0.0,0.0,0.0
c17647,0.0,0.0,0.0
c17648,6.694805579649364,0.0,0.0
c17649,6.694805579649364,0.0,0.0
c17650,15.866504163348004,0.0,0.0
c17651,16.67916423108504,0.0,0.0
c17652,6.250664135719346,0.0,0.0
c17653,0.0,0.0,0.0
c17654,0.0,0.0,0.0
c17655,6.416136802115505,0.0,0.0
c17656,0.0,0.0,0.0
c17657,0.0,0.0,0.0
c17658,12.845968015784424,0.0,0.0
c17659,12.845968015784424,0.0,0.0
c17660,0.0,0.0,0.0
c17661,0.0,0.0,0.0
c17662,0.0,0.0,0.0
c17663,0.0,0.0,0.0
c17664,11.176940089419483,0.0,0.0
c17665,0.0,0.0,0.0
c17666,0.0,0.0,0.0
c17667,0.0,0.0,0.0
c17668,0.0,0.0,0.0
c17669,0.0,0.0,0.0
c17670,0.0,0.0,0.0
c17671,0.0,0.0,0.0
c17672,0.0,0.0,0.0
c17673,0.0,0.0,0.0
c17674,0.0,0.0,0.0
c17675,0.0,0.0,0.0
c17676,0.0,0.0,0.0
c17677,0.0,0.0,0.0
c17678,0.0,0.0,0.0
c17679,0.0,0.0,0.0
c17680,0.0,0.0,0.0
c17681,0.0,0.0,0.0
c17682,0.0,0.0,0.0
c17683,0.0,0.0,0.0
c17684,0.0,0.0,0.0
c17685,0.0,0.0,0.0
c17686,0.0,0.0,0.0
c17687,0.0,0.0,0.0
c17688,0.0,0.0,0.0
c17689,0.0,0.0,0.0
c17690,0.0,0.0,0.0
c17691,0.0,0.0,0.0
c17692,0.0,0.0,0.0
c17693,0.0,0.0,0.0
c17694,0.0,0.0,0.0
c17695,0.0,0.0,0.0
c17696,0.0,0.0,0.0
c17697,0.0,0.0,0.0
c17698,0.0,0.0,0.0
c17699,0.0,0.0,0.0
c17700,0.0,0.0,0.0
c17701,0.0,0.0,0.0
c17702,0.0,0.0,0.0
c17703,0.0,0.0,0.0
c17704,0.0,0.0,0.0
c17705,0.0,0.0,0.0
c17706,0.0,0.0,0.0
c17707,0.0,0.0,0.0
c17708,0.0,0.0,0.0
c17709,0.0,0.0,0.0
c17710,0.0,0.0,0.0
c17711,0.0,0.0,0.0
c17712,0.0,0.0,0.0
c17713,0.0,0.0,0.0
c17714,0.0,0.0,0.0
c17715,0.0,0.0,0.0
c17716,0.0,0.0,0.0
c17717,0.0,0.0,0.0
c17718,0.0,0.0,0.0
c17719,0.0,0.0,0.0
c17720,0.0,0.0,0.0
c17721,0.0,0.0,0.0
c17722,0.0,0.0,0.0
c17723,0.0,0.0,0.0
c17724,0.0,0.0,0.0
c17725,0.0,0.0,0.0
c17726,0.0,0.0,0.0
c17727,0.0,0.0,0.0
c17728,0.0,0.0,0.0
c17729,0.0,0.0,0.0
c17730,0.0,0.0,0.0
c17731,0.0,0.0,0.0
c17732,0.0,0.0,0.0
c17733,0.0,0.0,0.0
c17734,0.0,0.0,0.0
c17735,0.0,0.0,0.0
c17736,0.0,0.0,0.0
c17737,0.0,0.0,0.0
c17738,0.0,0.0,0.0
c17739,11.948344396712038,0.0,0.0
c17740,0.0,0.0,0.0
c17741,0.0,0.0,0.0
c17742,0.0,0.0,0.0
c17743,0.0,0.0,0.0
c17744,12.261603641038404,0.0,0.0
c17745,12.261603641038404,0.0,0.0
c17746,0.0,0.0,0.0
c17747,0.0,0.0,0.0
c17748,12.261603641038404,0.0,0.0
c17749,21.654498462161055,0.0,0.0
c17750,25.673887892255685,0.0,0.0
c17751,4.019389430094629,0.0,0.0
c17752,0.0,0.0,0.0
c17753,0.0,0.0,0.0
c17754,0.0,0.0,0.0
c17755,0.0,0.0,0.0
c17756,0.0,0.0,0.0
c17757,26.06671071261936,0.0,0.0
c17758,0.0,0.0,0.0
c17759,0.0,0.0,0.0
c17760,0.0,0.0,0.0
c17761,0.0,0.0,0.0
c17762,0.0,0.0,0.0
c17763,0.0,0.0,0.0
c17764,0.0,0.0,0.0
c17765,16.411378352914824,0.0,0.0
c17766,0.0,0.0,0.0
c17767,0.0,0.0,0.0
c17768,6.694805579649364,0.0,0.0
c17769,6.694805579649364,0.0,0.0
c17770,5.266908271085734,0.0,0.0
c17771,7.801730823495838,0.0,0.0
c17772,9.379077363955542,0.0,0.0
c17773,0.0,0.0,0.0
c17774,0.0,0.0,0.0
c17775,0.0,0.0,0.0
c17776,6.416136802115505,0.0,0.0
c17777,0.0,0.0,0.0
c17778,0.0,0.0,0.0
c17779,0.0,0.0,0.0
c17780,12.845968015784424,0.0,0.0
c17781,12.845968015784424,0.0,0.0
c17782,0.0,0.0,0.0
c17783,0.0,0.0,0.0
c17784,0.0,0.0,0.0
c17785,11.176940089419483,0.0,0.0
c17786,0.0,0.0,0.0
c17787,0.0,0.0,0.0
c17788,0.0,0.0,0.0
c17789,0.0,0.0,0.0
c17790,0.0,0.0,0.0
c17791,0.0,0.0,0.0
c17792,0.0,0.0,0.0
c17793,0.0,0.0,0.0
c17794,0.0,0.0,0.0
c17795,0.0,0.0,0.0
c17796,0.0,0.0,0.0
c17797,0.0,0.0,0.0
c17798,0.0,0.0,0.0
c17799,0.0,0.0,0.0
c17800,0.0,0.0,0.0
c17801,0.0,0.0,0.0
c17802,0.0,0.0,0.0
c17803,0.0,0.0,0.0
c17804,0.0,0.0,0.0
c17805,0.0,0.0,0.0
c17806,0.0,0.0,0.0
c17807,0.0,0.0,0.0
c17808,0.0,0.0,0.0
c17809,0.0,0.0,0.0
c17810,0.0,0.0,0.0
c17811,0.0,0.0,0.0
c17812,0.0,0.0,0.0
c17813,0.0,0.0,0.0
c17814,0.0,0.0,0.0
c17815,0.0,0.0,0.0
c17816,0.0,0.0,0.0
c17817,0.0,0.0,0.0
c17818,0.0,0.0,0.0
c17819,0.0,0.0,0.0
c17820,0.0,0.0,0.0
c17821,0.0,0.0,0.0
c17822,0.0,0.0,0.0
c17823,0.0,0.0,0.0
c17824,0.0,0.0,0.0
c17825,0.0,0.0,0.0
c17826,0.0,0.0,0.0
c17827,0.0,0.0,0.0
c17828,0.0,0.0,0.0
c17829,0.0,0.0,0.0
c17830,0.0,0.0,0.0
c17831,0.0,0.0,0.0
c17832,0.0,0.0,0.0
c17833,0.0,0.0,0.0
c17834,0.0,0.0,0.0
c17835,0.0,0.0,0.0
c17836,0.0,0.0,0.0
c17837,0.0,0.0,0.0
c17838,0.0,0.0,0.0
c17839,0.0,0.0,0.0
c17840,0.0,0.0,0.0
c17841,0.0,0.0,0.0
c17842,0.0,0.0,0.0
c17843,0.0,0.0,0.0
c17844,0.0,0.0,0.0
c17845,0.0,0.0,0.0
c17846,0.0,0.0,0.0
c17847,0.0,0.0,0.0
c17848,0.0,0.0,0.0
c17849,0.0,0.0,0.0
c17850,0.0,0.0,0.0
c17851,0.0,0.0,0.0
c17852,0.0,0.0,0.0
c17853,0.0,0.0,0.0
c17854,0.0,0.0,0.0
c17855,0.0,0.0,0.0
c17856,0.0,0.0,0.0
c17857,0.0,0.0,0.0
c17858,0.0,0.0,0.0
c17859,0.0,0.0,0.0
c17860,0.0,0.0,0.0
c17861,0.0,0.0,0.0
c17862,0.0,0.0,0.0
c17863,0.0,0.0,0.0
c17864,12.261603641038404,0.0,0.0
c17865,12.261603641038404,0.0,0.0
c17866,0.0,0.0,0.0
c17867,0.0,0.0,0.0
c17868,12.261603641038404,0.0,0.0
c17869,12.261603641038404,0.0,0.0
c17870,12.261603641038404,0.0,0.0
c17871,37.93549153329409,0.0,0.0
c17872,0.0,0.0,0.0
c17873,0.0,0.0,0.0
c17874,0.0,0.0,0.0
c17875,0.0,0.0,0.0
c17876,0.0,0.0,0.0
c17877,0.0,0.0,0.0
c17878,26.06671071261936,0.0,0.0
c17879,0.0,0.0,0.0
c17880,0.0,0.0,0.0
c17881,0.0,0.0,0.0
c17882,0.0,0.0,0.0
c17883,0.0,0.0,0.0
c17884,0.0,0.0,0.0
c17885,16.411378352914824,0.0,0.0
c17886,16.411378352914824,0.0,0.0
c17887,0.0,0.0,0.0
c17888,0.0,0.0,0.0
c17889,10.097689679547605,0.0,0.0
c17890,9.070604109181165,0.0,0.0
c17891,9.797394538741468,0.0,0.0
c17892,1.5623777645099923,0.0,0.0
c17893,2.200341851634724,0.0,0.0
c17894,0.0,0.0,0.0
c17895,0.0,0.0,0.0
c17896,0.0,0.0,0.0
c17897,6.416136802115505,0.0,0.0
c17898,0.0,0.0,0.0
c17899,0.0,0.0,0.0
c17900,0.0,0.0,0.0
c17901,0.0,0.0,0.0
c17902,12.845968015784424,0.0,0.0
c17903,12.845968015784424,0.0,0.0
c17904,0.0,0.0,0.0
c17905,0.0,0.0,0.0
c17906,11.176940089419483,0.0,0.0
c17907,0.0,0.0,0.0
c17908,0.0,0.0,0.0
c17909,0.0,0.0,0.0
c17910,0.0,0.0,0.0
c17911,0.0,0.0,0.0
c17912,0.0,0.0,0.0
c17913,0.0,0.0,0.0
c17914,0.0,0.0,0.0
c17915,0.0,0.0,0.0
c17916,0.0,0.0,0.0
c17917,0.0,0.0,0.0
c17918,0.0,0.0,0.0
c17919,0.0,0.0,0.0
c17920,0.0,0.0,0.0
c17921,0.0,0.0,0.0
c17922,0.0,0.0,0.0
c17923,0.0,0.0,0.0
c17924,0.0,0.0,0.0
c17925,0.0,0.0,0.0
c17926,0.0,0.0,0.0
c17927,0.0,0.0,0.0
c17928,0.0,0.0,0.0
c17929,0.0,0.0,0.0
c17930,0.0,0.0,0.0
c17931,0.0,0.0,0.0
c17932,0.0,0.0,0.0
c17933,0.0,0.0,0.0
c17934,0.0,0.0,0.0
c17935,0.0,0.0,0.0
c17936,0.0,0.0,0.0
c17937,0.0,0.0,0.0
c17938,0.0,0.0,0.0
c17939,0.0,0.0,0.0
c17940,0.0,0.0,0.0
c17941,0.0,0.0,0.0
c17942,0.0,0.0,0.0
c17943,0.0,0.0,0.0
c17944,0.0,0.0,0.0
c17945,0.0,0.0,0.0
c17946,0.0,0.0,0.0
c17947,0.0,0.0,0.0
c17948,0.0,0.0,0.0
c17949,0.0,0.0,0.0
c17950,0.0,0.0,0.0
c17951,0.0,0.0,0.0
c17952,0.0,0.0,0.0
c17953,0.0,0.0,0.0
c17954,0.0,0.0,0.0
c17955,0.0,0.0,0.0
c17956,0.0,0.0,0.0
c17957,0.0,0.0,0.0
c17958,0.0,0.0,0.0
c17959,0.0,0.0,0.0
c17960,0.0,0.0,0.0
c17961,0.0,0.0,0.0
c17962,0.0,0.0,0.0
c17963,0.0,0.0,0.0
c17964,0.0,0.0,0.0
c17965,0.0,0.0,0.0
c17966,0.0,0.0,0.0
c17967,0.0,0.0,0.0
c17968,0.0,0.0,0.0
c17969,0.0,0.0,0.0
c17970,0.0,0.0,0.0
c17971,0.0,0.0,0.0
c17972,0.0,0.0,0.0
c17973,0.0,0.0,0.0
c17974,0.0,0.0,0.0
c17975,0.0,0.0,0.0
c17976,0.0,0.0,0.0
c17977,0.0,0.0,0.0
c17978,0.0,0.0,0.0
c17979,0.0,0.0,0.0
c17980,0.0,0.0,0.0
c17981,0.0,0.0,0.0
c17982,0.0,0.0,0.0
c17983,0.0,0.0,0.0
c17984,0.0,0.0,0.0
c17985,0.0,0.0,0.0
c17986,12.261603641038404,0.0,0.0
c17987,12.261603641038404,0.0,0.0
c17988,12.261603641038404,0.0,0.0
c17989,12.261603641038404,0.0,0.0
c17990,0.0,0.0,0.0
c17991,0.0,0.0,0.0
c17992,21.654498462161055,0.0,0.0
c17993,21.654498462161055,0.0,0.0
c17994,0.0,0.0,0.0
c17995,0.0,0.0,0.0
c17996,0.0,0.0,0.0
c17997,0.0,0.0,0.0
c17998,0.0,0.0,0.0
c17999,26.06671071261936,0.0,0.0
c18000,0.0,0.0,0.0
c18001,0.0,0.0,0.0
c18002,0.0,0.0,0.0
c18003,0.0,0.0,0.0
c18004,0.0,0.0,0.0
c18005,25.787876898258382,0.0,0.0
c18006,42.199255251173206,0.0,0.0
c18007,25.787876898258382,0.0,0.0
c18008,26.073349563609963,0.0,0.0
c18009,0.0,0.0,0.0
c18010,5.984460820784014,0.0,0.0
c18011,3.0832808004205985,0.0,0.0
c18012,0.0,0.0,0.0
c18013,0.0,0.0,0.0
c18014,10.274304143257845,1.0,0.0
c18015,0.0,0.0,0.0
c18016,0.0,0.0,0.0
c18017,0.0,0.0,0.0
c18018,14.797804415242217,0.0,0.0
c18019,0.0,0.0,0.0
c18020,0.0,0.0,0.0
c18021,0.0,0.0,0.0
c18022,0.0,0.0,0.0
c18023,0.0,0.0,0.0
c18024,12.845968015784424,0.0,0.0
c18025,4.853525712009763,0.0,0.0
c18026,4.853525712009763,0.0,0.0
c18027,16.030465801429244,0.0,0.0
c18028,11.176940089419483,0.0,0.0
c18029,0.0,0.0,0.0
c18030,0.0,0.0,0.0
c18031,0.0,0.0,0.0
c18032,0.0,0.0,0.0
c18033,0.0,0.0,0.0
c18034,0.0,0.0,0.0
c18035,0.0,0.0,0.0
c18036,0.0,0.0,0.0
c18037,0.0,0.0,0.0
c18038,0.0,0.0,0.0
c18039,0.0,0.0,0.0
c18040,0.0,0.0,0.0
c18041,0.0,0.0,0.0
c18042,0.0,0.0,0.0
c18043,0.0,0.0,0.0
c18044,0.0,0.0,0.0
c18045,0.0,0.0,0.0
c18046,0.0,0.0,0.0
c18047,0.0,0.0,0.0
c18048,0.0,0.0,0.0
c18049,0.0,0.0,0.0
c18050,0.0,0.0,0.0
c18051,0.0,0.0,0.0
c18052,0.0,0.0,0.0
c18053,0.0,0.0,0.0
c18054,0.0,0.0,0.0
c18055,0.0,0.0,0.0
c18056,0.0,0.0,0.0
c18057,0.0,0.0,0.0
c18058,0.0,0.0,0.0
c18059,0.0,0.0,0.0
c18060,0.0,0.0,0.0
c18061,0.0,0.0,0.0
c18062,0.0,0.0,0.0
c18063,0.0,0.0,0.0
c18064,0.0,0.0,0.0
c18065,0.0,0.0,0.0
c18066,0.0,0.0,0.0
c18067,0.0,0.0,0.0
c18068,0.0,0.0,0.0
c18069,0.0,0.0,0.0
c18070,0.0,0.0,0.0
c18071,0.0,0.0,0.0
c18072,0.0,0.0,0.0
c18073,0.0,0.0,0.0
c18074,0.0,0.0,0.0
c18075,0.0,0.0,0.0
c18076,0.0,0.0,0.0
c18077,0.0,0.0,0.0
c18078,0.0,0.0,0.0
c18079,0.0,0.0,0.0
c18080,0.0,0.0,0.0
c18081,0.0,0.0,0.0
c18082,0.0,0.0,0.0
c18083,0.0,0.0,0.0
c18084,0.0,0.0,0.0
c18085,0.0,0.0,0.0
c18086,0.0,0.0,0.0
c18087,0.0,0.0,0.0
c18088,0.0,0.0,0.0
c18089,0.0,0.0,0.0
c18090,0.0,0.0,0.0
c18091,0.0,0.0,0.0
c18092,0.0,0.0,0.0
c18093,0.0,0.0,0.0
c18094,0.0,0.0,0.0
c18095,0.0,0.0,0.0
c18096,0.0,0.0,0.0
c18097,0.0,0.0,0.0
c18098,0.0,0.0,0.0
c18099,0.0,0.0,0.0
c18100,0.0,0.0,0.0
c18101,0.0,0.0,0.0
c18102,0.0,0.0,0.0
c18103,0.0,0.0,0.0
c18104,0.0,0.0,0.0
c18105,0.0,0.0,0.0
c18106,0.0,0.0,0.0
c18107,0.0,0.0,0.0
c18108,0.0,0.0,0.0
c18109,0.0,0.0,0.0
c18110,0.0,0.0,0.0
c18111,0.0,0.0,0.0
c18112,0.0,0.0,0.0
c18113,0.0,0.0,0.0
c18114,21.654498462161055,0.0,0.0
c18115,21.654498462161055,0.0,0.0
c18116,0.0,0.0,0.0
c18117,0.0,0.0,0.0
c18118,0.0,0.0,0.0
c18119,0.0,0.0,0.0
c18120,26.06671071261936,0.0,0.0
c18121,0.0,0.0,0.0
c18122,0.0,0.0,0.0
c18123,0.0,0.0,0.0
c18124,0.0,0.0,0.0
c18125,0.0,0.0,0.0
c18126,25.787876898258382,0.0,0.0
c18127,0.0,0.0,0.0
c18128,6.921496207537298,0.0,0.0
c18129,29.35867698408341,0.0,0.0
c18130,3.281335839718041,0.0,0.0
c18131,3.0040188740892457,0.0,0.0
c18132,0.0,0.0,0.0
c18133,0.0,0.0,0.0
c18134,0.0,0.0,0.0
c18135,8.073962291623122,0.0,0.0
c18136,0.0,0.0,0.0
c18137,0.0,0.0,0.0
c18138,2.6524472281276705,0.0,0.0
c18139,8.381667613126712,0.0,0.0
c18140,0.0,0.0,0.0
c18141,0.0,0.0,0.0
c18142,0.0,0.0,0.0
c18143,0.0,0.0,0.0
c18144,0.0,0.0,0.0
c18145,12.845968015784424,0.0,0.0
c18146,17.85073244699231,0.0,0.0
c18147,0.0,0.0,0.0
c18148,16.030465801429244,0.0,0.0
c18149,16.030465801429244,0.0,0.0
c18150,0.0,0.0,0.0
c18151,0.0,0.0,0.0
c18152,0.0,0.0,0.0
c18153,0.0,0.0,0.0
c18154,0.0,0.0,0.0
c18155,0.0,0.0,0.0
c18156,0.0,0.0,0.0
c18157,0.0,0.0,0.0
c18158,0.0,0.0,0.0
c18159,0.0,0.0,0.0
c18160,0.0,0.0,0.0
c18161,0.0,0.0,0.0
c18162,0.0,0.0,0.0
c18163,0.0,0.0,0.0
c18164,0.0,0.0,0.0
c18165,0.0,0.0,0.0
c18166,0.0,0.0,0.0
c18167,0.0,0.0,0.0
c18168,0.0,0.0,0.0
c18169,0.0,0.0,0.0
c18170,0.0,0.0,0.0
c18171,0.0,0.0,0.0
c18172,0.0,0.0,0.0
c18173,0.0,0.0,0.0
c18174,0.0,0.0,0.0
c18175,0.0,0.0,0.0
c18176,0.0,0.0,0.0
c18177,0.0,0.0,0.0
c18178,0.0,0.0,0.0
c18179,0.0,0.0,0.0
c18180,0.0,0.0,0.0
c18181,0.0,0.0,0.0
c18182,0.0,0.0,0.0
c18183,0.0,0.0,0.0
c18184,0.0,0.0,0.0
c18185,0.0,0.0,0.0
c18186,0.0,0.0,0.0
c18187,0.0,0.0,0.0
c18188,0.0,0.0,0.0
c18189,0.0,0.0,0.0
c18190,0.0,0.0,0.0
c18191,0.0,0.0,0.0
c18192,0.0,0.0,0.0
c18193,0.0,0.0,0.0
c18194,0.0,0.0,0.0
c18195,0.0,0.0,0.0
c18196,0.0,0.0,0.0
c18197,0.0,0.0,0.0
c18198,0.0,0.0,0.0
c18199,0.0,0.0,0.0
c18200,0.0,0.0,0.0
c18201,0.0,0.0,0.0
c18202,0.0,0.0,0.0
c18203,0.0,0.0,0.0
c18204,0.0,0.0,0.0
c18205,0.0,0.0,0.0
c18206,0.0,0.0,0.0
c18207,0.0,0.0,0.0
c18208,0.0,0.0,0.0
c18209,0.0,0.0,0.0
c18210,0.0,0.0,0.0
c18211,0.0,0.0,0.0
c18212,0.0,0.0,0.0
c18213,0.0,0.0,0.0
c18214,0.0,0.0,0.0
c18215,0.0,0.0,0.0
c18216,0.0,0.0,0.0
c18217,0.0,0.0,0.0
c18218,0.0,0.0,0.0
c18219,0.0,0.0,0.0
c18220,0.0,0.0,0.0
c18221,0.0,0.0,0.0
c18222,0.0,0.0,0.0
c18223,0.0,0.0,0.0
c18224,0.0,0.0,0.0
c18225,0.0,0.0,0.0
c18226,0.0,0.0,0.0
c18227,0.0,0.0,0.0
c18228,0.0,0.0,0.0
c18229,0.0,0.0,0.0
c18230,0.0,0.0,0.0
c18231,0.0,0.0,0.0
c18232,0.0,0.0,0.0
c18233,0.0,0.0,0.0
c18234,0.0,0.0,0.0
c18235,0.0,0.0,0.0
c18236,33.12278658896255,0.0,0.0
c18237,14.26235195705681,0.0,0.0
c18238,11.468288126801493,0.0,0.0
c18239,11.468288126801493,0.0,0.0
c18240,0.0,0.0,0.0
c18241,26.06671071261936,0.0,0.0
c18242,0.0,0.0,0.0
c18243,0.0,0.0,0.0
c18244,0.0,0.0,0.0
c18245,0.0,0.0,0.0
c18246,0.0,0.0,0.0
c18247,25.787876898258382,0.0,0.0
c18248,0.0,0.0,0.0
c18249,6.659068584705101,0.0,0.0
c18250,6.659068584705101,0.0,0.0
c18251,0.0,0.0,0.0
c18252,0.0,0.0,0.0
c18253,0.0,0.0,0.0
c18254,0.0,0.0,0.0
c18255,0.0,0.0,1.0
c18256,8.073962291623122,0.0,0.0
c18257,0.0,0.0,0.0
c18258,0.0,0.0,0.0
c18259,4.674131012727022,0.0,0.0
c18260,5.729220384999041,0.0,0.0
c18261,5.729220384999041,0.0,0.0
c18262,0.0,0.0,0.0
c18263,0.0,0.0,0.0
c18264,3.639159637209525,0.0,0.0
c18265,3.639159637209525,0.0,0.0
c18266,16.48512765299395,0.0,0.0
c18267,12.845968015784424,0.0,0.0
c18268,0.0,0.0,0.0
c18269,16.42486242229286,0.0,0.0
c18270,0.0,0.0,0.0
c18271,0.0,0.0,0.0
c18272,0.0,0.0,0.0
c18273,0.0,0.0,0.0
c18274,0.0,0.0,0.0
c18275,0.0,0.0,0.0
c18276,0.0,0.0,0.0
c18277,0.0,0.0,0.0
c18278,0.0,0.0,0.0
c18279,0.0,0.0,0.0
c18280,0.0,0.0,0.0
c18281,0.0,0.0,0.0
c18282,0.0,0.0,0.0
c18283,0.0,0.0,0.0
c18284,0.0,0.0,0.0
c18285,0.0,0.0,0.0
c18286,0.0,0.0,0.0
c18287,0.0,0.0,0.0
c18288,0.0,0.0,0.0
c18289,0.0,0.0,0.0
c18290,0.0,0.0,0.0
c18291,0.0,0.0,0.0
c18292,0.0,0.0,0.0
c18293,0.0,0.0,0.0
c18294,0.0,0.0,0.0
c18295,0.0,0.0,0.0
c18296,0.0,0.0,0.0
c18297,0.0,0.0,0.0
c18298,0.0,0.0,0.0
c18299,0.0,0.0,0.0
c18300,0.0,0.0,0.0
c18301,0.0,0.0,0.0
c18302,0.0,0.0,0.0
c18303,0.0,0.0,0.0
c18304,0.0,0.0,0.0
c18305,0.0,0.0,0.0
c18306,0.0,0.0,0.0
c18307,0.0,0.0,0.0
c18308,0.0,0.0,0.0
c18309,0.0,0.0,0.0
c18310,0.0,0.0,0.0
c18311,0.0,0.0,0.0
c18312,0.0,0.0,0.0
c18313,0.0,0.0,0.0
c18314,0.0,0.0,0.0
c18315,0.0,0.0,0.0
c18316,0.0,0.0,0.0
c18317,0.0,0.0,0.0
c18318,0.0,0.0,0.0
c18319,0.0,0.0,0.0
c18320,0.0,0.0,0.0
c18321,0.0,0.0,0.0
c18322,0.0,0.0,0.0
c18323,0.0,0.0,0.0
c18324,0.0,0.0,0.0
c18325,0.0,0.0,0.0
c18326,0.0,0.0,0.0
c18327,0.0,0.0,0.0
c18328,0.0,0.0,0.0
c18329,0.0,0.0,0.0
c18330,0.0,0.0,0.0
c18331,0.0,0.0,0.0
c18332,0.0,0.0,0.0
c18333,0.0,0.0,0.0
c18334,0.0,0.0,0.0
c18335,0.0,0.0,0.0
c18336,0.0,0.0,0.0
c18337,0.0,0.0,0.0
c18338,0.0,0.0,0.0
c18339,0.0,0.0,0.0
c18340,0.0,0.0,0.0
c18341,0.0,0.0,0.0
c18342,0.0,0.0,0.0
c18343,0.0,0.0,0.0
c18344,0.0,0.0,0.0
c18345,0.0,0.0,0.0
c18346,0.0,0.0,0.0
c18347,0.0,0.0,0.0
c18348,0.0,0.0,0.0
c18349,0.0,0.0,0.0
c18350,0.0,0.0,0.0
c18351,5.3930603389960226,0.0,0.0
c18352,5.3930603389960226,0.0,0.0
c18353,5.3930603389960226,0.0,0.0
c18354,0.0,0.0,0.0
c18355,11.468288126801493,0.0,0.0
c18356,11.468288126801493,0.0,0.0
c18357,14.26235195705681,0.0,0.0
c18358,2.794063830255316,0.0,0.0
c18359,0.0,0.0,0.0
c18360,11.468288126801493,0.0,0.0
c18361,11.468288126801493,0.0,0.0
c18362,37.53499883942085,0.0,0.0
c18363,26.06671071261936,0.0,0.0
c18364,0.0,0.0,0.0
c18365,0.0,0.0,0.0
c18366,0.0,0.0,0.0
c18367,0.0,0.0,0.0
c18368,25.787876898258382,0.0,0.0
c18369,0.0,0.0,0.0
c18370,6.659068584705101,0.0,0.0
c18371,6.659068584705101,0.0,0.0
c18372,0.0,0.0,0.0
c18373,0.0,0.0,0.0
c18374,0.0,0.0,0.0
c18375,0.0,0.0,0.0
c18376,0.0,0.0,0.0
c18377,8.073962291623122,0.0,0.0
c18378,0.0,0.0,0.0
c18379,2.021683784599352,0.0,0.0
c18380,2.021683784599352,0.0,0.0
c18381,0.0,0.0,0.0
c18382,5.729220384999041,0.0,0.0
c18383,0.0,0.0,0.0
c18384,0.0,0.0,0.0
c18385,0.0,0.0,0.0
c18386,0.0,0.0,0.0
c18387,3.639159637209525,0.0,0.0
c18388,17.868839677168857,0.0,0.0
c18389,5.247922332873379,0.0,0.0
c18390,5.247922332873379,0.0,0.0
c18391,0.0,0.0,0.0
c18392,0.0,0.0,0.0
c18393,0.0,0.0,0.0
c18394,0.0,0.0,0.0
c18395,0.0,0.0,0.0
c18396,0.0,0.0,0.0
c18397,0.0,0.0,0.0
c18398,0.0,0.0,0.0
c18399,0.0,0.0,0.0
c18400,0.0,0.0,0.0
c18401,0.0,0.0,0.0
c18402,0.0,0.0,0.0
c18403,0.0,0.0,0.0
c18404,0.0,0.0,0.0
c18405,0.0,0.0,0.0
c18406,0.0,0.0,0.0
c18407,0.0,0.0,0.0
c18408,0.0,0.0,0.0
c18409,0.0,0.0,0.0
c18410,0.0,0.0,0.0
c18411,0.0,0.0,0.0
c18412,0.0,0.0,0.0
c18413,0.0,0.0,0.0
c18414,0.0,0.0,0.0
c18415,0.0,0.0,0.0
c18416,0.0,0.0,0.0
c18417,0.0,0.0,0.0
c18418,0.0,0.0,0.0
c18419,0.0,0.0,0.0
c18420,0.0,0.0,0.0
c18421,0.0,0.0,0.0
c18422,0.0,0.0,0.0
c18423,0.0,0.0,0.0
c18424,0.0,0.0,0.0
c18425,0.0,0.0,0.0
c18426,0.0,0.0,0.0
c18427,0.0,0.0,0.0
c18428,0.0,0.0,0.0
c18429,0.0,0.0,0.0
c18430,0.0,0.0,0.0
c18431,0.0,0.0,0.0
c18432,0.0,0.0,0.0
c18433,0.0,0.0,0.0
c18434,0.0,0.0,0.0
c18435,0.0,0.0,0.0
c18436,0.0,0.0,0.0
c18437,0.0,0.0,0.0
c18438,0.0,0.0,0.0
c18439,0.0,0.0,0.0
c18440,0.0,0.0,0.0
c18441,0.0,0.0,0.0
c18442,0.0,0.0,0.0
c18443,0.0,0.0,0.0
c18444,0.0,0.0,0.0
c18445,0.0,0.0,0.0
c18446,0.0,0.0,0.0
c18447,0.0,0.0,0.0
c18448,0.0,0.0,0.0
c18449,0.0,0.0,0.0
c18450,0.0,0.0,0.0
c18451,0.0,0.0,0.0
c18452,0.0,0.0,0.0
c18453,0.0,0.0,0.0
c18454,0.0,0.0,0.0
c18455,0.0,0.0,0.0
c18456,0.0,0.0,0.0
c18457,0.0,0.0,0.0
c18458,0.0,0.0,0.0
c18459,0.0,0.0,0.0
c18460,0.0,0.0,0.0
c18461,0.0,0.0,0.0
c18462,0.0,0.0,0.0
c18463,0.0,0.0,0.0
c18464,0.0,0.0,0.0
c18465,0.0,0.0,0.0
c18466,0.0,0.0,0.0
c18467,0.0,0.0,0.0
c18468,0.0,0.0,0.0
c18469,0.0,0.0,0.0
c18470,0.0,0.0,0.0
c18471,0.0,0.0,0.0
c18472,5.3930603389960226,0.0,0.0
c18473,5.3930603389960226,0.0,0.0
c18474,5.3930603389960226,0.0,0.0
c18475,21.211445471663282,0.0,0.0
c18476,13.175087209898855,0.0,0.0
c18477,3.758172139087737,0.0,0.0
c18478,8.72616598521709,0.0,0.0
c18479,8.72616598521709,0.0,0.0
c18480,0.0,0.0,0.0
c18481,0.0,0.0,0.0
c18482,0.0,0.0,0.0
c18483,21.43450349647084,0.0,0.0
c18484,49.134009607705096,0.0,0.0
c18485,0.0,0.0,0.0
c18486,0.0,0.0,0.0
c18487,0.0,0.0,0.0
c18488,0.0,0.0,0.0
c18489,25.787876898258382,0.0,0.0
c18490,0.0,0.0,0.0
c18491,6.659068584705101,0.0,0.0
c18492,0.0,0.0,0.0
c18493,0.0,0.0,0.0
c18494,0.0,0.0,0.0
c18495,0.0,0.0,0.0
c18496,0.0,0.0,0.0
c18497,8.073962291623122,0.0,0.0
c18498,8.073962291623122,0.0,0.0
c18499,0.0,0.0,0.0
c18500,2.021683784599352,0.0,0.0
c18501,0.0,0.0,0.0
c18502,0.0,0.0,0.0
c18503,5.729220384999041,1.0,0.0
c18504,0.0,0.0,0.0
c18505,0.0,0.0,0.0
c18506,0.0,0.0,0.0
c18507,0.0,0.0,0.0
c18508,1.3837120241749108,0.0,0.0
c18509,14.229680039959334,0.0,0.0
c18510,5.247922332873379,0.0,0.0
c18511,0.0,0.0,0.0
c18512,0.0,0.0,0.0
c18513,0.0,0.0,0.0
c18514,0.0,0.0,0.0
c18515,0.0,0.0,0.0
c18516,0.0,0.0,0.0
c18517,0.0,0.0,0.0
c18518,0.0,0.0,0.0
c18519,0.0,0.0,0.0
c18520,0.0,0.0,0.0
c18521,0.0,0.0,0.0
c18522,0.0,0.0,0.0
c18523,0.0,0.0,0.0
c18524,0.0,0.0,0.0
c18525,0.0,0.0,0.0
c18526,0.0,0.0,0.0
c18527,0.0,0.0,0.0
c18528,0.0,0.0,0.0
c18529,0.0,0.0,0.0
c18530,0.0,0.0,0.0
c18531,0.0,0.0,0.0
c18532,0.0,0.0,0.0
c18533,0.0,0.0,0.0
c18534,0.0,0.0,0.0
c18535,0.0,0.0,0.0
c18536,0.0,0.0,0.0
c18537,0.0,0.0,0.0
c18538,0.0,0.0,0.0
c18539,0.0,0.0,0.0
c18540,0.0,0.0,0.0
c18541,0.0,0.0,0.0
c18542,0.0,0.0,0.0
c18543,0.0,0.0,0.0
c18544,0.0,0.0,0.0
c18545,0.0,0.0,0.0
c18546,0.0,0.0,0.0
c18547,0.0,0.0,0.0
c18548,0.0,0.0,0.0
c18549,0.0,0.0,0.0
c18550,0.0,0.0,0.0
c18551,0.0,0.0,0.0
c18552,0.0,0.0,0.0
c18553,0.0,0.0,0.0
c18554,0.0,0.0,0.0
c18555,0.0,0.0,0.0
c18556,0.0,0.0,0.0
c18557,0.0,0.0,0.0
c18558,0.0,0.0,0.0
c18559,0.0,0.0,0.0
c18560,0.0,0.0,0.0
c18561,0.0,0.0,0.0
c18562,0.0,0.0,0.0
c18563,0.0,0.0,0.0
c18564,0.0,0.0,0.0
c18565,0.0,0.0,0.0
c18566,0.0,0.0,0.0
c18567,0.0,0.0,0.0
c18568,0.0,0.0,0.0
c18569,0.0,0.0,0.0
c18570,0.0,0.0,0.0
c18571,0.0,0.0,0.0
c18572,0.0,0.0,0.0
c18573,0.0,0.0,0.0
c18574,0.0,0.0,0.0
c18575,0.0,0.0,0.0
c18576,0.0,0.0,0.0
c18577,0.0,0.0,0.0
c18578,0.0,0.0,0.0
c18579,0.0,0.0,0.0
c18580,0.0,0.0,0.0
c18581,0.0,0.0,0.0
c18582,0.0,0.0,0.0
c18583,0.0,0.0,0.0
c18584,0.0,0.0,0.0
c18585,0.0,0.0,0.0
c18586,0.0,0.0,0.0
c18587,0.0,0.0,0.0
c18588,0.0,0.0,0.0
c18589,0.0,0.0,0.0
c18590,0.0,0.0,0.0
c18591,0.0,0.0,0.0
c18592,0.0,0.0,0.0
c18593,0.0,0.0,0.0
c18594,0.0,0.0,0.0
c18595,0.0,0.0,0.0
c18596,4.268773006094421,0.0,0.0
c18597,0.0,0.0,0.0
c18598,3.758172139087737,0.0,0.0
c18599,0.0,0.0,0.0
c18600,3.8807290989713983,0.0,0.0
c18601,3.8807290989713983,0.0,0.0
c18602,13.846944468640746,0.0,0.0
c18603,13.846944468640746,0.0,0.0
c18604,9.966215369669348,0.0,0.0
c18605,11.599010768284243,0.0,0.0
c18606,0.0,0.0,0.0
c18607,0.0,0.0,0.0
c18608,0.0,0.0,0.0
c18609,25.787876898258382,0.0,0.0
c18610,25.787876898258382,0.0,0.0
c18611,0.0,0.0,0.0
c18612,6.659068584705101,0.0,0.0
c18613,6.659068584705101,0.0,0.0
c18614,0.0,0.0,0.0
c18615,0.0,0.0,0.0
c18616,0.0,0.0,0.0
c18617,0.0,0.0,0.0
c18618,8.073962291623122,0.0,0.0
c18619,0.0,0.0,0.0
c18620,0.0,0.0,0.0
c18621,0.0,0.0,0.0
c18622,0.0,0.0,0.0
c18623,0.0,0.0,0.0
c18624,8.39182635233201,0.0,0.0
c18625,0.0,0.0,0.0
c18626,0.0,0.0,0.0
c18627,0.0,0.0,0.0
c18628,0.0,0.0,0.0
c18629,0.0,0.0,0.0
c18630,12.845968015784424,0.0,0.0
c18631,5.247922332873379,0.0,0.0
c18632,0.0,0.0,0.0
c18633,0.0,0.0,0.0
c18634,0.0,0.0,0.0
c18635,0.0,0.0,0.0
c18636,0.0,0.0,0.0
c18637,0.0,0.0,0.0
c18638,0.0,0.0,0.0
c18639,0.0,0.0,0.0
c18640,0.0,0.0,0.0
c18641,0.0,0.0,0.0
c18642,0.0,0.0,0.0
c18643,0.0,0.0,0.0
c18644,0.0,0.0,0.0
c18645,0.0,0.0,0.0
c18646,0.0,0.0,0.0
c18647,0.0,0.0,0.0
c18648,0.0,0.0,0.0
c18649,0.0,0.0,0.0
c18650,0.0,0.0,0.0
c18651,0.0,0.0,0.0
c18652,0.0,0.0,0.0
c18653,0.0,0.0,0.0
c18654,0.0,0.0,0.0
c18655,0.0,0.0,0.0
c18656,0.0,0.0,0.0
c18657,0.0,0.0,0.0
c18658,0.0,0.0,0.0
c18659,0.0,0.0,0.0
c18660,0.0,0.0,0.0
c18661,0.0,0.0,0.0
c18662,0.0,0.0,0.0
c18663,0.0,0.0,0.0
c18664,0.0,0.0,0.0
c18665,0.0,0.0,0.0
c18666,0.0,0.0,0.0
c18667,0.0,0.0,0.0
c18668,0.0,0.0,0.0
c18669,0.0,0.0,0.0
c18670,0.0,0.0,0.0
c18671,0.0,0.0,0.0
c18672,0.0,0.0,0.0
c18673,0.0,0.0,0.0
c18674,0.0,0.0,0.0
c18675,0.0,0.0,0.0
c18676,0.0,0.0,0.0
c18677,0.0,0.0,0.0
c18678,0.0,0.0,0.0
c18679,0.0,0.0,0.0
c18680,0.0,0.0,0.0
c18681,0.0,0.0,0.0
c18682,0.0,0.0,0.0
c18683,0.0,0.0,0.0
c18684,0.0,0.0,0.0
c18685,0.0,0.0,0.0
c18686,0.0,0.0,0.0
c18687,0.0,0.0,0.0
c18688,0.0,0.0,0.0
c18689,0.0,0.0,0.0
c18690,0.0,0.0,0.0
c18691,0.0,0.0,0.0
c18692,0.0,0.0,0.0
c18693,0.0,0.0,0.0
c18694,0.0,0.0,0.0
c18695,0.0,0.0,0.0
c18696,0.0,0.0,0.0
c18697,0.0,0.0,0.0
c18698,0.0,0.0,0.0
c18699,0.0,0.0,0.0
c18700,0.0,0.0,0.0
c18701,0.0,0.0,0.0
c18702,0.0,0.0,0.0
c18703,0.0,0.0,0.0
c18704,0.0,0.0,0.0
c18705,0.0,0.0,0.0
c18706,0.0,0.0,0.0
c18707,0.0,0.0,0.0
c18708,0.0,0.0,0.0
c18709,0.0,0.0,0.0
c18710,0.0,0.0,0.0
c18711,0.0,0.0,0.0
c18712,0.0,0.0,0.0
c18713,0.0,0.0,0.0
c18714,0.0,0.0,0.0
c18715,0.0,0.0,0.0
c18716,0.0,0.0,0.0
c18717,4.268773006094421,0.0,0.0
c18718,0.0,0.0,0.0
c18719,0.0,0.0,0.0
c18720,0.0,0.0,0.0
c18721,0.0,0.0,0.0
c18722,0.0,0.0,0.0
c18723,9.966215369669348,0.0,0.0
c18724,0.0,0.0,0.0
c18725,0.0,0.0,0.0
c18726,11.599010768284243,0.0,0.0
c18727,0.0,0.0,0.0
c18728,0.0,0.0,0.0
c18729,0.0,0.0,0.0
c18730,26.630394656884476,0.0,0.0
c18731,0.0,0.0,0.0
c18732,0.0,0.0,0.0
c18733,0.0,0.0,0.0
c18734,6.659068584705101,0.0,0.0
c18735,6.659068584705101,0.0,0.0
c18736,0.0,0.0,0.0
c18737,0.0,0.0,0.0
c18738,0.0,0.0,0.0
c18739,8.073962291623122,0.0,0.0
c18740,0.0,0.0,0.0
c18741,0.0,0.0,0.0
c18742,0.0,0.0,0.0
c18743,0.0,0.0,0.0
c18744,0.0,0.0,0.0
c18745,2.523563991869114,0.0,0.0
c18746,0.0,0.0,0.0
c18747,0.0,0.0,0.0
c18748,0.0,0.0,0.0
c18749,0.0,0.0,0.0
c18750,0.0,0.0,0.0
c18751,13.979508956553854,0.0,1.0
c18752,5.247922332873379,0.0,0.0
c18753,0.0,0.0,0.0
c18754,0.0,0.0,0.0
c18755,0.0,0.0,0.0
c18756,0.0,0.0,0.0
c18757,0.0,0.0,0.0
c18758,0.0,0.0,0.0
c18759,0.0,0.0,0.0
c18760,0.0,0.0,0.0
c18761,0.0,0.0,0.0
c18762,0.0,0.0,0.0
c18763,0.0,0.0,0.0
c18764,0.0,0.0,0.0
c18765,0.0,0.0,0.0
c18766,0.0,0.0,0.0
c18767,0.0,0.0,0.0
c18768,0.0,0.0,0.0
c18769,0.0,0.0,0.0
c18770,0.0,0.0,0.0
c18771,0.0,0.0,0.0
c18772,0.0,0.0,0.0
c18773,0.0,0.0,0.0
c18774,0.0,0.0,0.0
c18775,0.0,0.0,0.0
c18776,0.0,0.0,0.0
c18777,0.0,0.0,0.0
c18778,0.0,0.0,0.0
c18779,0.0,0.0,0.0
c18780,0.0,0.0,0.0
c18781,0.0,0.0,0.0
c18782,0.0,0.0,0.0
c18783,0.0,0.0,0.0
c18784,0.0,0.0,0.0
c18785,0.0,0.0,0.0
c18786,0.0,0.0,0.0
c18787,0.0,0.0,0.0
c18788,0.0,0.0,0.0
c18789,0.0,0.0,0.0
c18790,0.0,0.0,0.0
c18791,0.0,0.0,0.0
c18792,0.0,0.0,0.0
c18793,0.0,0.0,0.0
c18794,0.0,0.0,0.0
c18795,0.0,0.0,0.0
c18796,0.0,0.0,0.0
c18797,0.0,0.0,0.0
c18798,0.0,0.0,0.0
c18799,0.0,0.0,0.0
c18800,0.0,0.0,0.0
c18801,0.0,0.0,0.0
c18802,0.0,0.0,0.0
c18803,0.0,0.0,0.0
c18804,0.0,0.0,0.0
c18805,0.0,0.0,0.0
c18806,0.0,0.0,0.0
c18807,0.0,0.0,0.0
c18808,0.0,0.0,0.0
c18809,0.0,0.0,0.0
c18810,0.0,0.0,0.0
c18811,0.0,0.0,0.0
c18812,0.0,0.0,0.0
c18813,0.0,0.0,0.0
c18814,0.0,0.0,0.0
c18815,0.0,0.0,0.0
c18816,0.0,0.0,0.0
c18817,0.0,0.0,0.0
c18818,0.0,0.0,0.0
c18819,0.0,0.0,0.0
c18820,0.0,0.0,0.0
c18821,0.0,0.0,0.0
c18822,0.0,0.0,0.0
c18823,0.0,0.0,0.0
c18824,0.0,0.0,0.0
c18825,0.0,0.0,0.0
c18826,0.0,0.0,0.0
c18827,0.0,0.0,0.0
c18828,0.0,0.0,0.0
c18829,0.0,0.0,0.0
c18830,0.0,0.0,0.0
c18831,0.0,0.0,0.0
c18832,0.0,0.0,0.0
c18833,0.0,0.0,0.0
c18834,0.0,0.0,0.0
c18835,0.0,0.0,0.0
c18836,0.0,0.0,0.0
c18837,0.0,0.0,0.0
c18838,4.268773006094421,0.0,0.0
c18839,0.0,0.0,0.0
c18840,0.0,0.0,0.0
c18841,0.0,0.0,0.0
c18842,0.0,0.0,0.0
c18843,9.966215369669348,0.0,0.0
c18844,9.966215369669348,0.0,0.0
c18845,0.0,0.0,0.0
c18846,11.599010768284243,0.0,0.0
c18847,11.599010768284243,0.0,0.0
c18848,0.0,0.0,0.0
c18849,0.0,0.0,0.0
c18850,0.0,0.0,0.0
c18851,26.630394656884476,0.0,0.0
c18852,5.611689646165268,0.0,0.0
c18853,4.7622772027509646,0.0,0.0
c18854,0.0,0.0,0.0
c18855,0.0,0.0,0.0
c18856,0.0,0.0,0.0
c18857,0.0,0.0,0.0
c18858,0.0,0.0,0.0
c18859,0.0,0.0,0.0
c18860,8.073962291623122,0.0,0.0
c18861,18.42826219655555,0.0,0.0
c18862,3.56515172603525,0.0,0.0
c18863,0.0,0.0,0.0
c18864,0.0,0.0,0.0
c18865,0.0,0.0,0.0
c18866,2.5373178655503317,0.0,0.0
c18867,0.0,0.0,0.0
c18868,0.0,0.0,0.0
c18869,0.0,0.0,0.0
c18870,0.0,0.0,0.0
c18871,0.0,0.0,0.0
c18872,5.364248898540562,1.0,0.0
c18873,15.6637023851753,1.0,0.0
c18874,0.0,0.0,0.0
c18875,0.0,0.0,0.0
c18876,0.0,0.0,0.0
c18877,0.0,0.0,0.0
c18878,0.0,0.0,0.0
c18879,0.0,0.0,0.0
c18880,0.0,0.0,0.0
c18881,0.0,0.0,0.0
c18882,0.0,0.0,0.0
c18883,0.0,0.0,0.0
c18884,0.0,0.0,0.0
c18885,0.0,0.0,0.0
c18886,0.0,0.0,0.0
c18887,0.0,0.0,0.0
c18888,0.0,0.0,0.0
c18889,0.0,0.0,0.0
c18890,0.0,0.0,0.0
c18891,0.0,0.0,0.0
c18892,0.0,0.0,0.0
c18893,0.0,0.0,0.0
c18894,0.0,0.0,0.0
c18895,0.0,0.0,0.0
c18896,0.0,0.0,0.0
c18897,0.0,0.0,0.0
c18898,0.0,0.0,0.0
c18899,0.0,0.0,0.0
c18900,0.0,0.0,0.0
c18901,0.0,0.0,0.0
c18902,0.0,0.0,0.0
c18903,0.0,0.0,0.0
c18904,0.0,0.0,0.0
c18905,0.0,0.0,0.0
c18906,0.0,0.0,0.0
c18907,0.0,0.0,0.0
c18908,0.0,0.0,0.0
c18909,0.0,0.0,0.0
c18910,0.0,0.0,0.0
c18911,0.0,0.0,0.0
c18912,0.0,0.0,0.0
c18913,0.0,0.0,0.0
c18914,0.0,0.0,0.0
c18915,0.0,0.0,0.0
c18916,0.0,0.0,0.0
c18917,0.0,0.0,0.0
c18918,0.0,0.0,0.0
c18919,0.0,0.0,0.0
c18920,0.0,0.0,0.0
c18921,0.0,0.0,0.0
c18922,0.0,0.0,0.0
c18923,0.0,0.0,0.0
c18924,0.0,0.0,0.0
c18925,0.0,0.0,0.0
c18926,0.0,0.0,0.0
c18927,0.0,0.0,0.0
c18928,0.0,0.0,0.0
c18929,0.0,0.0,0.0
c18930,0.0,0.0,0.0
c18931,0.0,0.0,0.0
c18932,0.0,0.0,0.0
c18933,0.0,0.0,0.0
c18934,0.0,0.0,0.0
c18935,0.0,0.0,0.0
c18936,0.0,0.0,0.0
c18937,0.0,0.0,0.0
c18938,0.0,0.0,0.0
c18939,0.0,0.0,0.0
c18940,0.0,0.0,0.0
c18941,0.0,0.0,0.0
c18942,0.0,0.0,0.0
c18943,0.0,0.0,0.0
c18944,0.0,0.0,0.0
c18945,0.0,0.0,0.0
c18946,0.0,0.0,0.0
c18947,0.0,0.0,0.0
c18948,0.0,0.0,0.0
c18949,0.0,0.0,0.0
c18950,0.0,0.0,0.0
c18951,0.0,0.0,0.0
c18952,0.0,0.0,0.0
c18953,0.0,0.0,0.0
c18954,0.0,0.0,0.0
c18955,0.0,0.0,0.0
c18956,0.0,0.0,0.0
c18957,0.0,0.0,0.0
c18958,0.0,0.0,0.0
c18959,7.926875990354414,0.0,0.0
c18960,0.0,0.0,0.0
c18961,0.0,0.0,0.0
c18962,0.0,0.0,0.0
c18963,9.966215369669348,0.0,0.0
c18964,9.966215369669348,0.0,0.0
c18965,0.0,0.0,0.0
c18966,0.0,0.0,0.0
c18967,11.599010768284243,0.0,0.0
c18968,11.599010768284243,0.0,0.0
c18969,0.0,0.0,0.0
c18970,28.228010387945744,0.0,0.0
c18971,25.787876898258382,0.0,0.0
c18972,25.787876898258382,0.0,0.0
c18973,0.0,0.0,0.0
c18974,4.7622772027509646,0.0,0.0
c18975,4.7622772027509646,0.0,0.0
c18976,0.0,0.0,0.0
c18977,0.0,0.0,0.0
c18978,0.0,0.0,0.0
c18979,0.0,0.0,0.0
c18980,6.439293159650119,0.0,0.0
c18981,6.439293159650119,0.0,0.0
c18982,10.00444488568537,0.0,0.0
c18983,3.56515172603525,0.0,0.0
c18984,0.0,0.0,0.0
c18985,0.0,0.0,0.0
c18986,0.0,0.0,0.0
c18987,3.987650274386322,0.0,0.0
c18988,3.9612887951797098,0.0,0.0
c18989,3.9612887951797098,0.0,0.0
c18990,0.0,0.0,0.0
c18991,0.0,0.0,0.0
c18992,2.2911569462977006,0.0,0.0
c18993,19.553526583116657,0.0,0.0
c18994,22.046054683067396,1.0,0.0
c18995,0.0,0.0,0.0
c18996,0.0,0.0,0.0
c18997,0.0,0.0,0.0
c18998,0.0,0.0,0.0
c18999,0.0,0.0,0.0
c19000,0.0,0.0,0.0
c19001,0.0,0.0,0.0
c19002,0.0,0.0,0.0
c19003,0.0,0.0,0.0
c19004,0.0,0.0,0.0
c19005,0.0,0.0,0.0
c19006,0.0,0.0,0.0
c19007,0.0,0.0,0.0
c19008,0.0,0.0,0.0
c19009,0.0,0.0,0.0
c19010,0.0,0.0,0.0
c19011,0.0,0.0,0.0
c19012,0.0,0.0,0.0
c19013,0.0,0.0,0.0
c19014,0.0,0.0,0.0
c19015,0.0,0.0,0.0
c19016,0.0,0.0,0.0
c19017,0.0,0.0,0.0
c19018,0.0,0.0,0.0
c19019,0.0,0.0,0.0
c19020,0.0,0.0,0.0
c19021,0.0,0.0,0.0
c19022,0.0,0.0,0.0
c19023,0.0,0.0,0.0
c19024,0.0,0.0,0.0
c19025,0.0,0.0,0.0
c19026,0.0,0.0,0.0
c19027,0.0,0.0,0.0
c19028,0.0,0.0,0.0
c19029,0.0,0.0,0.0
c19030,0.0,0.0,0.0
c19031,0.0,0.0,0.0
c19032,0.0,0.0,0.0
c19033,0.0,0.0,0.0
c19034,0.0,0.0,0.0
c19035,0.0,0.0,0.0
c19036,0.0,0.0,0.0
c19037,0.0,0.0,0.0
c19038,0.0,0.0,0.0
c19039,0.0,0.0,0.0
c19040,0.0,0.0,0.0
c19041,0.0,0.0,0.0
c19042,0.0,0.0,0.0
c19043,0.0,0.0,0.0
c19044,0.0,0.0,0.0
c19045,0.0,0.0,0.0
c19046,0.0,0.0,0.0
c19047,0.0,0.0,0.0
c19048,0.0,0.0,0.0
c19049,0.0,0.0,0.0
c19050,0.0,0.0,0.0
c19051,0.0,0.0,0.0
c19052,0.0,0.0,0.0
c19053,0.0,0.0,0.0
c19054,0.0,0.0,0.0
c19055,0.0,0.0,0.0
c19056,0.0,0.0,0.0
c19057,0.0,0.0,0.0
c19058,0.0,0.0,0.0
c19059,0.0,0.0,0.0
c19060,0.0,0.0,0.0
c19061,0.0,0.0,0.0
c19062,0.0,0.0,0.0
c19063,0.0,0.0,0.0
c19064,0.0,0.0,0.0
c19065,0.0,0.0,0.0
c19066,0.0,0.0,0.0
c19067,0.0,0.0,0.0
c19068,0.0,0.0,0.0
c19069,0.0,0.0,0.0
c19070,0.0,0.0,0.0
c19071,0.0,0.0,0.0
c19072,0.0,0.0,0.0
c19073,0.0,0.0,0.0
c19074,0.0,0.0,0.0
c19075,0.0,0.0,0.0
c19076,0.0,0.0,0.0
c19077,0.0,0.0,0.0
c19078,0.0,0.0,0.0
c19079,0.0,0.0,0.0
c19080,3.6581029842599935,0.0,0.0
c19081,3.6581029842599935,0.0,0.0
c19082,13.624318353929342,0.0,0.0
c19083,11.481250816207464,0.0,0.0
c19084,10.072778017256,0.0,0.0
c19085,0.0,0.0,0.0
c19086,0.0,0.0,0.0
c19087,0.0,0.0,0.0
c19088,14.968691244593042,0.0,0.0
c19089,27.585315795156905,0.0,0.0
c19090,4.400547993342843,0.0,0.0
c19091,2.1028222597579065,0.0,0.0
c19092,0.0,0.0,0.0
c19093,0.0,0.0,0.0
c19094,0.0,0.0,0.0
c19095,0.0,0.0,0.0
c19096,4.7622772027509646,0.0,0.0
c19097,4.7622772027509646,0.0,0.0
c19098,0.0,0.0,0.0
c19099,0.0,1.0,0.0
c19100,0.0,0.0,0.0
c19101,6.439293159650119,0.0,0.0
c19102,0.0,0.0,0.0
c19103,4.663630923545483,0.0,0.0
c19104,4.649600565639522,0.0,0.0
c19105,0.0,0.0,0.0
c19106,0.0,0.0,0.0
c19107,0.0,0.0,0.0
c19108,0.0,0.0,0.0
c19109,0.0,0.0,0.0
c19110,3.9612887951797098,0.0,0.0
c19111,8.848302541286284,0.0,0.0
c19112,2.2911569462977006,0.0,0.0
c19113,6.939879537937406,0.0,0.0
c19114,19.553526583116657,0.0,0.0
c19115,4.20138638241549,0.0,0.0
c19116,4.20138638241549,0.0,0.0
c19117,0.0,0.0,0.0
c19118,0.0,0.0,0.0
c19119,0.0,0.0,0.0
c19120,0.0,0.0,0.0
c19121,0.0,0.0,0.0
c19122,0.0,0.0,0.0
c19123,0.0,0.0,0.0
c19124,0.0,0.0,0.0
c19125,0.0,0.0,0.0
c19126,0.0,0.0,0.0
c19127,0.0,0.0,0.0
c19128,0.0,0.0,0.0
c19129,0.0,0.0,0.0
c19130,0.0,0.0,0.0
c19131,0.0,0.0,0.0
c19132,0.0,0.0,0.0
c19133,0.0,0.0,0.0
c19134,0.0,0.0,0.0
c19135,0.0,0.0,0.0
c19136,0.0,0.0,0.0
c19137,0.0,0.0,0.0
c19138,0.0,0.0,0.0
c19139,0.0,0.0,0.0
c19140,0.0,0.0,0.0
c19141,0.0,0.0,0.0
c19142,0.0,0.0,0.0
c19143,0.0,0.0,0.0
c19144,0.0,0.0,0.0
c19145,0.0,0.0,0.0
c19146,0.0,0.0,0.0
c19147,0.0,0.0,0.0
c19148,0.0,0.0,0.0
c19149,0.0,0.0,0.0
c19150,0.0,0.0,0.0
c19151,0.0,0.0,0.0
c19152,0.0,0.0,0.0
c19153,0.0,0.0,0.0
c19154,0.0,0.0,0.0
c19155,0.0,0.0,0.0
c19156,0.0,0.0,0.0
c19157,0.0,0.0,0.0
c19158,0.0,0.0,0.0
c19159,0.0,0.0,0.0
c19160,0.0,0.0,0.0
c19161,0.0,0.0,0.0
c19162,0.0,0.0,0.0
c19163,0.0,0.0,0.0
c19164,0.0,0.0,0.0
c19165,0.0,0.0,0.0
c19166,0.0,0.0,0.0
c19167,0.0,0.0,0.0
c19168,0.0,0.0,0.0
c19169,0.0,0.0,0.0
c19170,0.0,0.0,0.0
c19171,0.0,0.0,0.0
c19172,0.0,0.0,0.0
c19173,0.0,0.0,0.0
c19174,0.0,0.0,0.0
c19175,0.0,0.0,0.0
c19176,0.0,0.0,0.0
c19177,0.0,0.0,0.0
c19178,0.0,0.0,0.0
c19179,0.0,0.0,0.0
c19180,0.0,0.0,0.0
c19181,0.0,0.0,0.0
c19182,0.0,0.0,0.0
c19183,0.0,0.0,0.0
c19184,0.0,0.0,0.0
c19185,0.0,0.0,0.0
c19186,0.0,0.0,0.0
c19187,0.0,0.0,0.0
c19188,0.0,0.0,0.0
c19189,0.0,0.0,0.0
c19190,0.0,0.0,0.0
c19191,0.0,0.0,0.0
c19192,0.0,0.0,0.0
c19193,0.0,0.0,0.0
c19194,0.0,0.0,0.0
c19195,0.0,0.0,0.0
c19196,0.0,0.0,0.0
c19197,0.0,0.0,0.0
c19198,0.0,0.0,0.0
c19199,0.0,0.0,0.0
c19200,0.0,0.0,0.0
c19201,0.0,0.0,0.0
c19202,0.0,0.0,0.0
c19203,11.481250816207464,2.0,0.0
c19204,16.16275851370017,0.0,0.0
c19205,0.0,0.0,0.0
c19206,0.0,0.0,0.0
c19207,0.0,0.0,0.0
c19208,0.0,0.0,0.0
c19209,14.968691244593042,0.0,0.0
c19210,11.599010768284243,0.0,0.0
c19211,0.0,0.0,0.0
c19212,0.0,0.0,0.0
c19213,0.0,0.0,0.0
c19214,0.0,0.0,0.0
c19215,0.0,0.0,0.0
c19216,0.0,0.0,0.0
c19217,0.0,0.0,0.0
c19218,0.0,0.0,0.0
c19219,0.0,0.0,0.0
c19220,0.0,0.0,0.0
c19221,0.0,0.0,0.0
c19222,6.439293159650119,0.0,0.0
c19223,0.0,0.0,0.0
c19224,6.4337830305915285,0.0,0.0
c19225,1.0844488396042729,0.0,0.0
c19226,0.0,0.0,0.0
c19227,0.0,0.0,0.0
c19228,0.0,0.0,0.0
c19229,0.0,0.0,0.0
c19230,0.0,0.0,0.0
c19231,2.2351639559617054,0.0,0.0
c19232,2.2351639559617054,0.0,0.0
c19233,10.896244257120564,0.0,0.0
c19234,30.49605045351897,0.0,0.0
c19235,15.733678987347734,0.0,0.0
c19236,0.0,0.0,0.0
c19237,4.53419835741845,0.0,0.0
c19238,0.0,0.0,0.0
c19239,0.0,0.0,0.0
c19240,0.0,0.0,0.0
c19241,0.0,0.0,0.0
c19242,0.0,0.0,0.0
c19243,0.0,0.0,0.0
c19244,0.0,0.0,0.0
c19245,0.0,0.0,0.0
c19246,0.0,0.0,0.0
c19247,0.0,0.0,0.0
c19248,0.0,0.0,0.0
c19249,0.0,0.0,0.0
c19250,0.0,0.0,0.0
c19251,0.0,0.0,0.0
c19252,0.0,0.0,0.0
c19253,0.0,0.0,0.0
c19254,0.0,0.0,0.0
c19255,0.0,0.0,0.0
c19256,0.0,0.0,0.0
c19257,0.0,0.0,0.0
c19258,0.0,0.0,0.0
c19259,0.0,0.0,0.0
c19260,0.0,0.0,0.0
c19261,0.0,0.0,0.0
c19262,0.0,0.0,0.0
c19263,0.0,0.0,0.0
c19264,0.0,0.0,0.0
c19265,0.0,0.0,0.0
c19266,0.0,0.0,0.0
c19267,0.0,0.0,0.0
c19268,0.0,0.0,0.0
c19269,0.0,0.0,0.0
c19270,0.0,0.0,0.0
c19271,0.0,0.0,0.0
c19272,0.0,0.0,0.0
c19273,0.0,0.0,0.0
c19274,0.0,0.0,0.0
c19275,0.0,0.0,0.0
c19276,0.0,0.0,0.0
c19277,0.0,0.0,0.0
c19278,0.0,0.0,0.0
c19279,0.0,0.0,0.0
c19280,0.0,0.0,0.0
c19281,0.0,0.0,0.0
c19282,0.0,0.0,0.0
c19283,0.0,0.0,0.0
c19284,0.0,0.0,0.0
c19285,0.0,0.0,0.0
c19286,0.0,0.0,0.0
c19287,0.0,0.0,0.0
c19288,0.0,0.0,0.0
c19289,0.0,0.0,0.0
c19290,0.0,0.0,0.0
c19291,0.0,0.0,0.0
c19292,0.0,0.0,0.0
c19293,0.0,0.0,0.0
c19294,0.0,0.0,0.0
c19295,0.0,0.0,0.0
c19296,0.0,0.0,0.0
c19297,0.0,0.0,0.0
c19298,0.0,0.0,0.0
c19299,0.0,0.0,0.0
c19300,0.0,0.0,0.0
c19301,0.0,0.0,0.0
c19302,0.0,0.0,0.0
c19303,0.0,0.0,0.0
c19304,0.0,0.0,0.0
c19305,0.0,0.0,0.0
c19306,0.0,0.0,0.0
c19307,0.0,0.0,0.0
c19308,0.0,0.0,0.0
c19309,0.0,0.0,0.0
c19310,0.0,0.0,0.0
c19311,0.0,0.0,0.0
c19312,0.0,0.0,0.0
c19313,0.0,0.0,0.0
c19314,0.0,0.0,0.0
c19315,0.0,0.0,0.0
c19316,0.0,0.0,0.0
c19317,0.0,0.0,0.0
c19318,0.0,0.0,0.0
c19319,0.0,0.0,0.0
c19320,0.0,0.0,0.0
c19321,0.0,0.0,0.0
c19322,0.0,0.0,0.0
c19323,0.0,0.0,0.0
c19324,0.0,0.0,1.0
c19325,4.124762701752772,0.0,0.0
c19326,4.124762701752772,0.0,0.0
c19327,0.0,0.0,1.0
c19328,0.0,0.0,0.0
c19329,0.0,0.0,0.0
c19330,14.968691244593042,0.0,0.0
c19331,13.168908047800276,0.0,0.0
c19332,1.373374107957576,0.0,0.0
c19333,0.0,0.0,0.0
c19334,0.0,0.0,0.0
c19335,0.0,0.0,0.0
c19336,0.0,0.0,0.0
c19337,0.0,0.0,0.0
c19338,0.0,0.0,0.0
c19339,0.0,0.0,0.0
c19340,0.0,0.0,0.0
c19341,0.0,0.0,1.0
c19342,0.0,0.0,0.0
c19343,6.439293159650119,0.0,0.0
c19344,4.448429928978661,0.0,0.0
c19345,4.448429928978661,0.0,0.0
c19346,0.0,0.0,0.0
c19347,0.0,0.0,0.0
c19348,0.0,0.0,0.0
c19349,0.0,0.0,0.0
c19350,0.0,0.0,0.0
c19351,0.0,0.0,0.0
c19352,2.2351639559617054,0.0,0.0
c19353,0.0,0.0,0.0
c19354,10.896244257120564,0.0,0.0
c19355,15.733678987347734,0.0,0.0
c19356,0.0,0.0,0.0
c19357,0.0,0.0,0.0
c19358,15.202957470138333,0.0,0.0
c19359,14.870145495135372,0.0,0.0
c19360,0.0,0.0,0.0
c19361,0.0,0.0,0.0
c19362,0.0,0.0,0.0
c19363,0.0,0.0,0.0
c19364,0.0,0.0,0.0
c19365,0.0,0.0,0.0
c19366,0.0,0.0,0.0
c19367,0.0,0.0,0.0
c19368,0.0,0.0,0.0
c19369,0.0,0.0,0.0
c19370,0.0,0.0,0.0
c19371,0.0,0.0,0.0
c19372,0.0,0.0,0.0
c19373,0.0,0.0,0.0
c19374,0.0,0.0,0.0
c19375,0.0,0.0,0.0
c19376,0.0,0.0,0.0
c19377,0.0,0.0,0.0
c19378,0.0,0.0,0.0
c19379,0.0,0.0,0.0
c19380,0.0,0.0,0.0
c19381,0.0,0.0,0.0
c19382,0.0,0.0,0.0
c19383,0.0,0.0,0.0
c19384,0.0,0.0,0.0
c19385,0.0,0.0,0.0
c19386,0.0,0.0,0.0
c19387,0.0,0.0,0.0
c19388,0.0,0.0,0.0
c19389,0.0,0.0,0.0
c19390,0.0,0.0,0.0
c19391,0.0,0.0,0.0
c19392,0.0,0.0,0.0
c19393,0.0,0.0,0.0
c19394,0.0,0.0,0.0
c19395,0.0,0.0,0.0
c19396,0.0,0.0,0.0
c19397,0.0,0.0,0.0
c19398,0.0,0.0,0.0
c19399,0.0,0.0,0.0
c19400,0.0,0.0,0.0
c19401,0.0,0.0,0.0
c19402,0.0,0.0,0.0
c19403,0.0,0.0,0.0
c19404,0.0,0.0,0.0
c19405,0.0,0.0,0.0
c19406,0.0,0.0,0.0
c19407,0.0,0.0,0.0
c19408,0.0,0.0,0.0
c19409,0.0,0.0,0.0
c19410,0.0,0.0,0.0
c19411,0.0,0.0,0.0
c19412,0.0,0.0,0.0
c19413,0.0,0.0,0.0
c19414,0.0,0.0,0.0
c19415,0.0,0.0,0.0
c19416,0.0,0.0,0.0
c19417,0.0,0.0,0.0
c19418,0.0,0.0,0.0
c19419,0.0,0.0,0.0
c19420,0.0,0.0,0.0
c19421,0.0,0.0,0.0
c19422,0.0,0.0,0.0
c19423,0.0,0.0,0.0
c19424,0.0,0.0,0.0
c19425,0.0,0.0,0.0
c19426,0.0,0.0,0.0
c19427,0.0,0.0,0.0
c19428,0.0,0.0,0.0
c19429,0.0,0.0,0.0
c19430,0.0,0.0,0.0
c19431,0.0,0.0,0.0
c19432,0.0,0.0,0.0
c19433,0.0,0.0,0.0
c19434,0.0,0.0,0.0
c19435,0.0,0.0,0.0
c19436,0.0,0.0,0.0
c19437,0.0,0.0,0.0
c19438,0.0,0.0,0.0
c19439,0.0,0.0,0.0
c19440,0.0,0.0,0.0
c19441,0.0,0.0,0.0
c19442,0.0,0.0,0.0
c19443,0.0,0.0,0.0
c19444,0.0,0.0,0.0
c19445,0.0,0.0,0.0
c19446,0.0,0.0,0.0
c19447,10.690537598439377,0.0,0.0
c19448,13.76477300144935,0.0,0.0
c19449,9.314546517349463,0.0,0.0
c19450,2.115548412586717,0.0,1.0
c19451,18.141923706646057,0.0,0.0
c19452,14.867099738500857,0.0,0.0
c19453,4.64146307817419,0.0,0.0
c19454,0.0,0.0,0.0
c19455,0.0,0.0,0.0
c19456,0.0,0.0,0.0
c19457,0.0,0.0,0.0
c19458,0.0,0.0,0.0
c19459,0.0,0.0,0.0
c19460,0.0,0.0,0.0
c19461,0.0,0.0,0.0
c19462,0.0,0.0,0.0
c19463,4.608924381509702,0.0,0.0
c19464,11.08108876152694,0.0,0.0
c19465,4.448429928978661,0.0,0.0
c19466,0.0,0.0,0.0
c19467,0.0,0.0,0.0
c19468,0.0,0.0,0.0
c19469,0.0,0.0,0.0
c19470,0.0,0.0,0.0
c19471,0.0,0.0,0.0
c19472,0.0,0.0,0.0
c19473,0.0,0.0,0.0
c19474,0.0,0.0,0.0
c19475,10.896244257120564,0.0,0.0
c19476,15.733678987347734,0.0,0.0
c19477,0.0,0.0,0.0
c19478,0.0,0.0,0.0
c19479,0.0,0.0,0.0
c19480,14.870145495135372,0.0,0.0
c19481,0.0,0.0,0.0
c19482,0.0,0.0,0.0
c19483,0.0,0.0,0.0
c19484,0.0,0.0,0.0
c19485,0.0,0.0,0.0
c19486,0.0,0.0,0.0
c19487,0.0,0.0,0.0
c19488,0.0,0.0,0.0
c19489,0.0,0.0,0.0
c19490,0.0,0.0,0.0
c19491,0.0,0.0,0.0
c19492,0.0,0.0,0.0
c19493,0.0,0.0,0.0
c19494,0.0,0.0,0.0
c19495,0.0,0.0,0.0
c19496,0.0,0.0,0.0
c19497,0.0,0.0,0.0
c19498,0.0,0.0,0.0
c19499,0.0,0.0,0.0
c19500,0.0,0.0,0.0
c19501,0.0,0.0,0.0
c19502,0.0,0.0,0.0
c19503,0.0,0.0,0.0
c19504,0.0,0.0,0.0
c19505,0.0,0.0,0.0
c19506,0.0,0.0,0.0
c19507,0.0,0.0,0.0
c19508,0.0,0.0,0.0
c19509,0.0,0.0,0.0
c19510,0.0,0.0,0.0
c19511,0.0,0.0,0.0
c19512,0.0,0.0,0.0
c19513,0.0,0.0,0.0
c19514,0.0,0.0,0.0
c19515,0.0,0.0,0.0
c19516,0.0,0.0,0.0
c19517,0.0,0.0,0.0
c19518,0.0,0.0,0.0
c19519,0.0,0.0,0.0
c19520,0.0,0.0,0.0
c19521,0.0,0.0,0.0
c19522,0.0,0.0,0.0
c19523,0.0,0.0,0.0
c19524,0.0,0.0,0.0
c19525,0.0,0.0,0.0
c19526,0.0,0.0,0.0
c19527,0.0,0.0,0.0
c19528,0.0,0.0,0.0
c19529,0.0,0.0,0.0
c19530,0.0,0.0,0.0
c19531,0.0,0.0,0.0
c19532,0.0,0.0,0.0
c19533,0.0,0.0,0.0
c19534,0.0,0.0,0.0
c19535,0.0,0.0,0.0
c19536,0.0,0.0,0.0
c19537,0.0,0.0,0.0
c19538,0.0,0.0,0.0
c19539,0.0,0.0,0.0
c19540,0.0,0.0,0.0
c19541,0.0,0.0,0.0
c19542,0.0,0.0,0.0
c19543,0.0,0.0,0.0
c19544,0.0,0.0,0.0
c19545,0.0,0.0,0.0
c19546,0.0,0.0,0.0
c19547,0.0,0.0,0.0
c19548,0.0,0.0,0.0
c19549,0.0,0.0,0.0
c19550,0.0,0.0,0.0
c19551,0.0,0.0,0.0
c19552,0.0,0.0,0.0
c19553,0.0,0.0,0.0
c19554,0.0,0.0,0.0
c19555,0.0,0.0,0.0
c19556,0.0,0.0,0.0
c19557,0.0,0.0,0.0
c19558,0.0,0.0,0.0
c19559,0.0,0.0,0.0
c19560,0.0,0.0,0.0
c19561,0.0,0.0,0.0
c19562,0.0,0.0,0.0
c19563,0.0,0.0,0.0
c19564,0.0,0.0,0.0
c19565,0.0,0.0,0.0
c19566,0.0,0.0,0.0
c19567,0.0,0.0,0.0
c19568,7.74575522758586,1.0,0.0
c19569,11.169605971360664,0.0,0.0
c19570,11.42520577967643,0.0,0.0
c19571,9.314546517349463,1.0,0.0
c19572,43.492164691658125,0.0,0.0
c19573,14.867099738500857,0.0,0.0
c19574,3.268088970216614,0.0,0.0
c19575,0.0,0.0,0.0
c19576,0.0,0.0,0.0
c19577,0.0,0.0,0.0
c19578,0.0,0.0,0.0
c19579,0.0,0.0,0.0
c19580,0.0,0.0,0.0
c19581,0.0,0.0,0.0
c19582,0.0,0.0,0.0
c19583,0.0,0.0,0.0
c19584,0.0,0.0,0.0
c19585,0.0,0.0,0.0
c19586,0.0,0.0,0.0
c19587,0.0,0.0,0.0
c19588,0.0,0.0,0.0
c19589,0.0,0.0,0.0
c19590,0.0,0.0,0.0
c19591,0.0,0.0,0.0
c19592,0.0,0.0,0.0
c19593,0.0,0.0,0.0
c19594,0.0,0.0,0.0
c19595,0.0,0.0,0.0
c19596,10.896244257120564,0.0,0.0
c19597,15.733678987347734,0.0,0.0
c19598,0.0,0.0,0.0
c19599,0.0,0.0,0.0
c19600,0.0,0.0,0.0
c19601,0.0,0.0,0.0
c19602,0.0,0.0,0.0
c19603,0.0,0.0,0.0
c19604,0.0,0.0,0.0
c19605,0.0,0.0,0.0
c19606,0.0,0.0,0.0
c19607,0.0,0.0,0.0
c19608,0.0,0.0,0.0
c19609,0.0,0.0,0.0
c19610,0.0,0.0,0.0
c19611,0.0,0.0,0.0
c19612,0.0,0.0,0.0
c19613,0.0,0.0,0.0
c19614,0.0,0.0,0.0
c19615,0.0,0.0,0.0
c19616,0.0,0.0,0.0
c19617,0.0,0.0,0.0
c19618,0.0,0.0,0.0
c19619,0.0,0.0,0.0
c19620,0.0,0.0,0.0
c19621,0.0,0.0,0.0
c19622,0.0,0.0,0.0
c19623,0.0,0.0,0.0
c19624,0.0,0.0,0.0
c19625,0.0,0.0,0.0
c19626,0.0,0.0,0.0
c19627,0.0,0.0,0.0
c19628,0.0,0.0,0.0
c19629,0.0,0.0,0.0
c19630,0.0,0.0,0.0
c19631,0.0,0.0,0.0
c19632,0.0,0.0,0.0
c19633,0.0,0.0,0.0
c19634,0.0,0.0,0.0
c19635,0.0,0.0,0.0
c19636,0.0,0.0,0.0
c19637,0.0,0.0,0.0
c19638,0.0,0.0,0.0
c19639,0.0,0.0,0.0
c19640,0.0,0.0,0.0
c19641,0.0,0.0,0.0
c19642,0.0,0.0,0.0
c19643,0.0,0.0,0.0
c19644,0.0,0.0,0.0
c19645,0.0,0.0,0.0
c19646,0.0,0.0,0.0
c19647,0.0,0.0,0.0
c19648,0.0,0.0,0.0
c19649,0.0,0.0,0.0
c19650,0.0,0.0,0.0
c19651,0.0,0.0,0.0
c19652,0.0,0.0,0.0
c19653,0.0,0.0,0.0
c19654,0.0,0.0,0.0
c19655,0.0,0.0,0.0
c19656,0.0,0.0,0.0
c19657,0.0,0.0,0.0
c19658,0.0,0.0,0.0
c19659,0.0,0.0,0.0
c19660,0.0,0.0,0.0
c19661,0.0,0.0,0.0
c19662,0.0,0.0,0.0
c19663,0.0,0.0,0.0
c19664,0.0,0.0,0.0
c19665,0.0,0.0,0.0
c19666,0.0,0.0,0.0
c19667,0.0,0.0,0.0
c19668,0.0,0.0,0.0
c19669,0.0,0.0,0.0
c19670,0.0,0.0,0.0
c19671,0.0,0.0,0.0
c19672,0.0,0.0,0.0
c19673,0.0,0.0,0.0
c19674,0.0,0.0,0.0
c19675,0.0,0.0,0.0
c19676,0.0,0.0,0.0
c19677,0.0,0.0,0.0
c19678,0.0,0.0,0.0
c19679,0.0,0.0,0.0
c19680,0.0,0.0,0.0
c19681,0.0,0.0,0.0
c19682,0.0,0.0,0.0
c19683,0.0,0.0,0.0
c19684,0.0,0.0,0.0
c19685,0.0,0.0,0.0
c19686,0.0,0.0,0.0
c19687,0.0,0.0,0.0
c19688,0.0,0.0,0.0
c19689,2.3214494861842723,0.0,0.0
c19690,8.848156485176393,0.0,0.0
c19691,3.4238507437748043,0.0,0.0
c19692,14.968691244593042,0.0,0.0
c19693,29.91780174940712,0.0,0.0
c19694,0.0,0.0,0.0
c19695,0.0,0.0,0.0
c19696,0.0,0.0,0.0
c19697,0.0,0.0,0.0
c19698,0.0,0.0,0.0
c19699,0.0,0.0,0.0
c19700,0.0,0.0,0.0
c19701,0.0,0.0,0.0
c19702,0.0,0.0,0.0
c19703,0.0,0.0,0.0
c19704,0.0,0.0,0.0
c19705,0.0,0.0,0.0
c19706,0.0,0.0,0.0
c19707,0.0,0.0,0.0
c19708,0.0,0.0,0.0
c19709,0.0,0.0,0.0
c19710,0.0,0.0,0.0
c19711,0.0,1.0,0.0
c19712,0.0,0.0,0.0
c19713,0.0,0.0,0.0
c19714,0.0,0.0,0.0
c19715,0.0,0.0,0.0
c19716,0.0,0.0,0.0
c19717,10.896244257120564,0.0,0.0
c19718,15.733678987347734,0.0,0.0
c19719,15.733678987347734,0.0,0.0
c19720,0.0,0.0,0.0
c19721,0.0,0.0,0.0
c19722,0.0,0.0,0.0
c19723,0.0,0.0,0.0
c19724,0.0,0.0,0.0
c19725,0.0,0.0,0.0
c19726,0.0,0.0,0.0
c19727,0.0,0.0,0.0
c19728,0.0,0.0,0.0
c19729,0.0,0.0,0.0
c19730,0.0,0.0,0.0
c19731,0.0,0.0,0.0
c19732,0.0,0.0,0.0
c19733,0.0,0.0,0.0
c19734,0.0,0.0,0.0
c19735,0.0,0.0,0.0
c19736,0.0,0.0,0.0
c19737,0.0,0.0,0.0
c19738,0.0,0.0,0.0
c19739,0.0,0.0,0.0
c19740,0.0,0.0,0.0
c19741,0.0,0.0,0.0
c19742,0.0,0.0,0.0
c19743,0.0,0.0,0.0
c19744,0.0,0.0,0.0
c19745,0.0,0.0,0.0
c19746,0.0,0.0,0.0
c19747,0.0,0.0,0.0
c19748,0.0,0.0,0.0
c19749,0.0,0.0,0.0
c19750,0.0,0.0,0.0
c19751,0.0,0.0,0.0
c19752,0.0,0.0,0.0
c19753,0.0,0.0,0.0
c19754,0.0,0.0,0.0
c19755,0.0,0.0,0.0
c19756,0.0,0.0,0.0
c19757,0.0,0.0,0.0
c19758,0.0,0.0,0.0
c19759,0.0,0.0,0.0
c19760,0.0,0.0,0.0
c19761,0.0,0.0,0.0
c19762,0.0,0.0,0.0
c19763,0.0,0.0,0.0
c19764,0.0,0.0,0.0
c19765,0.0,0.0,0.0
c19766,0.0,0.0,0.0
c19767,0.0,0.0,0.0
c19768,0.0,0.0,0.0
c19769,0.0,0.0,0.0
c19770,0.0,0.0,0.0
c19771,0.0,0.0,0.0
c19772,0.0,0.0,0.0
c19773,0.0,0.0,0.0
c19774,0.0,0.0,0.0
c19775,0.0,0.0,0.0
c19776,0.0,0.0,0.0
c19777,0.0,0.0,0.0
c19778,0.0,0.0,0.0
c19779,0.0,0.0,0.0
c19780,0.0,0.0,0.0
c19781,0.0,0.0,0.0
c19782,0.0,0.0,0.0
c19783,0.0,0.0,0.0
c19784,0.0,0.0,0.0
c19785,0.0,0.0,0.0
c19786,0.0,0.0,0.0
c19787,0.0,0.0,0.0
c19788,0.0,0.0,0.0
c19789,0.0,0.0,0.0
c19790,0.0,0.0,0.0
c19791,0.0,0.0,0.0
c19792,0.0,0.0,0.0
c19793,0.0,0.0,0.0
c19794,0.0,0.0,0.0
c19795,0.0,0.0,0.0
c19796,0.0,0.0,0.0
c19797,0.0,0.0,0.0
c19798,0.0,0.0,0.0
c19799,0.0,0.0,0.0
c19800,0.0,0.0,0.0
c19801,0.0,0.0,0.0
c19802,0.0,0.0,0.0
c19803,0.0,0.0,0.0
c19804,0.0,0.0,0.0
c19805,0.0,0.0,0.0
c19806,0.0,0.0,0.0
c19807,0.0,0.0,0.0
c19808,4.0906791434061684,0.0,0.0
c19809,4.0906791434061684,0.0,0.0
c19810,0.0,0.0,0.0
c19811,5.424305741401588,0.0,0.0
c19812,3.4238507437748043,0.0,0.0
c19813,24.468892103705294,0.0,0.0
c19814,3.209738956485791,0.0,0.0
c19815,0.0,0.0,0.0
c19816,0.0,0.0,0.0
c19817,0.0,0.0,0.0
c19818,0.0,0.0,0.0
c19819,0.0,0.0,0.0
c19820,0.0,0.0,0.0
c19821,0.0,0.0,0.0
c19822,1.113744929810776,0.0,0.0
c19823,0.0,0.0,0.0
c19824,0.0,0.0,0.0
c19825,0.0,0.0,0.0
c19826,0.0,0.0,0.0
c19827,0.0,0.0,0.0
c19828,0.0,0.0,0.0
c19829,0.0,0.0,0.0
c19830,0.0,0.0,0.0
c19831,0.0,0.0,0.0
c19832,0.0,0.0,0.0
c19833,0.0,0.0,0.0
c19834,0.0,0.0,0.0
c19835,0.0,0.0,0.0
c19836,0.0,0.0,0.0
c19837,0.0,0.0,0.0
c19838,10.896244257120564,0.0,0.0
c19839,0.0,0.0,0.0
c19840,15.733678987347734,0.0,0.0
c19841,0.0,0.0,0.0
c19842,0.0,0.0,0.0
c19843,0.0,0.0,0.0
c19844,0.0,0.0,0.0
c19845,0.0,0.0,0.0
c19846,0.0,0.0,0.0
c19847,0.0,0.0,0.0
c19848,0.0,0.0,0.0
c19849,0.0,0.0,0.0
c19850,0.0,0.0,0.0
c19851,0.0,0.0,0.0
c19852,0.0,0.0,0.0
c19853,0.0,0.0,0.0
c19854,0.0,0.0,0.0
c19855,0.0,0.0,0.0
c19856,0.0,0.0,0.0
c19857,0.0,0.0,0.0
c19858,0.0,0.0,0.0
c19859,0.0,0.0,0.0
c19860,0.0,0.0,0.0
c19861,0.0,0.0,0.0
c19862,0.0,0.0,0.0
c19863,0.0,0.0,0.0
c19864,0.0,0.0,0.0
c19865,0.0,0.0,0.0
c19866,0.0,0.0,0.0
c19867,0.0,0.0,0.0
c19868,0.0,0.0,0.0
c19869,0.0,0.0,0.0
c19870,0.0,0.0,0.0
c19871,0.0,0.0,0.0
c19872,0.0,0.0,0.0
c19873,0.0,0.0,0.0
c19874,0.0,0.0,0.0
c19875,0.0,0.0,0.0
c19876,0.0,0.0,0.0
c19877,0.0,0.0,0.0
c19878,0.0,0.0,0.0
c19879,0.0,0.0,0.0
c19880,0.0,0.0,0.0
c19881,0.0,0.0,0.0
c19882,0.0,0.0,0.0
c19883,0.0,0.0,0.0
c19884,0.0,0.0,0.0
c19885,0.0,0.0,0.0
c19886,0.0,0.0,0.0
c19887,0.0,0.0,0.0
c19888,0.0,0.0,0.0
c19889,0.0,0.0,0.0
c19890,0.0,0.0,0.0
c19891,0.0,0.0,0.0
c19892,0.0,0.0,0.0
c19893,0.0,0.0,0.0
c19894,0.0,0.0,0.0
c19895,0.0,0.0,0.0
c19896,0.0,0.0,0.0
c19897,0.0,0.0,0.0
c19898,0.0,0.0,0.0
c19899,0.0,0.0,0.0
c19900,0.0,0.0,0.0
c19901,0.0,0.0,0.0
c19902,0.0,0.0,0.0
c19903,0.0,0.0,0.0
c19904,0.0,0.0,0.0
c19905,0.0,0.0,0.0
c19906,0.0,0.0,0.0
c19907,0.0,0.0,0.0
c19908,0.0,0.0,0.0
c19909,0.0,0.0,0.0
c19910,0.0,0.0,0.0
c19911,0.0,0.0,0.0
c19912,0.0,0.0,0.0
c19913,0.0,0.0,0.0
c19914,0.0,0.0,0.0
c19915,0.0,0.0,0.0
c19916,0.0,0.0,0.0
c19917,0.0,0.0,0.0
c19918,0.0,0.0,0.0
c19919,0.0,0.0,0.0
c19920,0.0,0.0,0.0
c19921,0.0,0.0,0.0
c19922,0.0,0.0,0.0
c19923,0.0,0.0,0.0
c19924,0.0,0.0,0.0
c19925,0.0,0.0,0.0
c19926,0.0,0.0,0.0
c19927,0.0,0.0,0.0
c19928,0.0,0.0,0.0
c19929,6.459475676520627,0.0,0.0
c19930,10.838220758890342,0.0,0.0
c19931,4.0906791434061684,0.0,0.0
c19932,5.424305741401588,0.0,0.0
c19933,10.676399567270266,1.0,0.0
c19934,16.182054032962753,0.0,0.0
c19935,0.0,0.0,2.0
c19936,0.0,0.0,0.0
c19937,0.0,0.0,0.0
c19938,0.0,0.0,0.0
c19939,0.0,0.0,0.0
c19940,0.0,0.0,0.0
c19941,0.0,0.0,0.0
c19942,0.0,0.0,0.0
c19943,1.1410040430553423,0.0,0.0
c19944,0.0,0.0,0.0
c19945,0.0,0.0,0.0
c19946,0.0,0.0,0.0
c19947,0.0,0.0,0.0
c19948,0.0,0.0,0.0
c19949,0.0,0.0,0.0
c19950,0.0,0.0,0.0
c19951,0.0,0.0,1.0
c19952,0.0,0.0,0.0
c19953,0.0,0.0,0.0
c19954,0.0,0.0,0.0
c19955,0.0,0.0,0.0
c19956,0.0,0.0,0.0
c19957,0.0,0.0,0.0
c19958,0.0,0.0,0.0
c19959,10.896244257120564,0.0,0.0
c19960,0.0,0.0,0.0
c19961,15.733678987347734,0.0,0.0
c19962,0.0,0.0,0.0
c19963,0.0,0.0,0.0
c19964,0.0,0.0,0.0
c19965,0.0,0.0,0.0
c19966,0.0,0.0,0.0
c19967,0.0,0.0,0.0
c19968,0.0,0.0,0.0
c19969,0.0,0.0,0.0
c19970,0.0,0.0,0.0
c19971,0.0,0.0,0.0
c19972,0.0,0.0,0.0
c19973,0.0,0.0,0.0
c19974,0.0,0.0,0.0
c19975,0.0,0.0,0.0
c19976,0.0,0.0,0.0
c19977,0.0,0.0,0.0
c19978,0.0,0.0,0.0
c19979,0.0,0.0,0.0
c19980,0.0,0.0,0.0
c19981,0.0,0.0,0.0
c19982,0.0,0.0,0.0
c19983,0.0,0.0,0.0
c19984,0.0,0.0,0.0
c19985,0.0,0.0,0.0
c19986,0.0,0.0,0.0
c19987,0.0,0.0,0.0
c19988,0.0,0.0,0.0
c19989,0.0,0.0,0.0
c19990,0.0,0.0,0.0
c19991,0.0,0.0,0.0
c19992,0.0,0.0,0.0
c19993,0.0,0.0,0.0
c19994,0.0,0.0,0.0
c19995,0.0,0.0,0.0
c19996,0.0,0.0,0.0
c19997,0.0,0.0,0.0
c19998,0.0,0.0,0.0
c19999,0.0,0.0,0.0
c20000,0.0,0.0,0.0
c20001,0.0,0.0,0.0
c20002,0.0,0.0,0.0
c20003,0.0,0.0,0.0
c20004,0.0,0.0,0.0
c20005,0.0,0.0,0.0
c20006,0.0,0.0,0.0
c20007,0.0,0.0,0.0
c20008,0.0,0.0,0.0
c20009,0.0,0.0,0.0
c20010,0.0,0.0,0.0
c20011,0.0,0.0,0.0
c20012,0.0,0.0,0.0
c20013,0.0,0.0,0.0
c20014,0.0,0.0,0.0
c20015,0.0,0.0,0.0
c20016,0.0,0.0,0.0
c20017,0.0,0.0,0.0
c20018,0.0,0.0,0.0
c20019,0.0,0.0,0.0
c20020,0.0,0.0,0.0
c20021,0.0,0.0,0.0
c20022,0.0,0.0,0.0
c20023,0.0,0.0,0.0
c20024,0.0,0.0,0.0
c20025,0.0,0.0,0.0
c20026,0.0,0.0,0.0
c20027,0.0,0.0,0.0
c20028,0.0,0.0,0.0
c20029,0.0,0.0,0.0
c20030,0.0,0.0,0.0
c20031,0.0,0.0,0.0
c20032,0.0,0.0,0.0
c20033,0.0,0.0,0.0
c20034,0.0,0.0,0.0
c20035,0.0,0.0,0.0
c20036,0.0,0.0,0.0
c20037,0.0,0.0,0.0
c20038,0.0,0.0,0.0
c20039,0.0,0.0,0.0
c20040,0.0,0.0,0.0
c20041,0.0,0.0,0.0
c20042,0.0,0.0,0.0
c20043,0.0,0.0,0.0
c20044,0.0,0.0,0.0
c20045,0.0,0.0,0.0
c20046,0.0,0.0,0.0
c20047,0.0,0.0,0.0
c20048,0.0,0.0,0.0
c20049,0.0,0.0,0.0
c20050,8.64485745100913,0.0,0.0
c20051,9.690573059237295,0.0,0.0
c20052,9.746833334577639,0.0,0.0
c20053,25.265925899677313,0.0,0.0
c20054,12.253789286028834,0.0,0.0
c20055,0.0,0.0,0.0
c20056,0.0,1.0,0.0
c20057,0.0,0.0,0.0
c20058,0.0,0.0,0.0
c20059,0.0,0.0,0.0
c20060,0.0,0.0,0.0
c20061,0.0,0.0,0.0
c20062,0.0,0.0,0.0
c20063,0.0,0.0,0.0
c20064,0.0,0.0,0.0
c20065,0.0,0.0,0.0
c20066,0.0,0.0,0.0
c20067,0.0,0.0,0.0
c20068,0.0,0.0,0.0
c20069,0.0,0.0,0.0
c20070,0.0,0.0,0.0
c20071,0.0,0.0,0.0
c20072,0.0,0.0,0.0
c20073,0.0,0.0,0.0
c20074,0.0,0.0,0.0
c20075,0.0,0.0,0.0
c20076,0.0,0.0,0.0
c20077,0.0,0.0,0.0
c20078,0.0,0.0,0.0
c20079,0.0,0.0,0.0
c20080,10.896244257120564,0.0,0.0
c20081,0.0,0.0,0.0
c20082,15.733678987347734,0.0,0.0
c20083,0.0,0.0,0.0
c20084,0.0,0.0,0.0
c20085,0.0,0.0,0.0
c20086,0.0,0.0,0.0
c20087,0.0,0.0,0.0
c20088,0.0,0.0,0.0
c20089,0.0,0.0,0.0
c20090,0.0,0.0,0.0
c20091,0.0,0.0,0.0
c20092,0.0,0.0,0.0
c20093,0.0,0.0,0.0
c20094,0.0,0.0,0.0
c20095,0.0,0.0,0.0
c20096,0.0,0.0,0.0
c20097,0.0,0.0,0.0
c20098,0.0,0.0,0.0
c20099,0.0,0.0,0.0
c20100,0.0,0.0,0.0
c20101,0.0,0.0,0.0
c20102,0.0,0.0,0.0
c20103,0.0,0.0,0.0
c20104,0.0,0.0,0.0
c20105,0.0,0.0,0.0
c20106,0.0,0.0,0.0
c20107,0.0,0.0,0.0
c20108,0.0,0.0,0.0
c20109,0.0,0.0,0.0
c20110,0.0,0.0,0.0
c20111,0.0,0.0,0.0
c20112,0.0,0.0,0.0
c20113,0.0,0.0,0.0
c20114,0.0,0.0,0.0
c20115,0.0,0.0,0.0
c20116,0.0,0.0,0.0
c20117,0.0,0.0,0.0
c20118,0.0,0.0,0.0
c20119,0.0,0.0,0.0
c20120,0.0,0.0,0.0
c20121,0.0,0.0,0.0
c20122,0.0,0.0,0.0
c20123,0.0,0.0,0.0
c20124,0.0,0.0,0.0
c20125,0.0,0.0,0.0
c20126,0.0,0.0,0.0
c20127,0.0,0.0,0.0
c20128,0.0,0.0,0.0
c20129,0.0,0.0,0.0
c20130,0.0,0.0,0.0
c20131,0.0,0.0,0.0
c20132,0.0,0.0,0.0
c20133,0.0,0.0,0.0
c20134,0.0,0.0,0.0
c20135,0.0,0.0,0.0
c20136,0.0,0.0,0.0
c20137,0.0,0.0,0.0
c20138,0.0,0.0,0.0
c20139,0.0,0.0,0.0
c20140,0.0,0.0,0.0
c20141,0.0,0.0,0.0
c20142,0.0,0.0,0.0
c20143,0.0,0.0,0.0
c20144,0.0,0.0,0.0
c20145,0.0,0.0,0.0
c20146,0.0,0.0,0.0
c20147,0.0,0.0,0.0
c20148,0.0,0.0,0.0
c20149,0.0,0.0,0.0
c20150,0.0,0.0,0.0
c20151,0.0,0.0,0.0
c20152,0.0,0.0,0.0
c20153,0.0,0.0,0.0
c20154,0.0,0.0,0.0
c20155,0.0,0.0,0.0
c20156,0.0,0.0,0.0
c20157,0.0,0.0,0.0
c20158,0.0,0.0,0.0
c20159,0.0,0.0,0.0
c20160,0.0,0.0,0.0
c20161,0.0,0.0,0.0
c20162,0.0,0.0,0.0
c20163,0.0,0.0,0.0
c20164,0.0,0.0,0.0
c20165,0.0,0.0,0.0
c20166,0.0,0.0,0.0
c20167,0.0,0.0,0.0
c20168,0.0,0.0,0.0
c20169,0.0,0.0,0.0
c20170,0.0,0.0,0.0
c20171,5.1220277701520915,0.0,0.0
c20172,12.196990452768256,1.0,0.0
c20173,5.656154191171471,0.0,0.0
c20174,3.905631895126207,0.0,0.0
c20175,6.732754651906865,0.0,0.0
c20176,0.0,0.0,0.0
c20177,0.0,0.0,1.0
c20178,0.0,0.0,0.0
c20179,0.0,0.0,0.0
c20180,0.0,0.0,0.0
c20181,0.0,0.0,0.0
c20182,0.0,0.0,0.0
c20183,0.0,0.0,0.0
c20184,0.0,0.0,0.0
c20185,0.0,0.0,0.0
c20186,0.0,0.0,0.0
c20187,0.0,0.0,0.0
c20188,0.0,0.0,0.0
c20189,0.0,0.0,0.0
c20190,0.0,0.0,0.0
c20191,0.0,0.0,0.0
c20192,0.0,0.0,0.0
c20193,0.0,0.0,0.0
c20194,0.0,0.0,0.0
c20195,0.0,0.0,0.0
c20196,0.0,0.0,0.0
c20197,0.0,0.0,0.0
c20198,0.0,0.0,0.0
c20199,0.0,0.0,0.0
c20200,0.0,0.0,0.0
c20201,10.896244257120564,0.0,0.0
c20202,26.629923244468298,0.0,0.0
c20203,15.733678987347734,0.0,0.0
c20204,0.0,0.0,0.0
c20205,0.0,0.0,0.0
c20206,0.0,0.0,0.0
c20207,0.0,0.0,0.0
c20208,0.0,0.0,0.0
c20209,0.0,0.0,0.0
c20210,0.0,0.0,0.0
c20211,0.0,0.0,0.0
c20212,0.0,0.0,0.0
c20213,0.0,0.0,0.0
c20214,0.0,0.0,0.0
c20215,0.0,0.0,0.0
c20216,0.0,0.0,0.0
c20217,0.0,0.0,0.0
c20218,0.0,0.0,0.0
c20219,0.0,0.0,0.0
c20220,0.0,0.0,0.0
c20221,0.0,0.0,0.0
c20222,0.0,0.0,0.0
c20223,0.0,0.0,0.0
c20224,0.0,0.0,0.0
c20225,0.0,0.0,0.0
c20226,0.0,0.0,0.0
c20227,0.0,0.0,0.0
c20228,0.0,0.0,0.0
c20229,0.0,0.0,0.0
c20230,0.0,0.0,0.0
c20231,0.0,0.0,0.0
c20232,0.0,0.0,0.0
c20233,0.0,0.0,0.0
c20234,0.0,0.0,0.0
c20235,0.0,0.0,0.0
c20236,0.0,0.0,0.0
c20237,0.0,0.0,0.0
c20238,0.0,0.0,0.0
c20239,0.0,0.0,0.0
c20240,0.0,0.0,0.0
c20241,0.0,0.0,0.0
c20242,0.0,0.0,0.0
c20243,0.0,0.0,0.0
c20244,0.0,0.0,0.0
c20245,0.0,0.0,0.0
c20246,0.0,0.0,0.0
c20247,0.0,0.0,0.0
c20248,0.0,0.0,0.0
c20249,0.0,0.0,0.0
c20250,0.0,0.0,0.0
c20251,0.0,0.0,0.0
c20252,0.0,0.0,0.0
c20253,0.0,0.0,0.0
c20254,0.0,0.0,0.0
c20255,0.0,0.0,0.0
c20256,0.0,0.0,0.0
c20257,0.0,0.0,0.0
c20258,0.0,0.0,0.0
c20259,0.0,0.0,0.0
c20260,0.0,0.0,0.0
c20261,0.0,0.0,0.0
c20262,0.0,0.0,0.0
c20263,0.0,0.0,0.0
c20264,0.0,0.0,0.0
c20265,0.0,0.0,0.0
c20266,0.0,0.0,0.0
c20267,0.0,0.0,0.0
c20268,0.0,0.0,0.0
c20269,0.0,0.0,0.0
c20270,0.0,0.0,0.0
c20271,0.0,0.0,0.0
c20272,0.0,0.0,0.0
c20273,0.0,0.0,0.0
c20274,0.0,0.0,0.0
c20275,0.0,0.0,0.0
c20276,0.0,0.0,0.0
c20277,0.0,0.0,0.0
c20278,0.0,0.0,0.0
c20279,0.0,0.0,0.0
c20280,0.0,0.0,0.0
c20281,0.0,0.0,0.0
c20282,0.0,0.0,0.0
c20283,0.0,0.0,0.0
c20284,0.0,0.0,0.0
c20285,0.0,0.0,0.0
c20286,0.0,0.0,0.0
c20287,0.0,0.0,0.0
c20288,0.0,0.0,0.0
c20289,0.0,0.0,0.0
c20290,0.0,0.0,0.0
c20291,0.0,0.0,0.0
c20292,0.0,0.0,0.0
c20293,1.7405549182754156,0.0,0.0
c20294,1.7405549182754156,0.0,0.0
c20295,10.638386547033072,0.0,0.0
c20296,6.732754651906865,0.0,0.0
c20297,0.0,0.0,0.0
c20298,0.0,0.0,0.0
c20299,0.0,0.0,0.0
c20300,0.0,0.0,0.0
c20301,0.0,0.0,0.0
c20302,0.0,0.0,0.0
c20303,0.0,0.0,0.0
c20304,0.0,0.0,0.0
c20305,0.0,0.0,0.0
c20306,0.0,0.0,0.0
c20307,0.0,0.0,0.0
c20308,0.0,0.0,0.0
c20309,0.0,0.0,0.0
c20310,0.0,0.0,0.0
c20311,0.0,0.0,0.0
c20312,0.0,0.0,0.0
c20313,0.0,0.0,0.0
c20314,0.0,0.0,0.0
c20315,0.0,0.0,0.0
c20316,0.0,0.0,0.0
c20317,0.0,0.0,0.0
c20318,0.0,0.0,0.0
c20319,0.0,0.0,0.0
c20320,0.0,0.0,0.0
c20321,0.0,0.0,0.0
c20322,0.0,0.0,0.0
c20323,10.896244257120564,0.0,0.0
c20324,31.638761020295647,0.0,0.0
c20325,15.733678987347734,0.0,0.0
c20326,0.0,0.0,0.0
c20327,0.0,0.0,0.0
c20328,0.0,0.0,0.0
c20329,0.0,0.0,0.0
c20330,0.0,0.0,0.0
c20331,0.0,0.0,0.0
c20332,0.0,0.0,0.0
c20333,0.0,0.0,0.0
c20334,0.0,0.0,0.0
c20335,0.0,0.0,0.0
c20336,0.0,0.0,0.0
c20337,0.0,0.0,0.0
c20338,0.0,0.0,0.0
c20339,0.0,0.0,0.0
c20340,0.0,0.0,0.0
c20341,0.0,0.0,0.0
c20342,0.0,0.0,0.0
c20343,0.0,0.0,0.0
c20344,0.0,0.0,0.0
c20345,0.0,0.0,0.0
c20346,0.0,0.0,0.0
c20347,0.0,0.0,0.0
c20348,0.0,0.0,0.0
c20349,0.0,0.0,0.0
c20350,0.0,0.0,0.0
c20351,0.0,0.0,0.0
c20352,0.0,0.0,0.0
c20353,0.0,0.0,0.0
c20354,0.0,0.0,0.0
c20355,0.0,0.0,0.0
c20356,0.0,0.0,0.0
c20357,0.0,0.0,0.0
c20358,0.0,0.0,0.0
c20359,0.0,0.0,0.0
c20360,0.0,0.0,0.0
c20361,0.0,0.0,0.0
c20362,0.0,0.0,0.0
c20363,0.0,0.0,0.0
c20364,0.0,0.0,0.0
c20365,0.0,0.0,0.0
c20366,0.0,0.0,0.0
c20367,0.0,0.0,0.0
c20368,0.0,0.0,0.0
c20369,0.0,0.0,0.0
c20370,0.0,0.0,0.0
c20371,0.0,0.0,0.0
c20372,0.0,0.0,0.0
c20373,0.0,0.0,0.0
c20374,0.0,0.0,0.0
c20375,0.0,0.0,0.0
c20376,0.0,0.0,0.0
c20377,0.0,0.0,0.0
c20378,0.0,0.0,0.0
c20379,0.0,0.0,0.0
c20380,0.0,0.0,0.0
c20381,0.0,0.0,0.0
c20382,0.0,0.0,0.0
c20383,0.0,0.0,0.0
c20384,0.0,0.0,0.0
c20385,0.0,0.0,0.0
c20386,0.0,0.0,0.0
c20387,0.0,0.0,0.0
c20388,0.0,0.0,0.0
c20389,0.0,0.0,0.0
c20390,0.0,0.0,0.0
c20391,0.0,0.0,0.0
c20392,0.0,0.0,0.0
c20393,0.0,0.0,0.0
c20394,0.0,0.0,0.0
c20395,0.0,0.0,0.0
c20396,0.0,0.0,0.0
c20397,0.0,0.0,0.0
c20398,0.0,0.0,0.0
c20399,0.0,0.0,0.0
c20400,0.0,0.0,0.0
c20401,0.0,0.0,0.0
c20402,0.0,0.0,0.0
c20403,0.0,0.0,0.0
c20404,0.0,0.0,0.0
c20405,0.0,0.0,0.0
c20406,0.0,0.0,0.0
c20407,0.0,0.0,0.0
c20408,0.0,0.0,0.0
c20409,0.0,0.0,0.0
c20410,0.0,0.0,0.0
c20411,0.0,0.0,0.0
c20412,0.0,0.0,0.0
c20413,0.0,0.0,0.0
c20414,0.0,0.0,0.0
c20415,5.646186813401623,0.0,0.0
c20416,13.642205699598396,0.0,0.0
c20417,0.0,0.0,0.0
c20418,0.0,0.0,0.0
c20419,0.0,0.0,0.0
c20420,0.0,0.0,0.0
c20421,0.0,0.0,0.0
c20422,0.0,0.0,0.0
c20423,0.0,0.0,0.0
c20424,0.0,0.0,0.0
c20425,0.0,0.0,0.0
c20426,0.0,0.0,0.0
c20427,0.0,0.0,0.0
c20428,0.0,0.0,0.0
c20429,0.0,0.0,0.0
c20430,0.0,0.0,0.0
c20431,0.0,0.0,0.0
c20432,0.0,0.0,0.0
c20433,8.30667519157278,0.0,0.0
c20434,8.30667519157278,0.0,0.0
c20435,0.0,0.0,0.0
c20436,0.0,0.0,0.0
c20437,0.0,0.0,0.0
c20438,0.0,0.0,0.0
c20439,0.0,0.0,0.0
c20440,0.0,0.0,0.0
c20441,0.0,0.0,0.0
c20442,0.0,0.0,0.0
c20443,0.0,0.0,0.0
c20444,0.0,0.0,1.0
c20445,4.707170855033607,0.0,0.0
c20446,20.44084984238134,0.0,0.0
c20447,0.0,0.0,0.0
c20448,0.0,0.0,0.0
c20449,0.0,0.0,0.0
c20450,0.0,0.0,0.0
c20451,0.0,0.0,0.0
c20452,0.0,0.0,0.0
c20453,0.0,0.0,0.0
c20454,0.0,0.0,0.0
c20455,0.0,0.0,0.0
c20456,0.0,0.0,0.0
c20457,0.0,0.0,0.0
c20458,0.0,0.0,0.0
c20459,0.0,0.0,0.0
c20460,0.0,0.0,0.0
c20461,0.0,0.0,0.0
c20462,0.0,0.0,0.0
c20463,0.0,0.0,0.0
c20464,0.0,0.0,0.0
c20465,0.0,0.0,0.0
c20466,0.0,0.0,0.0
c20467,0.0,0.0,0.0
c20468,0.0,0.0,0.0
c20469,0.0,0.0,0.0
c20470,0.0,0.0,0.0
c20471,0.0,0.0,0.0
c20472,0.0,0.0,0.0
c20473,0.0,0.0,0.0
c20474,0.0,0.0,0.0
c20475,0.0,0.0,0.0
c20476,0.0,0.0,0.0
c20477,0.0,0.0,0.0
c20478,0.0,0.0,0.0
c20479,0.0,0.0,0.0
c20480,0.0,0.0,0.0
c20481,0.0,0.0,0.0
c20482,0.0,0.0,0.0
c20483,0.0,0.0,0.0
c20484,0.0,0.0,0.0
c20485,0.0,0.0,0.0
c20486,0.0,0.0,0.0
c20487,0.0,0.0,0.0
c20488,0.0,0.0,0.0
c20489,0.0,0.0,0.0
c20490,0.0,0.0,0.0
c20491,0.0,0.0,0.0
c20492,0.0,0.0,0.0
c20493,0.0,0.0,0.0
c20494,0.0,0.0,0.0
c20495,0.0,0.0,0.0
c20496,0.0,0.0,0.0
c20497,0.0,0.0,0.0
c20498,0.0,0.0,0.0
c20499,0.0,0.0,0.0
c20500,0.0,0.0,0.0
c20501,0.0,0.0,0.0
c20502,0.0,0.0,0.0
c20503,0.0,0.0,0.0
c20504,0.0,0.0,0.0
c20505,0.0,0.0,0.0
c20506,0.0,0.0,0.0
c20507,0.0,0.0,0.0
c20508,0.0,0.0,0.0
c20509,0.0,0.0,0.0
c20510,0.0,0.0,0.0
c20511,0.0,0.0,0.0
c20512,0.0,0.0,0.0
c20513,0.0,0.0,0.0
c20514,0.0,0.0,0.0
c20515,0.0,0.0,0.0
c20516,0.0,0.0,0.0
c20517,0.0,0.0,0.0
c20518,0.0,0.0,0.0
c20519,0.0,0.0,0.0
c20520,0.0,0.0,0.0
c20521,0.0,0.0,0.0
c20522,0.0,0.0,0.0
c20523,0.0,0.0,0.0
c20524,0.0,0.0,0.0
c20525,0.0,0.0,0.0
c20526,0.0,0.0,0.0
c20527,0.0,0.0,0.0
c20528,0.0,0.0,0.0
c20529,0.0,0.0,0.0
c20530,0.0,0.0,0.0
c20531,0.0,0.0,0.0
c20532,0.0,0.0,0.0
c20533,0.0,0.0,0.0
c20534,0.0,0.0,0.0
c20535,0.0,0.0,0.0
c20536,4.744374070840738,0.0,0.0
c20537,9.736573804472188,0.0,0.0
c20538,0.0,0.0,0.0
c20539,0.0,0.0,0.0
c20540,0.0,0.0,0.0
c20541,0.0,0.0,0.0
c20542,0.0,0.0,0.0
c20543,0.0,0.0,0.0
c20544,0.0,0.0,0.0
c20545,0.0,0.0,0.0
c20546,0.0,0.0,0.0
c20547,0.0,0.0,0.0
c20548,0.0,0.0,0.0
c20549,0.0,0.0,0.0
c20550,0.0,0.0,0.0
c20551,8.30667519157278,0.0,0.0
c20552,8.30667519157278,0.0,0.0
c20553,8.30667519157278,0.0,0.0
c20554,8.30667519157278,0.0,0.0
c20555,0.0,0.0,0.0
c20556,0.0,0.0,0.0
c20557,0.0,0.0,0.0
c20558,0.0,0.0,0.0
c20559,0.0,0.0,0.0
c20560,0.0,0.0,0.0
c20561,0.0,0.0,0.0
c20562,0.0,0.0,0.0
c20563,0.0,0.0,0.0
c20564,0.0,0.0,0.0
c20565,0.0,0.0,0.0
c20566,4.716193497152747,0.0,0.0
c20567,0.0,0.0,0.0
c20568,0.0,0.0,0.0
c20569,0.0,0.0,0.0
c20570,0.0,0.0,0.0
c20571,0.0,0.0,0.0
c20572,0.0,0.0,0.0
c20573,0.0,0.0,0.0
c20574,0.0,0.0,0.0
c20575,0.0,0.0,0.0
c20576,0.0,0.0,0.0
c20577,0.0,0.0,0.0
c20578,0.0,0.0,0.0
c20579,0.0,0.0,0.0
c20580,0.0,0.0,0.0
c20581,0.0,0.0,0.0
c20582,0.0,0.0,0.0
c20583,0.0,0.0,0.0
c20584,0.0,0.0,0.0
c20585,0.0,0.0,0.0
c20586,0.0,0.0,0.0
c20587,0.0,0.0,0.0
c20588,0.0,0.0,0.0
c20589,0.0,0.0,0.0
c20590,0.0,0.0,0.0
c20591,0.0,0.0,0.0
c20592,0.0,0.0,0.0
c20593,0.0,0.0,0.0
c20594,0.0,0.0,0.0
c20595,0.0,0.0,0.0
c20596,0.0,0.0,0.0
c20597,0.0,0.0,0.0
c20598,0.0,0.0,0.0
c20599,0.0,0.0,0.0
c20600,0.0,0.0,0.0
c20601,0.0,0.0,0.0
c20602,0.0,0.0,0.0
c20603,0.0,0.0,0.0
c20604,0.0,0.0,0.0
c20605,0.0,0.0,0.0
c20606,0.0,0.0,0.0
c20607,0.0,0.0,0.0
c20608,0.0,0.0,0.0
c20609,0.0,0.0,0.0
c20610,0.0,0.0,0.0
c20611,0.0,0.0,0.0
c20612,0.0,0.0,0.0
c20613,0.0,0.0,0.0
c20614,0.0,0.0,0.0
c20615,0.0,0.0,0.0
c20616,0.0,0.0,0.0
c20617,0.0,0.0,0.0
c20618,0.0,0.0,0.0
c20619,0.0,0.0,0.0
c20620,0.0,0.0,0.0
c20621,0.0,0.0,0.0
c20622,0.0,0.0,0.0
c20623,0.0,0.0,0.0
c20624,0.0,0.0,0.0
c20625,0.0,0.0,0.0
c20626,0.0,0.0,0.0
c20627,0.0,0.0,0.0
c20628,0.0,0.0,0.0
c20629,0.0,0.0,0.0
c20630,0.0,0.0,0.0
c20631,0.0,0.0,0.0
c20632,0.0,0.0,0.0
c20633,0.0,0.0,0.0
c20634,0.0,0.0,0.0
c20635,0.0,0.0,0.0
c20636,0.0,0.0,0.0
c20637,0.0,0.0,0.0
c20638,0.0,0.0,0.0
c20639,0.0,0.0,0.0
c20640,0.0,0.0,0.0
c20641,0.0,0.0,0.0
c20642,0.0,0.0,0.0
c20643,0.0,0.0,0.0
c20644,0.0,0.0,0.0
c20645,0.0,0.0,0.0
c20646,0.0,0.0,0.0
c20647,0.0,0.0,0.0
c20648,0.0,0.0,0.0
c20649,0.0,0.0,0.0
c20650,0.0,0.0,0.0
c20651,0.0,0.0,0.0
c20652,0.0,0.0,0.0
c20653,0.0,0.0,0.0
c20654,0.0,0.0,0.0
c20655,0.0,0.0,0.0
c20656,0.0,0.0,0.0
c20657,0.0,0.0,0.0
c20658,9.736573804472188,0.0,0.0
c20659,0.0,0.0,0.0
c20660,0.0,0.0,0.0
c20661,0.0,0.0,0.0
c20662,0.0,0.0,0.0
c20663,0.0,0.0,0.0
c20664,0.0,0.0,0.0
c20665,0.0,0.0,0.0
c20666,0.0,0.0,0.0
c20667,0.0,0.0,0.0
c20668,0.0,0.0,0.0
c20669,0.0,0.0,0.0
c20670,0.0,0.0,0.0
c20671,14.699920806236488,0.0,0.0
c20672,8.30667519157278,0.0,0.0
c20673,0.0,0.0,0.0
c20674,0.0,0.0,0.0
c20675,0.0,0.0,0.0
c20676,0.0,0.0,0.0
c20677,0.0,0.0,0.0
c20678,0.0,0.0,0.0
c20679,0.0,0.0,0.0
c20680,0.0,0.0,0.0
c20681,0.0,0.0,0.0
c20682,0.0,0.0,0.0
c20683,0.0,0.0,0.0
c20684,0.0,0.0,0.0
c20685,0.0,0.0,0.0
c20686,0.0,0.0,0.0
c20687,11.970880662597065,0.0,0.0
c20688,7.036893944917287,0.0,0.0
c20689,0.0,0.0,0.0
c20690,0.0,0.0,0.0
c20691,0.0,0.0,0.0
c20692,0.0,0.0,0.0
c20693,0.0,0.0,0.0
c20694,0.0,0.0,0.0
c20695,0.0,0.0,0.0
c20696,0.0,0.0,0.0
c20697,0.0,0.0,0.0
c20698,0.0,0.0,0.0
c20699,0.0,0.0,0.0
c20700,0.0,0.0,0.0
c20701,0.0,0.0,0.0
c20702,0.0,0.0,0.0
c20703,0.0,0.0,0.0
c20704,0.0,0.0,0.0
c20705,0.0,0.0,0.0
c20706,0.0,0.0,0.0
c20707,0.0,0.0,0.0
c20708,0.0,0.0,0.0
c20709,0.0,0.0,0.0
c20710,0.0,0.0,0.0
c20711,0.0,0.0,0.0
c20712,0.0,0.0,0.0
c20713,0.0,0.0,0.0
c20714,0.0,0.0,0.0
c20715,0.0,0.0,0.0
c20716,0.0,0.0,0.0
c20717,0.0,0.0,0.0
c20718,0.0,0.0,0.0
c20719,0.0,0.0,0.0
c20720,0.0,0.0,0.0
c20721,0.0,0.0,0.0
c20722,0.0,0.0,0.0
c20723,0.0,0.0,0.0
c20724,0.0,0.0,0.0
c20725,0.0,0.0,0.0
c20726,0.0,0.0,0.0
c20727,0.0,0.0,0.0
c20728,0.0,0.0,0.0
c20729,0.0,0.0,0.0
c20730,0.0,0.0,0.0
c20731,0.0,0.0,0.0
c20732,0.0,0.0,0.0
c20733,0.0,0.0,0.0
c20734,0.0,0.0,0.0
c20735,0.0,0.0,0.0
c20736,0.0,0.0,0.0
c20737,0.0,0.0,0.0
c20738,0.0,0.0,0.0
c20739,0.0,0.0,0.0
c20740,0.0,0.0,0.0
c20741,0.0,0.0,0.0
c20742,0.0,0.0,0.0
c20743,0.0,0.0,0.0
c20744,0.0,0.0,0.0
c20745,0.0,0.0,0.0
c20746,0.0,0.0,0.0
c20747,0.0,0.0,0.0
c20748,0.0,0.0,0.0
c20749,0.0,0.0,0.0
c20750,0.0,0.0,0.0
c20751,0.0,0.0,0.0
c20752,0.0,0.0,0.0
c20753,0.0,0.0,0.0
c20754,0.0,0.0,0.0
c20755,0.0,0.0,0.0
c20756,0.0,0.0,0.0
c20757,0.0,0.0,0.0
c20758,0.0,0.0,0.0
c20759,0.0,0.0,0.0
c20760,0.0,0.0,0.0
c20761,0.0,0.0,0.0
c20762,0.0,0.0,0.0
c20763,0.0,0.0,0.0
c20764,0.0,0.0,0.0
c20765,0.0,0.0,0.0
c20766,0.0,0.0,0.0
c20767,0.0,0.0,0.0
c20768,0.0,0.0,0.0
c20769,0.0,0.0,0.0
c20770,0.0,0.0,0.0
c20771,0.0,0.0,0.0
c20772,0.0,0.0,0.0
c20773,0.0,0.0,0.0
c20774,0.0,0.0,0.0
c20775,0.0,0.0,0.0
c20776,0.0,0.0,0.0
c20777,0.0,0.0,0.0
c20778,0.0,0.0,0.0
c20779,6.732754651906865,0.0,0.0
c20780,0.0,0.0,0.0
c20781,0.0,0.0,0.0
c20782,0.0,0.0,0.0
c20783,0.0,0.0,0.0
c20784,0.0,0.0,0.0
c20785,0.0,0.0,0.0
c20786,0.0,0.0,0.0
c20787,0.0,0.0,0.0
c20788,0.0,0.0,0.0
c20789,0.0,0.0,0.0
c20790,0.0,0.0,0.0
c20791,0.0,0.0,0.0
c20792,6.3932456146637096,0.0,0.0
c20793,6.3932456146637096,0.0,0.0
c20794,0.0,0.0,0.0
c20795,0.0,0.0,0.0
c20796,0.0,0.0,0.0
c20797,0.0,0.0,0.0
c20798,0.0,0.0,0.0
c20799,0.0,0.0,0.0
c20800,0.0,0.0,0.0
c20801,0.0,0.0,0.0
c20802,0.0,0.0,0.0
c20803,0.0,0.0,0.0
c20804,0.0,0.0,0.0
c20805,0.0,0.0,0.0
c20806,0.0,0.0,0.0
c20807,0.9114725721481949,0.0,0.0
c20808,13.338573100873118,0.0,0.0
c20809,7.036893944917287,0.0,0.0
c20810,7.036893944917287,0.0,0.0
c20811,7.036893944917287,0.0,0.0
c20812,0.0,0.0,0.0
c20813,0.0,0.0,0.0
c20814,0.0,0.0,0.0
c20815,0.0,0.0,0.0
c20816,0.0,0.0,0.0
c20817,0.0,0.0,0.0
c20818,0.0,0.0,0.0
c20819,0.0,0.0,0.0
c20820,0.0,0.0,0.0
c20821,0.0,0.0,0.0
c20822,0.0,0.0,0.0
c20823,0.0,0.0,0.0
c20824,0.0,0.0,0.0
c20825,0.0,0.0,0.0
c20826,0.0,0.0,0.0
c20827,0.0,0.0,0.0
c20828,0.0,0.0,0.0
c20829,0.0,0.0,0.0
c20830,0.0,0.0,0.0
c20831,0.0,0.0,0.0
c20832,0.0,0.0,0.0
c20833,0.0,0.0,0.0
c20834,0.0,0.0,0.0
c20835,0.0,0.0,0.0
c20836,0.0,0.0,0.0
c20837,0.0,0.0,0.0
c20838,0.0,0.0,0.0
c20839,0.0,0.0,0.0
c20840,0.0,0.0,0.0
c20841,0.0,0.0,0.0
c20842,0.0,0.0,0.0
c20843,0.0,0.0,0.0
c20844,0.0,0.0,0.0
c20845,0.0,0.0,0.0
c20846,0.0,0.0,0.0
c20847,0.0,0.0,0.0
c20848,0.0,0.0,0.0
c20849,0.0,0.0,0.0
c20850,0.0,0.0,0.0
c20851,0.0,0.0,0.0
c20852,0.0,0.0,0.0
c20853,0.0,0.0,0.0
c20854,0.0,0.0,0.0
c20855,0.0,0.0,0.0
c20856,0.0,0.0,0.0
c20857,0.0,0.0,0.0
c20858,0.0,0.0,0.0
c20859,0.0,0.0,0.0
c20860,0.0,0.0,0.0
c20861,0.0,0.0,0.0
c20862,0.0,0.0,0.0
c20863,0.0,0.0,0.0
c20864,0.0,0.0,0.0
c20865,0.0,0.0,0.0
c20866,0.0,0.0,0.0
c20867,0.0,0.0,0.0
c20868,0.0,0.0,0.0
c20869,0.0,0.0,0.0
c20870,0.0,0.0,0.0
c20871,0.0,0.0,0.0
c20872,0.0,0.0,0.0
c20873,0.0,0.0,0.0
c20874,0.0,0.0,0.0
c20875,0.0,0.0,0.0
c20876,0.0,0.0,0.0
c20877,0.0,0.0,0.0
c20878,0.0,0.0,0.0
c20879,0.0,0.0,0.0
c20880,0.0,0.0,0.0
c20881,0.0,0.0,0.0
c20882,0.0,0.0,0.0
c20883,0.0,0.0,0.0
c20884,0.0,0.0,0.0
c20885,0.0,0.0,0.0
c20886,0.0,0.0,0.0
c20887,0.0,0.0,0.0
c20888,0.0,0.0,0.0
c20889,0.0,0.0,0.0
c20890,0.0,0.0,0.0
c20891,0.0,0.0,0.0
c20892,0.0,0.0,0.0
c20893,0.0,0.0,0.0
c20894,0.0,0.0,0.0
c20895,0.0,0.0,0.0
c20896,0.0,0.0,0.0
c20897,0.0,0.0,0.0
c20898,0.0,0.0,0.0
c20899,0.0,0.0,0.0
c20900,0.0,0.0,0.0
c20901,0.0,0.0,0.0
c20902,0.0,0.0,0.0
c20903,0.0,0.0,0.0
c20904,0.0,0.0,0.0
c20905,0.0,0.0,0.0
c20906,0.0,0.0,0.0
c20907,0.0,0.0,0.0
c20908,0.0,0.0,0.0
c20909,0.0,0.0,0.0
c20910,0.0,0.0,0.0
c20911,0.0,0.0,0.0
c20912,0.0,0.0,0.0
c20913,0.0,0.0,0.0
c20914,6.3932456146637096,0.0,0.0
c20915,6.3932456146637096,0.0,0.0
c20916,6.3932456146637096,0.0,0.0
c20917,6.3932456146637096,0.0,0.0
c20918,6.3932456146637096,0.0,0.0
c20919,0.0,0.0,0.0
c20920,0.0,0.0,0.0
c20921,0.0,0.0,0.0
c20922,0.0,0.0,0.0
c20923,0.0,0.0,0.0
c20924,0.0,0.0,0.0
c20925,0.0,0.0,0.0
c20926,0.0,0.0,0.0
c20927,0.0,0.0,0.0
c20928,0.0,0.0,0.0
c20929,12.5005812944598,0.0,0.0
c20930,11.063576502967269,0.0,0.0
c20931,0.0,0.0,0.0
c20932,0.0,0.0,0.0
c20933,0.0,0.0,0.0
c20934,0.0,0.0,0.0
c20935,0.0,0.0,0.0
c20936,0.0,0.0,0.0
c20937,0.0,0.0,0.0
c20938,0.0,0.0,0.0
c20939,0.0,0.0,0.0
c20940,0.0,0.0,0.0
c20941,0.0,0.0,0.0
c20942,0.0,0.0,0.0
c20943,0.0,0.0,0.0
c20944,0.0,0.0,0.0
c20945,0.0,0.0,0.0
c20946,0.0,0.0,0.0
c20947,0.0,0.0,0.0
c20948,0.0,0.0,0.0
c20949,0.0,0.0,0.0
c20950,0.0,0.0,0.0
c20951,0.0,0.0,0.0
c20952,0.0,0.0,0.0
c20953,0.0,0.0,0.0
c20954,0.0,0.0,0.0
c20955,0.0,0.0,0.0
c20956,0.0,0.0,0.0
c20957,0.0,0.0,0.0
c20958,0.0,0.0,0.0
c20959,0.0,0.0,0.0
c20960,0.0,0.0,0.0
c20961,0.0,0.0,0.0
c20962,0.0,0.0,0.0
c20963,0.0,0.0,0.0
c20964,0.0,0.0,0.0
c20965,0.0,0.0,0.0
c20966,0.0,0.0,0.0
c20967,0.0,0.0,0.0
c20968,0.0,0.0,0.0
c20969,0.0,0.0,0.0
c20970,0.0,0.0,0.0
c20971,0.0,0.0,0.0
c20972,0.0,0.0,0.0
c20973,0.0,0.0,0.0
c20974,0.0,0.0,0.0
c20975,0.0,0.0,0.0
c20976,0.0,0.0,0.0
c20977,0.0,0.0,0.0
c20978,0.0,0.0,0.0
c20979,0.0,0.0,0.0
c20980,0.0,0.0,0.0
c20981,0.0,0.0,0.0
c20982,0.0,0.0,0.0
c20983,0.0,0.0,0.0
c20984,0.0,0.0,0.0
c20985,0.0,0.0,0.0
c20986,0.0,0.0,0.0
c20987,0.0,0.0,0.0
c20988,0.0,0.0,0.0
c20989,0.0,0.0,0.0
c20990,0.0,0.0,0.0
c20991,0.0,0.0,0.0
c20992,0.0,0.0,0.0
c20993,0.0,0.0,0.0
c20994,0.0,0.0,0.0
c20995,0.0,0.0,0.0
c20996,0.0,0.0,0.0
c20997,0.0,0.0,0.0
c20998,0.0,0.0,0.0
c20999,0.0,0.0,0.0
c21000,0.0,0.0,0.0
c21001,0.0,0.0,0.0
c21002,0.0,0.0,0.0
c21003,0.0,0.0,0.0
c21004,0.0,0.0,0.0
c21005,0.0,0.0,0.0
c21006,0.0,0.0,0.0
c21007,0.0,0.0,0.0
c21008,0.0,0.0,0.0
c21009,0.0,0.0,0.0
c21010,0.0,0.0,0.0
c21011,0.0,0.0,0.0
c21012,0.0,0.0,0.0
c21013,0.0,0.0,0.0
c21014,0.0,0.0,0.0
c21015,0.0,0.0,0.0
c21016,0.0,0.0,0.0
c21017,0.0,0.0,0.0
c21018,0.0,0.0,0.0
c21019,0.0,0.0,0.0
c21020,0.0,0.0,0.0
c21021,0.0,0.0,0.0
c21022,0.0,0.0,0.0
c21023,0.0,0.0,0.0
c21024,0.0,0.0,0.0
c21025,0.0,0.0,0.0
c21026,0.0,0.0,0.0
c21027,0.0,0.0,0.0
c21028,0.0,0.0,0.0
c21029,0.0,0.0,0.0
c21030,0.0,0.0,0.0
c21031,0.0,0.0,0.0
c21032,0.0,0.0,0.0
c21033,0.0,0.0,0.0
c21034,0.0,0.0,0.0
c21035,0.0,0.0,0.0
c21036,0.0,0.0,0.0
c21037,0.0,0.0,0.0
c21038,0.0,0.0,0.0
c21039,0.0,0.0,0.0
c21040,0.0,0.0,0.0
c21041,0.0,0.0,0.0
c21042,0.0,0.0,0.0
c21043,0.0,0.0,0.0
c21044,0.0,0.0,0.0
c21045,0.0,0.0,0.0
c21046,0.0,0.0,0.0
c21047,0.0,0.0,0.0
c21048,0.0,0.0,0.0
c21049,0.0,0.0,0.0
c21050,0.0,0.0,0.0
c21051,11.063576502967269,0.0,0.0
c21052,11.063576502967269,0.0,0.0
c21053,0.0,0.0,0.0
c21054,0.0,0.0,0.0
c21055,0.0,0.0,0.0
c21056,0.0,0.0,0.0
c21057,0.0,0.0,0.0
c21058,0.0,0.0,0.0
c21059,0.0,0.0,0.0
c21060,0.0,0.0,0.0
c21061,0.0,0.0,0.0
c21062,0.0,0.0,0.0
c21063,0.0,0.0,0.0
c21064,0.0,0.0,0.0
c21065,0.0,0.0,0.0
c21066,0.0,0.0,0.0
c21067,0.0,0.0,0.0
c21068,0.0,0.0,0.0
c21069,0.0,0.0,0.0
c21070,0.0,0.0,0.0
c21071,0.0,0.0,0.0
c21072,0.0,0.0,0.0
c21073,0.0,0.0,0.0
c21074,0.0,0.0,0.0
c21075,0.0,0.0,0.0
c21076,0.0,0.0,0.0
c21077,0.0,0.0,0.0
c21078,0.0,0.0,0.0
c21079,0.0,0.0,0.0
c21080,0.0,0.0,0.0
c21081,0.0,0.0,0.0
c21082,0.0,0.0,0.0
c21083,0.0,0.0,0.0
c21084,0.0,0.0,0.0
c21085,0.0,0.0,0.0
c21086,0.0,0.0,0.0
c21087,0.0,0.0,0.0
c21088,0.0,0.0,0.0
c21089,0.0,0.0,0.0
c21090,0.0,0.0,0.0
c21091,0.0,0.0,0.0
c21092,0.0,0.0,0.0
c21093,0.0,0.0,0.0
c21094,0.0,0.0,0.0
c21095,0.0,0.0,0.0
c21096,0.0,0.0,0.0
c21097,0.0,0.0,0.0
c21098,0.0,0.0,0.0
c21099,0.0,0.0,0.0
c21100,0.0,0.0,0.0
c21101,0.0,0.0,0.0
c21102,0.0,0.0,0.0
c21103,0.0,0.0,0.0
c21104,0.0,0.0,0.0
c21105,0.0,0.0,0.0
c21106,0.0,0.0,0.0
c21107,0.0,0.0,0.0
c21108,0.0,0.0,0.0
c21109,0.0,0.0,0.0
c21110,0.0,0.0,0.0
c21111,0.0,0.0,0.0
c21112,0.0,0.0,0.0
c21113,0.0,0.0,0.0
c21114,0.0,0.0,0.0
c21115,0.0,0.0,0.0
c21116,0.0,0.0,0.0
c21117,0.0,0.0,0.0
c21118,0.0,0.0,0.0
c21119,0.0,0.0,0.0
c21120,0.0,0.0,0.0
c21121,0.0,0.0,0.0
c21122,0.0,0.0,0.0
c21123,0.0,0.0,0.0
c21124,0.0,0.0,0.0
c21125,0.0,0.0,0.0
c21126,0.0,0.0,0.0
c21127,0.0,0.0,0.0
c21128,0.0,0.0,0.0
c21129,0.0,0.0,0.0
c21130,0.0,0.0,0.0
c21131,0.0,0.0,0.0
c21132,0.0,0.0,0.0
c21133,0.0,0.0,0.0
c21134,0.0,0.0,0.0
c21135,0.0,0.0,0.0
c21136,0.0,0.0,0.0
c21137,0.0,0.0,0.0
c21138,0.0,0.0,0.0
c21139,0.0,0.0,0.0
c21140,0.0,0.0,0.0
c21141,0.0,0.0,0.0
c21142,0.0,0.0,0.0
c21143,0.0,0.0,0.0
c21144,0.0,0.0,0.0
c21145,0.0,0.0,0.0
c21146,0.0,0.0,0.0
c21147,0.0,0.0,0.0
c21148,0.0,0.0,0.0
c21149,0.0,0.0,0.0
c21150,0.0,0.0,0.0
c21151,0.0,0.0,0.0
c21152,0.0,0.0,0.0
c21153,0.0,0.0,0.0
c21154,0.0,0.0,0.0
c21155,0.0,0.0,0.0
c21156,0.0,0.0,0.0
c21157,0.0,0.0,0.0
c21158,0.0,0.0,0.0
c21159,0.0,0.0,0.0
c21160,0.0,0.0,0.0
c21161,0.0,0.0,0.0
c21162,0.0,0.0,0.0
c21163,0.0,0.0,0.0
c21164,0.0,0.0,0.0
c21165,0.0,0.0,0.0
c21166,0.0,0.0,0.0
c21167,0.0,0.0,0.0
c21168,0.0,0.0,0.0
c21169,0.0,0.0,0.0
c21170,0.0,0.0,0.0
c21171,0.0,0.0,0.0
c21172,0.0,0.0,0.0
c21173,11.063576502967269,0.0,0.0
c21174,0.0,0.0,0.0
c21175,0.0,0.0,0.0
c21176,0.0,0.0,0.0
c21177,0.0,0.0,0.0
c21178,0.0,0.0,0.0
c21179,0.0,0.0,0.0
c21180,0.0,0.0,0.0
c21181,0.0,0.0,0.0
c21182,0.0,0.0,0.0
c21183,0.0,0.0,0.0
c21184,0.0,0.0,0.0
c21185,0.0,0.0,0.0
c21186,0.0,0.0,0.0
c21187,0.0,0.0,0.0
c21188,0.0,0.0,0.0
c21189,0.0,0.0,0.0
c21190,0.0,0.0,0.0
c21191,0.0,0.0,0.0
c21192,0.0,0.0,0.0
c21193,0.0,0.0,0.0
c21194,0.0,0.0,0.0
c21195,0.0,0.0,0.0
c21196,0.0,0.0,0.0
c21197,0.0,0.0,0.0
c21198,0.0,0.0,0.0
c21199,0.0,0.0,0.0
c21200,0.0,0.0,0.0
c21201,0.0,0.0,0.0
c21202,0.0,0.0,0.0
c21203,0.0,0.0,0.0
c21204,0.0,0.0,0.0
c21205,0.0,0.0,0.0
c21206,0.0,0.0,0.0
c21207,0.0,0.0,0.0
c21208,0.0,0.0,0.0
c21209,0.0,0.0,0.0
c21210,0.0,0.0,0.0
c21211,0.0,0.0,0.0
c21212,0.0,0.0,0.0
c21213,0.0,0.0,0.0
c21214,0.0,0.0,0.0
c21215,0.0,0.0,0.0
c21216,0.0,0.0,0.0
c21217,0.0,0.0,0.0
c21218,0.0,0.0,0.0
c21219,0.0,0.0,0.0
c21220,0.0,0.0,0.0
c21221,0.0,0.0,0.0
c21222,0.0,0.0,0.0
c21223,0.0,0.0,0.0
c21224,0.0,0.0,0.0
c21225,0.0,0.0,0.0
c21226,0.0,0.0,0.0
c21227,0.0,0.0,0.0
c21228,0.0,0.0,0.0
c21229,0.0,0.0,0.0
c21230,0.0,0.0,0.0
c21231,0.0,0.0,0.0
c21232,0.0,0.0,0.0
c21233,0.0,0.0,0.0
c21234,0.0,0.0,0.0
c21235,0.0,0.0,0.0
c21236,0.0,0.0,0.0
c21237,0.0,0.0,0.0
c21238,0.0,0.0,0.0
c21239,0.0,0.0,0.0
c21240,0.0,0.0,0.0
c21241,0.0,0.0,0.0
c21242,0.0,0.0,0.0
c21243,0.0,0.0,0.0
c21244,0.0,0.0,0.0
c21245,0.0,0.0,0.0
c21246,0.0,0.0,0.0
c21247,0.0,0.0,0.0
c21248,0.0,0.0,0.0
c21249,0.0,0.0,0.0
c21250,0.0,0.0,0.0
c21251,0.0,0.0,0.0
c21252,0.0,0.0,0.0
c21253,0.0,0.0,0.0
c21254,0.0,0.0,0.0
c21255,0.0,0.0,0.0
c21256,0.0,0.0,0.0
c21257,0.0,0.0,0.0
c21258,0.0,0.0,0.0
c21259,0.0,0.0,0.0
c21260,0.0,0.0,0.0
c21261,0.0,0.0,0.0
c21262,0.0,0.0,0.0
c21263,0.0,0.0,0.0
c21264,0.0,0.0,0.0
c21265,0.0,0.0,0.0
c21266,0.0,0.0,0.0
c21267,0.0,0.0,0.0
c21268,0.0,0.0,0.0
c21269,0.0,0.0,0.0
c21270,0.0,0.0,0.0
c21271,0.0,0.0,0.0
c21272,0.0,0.0,0.0
c21273,0.0,0.0,0.0
c21274,0.0,0.0,0.0
c21275,0.0,0.0,0.0
c21276,0.0,0.0,0.0
c21277,0.0,0.0,0.0
c21278,0.0,0.0,0.0
c21279,0.0,0.0,0.0
c21280,0.0,0.0,0.0
c21281,0.0,0.0,0.0
c21282,0.0,0.0,0.0
c21283,0.0,0.0,0.0
c21284,0.0,0.0,0.0
c21285,0.0,0.0,0.0
c21286,0.0,0.0,0.0
c21287,0.0,0.0,0.0
c21288,0.0,0.0,0.0
c21289,0.0,0.0,0.0
c21290,0.0,0.0,0.0
c21291,0.0,0.0,0.0
c21292,0.0,0.0,0.0
c21293,0.0,0.0,0.0
c21294,11.063576502967269,0.0,0.0
c21295,11.063576502967269,0.0,0.0
c21296,0.0,0.0,0.0
c21297,0.0,0.0,0.0
c21298,0.0,0.0,0.0
c21299,0.0,0.0,0.0
c21300,0.0,0.0,0.0
c21301,0.0,0.0,0.0
c21302,0.0,0.0,0.0
c21303,0.0,0.0,0.0
c21304,0.0,0.0,0.0
c21305,0.0,0.0,0.0
c21306,0.0,0.0,0.0
c21307,0.0,0.0,0.0
c21308,0.0,0.0,0.0
c21309,0.0,0.0,0.0
c21310,0.0,0.0,0.0
c21311,0.0,0.0,0.0
c21312,0.0,0.0,0.0
c21313,0.0,0.0,0.0
c21314,0.0,0.0,0.0
c21315,0.0,0.0,0.0
c21316,0.0,0.0,0.0
c21317,0.0,0.0,0.0
c21318,0.0,0.0,0.0
c21319,0.0,0.0,0.0
c21320,0.0,0.0,0.0
c21321,0.0,0.0,0.0
c21322,0.0,0.0,0.0
c21323,0.0,0.0,0.0
c21324,0.0,0.0,0.0
c21325,0.0,0.0,0.0
c21326,0.0,0.0,0.0
c21327,0.0,0.0,0.0
c21328,0.0,0.0,0.0
c21329,0.0,0.0,0.0
c21330,0.0,0.0,0.0
c21331,0.0,0.0,0.0
c21332,0.0,0.0,0.0
c21333,0.0,0.0,0.0
c21334,0.0,0.0,0.0
c21335,0.0,0.0,0.0
c21336,0.0,0.0,0.0
c21337,0.0,0.0,0.0
c21338,0.0,0.0,0.0
c21339,0.0,0.0,0.0
c21340,0.0,0.0,0.0
c21341,0.0,0.0,0.0
c21342,0.0,0.0,0.0
c21343,0.0,0.0,0.0
c21344,0.0,0.0,0.0
c21345,0.0,0.0,0.0
c21346,0.0,0.0,0.0
c21347,0.0,0.0,0.0
c21348,0.0,0.0,0.0
c21349,0.0,0.0,0.0
c21350,0.0,0.0,0.0
c21351,0.0,0.0,0.0
c21352,0.0,0.0,0.0
c21353,0.0,0.0,0.0
c21354,0.0,0.0,0.0
c21355,0.0,0.0,0.0
c21356,0.0,0.0,0.0
c21357,0.0,0.0,0.0
c21358,0.0,0.0,0.0
c21359,0.0,0.0,0.0
c21360,0.0,0.0,0.0
c21361,0.0,0.0,0.0
c21362,0.0,0.0,0.0
c21363,0.0,0.0,0.0
c21364,0.0,0.0,0.0
c21365,0.0,0.0,0.0
c21366,0.0,0.0,0.0
c21367,0.0,0.0,0.0
c21368,0.0,0.0,0.0
c21369,0.0,0.0,0.0
c21370,0.0,0.0,0.0
c21371,0.0,0.0,0.0
c21372,0.0,0.0,0.0
c21373,0.0,0.0,0.0
c21374,0.0,0.0,0.0
c21375,0.0,0.0,0.0
c21376,0.0,0.0,0.0
c21377,0.0,0.0,0.0
c21378,0.0,0.0,0.0
c21379,0.0,0.0,0.0
c21380,0.0,0.0,0.0
c21381,0.0,0.0,0.0
c21382,0.0,0.0,0.0
c21383,0.0,0.0,0.0
c21384,0.0,0.0,0.0
c21385,0.0,0.0,0.0
c21386,0.0,0.0,0.0
c21387,0.0,0.0,0.0
c21388,0.0,0.0,0.0
c21389,0.0,0.0,0.0
c21390,0.0,0.0,0.0
c21391,0.0,0.0,0.0
c21392,0.0,0.0,0.0
c21393,0.0,0.0,0.0
c21394,0.0,0.0,0.0
c21395,0.0,0.0,0.0
c21396,0.0,0.0,0.0
c21397,0.0,0.0,0.0
c21398,0.0,0.0,0.0
c21399,0.0,0.0,0.0
c21400,0.0,0.0,0.0
c21401,0.0,0.0,0.0
c21402,0.0,0.0,0.0
c21403,0.0,0.0,0.0
c21404,0.0,0.0,0.0
c21405,0.0,0.0,0.0
c21406,0.0,0.0,0.0
c21407,0.0,0.0,0.0
c21408,0.0,0.0,0.0
c21409,0.0,0.0,0.0
c21410,0.0,0.0,0.0
c21411,0.0,0.0,0.0
c21412,0.0,0.0,0.0
c21413,0.0,0.0,0.0
c21414,0.0,0.0,0.0
c21415,0.0,0.0,0.0
c21416,11.063576502967269,0.0,0.0
c21417,0.0,0.0,0.0
c21418,0.0,0.0,0.0
c21419,0.0,0.0,0.0
c21420,0.0,0.0,0.0
c21421,0.0,0.0,0.0
c21422,0.0,0.0,0.0
c21423,0.0,0.0,0.0
c21424,0.0,0.0,0.0
c21425,0.0,0.0,0.0
c21426,0.0,0.0,0.0
c21427,0.0,0.0,0.0
c21428,0.0,0.0,0.0
c21429,0.0,0.0,0.0
c21430,0.0,0.0,0.0
c21431,0.0,0.0,0.0
c21432,0.0,0.0,0.0
c21433,0.0,0.0,0.0
c21434,0.0,0.0,0.0
c21435,0.0,0.0,0.0
c21436,0.0,0.0,0.0
c21437,0.0,0.0,0.0
c21438,0.0,0.0,0.0
c21439,0.0,0.0,0.0
c21440,0.0,0.0,0.0
c21441,0.0,0.0,0.0
c21442,0.0,0.0,0.0
c21443,0.0,0.0,0.0
c21444,0.0,0.0,0.0
c21445,0.0,0.0,0.0
c21446,0.0,0.0,0.0
c21447,0.0,0.0,0.0
c21448,0.0,0.0,0.0
c21449,0.0,0.0,0.0
c21450,0.0,0.0,0.0
c21451,0.0,0.0,0.0
c21452,0.0,0.0,0.0
c21453,0.0,0.0,0.0
c21454,0.0,0.0,0.0
c21455,0.0,0.0,0.0
c21456,0.0,0.0,0.0
c21457,0.0,0.0,0.0
c21458,0.0,0.0,0.0
c21459,0.0,0.0,0.0
c21460,0.0,0.0,0.0
c21461,0.0,0.0,0.0
c21462,0.0,0.0,0.0
c21463,0.0,0.0,0.0
c21464,0.0,0.0,0.0
c21465,0.0,0.0,0.0
c21466,0.0,0.0,0.0
c21467,0.0,0.0,0.0
c21468,0.0,0.0,0.0
c21469,0.0,0.0,0.0
c21470,0.0,0.0,0.0
c21471,0.0,0.0,0.0
c21472,0.0,0.0,0.0
c21473,0.0,0.0,0.0
c21474,0.0,0.0,0.0
c21475,0.0,0.0,0.0
c21476,0.0,0.0,0.0
c21477,0.0,0.0,0.0
c21478,0.0,0.0,0.0
c21479,0.0,0.0,0.0
c21480,0.0,0.0,0.0
c21481,0.0,0.0,0.0
c21482,0.0,0.0,0.0
c21483,0.0,0.0,0.0
c21484,0.0,0.0,0.0
c21485,0.0,0.0,0.0
c21486,0.0,0.0,0.0
c21487,0.0,0.0,0.0
c21488,0.0,0.0,0.0
c21489,0.0,0.0,0.0
c21490,0.0,0.0,0.0
c21491,0.0,0.0,0.0
c21492,0.0,0.0,0.0
c21493,0.0,0.0,0.0
c21494,0.0,0.0,0.0
c21495,0.0,0.0,0.0
c21496,0.0,0.0,0.0
c21497,0.0,0.0,0.0
c21498,0.0,0.0,0.0
c21499,0.0,0.0,0.0
c21500,0.0,0.0,0.0
c21501,0.0,0.0,0.0
c21502,0.0,0.0,0.0
c21503,0.0,0.0,0.0
c21504,0.0,0.0,0.0
c21505,0.0,0.0,0.0
c21506,0.0,0.0,0.0
c21507,0.0,0.0,0.0
c21508,0.0,0.0,0.0
c21509,0.0,0.0,0.0
c21510,0.0,0.0,0.0
c21511,0.0,0.0,0.0
c21512,0.0,0.0,0.0
c21513,0.0,0.0,0.0
c21514,0.0,0.0,0.0
c21515,0.0,0.0,0.0
c21516,0.0,0.0,0.0
c21517,0.0,0.0,0.0
c21518,0.0,0.0,0.0
c21519,0.0,0.0,0.0
c21520,0.0,0.0,0.0
c21521,0.0,0.0,0.0
c21522,0.0,0.0,0.0
c21523,0.0,0.0,0.0
c21524,0.0,0.0,0.0
c21525,0.0,0.0,0.0
c21526,0.0,0.0,0.0
c21527,0.0,0.0,0.0
c21528,0.0,0.0,0.0
c21529,0.0,0.0,0.0
c21530,0.0,0.0,0.0
c21531,0.0,0.0,0.0
c21532,0.0,0.0,0.0
c21533,0.0,0.0,0.0
c21534,0.0,0.0,0.0
c21535,0.0,0.0,0.0
c21536,0.0,0.0,0.0
c21537,0.0,0.0,0.0
c21538,0.0,0.0,0.0
c21539,0.0,0.0,0.0
c21540,0.0,0.0,0.0
c21541,0.0,0.0,0.0
c21542,0.0,0.0,0.0
c21543,0.0,0.0,0.0
c21544,0.0,0.0,0.0
c21545,0.0,0.0,0.0
c21546,0.0,0.0,0.0
c21547,0.0,0.0,0.0
c21548,0.0,0.0,0.0
c21549,0.0,0.0,0.0
c21550,0.0,0.0,0.0
c21551,0.0,0.0,0.0
c21552,0.0,0.0,0.0
c21553,0.0,0.0,0.0
c21554,0.0,0.0,0.0
c21555,0.0,0.0,0.0
c21556,0.0,0.0,0.0
c21557,0.0,0.0,0.0
c21558,0.0,0.0,0.0
c21559,0.0,0.0,0.0
c21560,0.0,0.0,0.0
c21561,0.0,0.0,0.0
c21562,0.0,0.0,0.0
c21563,0.0,0.0,0.0
c21564,0.0,0.0,0.0
c21565,0.0,0.0,0.0
c21566,0.0,0.0,0.0
c21567,0.0,0.0,0.0
c21568,0.0,0.0,0.0
c21569,0.0,0.0,0.0
c21570,0.0,0.0,0.0
c21571,0.0,0.0,0.0
c21572,0.0,0.0,0.0
c21573,0.0,0.0,0.0
c21574,0.0,0.0,0.0
c21575,0.0,0.0,0.0
c21576,0.0,0.0,0.0
c21577,0.0,0.0,0.0
c21578,0.0,0.0,0.0
c21579,0.0,0.0,0.0
c21580,0.0,0.0,0.0
c21581,0.0,0.0,0.0
c21582,0.0,0.0,0.0
c21583,0.0,0.0,0.0
c21584,0.0,0.0,0.0
c21585,0.0,0.0,0.0
c21586,0.0,0.0,0.0
c21587,0.0,0.0,0.0
c21588,0.0,0.0,0.0
c21589,0.0,0.0,0.0
c21590,0.0,0.0,0.0
c21591,0.0,0.0,0.0
c21592,0.0,0.0,0.0
c21593,0.0,0.0,0.0
c21594,0.0,0.0,0.0
c21595,0.0,0.0,0.0
c21596,0.0,0.0,0.0
c21597,0.0,0.0,0.0
c21598,0.0,0.0,0.0
c21599,0.0,0.0,0.0
c21600,0.0,0.0,0.0
c21601,0.0,0.0,0.0
c21602,0.0,0.0,0.0
c21603,0.0,0.0,0.0
c21604,0.0,0.0,0.0
c21605,0.0,0.0,0.0
c21606,0.0,0.0,0.0
c21607,0.0,0.0,0.0
c21608,0.0,0.0,0.0
c21609,0.0,0.0,0.0
c21610,0.0,0.0,0.0
c21611,0.0,0.0,0.0
c21612,0.0,0.0,0.0
c21613,0.0,0.0,0.0
c21614,0.0,0.0,0.0
c21615,0.0,0.0,0.0
c21616,0.0,0.0,0.0
c21617,0.0,0.0,0.0
c21618,0.0,0.0,0.0
c21619,0.0,0.0,0.0
c21620,0.0,0.0,0.0
c21621,0.0,0.0,0.0
c21622,0.0,0.0,0.0
c21623,0.0,0.0,0.0
c21624,0.0,0.0,0.0
c21625,0.0,0.0,0.0
c21626,0.0,0.0,0.0
c21627,0.0,0.0,0.0
c21628,0.0,0.0,0.0
c21629,0.0,0.0,0.0
c21630,0.0,0.0,0.0
c21631,0.0,0.0,0.0
c21632,0.0,0.0,0.0
c21633,0.0,0.0,0.0
c21634,0.0,0.0,0.0
c21635,0.0,0.0,0.0
c21636,0.0,0.0,0.0
c21637,0.0,0.0,0.0
c21638,0.0,0.0,0.0
c21639,0.0,0.0,0.0
c21640,0.0,0.0,0.0
c21641,0.0,0.0,0.0
c21642,0.0,0.0,0.0
c21643,0.0,0.0,0.0
c21644,0.0,0.0,0.0
c21645,0.0,0.0,0.0
c21646,0.0,0.0,0.0
c21647,0.0,0.0,0.0
c21648,0.0,0.0,0.0
c21649,0.0,0.0,0.0
c21650,0.0,0.0,0.0
c21651,0.0,0.0,0.0
c21652,0.0,0.0,0.0
c21653,0.0,0.0,0.0
c21654,0.0,0.0,0.0
c21655,0.0,0.0,0.0
c21656,0.0,0.0,0.0
c21657,0.0,0.0,0.0
c21658,0.0,0.0,0.0
c21659,0.0,0.0,0.0
c21660,0.0,0.0,0.0
c21661,0.0,0.0,0.0
c21662,0.0,0.0,0.0
c21663,0.0,0.0,0.0
c21664,0.0,0.0,0.0
c21665,0.0,0.0,0.0
c21666,0.0,0.0,0.0
c21667,0.0,0.0,0.0
c21668,0.0,0.0,0.0
c21669,0.0,0.0,0.0
c21670,0.0,0.0,0.0
c21671,0.0,0.0,0.0
c21672,0.0,0.0,0.0
c21673,0.0,0.0,0.0
c21674,0.0,0.0,0.0
c21675,0.0,0.0,0.0
c21676,0.0,0.0,0.0
c21677,0.0,0.0,0.0
c21678,0.0,0.0,0.0
c21679,0.0,0.0,0.0
c21680,0.0,0.0,0.0
c21681,0.0,0.0,0.0
c21682,0.0,0.0,0.0
c21683,0.0,0.0,0.0
c21684,0.0,0.0,0.0
c21685,0.0,0.0,0.0
c21686,0.0,0.0,0.0
c21687,0.0,0.0,0.0
c21688,0.0,0.0,0.0
c21689,0.0,0.0,0.0
c21690,0.0,0.0,0.0
c21691,0.0,0.0,0.0
c21692,0.0,0.0,0.0
c21693,0.0,0.0,0.0
c21694,0.0,0.0,0.0
c21695,0.0,0.0,0.0
c21696,0.0,0.0,0.0
c21697,0.0,0.0,0.0
c21698,0.0,0.0,0.0
c21699,0.0,0.0,0.0
c21700,0.0,0.0,0.0
c21701,0.0,0.0,0.0
c21702,0.0,0.0,0.0
c21703,0.0,0.0,0.0
c21704,0.0,0.0,0.0
c21705,0.0,0.0,0.0
c21706,0.0,0.0,0.0
c21707,0.0,0.0,0.0
c21708,0.0,0.0,0.0
c21709,0.0,0.0,0.0
c21710,0.0,0.0,0.0
c21711,0.0,0.0,0.0
c21712,0.0,0.0,0.0
c21713,0.0,0.0,0.0
c21714,0.0,0.0,0.0
c21715,0.0,0.0,0.0
c21716,0.0,0.0,0.0
c21717,0.0,0.0,0.0
c21718,0.0,0.0,0.0
c21719,0.0,0.0,0.0
c21720,0.0,0.0,0.0
c21721,0.0,0.0,0.0
c21722,0.0,0.0,0.0
c21723,0.0,0.0,0.0
c21724,0.0,0.0,0.0
c21725,0.0,0.0,0.0
c21726,0.0,0.0,0.0
c21727,0.0,0.0,0.0
c21728,0.0,0.0,0.0
c21729,0.0,0.0,0.0
c21730,0.0,0.0,0.0
c21731,0.0,0.0,0.0
c21732,0.0,0.0,0.0
c21733,0.0,0.0,0.0
c21734,0.0,0.0,0.0
c21735,0.0,0.0,0.0
c21736,0.0,0.0,0.0
c21737,0.0,0.0,0.0
c21738,0.0,0.0,0.0
c21739,0.0,0.0,0.0
c21740,0.0,0.0,0.0
c21741,0.0,0.0,0.0
c21742,0.0,0.0,0.0
c21743,0.0,0.0,0.0
c21744,0.0,0.0,0.0
c21745,0.0,0.0,0.0
c21746,0.0,0.0,0.0
c21747,0.0,0.0,0.0
c21748,0.0,0.0,0.0
c21749,0.0,0.0,0.0
c21750,0.0,0.0,0.0
c21751,0.0,0.0,0.0
c21752,0.0,0.0,0.0
c21753,0.0,0.0,0.0
c21754,0.0,0.0,0.0
c21755,0.0,0.0,0.0
c21756,0.0,0.0,0.0
c21757,0.0,0.0,0.0
c21758,0.0,0.0,0.0
c21759,0.0,0.0,0.0
c21760,0.0,0.0,0.0
c21761,0.0,0.0,0.0
c21762,0.0,0.0,0.0
c21763,0.0,0.0,0.0
c21764,0.0,0.0,0.0
c21765,0.0,0.0,0.0
c21766,0.0,0.0,0.0
c21767,0.0,0.0,0.0
c21768,0.0,0.0,0.0
c21769,0.0,0.0,0.0
c21770,0.0,0.0,0.0
c21771,0.0,0.0,0.0
c21772,0.0,0.0,0.0
c21773,0.0,0.0,0.0
c21774,0.0,0.0,0.0
c21775,0.0,0.0,0.0
c21776,0.0,0.0,0.0
c21777,0.0,0.0,0.0
c21778,0.0,0.0,0.0
c21779,0.0,0.0,0.0
